{
  "0000": {
    "postcode": "0400000",
    "prefecture": "北海道",
    "prefecture_kana": "ホッカイドウ",
    "prefecture_code": 1,
    "city": "函館市",
    "city_kana": "ハコダテシ",
    "town": "",
    "town_kana": "",
    "street": null,
    "office_name": null,
    "office_name_kana": null
  },
  "0001": {
    "postcode": "0400001",
    "prefecture": "北海道",
    "prefecture_kana": "ホッカイドウ",
    "prefecture_code": 1,
    "city": "函館市",
    "city_kana": "ハコダテシ",
    "town": "五稜郭町",
    "town_kana": "ゴリョウカクチョウ",
    "street": null,
    "office_name": null,
    "office_name_kana": null
  },
  "0002": {
    "postcode": "0400002",
    "prefecture": "北海道",
    "prefecture_kana": "ホッカイドウ",
    "prefecture_code": 1,
    "city": "函館市",
    "city_kana": "ハコダテシ",
    "town": "柳町",
    "town_kana": "ヤナギマチ",
    "street": null,
    "office_name": null,
    "office_name_kana": null
  },
  "0003": {
    "postcode": "0400003",
    "prefecture": "北海道",
    "prefecture_kana": "ホッカイドウ",
    "prefecture_code": 1,
    "city": "函館市",
    "city_kana": "ハコダテシ",
    "town": "松陰町",
    "town_kana": "マツカゲチョウ",
    "street": null,
    "office_name": null,
    "office_name_kana": null
  },
  "0004": {
    "postcode": "0400004",
    "prefecture": "北海道",
    "prefecture_kana": "ホッカイドウ",
    "prefecture_code": 1,
    "city": "函館市",
    "city_kana": "ハコダテシ",
    "town": "杉並町",
    "town_kana": "スギナミチョウ",
    "street": null,
    "office_name": null,
    "office_name_kana": null
  },
  "0005": {
    "postcode": "0400005",
    "prefecture": "北海道",
    "prefecture_kana": "ホッカイドウ",
    "prefecture_code": 1,
    "city": "函館市",
    "city_kana": "ハコダテシ",
    "town": "人見町",
    "town_kana": "ヒトミチョウ",
    "street": null,
    "office_name": null,
    "office_name_kana": null
  },
  "0011": {
    "postcode": "0400011",
    "prefecture": "北海道",
    "prefecture_kana": "ホッカイドウ",
    "prefecture_code": 1,
    "city": "函館市",
    "city_kana": "ハコダテシ",
    "town": "本町",
    "town_kana": "ホンチョウ",
    "street": null,
    "office_name": null,
    "office_name_kana": null
  },
  "0012": {
    "postcode": "0400012",
    "prefecture": "北海道",
    "prefecture_kana": "ホッカイドウ",
    "prefecture_code": 1,
    "city": "函館市",
    "city_kana": "ハコダテシ",
    "town": "時任町",
    "town_kana": "トキトウチョウ",
    "street": null,
    "office_name": null,
    "office_name_kana": null
  },
  "0013": {
    "postcode": "0400013",
    "prefecture": "北海道",
    "prefecture_kana": "ホッカイドウ",
    "prefecture_code": 1,
    "city": "函館市",
    "city_kana": "ハコダテシ",
    "town": "千代台町",
    "town_kana": "チヨガダイチョウ",
    "street": null,
    "office_name": null,
    "office_name_kana": null
  },
  "0014": {
    "postcode": "0400014",
    "prefecture": "北海道",
    "prefecture_kana": "ホッカイドウ",
    "prefecture_code": 1,
    "city": "函館市",
    "city_kana": "ハコダテシ",
    "town": "中島町",
    "town_kana": "ナカジマチョウ",
    "street": null,
    "office_name": null,
    "office_name_kana": null
  },
  "0015": {
    "postcode": "0400015",
    "prefecture": "北海道",
    "prefecture_kana": "ホッカイドウ",
    "prefecture_code": 1,
    "city": "函館市",
    "city_kana": "ハコダテシ",
    "town": "梁川町",
    "town_kana": "ヤナガワチョウ",
    "street": null,
    "office_name": null,
    "office_name_kana": null
  },
  "0021": {
    "postcode": "0400021",
    "prefecture": "北海道",
    "prefecture_kana": "ホッカイドウ",
    "prefecture_code": 1,
    "city": "函館市",
    "city_kana": "ハコダテシ",
    "town": "的場町",
    "town_kana": "マトバチョウ",
    "street": null,
    "office_name": null,
    "office_name_kana": null
  },
  "0022": {
    "postcode": "0400022",
    "prefecture": "北海道",
    "prefecture_kana": "ホッカイドウ",
    "prefecture_code": 1,
    "city": "函館市",
    "city_kana": "ハコダテシ",
    "town": "日乃出町",
    "town_kana": "ヒノデチョウ",
    "street": null,
    "office_name": null,
    "office_name_kana": null
  },
  "0023": {
    "postcode": "0400023",
    "prefecture": "北海道",
    "prefecture_kana": "ホッカイドウ",
    "prefecture_code": 1,
    "city": "函館市",
    "city_kana": "ハコダテシ",
    "town": "宇賀浦町",
    "town_kana": "ウガウラチョウ",
    "street": null,
    "office_name": null,
    "office_name_kana": null
  },
  "0024": {
    "postcode": "0400024",
    "prefecture": "北海道",
    "prefecture_kana": "ホッカイドウ",
    "prefecture_code": 1,
    "city": "函館市",
    "city_kana": "ハコダテシ",
    "town": "高盛町",
    "town_kana": "タカモリチョウ",
    "street": null,
    "office_name": null,
    "office_name_kana": null
  },
  "0025": {
    "postcode": "0400025",
    "prefecture": "北海道",
    "prefecture_kana": "ホッカイドウ",
    "prefecture_code": 1,
    "city": "函館市",
    "city_kana": "ハコダテシ",
    "town": "堀川町",
    "town_kana": "ホリカワチョウ",
    "street": null,
    "office_name": null,
    "office_name_kana": null
  },
  "0031": {
    "postcode": "0400031",
    "prefecture": "北海道",
    "prefecture_kana": "ホッカイドウ",
    "prefecture_code": 1,
    "city": "函館市",
    "city_kana": "ハコダテシ",
    "town": "上新川町",
    "town_kana": "カミシンカワチョウ",
    "street": null,
    "office_name": null,
    "office_name_kana": null
  },
  "0032": {
    "postcode": "0400032",
    "prefecture": "北海道",
    "prefecture_kana": "ホッカイドウ",
    "prefecture_code": 1,
    "city": "函館市",
    "city_kana": "ハコダテシ",
    "town": "新川町",
    "town_kana": "シンカワチョウ",
    "street": null,
    "office_name": null,
    "office_name_kana": null
  },
  "0033": {
    "postcode": "0400033",
    "prefecture": "北海道",
    "prefecture_kana": "ホッカイドウ",
    "prefecture_code": 1,
    "city": "函館市",
    "city_kana": "ハコダテシ",
    "town": "千歳町",
    "town_kana": "チトセチョウ",
    "street": null,
    "office_name": null,
    "office_name_kana": null
  },
  "0034": {
    "postcode": "0400034",
    "prefecture": "北海道",
    "prefecture_kana": "ホッカイドウ",
    "prefecture_code": 1,
    "city": "函館市",
    "city_kana": "ハコダテシ",
    "town": "大森町",
    "town_kana": "オオモリチョウ",
    "street": null,
    "office_name": null,
    "office_name_kana": null
  },
  "0035": {
    "postcode": "0400035",
    "prefecture": "北海道",
    "prefecture_kana": "ホッカイドウ",
    "prefecture_code": 1,
    "city": "函館市",
    "city_kana": "ハコダテシ",
    "town": "松風町",
    "town_kana": "マツカゼチョウ",
    "street": null,
    "office_name": null,
    "office_name_kana": null
  },
  "0036": {
    "postcode": "0400036",
    "prefecture": "北海道",
    "prefecture_kana": "ホッカイドウ",
    "prefecture_code": 1,
    "city": "函館市",
    "city_kana": "ハコダテシ",
    "town": "東雲町",
    "town_kana": "シノノメチョウ",
    "street": null,
    "office_name": null,
    "office_name_kana": null
  },
  "0037": {
    "postcode": "0400037",
    "prefecture": "北海道",
    "prefecture_kana": "ホッカイドウ",
    "prefecture_code": 1,
    "city": "函館市",
    "city_kana": "ハコダテシ",
    "town": "旭町",
    "town_kana": "アサヒチョウ",
    "street": null,
    "office_name": null,
    "office_name_kana": null
  },
  "0041": {
    "postcode": "0400041",
    "prefecture": "北海道",
    "prefecture_kana": "ホッカイドウ",
    "prefecture_code": 1,
    "city": "函館市",
    "city_kana": "ハコダテシ",
    "town": "栄町",
    "town_kana": "サカエチョウ",
    "street": null,
    "office_name": null,
    "office_name_kana": null
  },
  "0042": {
    "postcode": "0400042",
    "prefecture": "北海道",
    "prefecture_kana": "ホッカイドウ",
    "prefecture_code": 1,
    "city": "函館市",
    "city_kana": "ハコダテシ",
    "town": "東川町",
    "town_kana": "ヒガシカワチョウ",
    "street": null,
    "office_name": null,
    "office_name_kana": null
  },
  "0043": {
    "postcode": "0400043",
    "prefecture": "北海道",
    "prefecture_kana": "ホッカイドウ",
    "prefecture_code": 1,
    "city": "函館市",
    "city_kana": "ハコダテシ",
    "town": "宝来町",
    "town_kana": "ホウライチョウ",
    "street": null,
    "office_name": null,
    "office_name_kana": null
  },
  "0044": {
    "postcode": "0400044",
    "prefecture": "北海道",
    "prefecture_kana": "ホッカイドウ",
    "prefecture_code": 1,
    "city": "函館市",
    "city_kana": "ハコダテシ",
    "town": "青柳町",
    "town_kana": "アオヤギチョウ",
    "street": null,
    "office_name": null,
    "office_name_kana": null
  },
  "0045": {
    "postcode": "0400045",
    "prefecture": "北海道",
    "prefecture_kana": "ホッカイドウ",
    "prefecture_code": 1,
    "city": "函館市",
    "city_kana": "ハコダテシ",
    "town": "住吉町",
    "town_kana": "スミヨシチョウ",
    "street": null,
    "office_name": null,
    "office_name_kana": null
  },
  "0046": {
    "postcode": "0400046",
    "prefecture": "北海道",
    "prefecture_kana": "ホッカイドウ",
    "prefecture_code": 1,
    "city": "函館市",
    "city_kana": "ハコダテシ",
    "town": "谷地頭町",
    "town_kana": "ヤチガシラチョウ",
    "street": null,
    "office_name": null,
    "office_name_kana": null
  },
  "0051": {
    "postcode": "0400051",
    "prefecture": "北海道",
    "prefecture_kana": "ホッカイドウ",
    "prefecture_code": 1,
    "city": "函館市",
    "city_kana": "ハコダテシ",
    "town": "弁天町",
    "town_kana": "ベンテンチョウ",
    "street": null,
    "office_name": null,
    "office_name_kana": null
  },
  "0052": {
    "postcode": "0400052",
    "prefecture": "北海道",
    "prefecture_kana": "ホッカイドウ",
    "prefecture_code": 1,
    "city": "函館市",
    "city_kana": "ハコダテシ",
    "town": "大町",
    "town_kana": "オオマチ",
    "street": null,
    "office_name": null,
    "office_name_kana": null
  },
  "0053": {
    "postcode": "0400053",
    "prefecture": "北海道",
    "prefecture_kana": "ホッカイドウ",
    "prefecture_code": 1,
    "city": "函館市",
    "city_kana": "ハコダテシ",
    "town": "末広町",
    "town_kana": "スエヒロチョウ",
    "street": null,
    "office_name": null,
    "office_name_kana": null
  },
  "0054": {
    "postcode": "0400054",
    "prefecture": "北海道",
    "prefecture_kana": "ホッカイドウ",
    "prefecture_code": 1,
    "city": "函館市",
    "city_kana": "ハコダテシ",
    "town": "元町",
    "town_kana": "モトマチ",
    "street": null,
    "office_name": null,
    "office_name_kana": null
  },
  "0055": {
    "postcode": "0400055",
    "prefecture": "北海道",
    "prefecture_kana": "ホッカイドウ",
    "prefecture_code": 1,
    "city": "函館市",
    "city_kana": "ハコダテシ",
    "town": "船見町",
    "town_kana": "フナミチョウ",
    "street": null,
    "office_name": null,
    "office_name_kana": null
  },
  "0056": {
    "postcode": "0400056",
    "prefecture": "北海道",
    "prefecture_kana": "ホッカイドウ",
    "prefecture_code": 1,
    "city": "函館市",
    "city_kana": "ハコダテシ",
    "town": "弥生町",
    "town_kana": "ヤヨイチョウ",
    "street": null,
    "office_name": null,
    "office_name_kana": null
  },
  "0057": {
    "postcode": "0400057",
    "prefecture": "北海道",
    "prefecture_kana": "ホッカイドウ",
    "prefecture_code": 1,
    "city": "函館市",
    "city_kana": "ハコダテシ",
    "town": "入舟町",
    "town_kana": "イリフネチョウ",
    "street": null,
    "office_name": null,
    "office_name_kana": null
  },
  "0061": {
    "postcode": "0400061",
    "prefecture": "北海道",
    "prefecture_kana": "ホッカイドウ",
    "prefecture_code": 1,
    "city": "函館市",
    "city_kana": "ハコダテシ",
    "town": "海岸町",
    "town_kana": "カイガンチョウ",
    "street": null,
    "office_name": null,
    "office_name_kana": null
  },
  "0062": {
    "postcode": "0400062",
    "prefecture": "北海道",
    "prefecture_kana": "ホッカイドウ",
    "prefecture_code": 1,
    "city": "函館市",
    "city_kana": "ハコダテシ",
    "town": "大縄町",
    "town_kana": "オオナワチョウ",
    "street": null,
    "office_name": null,
    "office_name_kana": null
  },
  "0063": {
    "postcode": "0400063",
    "prefecture": "北海道",
    "prefecture_kana": "ホッカイドウ",
    "prefecture_code": 1,
    "city": "函館市",
    "city_kana": "ハコダテシ",
    "town": "若松町",
    "town_kana": "ワカマツチョウ",
    "street": null,
    "office_name": null,
    "office_name_kana": null
  },
  "0064": {
    "postcode": "0400064",
    "prefecture": "北海道",
    "prefecture_kana": "ホッカイドウ",
    "prefecture_code": 1,
    "city": "函館市",
    "city_kana": "ハコダテシ",
    "town": "大手町",
    "town_kana": "オオテマチ",
    "street": null,
    "office_name": null,
    "office_name_kana": null
  },
  "0065": {
    "postcode": "0400065",
    "prefecture": "北海道",
    "prefecture_kana": "ホッカイドウ",
    "prefecture_code": 1,
    "city": "函館市",
    "city_kana": "ハコダテシ",
    "town": "豊川町",
    "town_kana": "トヨカワチョウ",
    "street": null,
    "office_name": null,
    "office_name_kana": null
  },
  "0071": {
    "postcode": "0400071",
    "prefecture": "北海道",
    "prefecture_kana": "ホッカイドウ",
    "prefecture_code": 1,
    "city": "函館市",
    "city_kana": "ハコダテシ",
    "town": "追分町",
    "town_kana": "オイワケチョウ",
    "street": null,
    "office_name": null,
    "office_name_kana": null
  },
  "0072": {
    "postcode": "0400072",
    "prefecture": "北海道",
    "prefecture_kana": "ホッカイドウ",
    "prefecture_code": 1,
    "city": "函館市",
    "city_kana": "ハコダテシ",
    "town": "亀田町",
    "town_kana": "カメダマチ",
    "street": null,
    "office_name": null,
    "office_name_kana": null
  },
  "0073": {
    "postcode": "0400073",
    "prefecture": "北海道",
    "prefecture_kana": "ホッカイドウ",
    "prefecture_code": 1,
    "city": "函館市",
    "city_kana": "ハコダテシ",
    "town": "宮前町",
    "town_kana": "ミヤマエチョウ",
    "street": null,
    "office_name": null,
    "office_name_kana": null
  },
  "0074": {
    "postcode": "0400074",
    "prefecture": "北海道",
    "prefecture_kana": "ホッカイドウ",
    "prefecture_code": 1,
    "city": "函館市",
    "city_kana": "ハコダテシ",
    "town": "松川町",
    "town_kana": "マツカワチョウ",
    "street": null,
    "office_name": null,
    "office_name_kana": null
  },
  "0075": {
    "postcode": "0400075",
    "prefecture": "北海道",
    "prefecture_kana": "ホッカイドウ",
    "prefecture_code": 1,
    "city": "函館市",
    "city_kana": "ハコダテシ",
    "town": "万代町",
    "town_kana": "バンダイチョウ",
    "street": null,
    "office_name": null,
    "office_name_kana": null
  },
  "0076": {
    "postcode": "0400076",
    "prefecture": "北海道",
    "prefecture_kana": "ホッカイドウ",
    "prefecture_code": 1,
    "city": "函館市",
    "city_kana": "ハコダテシ",
    "town": "浅野町",
    "town_kana": "アサノチョウ",
    "street": null,
    "office_name": null,
    "office_name_kana": null
  },
  "0077": {
    "postcode": "0400077",
    "prefecture": "北海道",
    "prefecture_kana": "ホッカイドウ",
    "prefecture_code": 1,
    "city": "函館市",
    "city_kana": "ハコダテシ",
    "town": "吉川町",
    "town_kana": "ヨシカワチョウ",
    "street": null,
    "office_name": null,
    "office_name_kana": null
  },
  "0078": {
    "postcode": "0400078",
    "prefecture": "北海道",
    "prefecture_kana": "ホッカイドウ",
    "prefecture_code": 1,
    "city": "函館市",
    "city_kana": "ハコダテシ",
    "town": "北浜町",
    "town_kana": "キタハマチョウ",
    "street": null,
    "office_name": null,
    "office_name_kana": null
  },
  "0081": {
    "postcode": "0400081",
    "prefecture": "北海道",
    "prefecture_kana": "ホッカイドウ",
    "prefecture_code": 1,
    "city": "函館市",
    "city_kana": "ハコダテシ",
    "town": "田家町",
    "town_kana": "タヤチョウ",
    "street": null,
    "office_name": null,
    "office_name_kana": null
  },
  "0082": {
    "postcode": "0400082",
    "prefecture": "北海道",
    "prefecture_kana": "ホッカイドウ",
    "prefecture_code": 1,
    "city": "函館市",
    "city_kana": "ハコダテシ",
    "town": "白鳥町",
    "town_kana": "シラトリチョウ",
    "street": null,
    "office_name": null,
    "office_name_kana": null
  },
  "0083": {
    "postcode": "0400083",
    "prefecture": "北海道",
    "prefecture_kana": "ホッカイドウ",
    "prefecture_code": 1,
    "city": "函館市",
    "city_kana": "ハコダテシ",
    "town": "八幡町",
    "town_kana": "ハチマンチョウ",
    "street": null,
    "office_name": null,
    "office_name_kana": null
  },
  "0084": {
    "postcode": "0400084",
    "prefecture": "北海道",
    "prefecture_kana": "ホッカイドウ",
    "prefecture_code": 1,
    "city": "函館市",
    "city_kana": "ハコダテシ",
    "town": "大川町",
    "town_kana": "オオカワチョウ",
    "street": null,
    "office_name": null,
    "office_name_kana": null
  },
  "8501": {
    "postcode": "0408501",
    "prefecture": "北海道",
    "prefecture_kana": "ホッカイドウ",
    "prefecture_code": 1,
    "city": "函館市",
    "city_kana": "ハコダテシ",
    "town": "大川町",
    "town_kana": "オオカワチョウ",
    "street": "１番２７号",
    "office_name": "北海道開発局　函館開発建設部",
    "office_name_kana": "ホツカイドウカイハツキヨク ハコダテカイハツケンセツブ"
  },
  "8502": {
    "postcode": "0408502",
    "prefecture": "北海道",
    "prefecture_kana": "ホッカイドウ",
    "prefecture_code": 1,
    "city": "函館市",
    "city_kana": "ハコダテシ",
    "town": "東雲町",
    "town_kana": "シノノメチョウ",
    "street": "５番９号",
    "office_name": "函館市　消防本部",
    "office_name_kana": "ハコダテシ シヨウボウホンブ"
  },
  "8505": {
    "postcode": "0408505",
    "prefecture": "北海道",
    "prefecture_kana": "ホッカイドウ",
    "prefecture_code": 1,
    "city": "函館市",
    "city_kana": "ハコダテシ",
    "town": "中島町",
    "town_kana": "ナカジマチョウ",
    "street": "３７番１号",
    "office_name": "札幌国税局業務センター　函館分室",
    "office_name_kana": "サツポロコクゼイキヨクギヨウムセンタ- ハコダテブンシツ"
  },
  "8510": {
    "postcode": "0408510",
    "prefecture": "北海道",
    "prefecture_kana": "ホッカイドウ",
    "prefecture_code": 1,
    "city": "函館市",
    "city_kana": "ハコダテシ",
    "town": "時任町",
    "town_kana": "トキトウチョウ",
    "street": "２０番１２号",
    "office_name": "函館練成会",
    "office_name_kana": "ハコダテレンセイカイ"
  },
  "8511": {
    "postcode": "0408511",
    "prefecture": "北海道",
    "prefecture_kana": "ホッカイドウ",
    "prefecture_code": 1,
    "city": "函館市",
    "city_kana": "ハコダテシ",
    "town": "五稜郭町",
    "town_kana": "ゴリョウカクチョウ",
    "street": "１５番５号",
    "office_name": "北海道警察　函館方面本部",
    "office_name_kana": "ホツカイドウケイサツ ハコダテホウメンホンブ"
  },
  "8512": {
    "postcode": "0408512",
    "prefecture": "北海道",
    "prefecture_kana": "ホッカイドウ",
    "prefecture_code": 1,
    "city": "函館市",
    "city_kana": "ハコダテシ",
    "town": "若松町",
    "town_kana": "ワカマツチョウ",
    "street": "１７番１２号",
    "office_name": "株式会社　アドバンスド・デパートメントストアーズオブジャパン　棒二森屋店",
    "office_name_kana": "カブシキガイシヤ アドバンスド・デパ-トメントストア-ズオブジヤパン ボ-ニモリヤテン"
  },
  "8520": {
    "postcode": "0408520",
    "prefecture": "北海道",
    "prefecture_kana": "ホッカイドウ",
    "prefecture_code": 1,
    "city": "函館市",
    "city_kana": "ハコダテシ",
    "town": "本町",
    "town_kana": "ホンチョウ",
    "street": "２９番１８号",
    "office_name": "株式会社　函館アポロ商会",
    "office_name_kana": "カブシキガイシヤ ハコダテアポロシヨウカイ"
  },
  "8522": {
    "postcode": "0408522",
    "prefecture": "北海道",
    "prefecture_kana": "ホッカイドウ",
    "prefecture_code": 1,
    "city": "函館市",
    "city_kana": "ハコダテシ",
    "town": "東雲町",
    "town_kana": "シノノメチョウ",
    "street": "７番１１号",
    "office_name": "大槻食材　株式会社",
    "office_name_kana": "オオツキシヨクザイ カブシキガイシヤ"
  },
  "8530": {
    "postcode": "0408530",
    "prefecture": "北海道",
    "prefecture_kana": "ホッカイドウ",
    "prefecture_code": 1,
    "city": "函館市",
    "city_kana": "ハコダテシ",
    "town": "豊川町",
    "town_kana": "トヨカワチョウ",
    "street": "１２番１２号",
    "office_name": "（株）　魚長食品",
    "office_name_kana": "カブシキガイシヤ ウオチヨウシヨクヒン"
  },
  "8533": {
    "postcode": "0408533",
    "prefecture": "北海道",
    "prefecture_kana": "ホッカイドウ",
    "prefecture_code": 1,
    "city": "函館市",
    "city_kana": "ハコダテシ",
    "town": "新川町",
    "town_kana": "シンカワチョウ",
    "street": "２５番１８号",
    "office_name": "函館地方法務局",
    "office_name_kana": "ハコダテチホウホウムキヨク"
  },
  "8541": {
    "postcode": "0408541",
    "prefecture": "北海道",
    "prefecture_kana": "ホッカイドウ",
    "prefecture_code": 1,
    "city": "函館市",
    "city_kana": "ハコダテシ",
    "town": "末広町",
    "town_kana": "スエヒロチョウ",
    "street": "５番１４号",
    "office_name": "函館市水道局",
    "office_name_kana": "ハコダテシスイドウキヨク"
  },
  "8543": {
    "postcode": "0408543",
    "prefecture": "北海道",
    "prefecture_kana": "ホッカイドウ",
    "prefecture_code": 1,
    "city": "函館市",
    "city_kana": "ハコダテシ",
    "town": "杉並町",
    "town_kana": "スギナミチョウ",
    "street": "２３番１１号",
    "office_name": "遺愛女子中学高等学校",
    "office_name_kana": "イアイジヨシチユウガクコウトウガツコウ"
  },
  "8550": {
    "postcode": "0408550",
    "prefecture": "北海道",
    "prefecture_kana": "ホッカイドウ",
    "prefecture_code": 1,
    "city": "函館市",
    "city_kana": "ハコダテシ",
    "town": "新川町",
    "town_kana": "シンカワチョウ",
    "street": "２５番１８号函館地方合同庁舎",
    "office_name": "函館保護観察所",
    "office_name_kana": "ハコダテホゴカンサツシヨ"
  },
  "8551": {
    "postcode": "0408551",
    "prefecture": "北海道",
    "prefecture_kana": "ホッカイドウ",
    "prefecture_code": 1,
    "city": "函館市",
    "city_kana": "ハコダテシ",
    "town": "杉並町",
    "town_kana": "スギナミチョウ",
    "street": "８番２０号",
    "office_name": "（株）　弘報社　函館支社",
    "office_name_kana": "カブシキガイシヤ コウホウシヤ ハコダテシシヤ"
  },
  "8552": {
    "postcode": "0408552",
    "prefecture": "北海道",
    "prefecture_kana": "ホッカイドウ",
    "prefecture_code": 1,
    "city": "函館市",
    "city_kana": "ハコダテシ",
    "town": "中島町",
    "town_kana": "ナカジマチョウ",
    "street": "３７番８号",
    "office_name": "北海道函館児童相談所",
    "office_name_kana": "ホツカイドウハコダテジドウソウダンシヨ"
  },
  "8555": {
    "postcode": "0408555",
    "prefecture": "北海道",
    "prefecture_kana": "ホッカイドウ",
    "prefecture_code": 1,
    "city": "函館市",
    "city_kana": "ハコダテシ",
    "town": "千代台町",
    "town_kana": "チヨガダイチョウ",
    "street": "２６番３号",
    "office_name": "日本年金機構　函館年金事務所",
    "office_name_kana": "ニツポンネンキンキコウ ハコダテネンキンジムシヨ"
  },
  "8558": {
    "postcode": "0408558",
    "prefecture": "北海道",
    "prefecture_kana": "ホッカイドウ",
    "prefecture_code": 1,
    "city": "函館市",
    "city_kana": "ハコダテシ",
    "town": "若松町",
    "town_kana": "ワカマツチョウ",
    "street": "１２番１３号",
    "office_name": "北海道旅客鉄道　株式会社　函館支社",
    "office_name_kana": "ホツカイドウリヨカクテツドウ カブシキガイシヤ ハコダテシシヤ"
  },
  "8560": {
    "postcode": "0408560",
    "prefecture": "北海道",
    "prefecture_kana": "ホッカイドウ",
    "prefecture_code": 1,
    "city": "函館市",
    "city_kana": "ハコダテシ",
    "town": "本町",
    "town_kana": "ホンチョウ",
    "street": "６番７号第一生命ビル",
    "office_name": "（株）　ＪＴＢ　函館支店",
    "office_name_kana": "カブシキガイシヤ ジエイテイ-ビ- ハコダテシテン"
  },
  "8561": {
    "postcode": "0408561",
    "prefecture": "北海道",
    "prefecture_kana": "ホッカイドウ",
    "prefecture_code": 1,
    "city": "函館市",
    "city_kana": "ハコダテシ",
    "town": "海岸町",
    "town_kana": "カイガンチョウ",
    "street": "２４番４号",
    "office_name": "函館税関",
    "office_name_kana": "ハコダテゼイカン"
  },
  "8567": {
    "postcode": "0408567",
    "prefecture": "北海道",
    "prefecture_kana": "ホッカイドウ",
    "prefecture_code": 1,
    "city": "函館市",
    "city_kana": "ハコダテシ",
    "town": "八幡町",
    "town_kana": "ハチマンチョウ",
    "street": "１−２",
    "office_name": "北海道教育大学　教育学部　函館校",
    "office_name_kana": "ホツカイドウキヨウイクダイガク キヨウイクガクブ ハコダテコウ"
  },
  "8577": {
    "postcode": "0408577",
    "prefecture": "北海道",
    "prefecture_kana": "ホッカイドウ",
    "prefecture_code": 1,
    "city": "函館市",
    "city_kana": "ハコダテシ",
    "town": "中島町",
    "town_kana": "ナカジマチョウ",
    "street": "７番２１号",
    "office_name": "社会福祉法人　函館共愛会　共愛会病院",
    "office_name_kana": "シヤカイフクシホウジン ハコダテキヨウアイカイ キヨウアイカイビヨウイン"
  },
  "8580": {
    "postcode": "0408580",
    "prefecture": "北海道",
    "prefecture_kana": "ホッカイドウ",
    "prefecture_code": 1,
    "city": "函館市",
    "city_kana": "ハコダテシ",
    "town": "梁川町",
    "town_kana": "ヤナガワチョウ",
    "street": "１６番２４号",
    "office_name": "サッポロビール　株式会社　函館支店",
    "office_name_kana": "サツポロビ-ル カブシキガイシヤ ハコダテシテン"
  },
  "8581": {
    "postcode": "0408581",
    "prefecture": "北海道",
    "prefecture_kana": "ホッカイドウ",
    "prefecture_code": 1,
    "city": "函館市",
    "city_kana": "ハコダテシ",
    "town": "万代町",
    "town_kana": "バンダイチョウ",
    "street": "２０番２８号",
    "office_name": "函館米穀　（株）",
    "office_name_kana": "ハコダテベイコク カブシキガイシヤ"
  },
  "8585": {
    "postcode": "0408585",
    "prefecture": "北海道",
    "prefecture_kana": "ホッカイドウ",
    "prefecture_code": 1,
    "city": "函館市",
    "city_kana": "ハコダテシ",
    "town": "本町",
    "town_kana": "ホンチョウ",
    "street": "３３番２号",
    "office_name": "函館中央病院",
    "office_name_kana": "ハコダテチユウオウビヨウイン"
  },
  "8588": {
    "postcode": "0408588",
    "prefecture": "北海道",
    "prefecture_kana": "ホッカイドウ",
    "prefecture_code": 1,
    "city": "函館市",
    "city_kana": "ハコダテシ",
    "town": "梁川町",
    "town_kana": "ヤナガワチョウ",
    "street": "１７番１９号",
    "office_name": "明光産業　株式会社",
    "office_name_kana": "メイコウサンギヨウ カブシキガイシヤ"
  },
  "8601": {
    "postcode": "0408601",
    "prefecture": "北海道",
    "prefecture_kana": "ホッカイドウ",
    "prefecture_code": 1,
    "city": "函館市",
    "city_kana": "ハコダテシ",
    "town": "上新川町",
    "town_kana": "カミシンカワチョウ",
    "street": "１番８号",
    "office_name": "函館地方裁判所",
    "office_name_kana": "ハコダテチホウサイバンシヨ"
  },
  "8602": {
    "postcode": "0408602",
    "prefecture": "北海道",
    "prefecture_kana": "ホッカイドウ",
    "prefecture_code": 1,
    "city": "函館市",
    "city_kana": "ハコダテシ",
    "town": "上新川町",
    "town_kana": "カミシンカワチョウ",
    "street": "１番８号",
    "office_name": "函館家庭裁判所",
    "office_name_kana": "ハコダテカテイサイバンシヨ"
  },
  "8603": {
    "postcode": "0408603",
    "prefecture": "北海道",
    "prefecture_kana": "ホッカイドウ",
    "prefecture_code": 1,
    "city": "函館市",
    "city_kana": "ハコダテシ",
    "town": "上新川町",
    "town_kana": "カミシンカワチョウ",
    "street": "１番８号",
    "office_name": "函館簡易裁判所",
    "office_name_kana": "ハコダテカンイサイバンシヨ"
  },
  "8605": {
    "postcode": "0408605",
    "prefecture": "北海道",
    "prefecture_kana": "ホッカイドウ",
    "prefecture_code": 1,
    "city": "函館市",
    "city_kana": "ハコダテシ",
    "town": "弁天町",
    "town_kana": "ベンテンチョウ",
    "street": "２０番３号",
    "office_name": "函館どつく　株式会社　函館造船所",
    "office_name_kana": "ハコダテドツク カブシキガイシヤ ハコダテゾウセンジヨ"
  },
  "8609": {
    "postcode": "0408609",
    "prefecture": "北海道",
    "prefecture_kana": "ホッカイドウ",
    "prefecture_code": 1,
    "city": "函館市",
    "city_kana": "ハコダテシ",
    "town": "新川町",
    "town_kana": "シンカワチョウ",
    "street": "２５番１８号",
    "office_name": "函館公共職業安定所",
    "office_name_kana": "ハコダテコウキヨウシヨクギヨウアンテイジヨ"
  },
  "8610": {
    "postcode": "0408610",
    "prefecture": "北海道",
    "prefecture_kana": "ホッカイドウ",
    "prefecture_code": 1,
    "city": "函館市",
    "city_kana": "ハコダテシ",
    "town": "梁川町",
    "town_kana": "ヤナガワチョウ",
    "street": "１０番２５号",
    "office_name": "株式会社　テーオーデパート",
    "office_name_kana": "カブシキカイシヤ テ-オ-デパ-ト"
  },
  "8611": {
    "postcode": "0408611",
    "prefecture": "北海道",
    "prefecture_kana": "ホッカイドウ",
    "prefecture_code": 1,
    "city": "函館市",
    "city_kana": "ハコダテシ",
    "town": "五稜郭町",
    "town_kana": "ゴリョウカクチョウ",
    "street": "３８番３号",
    "office_name": "函館五稜郭病院",
    "office_name_kana": "ハコダテゴリヨウカクビヨウイン"
  },
  "8616": {
    "postcode": "0408616",
    "prefecture": "北海道",
    "prefecture_kana": "ホッカイドウ",
    "prefecture_code": 1,
    "city": "函館市",
    "city_kana": "ハコダテシ",
    "town": "梁川町",
    "town_kana": "ヤナガワチョウ",
    "street": "９番５号",
    "office_name": "北海道放送　株式会社　函館放送局",
    "office_name_kana": "ホツカイドウホウソウ カブシキガイシヤ ハコダテホウソウキヨク"
  },
  "8631": {
    "postcode": "0408631",
    "prefecture": "北海道",
    "prefecture_kana": "ホッカイドウ",
    "prefecture_code": 1,
    "city": "函館市",
    "city_kana": "ハコダテシ",
    "town": "堀川町",
    "town_kana": "ホリカワチョウ",
    "street": "６番２１号",
    "office_name": "函館赤十字病院",
    "office_name_kana": "ハコダテセキジユウジビヨウイン"
  },
  "8632": {
    "postcode": "0408632",
    "prefecture": "北海道",
    "prefecture_kana": "ホッカイドウ",
    "prefecture_code": 1,
    "city": "函館市",
    "city_kana": "ハコダテシ",
    "town": "末広町",
    "town_kana": "スエヒロチョウ",
    "street": "２２番１号",
    "office_name": "（株）　エスイーシー",
    "office_name_kana": "カブシキガイシヤ エスイ-シ-"
  },
  "8640": {
    "postcode": "0408640",
    "prefecture": "北海道",
    "prefecture_kana": "ホッカイドウ",
    "prefecture_code": 1,
    "city": "函館市",
    "city_kana": "ハコダテシ",
    "town": "海岸町",
    "town_kana": "カイガンチョウ",
    "street": "９番２３号",
    "office_name": "（株）　森川組",
    "office_name_kana": "カブシキガイシヤ モリカワグミ"
  },
  "8642": {
    "postcode": "0408642",
    "prefecture": "北海道",
    "prefecture_kana": "ホッカイドウ",
    "prefecture_code": 1,
    "city": "函館市",
    "city_kana": "ハコダテシ",
    "town": "大町",
    "town_kana": "オオマチ",
    "street": "１０番３号",
    "office_name": "海上自衛隊　函館基地隊",
    "office_name_kana": "カイジヨウジエイタイ ハコダテキチタイ"
  },
  "8655": {
    "postcode": "0408655",
    "prefecture": "北海道",
    "prefecture_kana": "ホッカイドウ",
    "prefecture_code": 1,
    "city": "函館市",
    "city_kana": "ハコダテシ",
    "town": "大手町",
    "town_kana": "オオテマチ",
    "street": "１２番８号（函館中央郵便局私書箱第４１号）",
    "office_name": "日本生命相互会社　函館支店",
    "office_name_kana": "ニホンセイメイソウゴガイシヤ ハコダテシテン"
  },
  "8660": {
    "postcode": "0408660",
    "prefecture": "北海道",
    "prefecture_kana": "ホッカイドウ",
    "prefecture_code": 1,
    "city": "函館市",
    "city_kana": "ハコダテシ",
    "town": "大手町",
    "town_kana": "オオテマチ",
    "street": "３番１号（函館中央郵便局私書箱第８４号）",
    "office_name": "前側石油　株式会社",
    "office_name_kana": "マエカワセキユ カブシキガイシヤ"
  },
  "8666": {
    "postcode": "0408666",
    "prefecture": "北海道",
    "prefecture_kana": "ホッカイドウ",
    "prefecture_code": 1,
    "city": "函館市",
    "city_kana": "ハコダテシ",
    "town": "東雲町",
    "town_kana": "シノノメチョウ",
    "street": "４番１３号（函館中央郵便局私書箱第９号）",
    "office_name": "函館市役所",
    "office_name_kana": "ハコダテシヤクシヨ"
  },
  "8668": {
    "postcode": "0408668",
    "prefecture": "北海道",
    "prefecture_kana": "ホッカイドウ",
    "prefecture_code": 1,
    "city": "函館市",
    "city_kana": "ハコダテシ",
    "town": "本町",
    "town_kana": "ホンチョウ",
    "street": "７番１８号（函館中央郵便局私書箱第２５号）",
    "office_name": "（株）　北海道銀行　函館支店",
    "office_name_kana": "カブシキガイシヤ ホツカイドウギンコウ ハコダテシテン"
  },
  "8670": {
    "postcode": "0408670",
    "prefecture": "北海道",
    "prefecture_kana": "ホッカイドウ",
    "prefecture_code": 1,
    "city": "函館市",
    "city_kana": "ハコダテシ",
    "town": "千歳町",
    "town_kana": "チトセチョウ",
    "street": "２５番１５号（函館中央郵便局私書箱第１６号）",
    "office_name": "北海道電力　（株）　函館支店",
    "office_name_kana": "ホツカイドウデンリヨク カブシキガイシヤ ハコダテシテン"
  },
  "8680": {
    "postcode": "0408680",
    "prefecture": "北海道",
    "prefecture_kana": "ホッカイドウ",
    "prefecture_code": 1,
    "city": "函館市",
    "city_kana": "ハコダテシ",
    "town": "千歳町",
    "town_kana": "チトセチョウ",
    "street": "１３−１（函館中央郵便局私書箱第１号）",
    "office_name": "日本放送協会　函館放送局",
    "office_name_kana": "ニツポンホウソウキヨウカイ ハコダテホウソウキヨク"
  },
  "8686": {
    "postcode": "0408686",
    "prefecture": "北海道",
    "prefecture_kana": "ホッカイドウ",
    "prefecture_code": 1,
    "city": "函館市",
    "city_kana": "ハコダテシ",
    "town": "若松町",
    "town_kana": "ワカマツチョウ",
    "street": "３−６（函館中央郵便局私書箱第２１号）",
    "office_name": "商工中金　函館支店",
    "office_name_kana": "シヨウコウチユウキン ハコダテシテン"
  },
  "8688": {
    "postcode": "0408688",
    "prefecture": "北海道",
    "prefecture_kana": "ホッカイドウ",
    "prefecture_code": 1,
    "city": "函館市",
    "city_kana": "ハコダテシ",
    "town": "五稜郭町",
    "town_kana": "ゴリョウカクチョウ",
    "street": "３１番３号（函館中央郵便局私書箱第４０号）",
    "office_name": "（株）　北海道新聞社　函館支社",
    "office_name_kana": "カブシキガイシヤ ホツカイドウシンブンシヤ ハコダテシシヤ"
  },
  "8710": {
    "postcode": "0408710",
    "prefecture": "北海道",
    "prefecture_kana": "ホッカイドウ",
    "prefecture_code": 1,
    "city": "函館市",
    "city_kana": "ハコダテシ",
    "town": "東雲町",
    "town_kana": "シノノメチョウ",
    "street": "１４番１号（函館中央郵便局私書箱第２７号）",
    "office_name": "日本銀行　函館支店",
    "office_name_kana": "ニホンギンコウ ハコダテシテン"
  },
  "8717": {
    "postcode": "0408717",
    "prefecture": "北海道",
    "prefecture_kana": "ホッカイドウ",
    "prefecture_code": 1,
    "city": "函館市",
    "city_kana": "ハコダテシ",
    "town": "若松町",
    "town_kana": "ワカマツチョウ",
    "street": "１５番７号（函館中央郵便局私書箱第１７号）",
    "office_name": "（株）　北洋銀行　函館中央支店",
    "office_name_kana": "カブシキガイシヤ ホクヨウギンコウ ハコダテチユウオウシテン"
  },
  "8720": {
    "postcode": "0408720",
    "prefecture": "北海道",
    "prefecture_kana": "ホッカイドウ",
    "prefecture_code": 1,
    "city": "函館市",
    "city_kana": "ハコダテシ",
    "town": "上新川町",
    "town_kana": "カミシンカワチョウ",
    "street": "１番２５号（函館中央郵便局私書箱第４５号）",
    "office_name": "道南うみ街信用金庫",
    "office_name_kana": "ドウナンウミマチシンヨウキンコ"
  },
  "8727": {
    "postcode": "0408727",
    "prefecture": "北海道",
    "prefecture_kana": "ホッカイドウ",
    "prefecture_code": 1,
    "city": "函館市",
    "city_kana": "ハコダテシ",
    "town": "若松町",
    "town_kana": "ワカマツチョウ",
    "street": "１７番１０号（函館中央郵便局私書箱第５７号）",
    "office_name": "（株）　北陸銀行　函館支店",
    "office_name_kana": "カブシキガイシヤ ホクリクギンコウ ハコダテシテン"
  }
}