{
  "0000": {
    "postcode": "0660000",
    "prefecture": "北海道",
    "prefecture_kana": "ホッカイドウ",
    "prefecture_code": 1,
    "city": "千歳市",
    "city_kana": "チトセシ",
    "town": "",
    "town_kana": "",
    "street": null,
    "office_name": null,
    "office_name_kana": null
  },
  "0001": {
    "postcode": "0660001",
    "prefecture": "北海道",
    "prefecture_kana": "ホッカイドウ",
    "prefecture_code": 1,
    "city": "千歳市",
    "city_kana": "チトセシ",
    "town": "長都",
    "town_kana": "オサツ",
    "street": null,
    "office_name": null,
    "office_name_kana": null
  },
  "0002": {
    "postcode": "0660002",
    "prefecture": "北海道",
    "prefecture_kana": "ホッカイドウ",
    "prefecture_code": 1,
    "city": "千歳市",
    "city_kana": "チトセシ",
    "town": "釜加",
    "town_kana": "カマカ",
    "street": null,
    "office_name": null,
    "office_name_kana": null
  },
  "0003": {
    "postcode": "0660003",
    "prefecture": "北海道",
    "prefecture_kana": "ホッカイドウ",
    "prefecture_code": 1,
    "city": "千歳市",
    "city_kana": "チトセシ",
    "town": "都",
    "town_kana": "ミヤコ",
    "street": null,
    "office_name": null,
    "office_name_kana": null
  },
  "0004": {
    "postcode": "0660004",
    "prefecture": "北海道",
    "prefecture_kana": "ホッカイドウ",
    "prefecture_code": 1,
    "city": "千歳市",
    "city_kana": "チトセシ",
    "town": "泉郷",
    "town_kana": "イズミサト",
    "street": null,
    "office_name": null,
    "office_name_kana": null
  },
  "0005": {
    "postcode": "0660005",
    "prefecture": "北海道",
    "prefecture_kana": "ホッカイドウ",
    "prefecture_code": 1,
    "city": "千歳市",
    "city_kana": "チトセシ",
    "town": "協和",
    "town_kana": "キョウワ",
    "street": null,
    "office_name": null,
    "office_name_kana": null
  },
  "0006": {
    "postcode": "0660006",
    "prefecture": "北海道",
    "prefecture_kana": "ホッカイドウ",
    "prefecture_code": 1,
    "city": "千歳市",
    "city_kana": "チトセシ",
    "town": "祝梅",
    "town_kana": "シュクバイ",
    "street": null,
    "office_name": null,
    "office_name_kana": null
  },
  "0007": {
    "postcode": "0660007",
    "prefecture": "北海道",
    "prefecture_kana": "ホッカイドウ",
    "prefecture_code": 1,
    "city": "千歳市",
    "city_kana": "チトセシ",
    "town": "中央",
    "town_kana": "チュウオウ",
    "street": null,
    "office_name": null,
    "office_name_kana": null
  },
  "0008": {
    "postcode": "0660008",
    "prefecture": "北海道",
    "prefecture_kana": "ホッカイドウ",
    "prefecture_code": 1,
    "city": "千歳市",
    "city_kana": "チトセシ",
    "town": "根志越",
    "town_kana": "ネシコシ",
    "street": null,
    "office_name": null,
    "office_name_kana": null
  },
  "0009": {
    "postcode": "0660009",
    "prefecture": "北海道",
    "prefecture_kana": "ホッカイドウ",
    "prefecture_code": 1,
    "city": "千歳市",
    "city_kana": "チトセシ",
    "town": "柏台南",
    "town_kana": "カシワダイミナミ",
    "street": null,
    "office_name": null,
    "office_name_kana": null
  },
  "0011": {
    "postcode": "0660011",
    "prefecture": "北海道",
    "prefecture_kana": "ホッカイドウ",
    "prefecture_code": 1,
    "city": "千歳市",
    "city_kana": "チトセシ",
    "town": "駒里",
    "town_kana": "コマサト",
    "street": null,
    "office_name": null,
    "office_name_kana": null
  },
  "0012": {
    "postcode": "0660012",
    "prefecture": "北海道",
    "prefecture_kana": "ホッカイドウ",
    "prefecture_code": 1,
    "city": "千歳市",
    "city_kana": "チトセシ",
    "town": "美々",
    "town_kana": "ビビ",
    "street": null,
    "office_name": null,
    "office_name_kana": null
  },
  "0013": {
    "postcode": "0660013",
    "prefecture": "北海道",
    "prefecture_kana": "ホッカイドウ",
    "prefecture_code": 1,
    "city": "千歳市",
    "city_kana": "チトセシ",
    "town": "柏台",
    "town_kana": "カシワダイ",
    "street": null,
    "office_name": null,
    "office_name_kana": null
  },
  "0014": {
    "postcode": "0660014",
    "prefecture": "北海道",
    "prefecture_kana": "ホッカイドウ",
    "prefecture_code": 1,
    "city": "千歳市",
    "city_kana": "チトセシ",
    "town": "青葉丘",
    "town_kana": "アオバオカ",
    "street": null,
    "office_name": null,
    "office_name_kana": null
  },
  "0015": {
    "postcode": "0660015",
    "prefecture": "北海道",
    "prefecture_kana": "ホッカイドウ",
    "prefecture_code": 1,
    "city": "千歳市",
    "city_kana": "チトセシ",
    "town": "青葉",
    "town_kana": "アオバ",
    "street": null,
    "office_name": null,
    "office_name_kana": null
  },
  "0016": {
    "postcode": "0660016",
    "prefecture": "北海道",
    "prefecture_kana": "ホッカイドウ",
    "prefecture_code": 1,
    "city": "千歳市",
    "city_kana": "チトセシ",
    "town": "日の出丘",
    "town_kana": "ヒノデオカ",
    "street": null,
    "office_name": null,
    "office_name_kana": null
  },
  "0017": {
    "postcode": "0660017",
    "prefecture": "北海道",
    "prefecture_kana": "ホッカイドウ",
    "prefecture_code": 1,
    "city": "千歳市",
    "city_kana": "チトセシ",
    "town": "日の出",
    "town_kana": "ヒノデ",
    "street": null,
    "office_name": null,
    "office_name_kana": null
  },
  "0018": {
    "postcode": "0660018",
    "prefecture": "北海道",
    "prefecture_kana": "ホッカイドウ",
    "prefecture_code": 1,
    "city": "千歳市",
    "city_kana": "チトセシ",
    "town": "旭ケ丘",
    "town_kana": "アサヒガオカ",
    "street": null,
    "office_name": null,
    "office_name_kana": null
  },
  "0019": {
    "postcode": "0660019",
    "prefecture": "北海道",
    "prefecture_kana": "ホッカイドウ",
    "prefecture_code": 1,
    "city": "千歳市",
    "city_kana": "チトセシ",
    "town": "流通",
    "town_kana": "リュウツウ",
    "street": null,
    "office_name": null,
    "office_name_kana": null
  },
  "0021": {
    "postcode": "0660021",
    "prefecture": "北海道",
    "prefecture_kana": "ホッカイドウ",
    "prefecture_code": 1,
    "city": "千歳市",
    "city_kana": "チトセシ",
    "town": "東郊",
    "town_kana": "トウコウ",
    "street": null,
    "office_name": null,
    "office_name_kana": null
  },
  "0022": {
    "postcode": "0660022",
    "prefecture": "北海道",
    "prefecture_kana": "ホッカイドウ",
    "prefecture_code": 1,
    "city": "千歳市",
    "city_kana": "チトセシ",
    "town": "豊里",
    "town_kana": "トヨサト",
    "street": null,
    "office_name": null,
    "office_name_kana": null
  },
  "0023": {
    "postcode": "0660023",
    "prefecture": "北海道",
    "prefecture_kana": "ホッカイドウ",
    "prefecture_code": 1,
    "city": "千歳市",
    "city_kana": "チトセシ",
    "town": "寿",
    "town_kana": "コトブキ",
    "street": null,
    "office_name": null,
    "office_name_kana": null
  },
  "0024": {
    "postcode": "0660024",
    "prefecture": "北海道",
    "prefecture_kana": "ホッカイドウ",
    "prefecture_code": 1,
    "city": "千歳市",
    "city_kana": "チトセシ",
    "town": "弥生",
    "town_kana": "ヤヨイ",
    "street": null,
    "office_name": null,
    "office_name_kana": null
  },
  "0025": {
    "postcode": "0660025",
    "prefecture": "北海道",
    "prefecture_kana": "ホッカイドウ",
    "prefecture_code": 1,
    "city": "千歳市",
    "city_kana": "チトセシ",
    "town": "梅ケ丘",
    "town_kana": "ウメガオカ",
    "street": null,
    "office_name": null,
    "office_name_kana": null
  },
  "0026": {
    "postcode": "0660026",
    "prefecture": "北海道",
    "prefecture_kana": "ホッカイドウ",
    "prefecture_code": 1,
    "city": "千歳市",
    "city_kana": "チトセシ",
    "town": "住吉",
    "town_kana": "スミヨシ",
    "street": null,
    "office_name": null,
    "office_name_kana": null
  },
  "0027": {
    "postcode": "0660027",
    "prefecture": "北海道",
    "prefecture_kana": "ホッカイドウ",
    "prefecture_code": 1,
    "city": "千歳市",
    "city_kana": "チトセシ",
    "town": "末広",
    "town_kana": "スエヒロ",
    "street": null,
    "office_name": null,
    "office_name_kana": null
  },
  "0028": {
    "postcode": "0660028",
    "prefecture": "北海道",
    "prefecture_kana": "ホッカイドウ",
    "prefecture_code": 1,
    "city": "千歳市",
    "city_kana": "チトセシ",
    "town": "花園",
    "town_kana": "ハナゾノ",
    "street": null,
    "office_name": null,
    "office_name_kana": null
  },
  "0029": {
    "postcode": "0660029",
    "prefecture": "北海道",
    "prefecture_kana": "ホッカイドウ",
    "prefecture_code": 1,
    "city": "千歳市",
    "city_kana": "チトセシ",
    "town": "稲穂",
    "town_kana": "イナホ",
    "street": null,
    "office_name": null,
    "office_name_kana": null
  },
  "0031": {
    "postcode": "0660031",
    "prefecture": "北海道",
    "prefecture_kana": "ホッカイドウ",
    "prefecture_code": 1,
    "city": "千歳市",
    "city_kana": "チトセシ",
    "town": "長都駅前",
    "town_kana": "オサツエキマエ",
    "street": null,
    "office_name": null,
    "office_name_kana": null
  },
  "0032": {
    "postcode": "0660032",
    "prefecture": "北海道",
    "prefecture_kana": "ホッカイドウ",
    "prefecture_code": 1,
    "city": "千歳市",
    "city_kana": "チトセシ",
    "town": "北陽",
    "town_kana": "ホクヨウ",
    "street": null,
    "office_name": null,
    "office_name_kana": null
  },
  "0033": {
    "postcode": "0660033",
    "prefecture": "北海道",
    "prefecture_kana": "ホッカイドウ",
    "prefecture_code": 1,
    "city": "千歳市",
    "city_kana": "チトセシ",
    "town": "北光",
    "town_kana": "ホッコウ",
    "street": null,
    "office_name": null,
    "office_name_kana": null
  },
  "0034": {
    "postcode": "0660034",
    "prefecture": "北海道",
    "prefecture_kana": "ホッカイドウ",
    "prefecture_code": 1,
    "city": "千歳市",
    "city_kana": "チトセシ",
    "town": "富丘",
    "town_kana": "トミオカ",
    "street": null,
    "office_name": null,
    "office_name_kana": null
  },
  "0035": {
    "postcode": "0660035",
    "prefecture": "北海道",
    "prefecture_kana": "ホッカイドウ",
    "prefecture_code": 1,
    "city": "千歳市",
    "city_kana": "チトセシ",
    "town": "高台",
    "town_kana": "タカダイ",
    "street": null,
    "office_name": null,
    "office_name_kana": null
  },
  "0036": {
    "postcode": "0660036",
    "prefecture": "北海道",
    "prefecture_kana": "ホッカイドウ",
    "prefecture_code": 1,
    "city": "千歳市",
    "city_kana": "チトセシ",
    "town": "北栄",
    "town_kana": "ホクエイ",
    "street": null,
    "office_name": null,
    "office_name_kana": null
  },
  "0037": {
    "postcode": "0660037",
    "prefecture": "北海道",
    "prefecture_kana": "ホッカイドウ",
    "prefecture_code": 1,
    "city": "千歳市",
    "city_kana": "チトセシ",
    "town": "新富",
    "town_kana": "シントミ",
    "street": null,
    "office_name": null,
    "office_name_kana": null
  },
  "0038": {
    "postcode": "0660038",
    "prefecture": "北海道",
    "prefecture_kana": "ホッカイドウ",
    "prefecture_code": 1,
    "city": "千歳市",
    "city_kana": "チトセシ",
    "town": "信濃",
    "town_kana": "シナノ",
    "street": null,
    "office_name": null,
    "office_name_kana": null
  },
  "0039": {
    "postcode": "0660039",
    "prefecture": "北海道",
    "prefecture_kana": "ホッカイドウ",
    "prefecture_code": 1,
    "city": "千歳市",
    "city_kana": "チトセシ",
    "town": "富士",
    "town_kana": "フジ",
    "street": null,
    "office_name": null,
    "office_name_kana": null
  },
  "0041": {
    "postcode": "0660041",
    "prefecture": "北海道",
    "prefecture_kana": "ホッカイドウ",
    "prefecture_code": 1,
    "city": "千歳市",
    "city_kana": "チトセシ",
    "town": "清水町",
    "town_kana": "シミズチョウ",
    "street": null,
    "office_name": null,
    "office_name_kana": null
  },
  "0042": {
    "postcode": "0660042",
    "prefecture": "北海道",
    "prefecture_kana": "ホッカイドウ",
    "prefecture_code": 1,
    "city": "千歳市",
    "city_kana": "チトセシ",
    "town": "東雲町",
    "town_kana": "シノノメチョウ",
    "street": null,
    "office_name": null,
    "office_name_kana": null
  },
  "0043": {
    "postcode": "0660043",
    "prefecture": "北海道",
    "prefecture_kana": "ホッカイドウ",
    "prefecture_code": 1,
    "city": "千歳市",
    "city_kana": "チトセシ",
    "town": "朝日町",
    "town_kana": "アサヒチョウ",
    "street": null,
    "office_name": null,
    "office_name_kana": null
  },
  "0044": {
    "postcode": "0660044",
    "prefecture": "北海道",
    "prefecture_kana": "ホッカイドウ",
    "prefecture_code": 1,
    "city": "千歳市",
    "city_kana": "チトセシ",
    "town": "平和",
    "town_kana": "ヘイワ",
    "street": null,
    "office_name": null,
    "office_name_kana": null
  },
  "0045": {
    "postcode": "0660045",
    "prefecture": "北海道",
    "prefecture_kana": "ホッカイドウ",
    "prefecture_code": 1,
    "city": "千歳市",
    "city_kana": "チトセシ",
    "town": "真々地",
    "town_kana": "ママチ",
    "street": null,
    "office_name": null,
    "office_name_kana": null
  },
  "0046": {
    "postcode": "0660046",
    "prefecture": "北海道",
    "prefecture_kana": "ホッカイドウ",
    "prefecture_code": 1,
    "city": "千歳市",
    "city_kana": "チトセシ",
    "town": "真町",
    "town_kana": "シンチョウ",
    "street": null,
    "office_name": null,
    "office_name_kana": null
  },
  "0047": {
    "postcode": "0660047",
    "prefecture": "北海道",
    "prefecture_kana": "ホッカイドウ",
    "prefecture_code": 1,
    "city": "千歳市",
    "city_kana": "チトセシ",
    "town": "本町",
    "town_kana": "ホンチョウ",
    "street": null,
    "office_name": null,
    "office_name_kana": null
  },
  "0051": {
    "postcode": "0660051",
    "prefecture": "北海道",
    "prefecture_kana": "ホッカイドウ",
    "prefecture_code": 1,
    "city": "千歳市",
    "city_kana": "チトセシ",
    "town": "泉沢",
    "town_kana": "イズミサワ",
    "street": null,
    "office_name": null,
    "office_name_kana": null
  },
  "0052": {
    "postcode": "0660052",
    "prefecture": "北海道",
    "prefecture_kana": "ホッカイドウ",
    "prefecture_code": 1,
    "city": "千歳市",
    "city_kana": "チトセシ",
    "town": "文京",
    "town_kana": "ブンキョウ",
    "street": null,
    "office_name": null,
    "office_name_kana": null
  },
  "0053": {
    "postcode": "0660053",
    "prefecture": "北海道",
    "prefecture_kana": "ホッカイドウ",
    "prefecture_code": 1,
    "city": "千歳市",
    "city_kana": "チトセシ",
    "town": "福住",
    "town_kana": "フクズミ",
    "street": null,
    "office_name": null,
    "office_name_kana": null
  },
  "0054": {
    "postcode": "0660054",
    "prefecture": "北海道",
    "prefecture_kana": "ホッカイドウ",
    "prefecture_code": 1,
    "city": "千歳市",
    "city_kana": "チトセシ",
    "town": "柏陽",
    "town_kana": "ハクヨウ",
    "street": null,
    "office_name": null,
    "office_name_kana": null
  },
  "0055": {
    "postcode": "0660055",
    "prefecture": "北海道",
    "prefecture_kana": "ホッカイドウ",
    "prefecture_code": 1,
    "city": "千歳市",
    "city_kana": "チトセシ",
    "town": "里美",
    "town_kana": "サトミ",
    "street": null,
    "office_name": null,
    "office_name_kana": null
  },
  "0056": {
    "postcode": "0660056",
    "prefecture": "北海道",
    "prefecture_kana": "ホッカイドウ",
    "prefecture_code": 1,
    "city": "千歳市",
    "city_kana": "チトセシ",
    "town": "白樺",
    "town_kana": "シラカバ",
    "street": null,
    "office_name": null,
    "office_name_kana": null
  },
  "0057": {
    "postcode": "0660057",
    "prefecture": "北海道",
    "prefecture_kana": "ホッカイドウ",
    "prefecture_code": 1,
    "city": "千歳市",
    "city_kana": "チトセシ",
    "town": "若草",
    "town_kana": "ワカクサ",
    "street": null,
    "office_name": null,
    "office_name_kana": null
  },
  "0061": {
    "postcode": "0660061",
    "prefecture": "北海道",
    "prefecture_kana": "ホッカイドウ",
    "prefecture_code": 1,
    "city": "千歳市",
    "city_kana": "チトセシ",
    "town": "栄町",
    "town_kana": "サカエチョウ",
    "street": null,
    "office_name": null,
    "office_name_kana": null
  },
  "0062": {
    "postcode": "0660062",
    "prefecture": "北海道",
    "prefecture_kana": "ホッカイドウ",
    "prefecture_code": 1,
    "city": "千歳市",
    "city_kana": "チトセシ",
    "town": "千代田町",
    "town_kana": "チヨダチョウ",
    "street": null,
    "office_name": null,
    "office_name_kana": null
  },
  "0063": {
    "postcode": "0660063",
    "prefecture": "北海道",
    "prefecture_kana": "ホッカイドウ",
    "prefecture_code": 1,
    "city": "千歳市",
    "city_kana": "チトセシ",
    "town": "幸町",
    "town_kana": "サイワイチョウ",
    "street": null,
    "office_name": null,
    "office_name_kana": null
  },
  "0064": {
    "postcode": "0660064",
    "prefecture": "北海道",
    "prefecture_kana": "ホッカイドウ",
    "prefecture_code": 1,
    "city": "千歳市",
    "city_kana": "チトセシ",
    "town": "錦町",
    "town_kana": "ニシキチョウ",
    "street": null,
    "office_name": null,
    "office_name_kana": null
  },
  "0065": {
    "postcode": "0660065",
    "prefecture": "北海道",
    "prefecture_kana": "ホッカイドウ",
    "prefecture_code": 1,
    "city": "千歳市",
    "city_kana": "チトセシ",
    "town": "春日町",
    "town_kana": "カスガチョウ",
    "street": null,
    "office_name": null,
    "office_name_kana": null
  },
  "0066": {
    "postcode": "0660066",
    "prefecture": "北海道",
    "prefecture_kana": "ホッカイドウ",
    "prefecture_code": 1,
    "city": "千歳市",
    "city_kana": "チトセシ",
    "town": "大和",
    "town_kana": "ヤマト",
    "street": null,
    "office_name": null,
    "office_name_kana": null
  },
  "0067": {
    "postcode": "0660067",
    "prefecture": "北海道",
    "prefecture_kana": "ホッカイドウ",
    "prefecture_code": 1,
    "city": "千歳市",
    "city_kana": "チトセシ",
    "town": "桂木",
    "town_kana": "カツラギ",
    "street": null,
    "office_name": null,
    "office_name_kana": null
  },
  "0068": {
    "postcode": "0660068",
    "prefecture": "北海道",
    "prefecture_kana": "ホッカイドウ",
    "prefecture_code": 1,
    "city": "千歳市",
    "city_kana": "チトセシ",
    "town": "蘭越",
    "town_kana": "ランコシ",
    "street": null,
    "office_name": null,
    "office_name_kana": null
  },
  "0069": {
    "postcode": "0660069",
    "prefecture": "北海道",
    "prefecture_kana": "ホッカイドウ",
    "prefecture_code": 1,
    "city": "千歳市",
    "city_kana": "チトセシ",
    "town": "新星",
    "town_kana": "シンセイ",
    "street": null,
    "office_name": null,
    "office_name_kana": null
  },
  "0071": {
    "postcode": "0660071",
    "prefecture": "北海道",
    "prefecture_kana": "ホッカイドウ",
    "prefecture_code": 1,
    "city": "千歳市",
    "city_kana": "チトセシ",
    "town": "桜木",
    "town_kana": "サクラギ",
    "street": null,
    "office_name": null,
    "office_name_kana": null
  },
  "0072": {
    "postcode": "0660072",
    "prefecture": "北海道",
    "prefecture_kana": "ホッカイドウ",
    "prefecture_code": 1,
    "city": "千歳市",
    "city_kana": "チトセシ",
    "town": "自由ケ丘",
    "town_kana": "ジユウガオカ",
    "street": null,
    "office_name": null,
    "office_name_kana": null
  },
  "0073": {
    "postcode": "0660073",
    "prefecture": "北海道",
    "prefecture_kana": "ホッカイドウ",
    "prefecture_code": 1,
    "city": "千歳市",
    "city_kana": "チトセシ",
    "town": "北斗",
    "town_kana": "ホクト",
    "street": null,
    "office_name": null,
    "office_name_kana": null
  },
  "0074": {
    "postcode": "0660074",
    "prefecture": "北海道",
    "prefecture_kana": "ホッカイドウ",
    "prefecture_code": 1,
    "city": "千歳市",
    "city_kana": "チトセシ",
    "town": "緑町",
    "town_kana": "ミドリチョウ",
    "street": null,
    "office_name": null,
    "office_name_kana": null
  },
  "0075": {
    "postcode": "0660075",
    "prefecture": "北海道",
    "prefecture_kana": "ホッカイドウ",
    "prefecture_code": 1,
    "city": "千歳市",
    "city_kana": "チトセシ",
    "town": "北信濃",
    "town_kana": "キタシナノ",
    "street": null,
    "office_name": null,
    "office_name_kana": null
  },
  "0076": {
    "postcode": "0660076",
    "prefecture": "北海道",
    "prefecture_kana": "ホッカイドウ",
    "prefecture_code": 1,
    "city": "千歳市",
    "city_kana": "チトセシ",
    "town": "あずさ",
    "town_kana": "アズサ",
    "street": null,
    "office_name": null,
    "office_name_kana": null
  },
  "0077": {
    "postcode": "0660077",
    "prefecture": "北海道",
    "prefecture_kana": "ホッカイドウ",
    "prefecture_code": 1,
    "city": "千歳市",
    "city_kana": "チトセシ",
    "town": "上長都",
    "town_kana": "カミオサツ",
    "street": null,
    "office_name": null,
    "office_name_kana": null
  },
  "0078": {
    "postcode": "0660078",
    "prefecture": "北海道",
    "prefecture_kana": "ホッカイドウ",
    "prefecture_code": 1,
    "city": "千歳市",
    "city_kana": "チトセシ",
    "town": "勇舞",
    "town_kana": "ユウマイ",
    "street": null,
    "office_name": null,
    "office_name_kana": null
  },
  "0081": {
    "postcode": "0660081",
    "prefecture": "北海道",
    "prefecture_kana": "ホッカイドウ",
    "prefecture_code": 1,
    "city": "千歳市",
    "city_kana": "チトセシ",
    "town": "清流",
    "town_kana": "セイリュウ",
    "street": null,
    "office_name": null,
    "office_name_kana": null
  },
  "0082": {
    "postcode": "0660082",
    "prefecture": "北海道",
    "prefecture_kana": "ホッカイドウ",
    "prefecture_code": 1,
    "city": "千歳市",
    "city_kana": "チトセシ",
    "town": "幸福",
    "town_kana": "コウフク",
    "street": null,
    "office_name": null,
    "office_name_kana": null
  },
  "0083": {
    "postcode": "0660083",
    "prefecture": "北海道",
    "prefecture_kana": "ホッカイドウ",
    "prefecture_code": 1,
    "city": "千歳市",
    "city_kana": "チトセシ",
    "town": "みどり台北",
    "town_kana": "ミドリダイキタ",
    "street": null,
    "office_name": null,
    "office_name_kana": null
  },
  "0084": {
    "postcode": "0660084",
    "prefecture": "北海道",
    "prefecture_kana": "ホッカイドウ",
    "prefecture_code": 1,
    "city": "千歳市",
    "city_kana": "チトセシ",
    "town": "みどり台南",
    "town_kana": "ミドリダイミナミ",
    "street": null,
    "office_name": null,
    "office_name_kana": null
  },
  "0271": {
    "postcode": "0660271",
    "prefecture": "北海道",
    "prefecture_kana": "ホッカイドウ",
    "prefecture_code": 1,
    "city": "苫小牧市",
    "city_kana": "トマコマイシ",
    "town": "丸山",
    "town_kana": "マルヤマ",
    "street": null,
    "office_name": null,
    "office_name_kana": null
  },
  "0281": {
    "postcode": "0660281",
    "prefecture": "北海道",
    "prefecture_kana": "ホッカイドウ",
    "prefecture_code": 1,
    "city": "千歳市",
    "city_kana": "チトセシ",
    "town": "支笏湖温泉",
    "town_kana": "シコツコオンセン",
    "street": null,
    "office_name": null,
    "office_name_kana": null
  },
  "0282": {
    "postcode": "0660282",
    "prefecture": "北海道",
    "prefecture_kana": "ホッカイドウ",
    "prefecture_code": 1,
    "city": "千歳市",
    "city_kana": "チトセシ",
    "town": "水明郷",
    "town_kana": "スイメイキョウ",
    "street": null,
    "office_name": null,
    "office_name_kana": null
  },
  "0283": {
    "postcode": "0660283",
    "prefecture": "北海道",
    "prefecture_kana": "ホッカイドウ",
    "prefecture_code": 1,
    "city": "千歳市",
    "city_kana": "チトセシ",
    "town": "モラップ",
    "town_kana": "モラップ",
    "street": null,
    "office_name": null,
    "office_name_kana": null
  },
  "0284": {
    "postcode": "0660284",
    "prefecture": "北海道",
    "prefecture_kana": "ホッカイドウ",
    "prefecture_code": 1,
    "city": "千歳市",
    "city_kana": "チトセシ",
    "town": "支寒内",
    "town_kana": "シシャモナイ",
    "street": null,
    "office_name": null,
    "office_name_kana": null
  },
  "0285": {
    "postcode": "0660285",
    "prefecture": "北海道",
    "prefecture_kana": "ホッカイドウ",
    "prefecture_code": 1,
    "city": "千歳市",
    "city_kana": "チトセシ",
    "town": "美笛",
    "town_kana": "ビフエ",
    "street": null,
    "office_name": null,
    "office_name_kana": null
  },
  "0286": {
    "postcode": "0660286",
    "prefecture": "北海道",
    "prefecture_kana": "ホッカイドウ",
    "prefecture_code": 1,
    "city": "千歳市",
    "city_kana": "チトセシ",
    "town": "奥潭",
    "town_kana": "オコタン",
    "street": null,
    "office_name": null,
    "office_name_kana": null
  },
  "0287": {
    "postcode": "0660287",
    "prefecture": "北海道",
    "prefecture_kana": "ホッカイドウ",
    "prefecture_code": 1,
    "city": "千歳市",
    "city_kana": "チトセシ",
    "town": "幌美内",
    "town_kana": "ポロピナイ",
    "street": null,
    "office_name": null,
    "office_name_kana": null
  },
  "8501": {
    "postcode": "0668501",
    "prefecture": "北海道",
    "prefecture_kana": "ホッカイドウ",
    "prefecture_code": 1,
    "city": "千歳市",
    "city_kana": "チトセシ",
    "town": "北栄",
    "town_kana": "ホクエイ",
    "street": "１丁目４番１号",
    "office_name": "北海道千歳高等学校",
    "office_name_kana": "ホツカイドウチトセコウトウガツコウ"
  },
  "8502": {
    "postcode": "0668502",
    "prefecture": "北海道",
    "prefecture_kana": "ホッカイドウ",
    "prefecture_code": 1,
    "city": "千歳市",
    "city_kana": "チトセシ",
    "town": "上長都",
    "town_kana": "カミオサツ",
    "street": "１０３７の２",
    "office_name": "パナソニック　（株）　回路部品事業部",
    "office_name_kana": "パナソニツク カブシキガイシヤ カイロブヒンジギヨウブ"
  },
  "8504": {
    "postcode": "0668504",
    "prefecture": "北海道",
    "prefecture_kana": "ホッカイドウ",
    "prefecture_code": 1,
    "city": "千歳市",
    "city_kana": "チトセシ",
    "town": "美々",
    "town_kana": "ビビ",
    "street": "新千歳空港内",
    "office_name": "国土交通省　東京航空局　新千歳空港事務所",
    "office_name_kana": "コクドコウツウシヨウ トウキヨウコウクウキヨク シンチトセクウコウジムシヨ"
  },
  "8508": {
    "postcode": "0668508",
    "prefecture": "北海道",
    "prefecture_kana": "ホッカイドウ",
    "prefecture_code": 1,
    "city": "千歳市",
    "city_kana": "チトセシ",
    "town": "幸町",
    "town_kana": "サイワイチョウ",
    "street": "１丁目９",
    "office_name": "千歳市商店街振興組合連合会",
    "office_name_kana": "チトセシシヨウテンガイシンコウクミアイレンゴウカイ"
  },
  "8510": {
    "postcode": "0668510",
    "prefecture": "北海道",
    "prefecture_kana": "ホッカイドウ",
    "prefecture_code": 1,
    "city": "千歳市",
    "city_kana": "チトセシ",
    "town": "平和",
    "town_kana": "ヘイワ",
    "street": "無番地",
    "office_name": "航空自衛隊　千歳基地",
    "office_name_kana": "コウクウジエイタイ チトセキチ"
  },
  "8512": {
    "postcode": "0668512",
    "prefecture": "北海道",
    "prefecture_kana": "ホッカイドウ",
    "prefecture_code": 1,
    "city": "千歳市",
    "city_kana": "チトセシ",
    "town": "上長都",
    "town_kana": "カミオサツ",
    "street": "９４７番地２",
    "office_name": "北海道森紙業　株式会社　札幌事業所千歳工場",
    "office_name_kana": "ホツカイドウモリシギヨウ カブシキガイシヤ サツポロジギヨウシヨチトセコウジヨウ"
  },
  "8515": {
    "postcode": "0668515",
    "prefecture": "北海道",
    "prefecture_kana": "ホッカイドウ",
    "prefecture_code": 1,
    "city": "千歳市",
    "city_kana": "チトセシ",
    "town": "高台",
    "town_kana": "タカダイ",
    "street": "５丁目１番１５号",
    "office_name": "道央農協協同組合　千歳支所",
    "office_name_kana": "ドウオウノウキヨウキヨウドウクミアイ チトセシシヨ"
  },
  "8520": {
    "postcode": "0668520",
    "prefecture": "北海道",
    "prefecture_kana": "ホッカイドウ",
    "prefecture_code": 1,
    "city": "千歳市",
    "city_kana": "チトセシ",
    "town": "本町",
    "town_kana": "ホンチョウ",
    "street": "４丁目４番地４",
    "office_name": "千歳国際ホテル　株式会社",
    "office_name_kana": "チトセコクサイホテル カブシキガイシヤ"
  },
  "8533": {
    "postcode": "0668533",
    "prefecture": "北海道",
    "prefecture_kana": "ホッカイドウ",
    "prefecture_code": 1,
    "city": "千歳市",
    "city_kana": "チトセシ",
    "town": "泉沢",
    "town_kana": "イズミサワ",
    "street": "１００７−３９",
    "office_name": "ミツミ電機　株式会社　千歳事業所",
    "office_name_kana": "ミツミデンキカブシキガイシヤ チトセジギヨウシヨ"
  },
  "8550": {
    "postcode": "0668550",
    "prefecture": "北海道",
    "prefecture_kana": "ホッカイドウ",
    "prefecture_code": 1,
    "city": "千歳市",
    "city_kana": "チトセシ",
    "town": "北光",
    "town_kana": "ホッコウ",
    "street": "２丁目１番１号",
    "office_name": "市立千歳市民病院",
    "office_name_kana": "シリツチトセシミンビヨウイン"
  },
  "8555": {
    "postcode": "0668555",
    "prefecture": "北海道",
    "prefecture_kana": "ホッカイドウ",
    "prefecture_code": 1,
    "city": "千歳市",
    "city_kana": "チトセシ",
    "town": "上長都",
    "town_kana": "カミオサツ",
    "street": "１０６１番地２",
    "office_name": "株式会社　ＩＨＩスター",
    "office_name_kana": "カブシキガイシヤ アイエイチアイスタ-"
  },
  "8557": {
    "postcode": "0668557",
    "prefecture": "北海道",
    "prefecture_kana": "ホッカイドウ",
    "prefecture_code": 1,
    "city": "千歳市",
    "city_kana": "チトセシ",
    "town": "栄町",
    "town_kana": "サカエチョウ",
    "street": "６丁目",
    "office_name": "イオン北海道　株式会社　イオン千歳店",
    "office_name_kana": "イオンホツカイドウ カブシキカイシヤ イオンチトセテン"
  },
  "8558": {
    "postcode": "0668558",
    "prefecture": "北海道",
    "prefecture_kana": "ホッカイドウ",
    "prefecture_code": 1,
    "city": "千歳市",
    "city_kana": "チトセシ",
    "town": "東雲町",
    "town_kana": "シノノメチョウ",
    "street": "３丁目２番地６",
    "office_name": "千歳商工会議所",
    "office_name_kana": "チトセシヨウコウカイギシヨ"
  },
  "8566": {
    "postcode": "0668566",
    "prefecture": "北海道",
    "prefecture_kana": "ホッカイドウ",
    "prefecture_code": 1,
    "city": "千歳市",
    "city_kana": "チトセシ",
    "town": "泉沢",
    "town_kana": "イズミサワ",
    "street": "１００７番地１７６",
    "office_name": "国際電気　株式会社　千歳工場",
    "office_name_kana": "コクサイデンキ カブシキガイシヤ チトセコウジヨウ"
  },
  "8567": {
    "postcode": "0668567",
    "prefecture": "北海道",
    "prefecture_kana": "ホッカイドウ",
    "prefecture_code": 1,
    "city": "千歳市",
    "city_kana": "チトセシ",
    "town": "北信濃",
    "town_kana": "キタシナノ",
    "street": "７７９番地４",
    "office_name": "カルビー　株式会社　千歳工場",
    "office_name_kana": "カルビ- カブシキガイシヤ チトセコウジヨウ"
  },
  "8570": {
    "postcode": "0668570",
    "prefecture": "北海道",
    "prefecture_kana": "ホッカイドウ",
    "prefecture_code": 1,
    "city": "千歳市",
    "city_kana": "チトセシ",
    "town": "北信濃",
    "town_kana": "キタシナノ",
    "street": "８５７番地",
    "office_name": "東洋製罐　株式会社　千歳工場",
    "office_name_kana": "トウヨウセイカン カブシキガイシヤ チトセコウジヨウ"
  },
  "8577": {
    "postcode": "0668577",
    "prefecture": "北海道",
    "prefecture_kana": "ホッカイドウ",
    "prefecture_code": 1,
    "city": "千歳市",
    "city_kana": "チトセシ",
    "town": "祝梅",
    "town_kana": "シュクバイ",
    "street": "１０１６",
    "office_name": "陸上自衛隊　東千歳駐屯地",
    "office_name_kana": "リクジヨウジエイタイ ヒガシチトセチユウトンチ"
  },
  "8585": {
    "postcode": "0668585",
    "prefecture": "北海道",
    "prefecture_kana": "ホッカイドウ",
    "prefecture_code": 1,
    "city": "千歳市",
    "city_kana": "チトセシ",
    "town": "上長都",
    "town_kana": "カミオサツ",
    "street": "１０５３番地２",
    "office_name": "株式会社　ダイナックス",
    "office_name_kana": "カブシキガイシヤ ダイナツクス"
  },
  "8588": {
    "postcode": "0668588",
    "prefecture": "北海道",
    "prefecture_kana": "ホッカイドウ",
    "prefecture_code": 1,
    "city": "千歳市",
    "city_kana": "チトセシ",
    "town": "北信濃",
    "town_kana": "キタシナノ",
    "street": "８６７番地",
    "office_name": "フランスベット　株式会社　北海道工場",
    "office_name_kana": "フランスベツト カブシキガイシヤ ホツカイドウコウジヨウ"
  },
  "8601": {
    "postcode": "0668601",
    "prefecture": "北海道",
    "prefecture_kana": "ホッカイドウ",
    "prefecture_code": 1,
    "city": "千歳市",
    "city_kana": "チトセシ",
    "town": "錦町",
    "town_kana": "ニシキチョウ",
    "street": "３丁目３番地",
    "office_name": "千歳印刷　株式会社",
    "office_name_kana": "チトセインサツ カブシキカイシヤ"
  },
  "8610": {
    "postcode": "0668610",
    "prefecture": "北海道",
    "prefecture_kana": "ホッカイドウ",
    "prefecture_code": 1,
    "city": "千歳市",
    "city_kana": "チトセシ",
    "town": "泉沢",
    "town_kana": "イズミサワ",
    "street": "１００７番３１",
    "office_name": "一般社団法人　日本血液製剤機構　千歳工場",
    "office_name_kana": "イツパンシヤダンホウジン ニツポンケツエキセイザイキコウ チトセコウジヨウ"
  },
  "8611": {
    "postcode": "0668611",
    "prefecture": "北海道",
    "prefecture_kana": "ホッカイドウ",
    "prefecture_code": 1,
    "city": "千歳市",
    "city_kana": "チトセシ",
    "town": "北陽",
    "town_kana": "ホクヨウ",
    "street": "２丁目１０番地",
    "office_name": "北海道千歳北陽高等学校",
    "office_name_kana": "ホツカイドウチトセホクヨウコウトウガツコウ"
  },
  "8622": {
    "postcode": "0668622",
    "prefecture": "北海道",
    "prefecture_kana": "ホッカイドウ",
    "prefecture_code": 1,
    "city": "千歳市",
    "city_kana": "チトセシ",
    "town": "泉沢",
    "town_kana": "イズミサワ",
    "street": "１００７番地９５",
    "office_name": "日本航空専門学校",
    "office_name_kana": "ニホンコウクウセンモンガツコウ"
  },
  "8633": {
    "postcode": "0668633",
    "prefecture": "北海道",
    "prefecture_kana": "ホッカイドウ",
    "prefecture_code": 1,
    "city": "千歳市",
    "city_kana": "チトセシ",
    "town": "北栄",
    "town_kana": "ホクエイ",
    "street": "２丁目２番地",
    "office_name": "北海道電力　株式会社　千歳支社",
    "office_name_kana": "ホツカイドウデンリヨク カブシキカイシヤ チトセシシヤ"
  },
  "8637": {
    "postcode": "0668637",
    "prefecture": "北海道",
    "prefecture_kana": "ホッカイドウ",
    "prefecture_code": 1,
    "city": "千歳市",
    "city_kana": "チトセシ",
    "town": "北栄",
    "town_kana": "ホクエイ",
    "street": "２丁目１３４５番地３１",
    "office_name": "千歳全日空ホテル",
    "office_name_kana": "チトセゼンニツクウホテル"
  },
  "8639": {
    "postcode": "0668639",
    "prefecture": "北海道",
    "prefecture_kana": "ホッカイドウ",
    "prefecture_code": 1,
    "city": "千歳市",
    "city_kana": "チトセシ",
    "town": "上長都",
    "town_kana": "カミオサツ",
    "street": "９６３番地４",
    "office_name": "北央三菱自動車販売　株式会社",
    "office_name_kana": "ホクオウミツビシジドウシヤハンバイ カブシキガイシヤ"
  },
  "8649": {
    "postcode": "0668649",
    "prefecture": "北海道",
    "prefecture_kana": "ホッカイドウ",
    "prefecture_code": 1,
    "city": "千歳市",
    "city_kana": "チトセシ",
    "town": "美々",
    "town_kana": "ビビ",
    "street": "新千歳空港内",
    "office_name": "全日本空輸　株式会社　千歳空港支店",
    "office_name_kana": "ゼンニツポンクウユ カブシキガイシヤ チトセクウコウシテン"
  },
  "8655": {
    "postcode": "0668655",
    "prefecture": "北海道",
    "prefecture_kana": "ホッカイドウ",
    "prefecture_code": 1,
    "city": "千歳市",
    "city_kana": "チトセシ",
    "town": "美々",
    "town_kana": "ビビ",
    "street": "７５８番地６５",
    "office_name": "公立大学法人　公立千歳科学技術大学",
    "office_name_kana": "コウリツダイガクホウジン コウリツチトセカガクギジユツダイガク"
  },
  "8660": {
    "postcode": "0668660",
    "prefecture": "北海道",
    "prefecture_kana": "ホッカイドウ",
    "prefecture_code": 1,
    "city": "千歳市",
    "city_kana": "チトセシ",
    "town": "末広",
    "town_kana": "スエヒロ",
    "street": "１丁目４−８（千歳郵便局私書箱第３０号）",
    "office_name": "株式会社　山三ふじや",
    "office_name_kana": "カブシキガイシヤ ヤマサンフジヤ"
  },
  "8666": {
    "postcode": "0668666",
    "prefecture": "北海道",
    "prefecture_kana": "ホッカイドウ",
    "prefecture_code": 1,
    "city": "千歳市",
    "city_kana": "チトセシ",
    "town": "東雲町",
    "town_kana": "シノノメチョウ",
    "street": "４丁目２番地",
    "office_name": "北海道石狩保険福祉事務所　千歳地域保健部",
    "office_name_kana": "ホツカイドウイシカリホケンフクシジムシヨ チトセチイキホケブ"
  },
  "8668": {
    "postcode": "0668668",
    "prefecture": "北海道",
    "prefecture_kana": "ホッカイドウ",
    "prefecture_code": 1,
    "city": "千歳市",
    "city_kana": "チトセシ",
    "town": "北信濃",
    "town_kana": "キタシナノ",
    "street": "７２４番地（千歳郵便局私書箱第９号）",
    "office_name": "陸上自衛隊　北千歳駐屯地",
    "office_name_kana": "リクジヨウジエイタイ キタチトセチユウトンチ"
  },
  "8686": {
    "postcode": "0668686",
    "prefecture": "北海道",
    "prefecture_kana": "ホッカイドウ",
    "prefecture_code": 1,
    "city": "千歳市",
    "city_kana": "チトセシ",
    "town": "東雲町",
    "town_kana": "シノノメチョウ",
    "street": "２丁目３４番地",
    "office_name": "千歳市役所",
    "office_name_kana": "チトセシヤクシヨ"
  },
  "8711": {
    "postcode": "0668711",
    "prefecture": "北海道",
    "prefecture_kana": "ホッカイドウ",
    "prefecture_code": 1,
    "city": "千歳市",
    "city_kana": "チトセシ",
    "town": "上長都",
    "town_kana": "カミオサツ",
    "street": "９４９番地１",
    "office_name": "キリンビール　株式会社　北海道千歳工場",
    "office_name_kana": "キリンビ-ル カブシキガイシヤ ホツカイドウチトセコウジヨウ"
  },
  "8765": {
    "postcode": "0668765",
    "prefecture": "北海道",
    "prefecture_kana": "ホッカイドウ",
    "prefecture_code": 1,
    "city": "千歳市",
    "city_kana": "チトセシ",
    "town": "柏台南",
    "town_kana": "カシワダイミナミ",
    "street": "１丁目２−１",
    "office_name": "千歳アウトレットモール・レラ",
    "office_name_kana": "チトセアウトレツトモ-ル・レラ"
  },
  "8787": {
    "postcode": "0668787",
    "prefecture": "北海道",
    "prefecture_kana": "ホッカイドウ",
    "prefecture_code": 1,
    "city": "千歳市",
    "city_kana": "チトセシ",
    "town": "美々",
    "town_kana": "ビビ",
    "street": "７５８番地１７３",
    "office_name": "セイコーエプソン　（株）　千歳事業所",
    "office_name_kana": "セイコ-エプソン カブシキガイシヤ チトセジギヨウシヨ"
  }
}