{
  "0161": {
    "postcode": "0790161",
    "prefecture": "北海道",
    "prefecture_kana": "ホッカイドウ",
    "prefecture_code": 1,
    "city": "美唄市",
    "city_kana": "ビバイシ",
    "town": "光珠内拓北",
    "town_kana": "コウシュナイタクホク",
    "street": null,
    "office_name": null,
    "office_name_kana": null
  },
  "0162": {
    "postcode": "0790162",
    "prefecture": "北海道",
    "prefecture_kana": "ホッカイドウ",
    "prefecture_code": 1,
    "city": "美唄市",
    "city_kana": "ビバイシ",
    "town": "光珠内北",
    "town_kana": "コウシュナイキタ",
    "street": null,
    "office_name": null,
    "office_name_kana": null
  },
  "0164": {
    "postcode": "0790164",
    "prefecture": "北海道",
    "prefecture_kana": "ホッカイドウ",
    "prefecture_code": 1,
    "city": "美唄市",
    "city_kana": "ビバイシ",
    "town": "光珠内下中の沢",
    "town_kana": "コウシウナイシモナカノサワ",
    "street": null,
    "office_name": null,
    "office_name_kana": null
  },
  "0165": {
    "postcode": "0790165",
    "prefecture": "北海道",
    "prefecture_kana": "ホッカイドウ",
    "prefecture_code": 1,
    "city": "美唄市",
    "city_kana": "ビバイシ",
    "town": "光珠内上中の沢",
    "town_kana": "コウシウナイカミナカノサワ",
    "street": null,
    "office_name": null,
    "office_name_kana": null
  },
  "0166": {
    "postcode": "0790166",
    "prefecture": "北海道",
    "prefecture_kana": "ホッカイドウ",
    "prefecture_code": 1,
    "city": "美唄市",
    "city_kana": "ビバイシ",
    "town": "光珠内東山",
    "town_kana": "コウシュナイヒガシヤマ",
    "street": null,
    "office_name": null,
    "office_name_kana": null
  },
  "0167": {
    "postcode": "0790167",
    "prefecture": "北海道",
    "prefecture_kana": "ホッカイドウ",
    "prefecture_code": 1,
    "city": "美唄市",
    "city_kana": "ビバイシ",
    "town": "光珠内町南",
    "town_kana": "コウシュナイチョウミナミ",
    "street": null,
    "office_name": null,
    "office_name_kana": null
  },
  "0171": {
    "postcode": "0790171",
    "prefecture": "北海道",
    "prefecture_kana": "ホッカイドウ",
    "prefecture_code": 1,
    "city": "美唄市",
    "city_kana": "ビバイシ",
    "town": "光珠内中央",
    "town_kana": "コウシュナイチュウオウ",
    "street": null,
    "office_name": null,
    "office_name_kana": null
  },
  "0172": {
    "postcode": "0790172",
    "prefecture": "北海道",
    "prefecture_kana": "ホッカイドウ",
    "prefecture_code": 1,
    "city": "美唄市",
    "city_kana": "ビバイシ",
    "town": "峰延町東",
    "town_kana": "ミネノブチョウヒガシ",
    "street": null,
    "office_name": null,
    "office_name_kana": null
  },
  "0173": {
    "postcode": "0790173",
    "prefecture": "北海道",
    "prefecture_kana": "ホッカイドウ",
    "prefecture_code": 1,
    "city": "美唄市",
    "city_kana": "ビバイシ",
    "town": "峰延町公園",
    "town_kana": "ミネノブチョウコウエン",
    "street": null,
    "office_name": null,
    "office_name_kana": null
  },
  "0174": {
    "postcode": "0790174",
    "prefecture": "北海道",
    "prefecture_kana": "ホッカイドウ",
    "prefecture_code": 1,
    "city": "美唄市",
    "city_kana": "ビバイシ",
    "town": "峰延町本町",
    "town_kana": "ミネノブチョウホンチョウ",
    "street": null,
    "office_name": null,
    "office_name_kana": null
  },
  "0175": {
    "postcode": "0790175",
    "prefecture": "北海道",
    "prefecture_kana": "ホッカイドウ",
    "prefecture_code": 1,
    "city": "美唄市",
    "city_kana": "ビバイシ",
    "town": "峰延町峰樺",
    "town_kana": "ミネノブチョウミネカバ",
    "street": null,
    "office_name": null,
    "office_name_kana": null
  },
  "0176": {
    "postcode": "0790176",
    "prefecture": "北海道",
    "prefecture_kana": "ホッカイドウ",
    "prefecture_code": 1,
    "city": "美唄市",
    "city_kana": "ビバイシ",
    "town": "豊葦町",
    "town_kana": "トヨアシチョウ",
    "street": null,
    "office_name": null,
    "office_name_kana": null
  },
  "0177": [
    {
      "postcode": "0790177",
      "prefecture": "北海道",
      "prefecture_kana": "ホッカイドウ",
      "prefecture_code": 1,
      "city": "美唄市",
      "city_kana": "ビバイシ",
      "town": "上美唄町",
      "town_kana": "カミビバイチョウ",
      "street": null,
      "office_name": null,
      "office_name_kana": null
    },
    {
      "postcode": "0790177",
      "prefecture": "北海道",
      "prefecture_kana": "ホッカイドウ",
      "prefecture_code": 1,
      "city": "美唄市",
      "city_kana": "ビバイシ",
      "town": "上美唄町協和",
      "town_kana": "カミビバイチョウキョウワ",
      "street": null,
      "office_name": null,
      "office_name_kana": null
    },
    {
      "postcode": "0790177",
      "prefecture": "北海道",
      "prefecture_kana": "ホッカイドウ",
      "prefecture_code": 1,
      "city": "美唄市",
      "city_kana": "ビバイシ",
      "town": "上美唄町南",
      "town_kana": "カミビバイチョウミナミ",
      "street": null,
      "office_name": null,
      "office_name_kana": null
    }
  ],
  "0181": {
    "postcode": "0790181",
    "prefecture": "北海道",
    "prefecture_kana": "ホッカイドウ",
    "prefecture_code": 1,
    "city": "岩見沢市",
    "city_kana": "イワミザワシ",
    "town": "岡山町",
    "town_kana": "オカヤマチョウ",
    "street": null,
    "office_name": null,
    "office_name_kana": null
  },
  "0182": {
    "postcode": "0790182",
    "prefecture": "北海道",
    "prefecture_kana": "ホッカイドウ",
    "prefecture_code": 1,
    "city": "岩見沢市",
    "city_kana": "イワミザワシ",
    "town": "峰延町",
    "town_kana": "ミネノブチョウ",
    "street": null,
    "office_name": null,
    "office_name_kana": null
  },
  "0183": {
    "postcode": "0790183",
    "prefecture": "北海道",
    "prefecture_kana": "ホッカイドウ",
    "prefecture_code": 1,
    "city": "岩見沢市",
    "city_kana": "イワミザワシ",
    "town": "大願町",
    "town_kana": "オオネガイチョウ",
    "street": null,
    "office_name": null,
    "office_name_kana": null
  },
  "0192": {
    "postcode": "0790192",
    "prefecture": "北海道",
    "prefecture_kana": "ホッカイドウ",
    "prefecture_code": 1,
    "city": "美唄市",
    "city_kana": "ビバイシ",
    "town": "峰延町本町",
    "town_kana": "ミネノブチョウホンチョウ",
    "street": "",
    "office_name": "ＪＡみねのぶ",
    "office_name_kana": "ジエイエイミネノブ"
  },
  "0197": {
    "postcode": "0790197",
    "prefecture": "北海道",
    "prefecture_kana": "ホッカイドウ",
    "prefecture_code": 1,
    "city": "美唄市",
    "city_kana": "ビバイシ",
    "town": "字美唄",
    "town_kana": null,
    "street": "１６１０−１",
    "office_name": "専修大学北海道短期大学",
    "office_name_kana": "センシユウダイガクホツカイドウタンキダイガク"
  },
  "0198": {
    "postcode": "0790198",
    "prefecture": "北海道",
    "prefecture_kana": "ホッカイドウ",
    "prefecture_code": 1,
    "city": "美唄市",
    "city_kana": "ビバイシ",
    "town": "光珠内町東山",
    "town_kana": null,
    "street": "",
    "office_name": "北海道立　林業試験場",
    "office_name_kana": "ホツカイドウリツ リンギヨウシケンジヨウ"
  },
  "0261": {
    "postcode": "0790261",
    "prefecture": "北海道",
    "prefecture_kana": "ホッカイドウ",
    "prefecture_code": 1,
    "city": "美唄市",
    "city_kana": "ビバイシ",
    "town": "茶志内町",
    "town_kana": "チャシナイチョウ",
    "street": null,
    "office_name": null,
    "office_name_kana": null
  },
  "0262": {
    "postcode": "0790262",
    "prefecture": "北海道",
    "prefecture_kana": "ホッカイドウ",
    "prefecture_code": 1,
    "city": "美唄市",
    "city_kana": "ビバイシ",
    "town": "日東町栄町",
    "town_kana": "ニットウチョウサカエマチ",
    "street": null,
    "office_name": null,
    "office_name_kana": null
  },
  "0263": {
    "postcode": "0790263",
    "prefecture": "北海道",
    "prefecture_kana": "ホッカイドウ",
    "prefecture_code": 1,
    "city": "美唄市",
    "city_kana": "ビバイシ",
    "town": "日東町住吉",
    "town_kana": "ニットウチョウスミヨシ",
    "street": null,
    "office_name": null,
    "office_name_kana": null
  },
  "0264": {
    "postcode": "0790264",
    "prefecture": "北海道",
    "prefecture_kana": "ホッカイドウ",
    "prefecture_code": 1,
    "city": "美唄市",
    "city_kana": "ビバイシ",
    "town": "日東町本町",
    "town_kana": "ニットウチョウホンチョウ",
    "street": null,
    "office_name": null,
    "office_name_kana": null
  },
  "0265": {
    "postcode": "0790265",
    "prefecture": "北海道",
    "prefecture_kana": "ホッカイドウ",
    "prefecture_code": 1,
    "city": "美唄市",
    "city_kana": "ビバイシ",
    "town": "日東町富の郷",
    "town_kana": "ニットウチョウトミノゴウ",
    "street": null,
    "office_name": null,
    "office_name_kana": null
  },
  "0266": {
    "postcode": "0790266",
    "prefecture": "北海道",
    "prefecture_kana": "ホッカイドウ",
    "prefecture_code": 1,
    "city": "美唄市",
    "city_kana": "ビバイシ",
    "town": "茶志内町本町",
    "town_kana": "チャシナイチョウホンチョウ",
    "street": null,
    "office_name": null,
    "office_name_kana": null
  },
  "0267": {
    "postcode": "0790267",
    "prefecture": "北海道",
    "prefecture_kana": "ホッカイドウ",
    "prefecture_code": 1,
    "city": "美唄市",
    "city_kana": "ビバイシ",
    "town": "茶志内町協和",
    "town_kana": "チャシナイチョウキョウワ",
    "street": null,
    "office_name": null,
    "office_name_kana": null
  },
  "0271": {
    "postcode": "0790271",
    "prefecture": "北海道",
    "prefecture_kana": "ホッカイドウ",
    "prefecture_code": 1,
    "city": "美唄市",
    "city_kana": "ビバイシ",
    "town": "中村町南",
    "town_kana": "ナカムラチョウミナミ",
    "street": null,
    "office_name": null,
    "office_name_kana": null
  },
  "0272": {
    "postcode": "0790272",
    "prefecture": "北海道",
    "prefecture_kana": "ホッカイドウ",
    "prefecture_code": 1,
    "city": "美唄市",
    "city_kana": "ビバイシ",
    "town": "中村町中央",
    "town_kana": "ナカムラチョウチュウオウ",
    "street": null,
    "office_name": null,
    "office_name_kana": null
  },
  "0273": {
    "postcode": "0790273",
    "prefecture": "北海道",
    "prefecture_kana": "ホッカイドウ",
    "prefecture_code": 1,
    "city": "美唄市",
    "city_kana": "ビバイシ",
    "town": "中村町北",
    "town_kana": "ナカムラチョウキタ",
    "street": null,
    "office_name": null,
    "office_name_kana": null
  },
  "0274": {
    "postcode": "0790274",
    "prefecture": "北海道",
    "prefecture_kana": "ホッカイドウ",
    "prefecture_code": 1,
    "city": "美唄市",
    "city_kana": "ビバイシ",
    "town": "北美唄町",
    "town_kana": "キタビバイチョウ",
    "street": null,
    "office_name": null,
    "office_name_kana": null
  },
  "0300": {
    "postcode": "0790300",
    "prefecture": "北海道",
    "prefecture_kana": "ホッカイドウ",
    "prefecture_code": 1,
    "city": "空知郡奈井江町",
    "city_kana": "ソラチグンナイエチョウ",
    "town": "",
    "town_kana": "",
    "street": null,
    "office_name": null,
    "office_name_kana": null
  },
  "0301": {
    "postcode": "0790301",
    "prefecture": "北海道",
    "prefecture_kana": "ホッカイドウ",
    "prefecture_code": 1,
    "city": "空知郡奈井江町",
    "city_kana": "ソラチグンナイエチョウ",
    "town": "厳島",
    "town_kana": "イツクシマ",
    "street": null,
    "office_name": null,
    "office_name_kana": null
  },
  "0302": {
    "postcode": "0790302",
    "prefecture": "北海道",
    "prefecture_kana": "ホッカイドウ",
    "prefecture_code": 1,
    "city": "空知郡奈井江町",
    "city_kana": "ソラチグンナイエチョウ",
    "town": "白山",
    "town_kana": "ハクサン",
    "street": null,
    "office_name": null,
    "office_name_kana": null
  },
  "0303": {
    "postcode": "0790303",
    "prefecture": "北海道",
    "prefecture_kana": "ホッカイドウ",
    "prefecture_code": 1,
    "city": "空知郡奈井江町",
    "city_kana": "ソラチグンナイエチョウ",
    "town": "向ケ丘",
    "town_kana": "ムコウガオカ",
    "street": null,
    "office_name": null,
    "office_name_kana": null
  },
  "0304": {
    "postcode": "0790304",
    "prefecture": "北海道",
    "prefecture_kana": "ホッカイドウ",
    "prefecture_code": 1,
    "city": "空知郡奈井江町",
    "city_kana": "ソラチグンナイエチョウ",
    "town": "宮村",
    "town_kana": "ミヤムラ",
    "street": null,
    "office_name": null,
    "office_name_kana": null
  },
  "0305": {
    "postcode": "0790305",
    "prefecture": "北海道",
    "prefecture_kana": "ホッカイドウ",
    "prefecture_code": 1,
    "city": "空知郡奈井江町",
    "city_kana": "ソラチグンナイエチョウ",
    "town": "茶志内",
    "town_kana": "チャシナイ",
    "street": null,
    "office_name": null,
    "office_name_kana": null
  },
  "0306": {
    "postcode": "0790306",
    "prefecture": "北海道",
    "prefecture_kana": "ホッカイドウ",
    "prefecture_code": 1,
    "city": "空知郡奈井江町",
    "city_kana": "ソラチグンナイエチョウ",
    "town": "東町",
    "town_kana": "ヒガシマチ",
    "street": null,
    "office_name": null,
    "office_name_kana": null
  },
  "0311": {
    "postcode": "0790311",
    "prefecture": "北海道",
    "prefecture_kana": "ホッカイドウ",
    "prefecture_code": 1,
    "city": "空知郡奈井江町",
    "city_kana": "ソラチグンナイエチョウ",
    "town": "大和",
    "town_kana": "ヤマト",
    "street": null,
    "office_name": null,
    "office_name_kana": null
  },
  "0312": {
    "postcode": "0790312",
    "prefecture": "北海道",
    "prefecture_kana": "ホッカイドウ",
    "prefecture_code": 1,
    "city": "空知郡奈井江町",
    "city_kana": "ソラチグンナイエチョウ",
    "town": "北町",
    "town_kana": "キタマチ",
    "street": null,
    "office_name": null,
    "office_name_kana": null
  },
  "0313": {
    "postcode": "0790313",
    "prefecture": "北海道",
    "prefecture_kana": "ホッカイドウ",
    "prefecture_code": 1,
    "city": "空知郡奈井江町",
    "city_kana": "ソラチグンナイエチョウ",
    "town": "本町",
    "town_kana": "ホンマチ",
    "street": null,
    "office_name": null,
    "office_name_kana": null
  },
  "0314": {
    "postcode": "0790314",
    "prefecture": "北海道",
    "prefecture_kana": "ホッカイドウ",
    "prefecture_code": 1,
    "city": "空知郡奈井江町",
    "city_kana": "ソラチグンナイエチョウ",
    "town": "南町",
    "town_kana": "ミナミマチ",
    "street": null,
    "office_name": null,
    "office_name_kana": null
  },
  "0315": {
    "postcode": "0790315",
    "prefecture": "北海道",
    "prefecture_kana": "ホッカイドウ",
    "prefecture_code": 1,
    "city": "空知郡奈井江町",
    "city_kana": "ソラチグンナイエチョウ",
    "town": "高島",
    "town_kana": "タカシマ",
    "street": null,
    "office_name": null,
    "office_name_kana": null
  },
  "0316": {
    "postcode": "0790316",
    "prefecture": "北海道",
    "prefecture_kana": "ホッカイドウ",
    "prefecture_code": 1,
    "city": "空知郡奈井江町",
    "city_kana": "ソラチグンナイエチョウ",
    "town": "キナウスナイ",
    "town_kana": "キナウスナイ",
    "street": null,
    "office_name": null,
    "office_name_kana": null
  },
  "0317": {
    "postcode": "0790317",
    "prefecture": "北海道",
    "prefecture_kana": "ホッカイドウ",
    "prefecture_code": 1,
    "city": "空知郡奈井江町",
    "city_kana": "ソラチグンナイエチョウ",
    "town": "瑞穂",
    "town_kana": "ミズホ",
    "street": null,
    "office_name": null,
    "office_name_kana": null
  },
  "0392": {
    "postcode": "0790392",
    "prefecture": "北海道",
    "prefecture_kana": "ホッカイドウ",
    "prefecture_code": 1,
    "city": "空知郡奈井江町",
    "city_kana": "ソラチグンナイエチョウ",
    "town": "字奈井江",
    "town_kana": null,
    "street": "１１番地",
    "office_name": "奈井江町役場",
    "office_name_kana": "ナイエチヨウヤクバ"
  },
  "0393": {
    "postcode": "0790393",
    "prefecture": "北海道",
    "prefecture_kana": "ホッカイドウ",
    "prefecture_code": 1,
    "city": "空知郡奈井江町",
    "city_kana": "ソラチグンナイエチョウ",
    "town": "字奈井江町",
    "town_kana": null,
    "street": "１５０番地",
    "office_name": "新砂川農業協同組合　奈井江支所",
    "office_name_kana": "シンスナガワノウギヨウキヨウドウクミアイ ナイエシシヨ"
  },
  "0394": {
    "postcode": "0790394",
    "prefecture": "北海道",
    "prefecture_kana": "ホッカイドウ",
    "prefecture_code": 1,
    "city": "空知郡奈井江町",
    "city_kana": "ソラチグンナイエチョウ",
    "town": "字チャシュナイ",
    "town_kana": null,
    "street": "９８７番地",
    "office_name": "株式会社　砂子組",
    "office_name_kana": "カブシキガイシヤ スナゴグミ"
  },
  "0397": {
    "postcode": "0790397",
    "prefecture": "北海道",
    "prefecture_kana": "ホッカイドウ",
    "prefecture_code": 1,
    "city": "空知郡奈井江町",
    "city_kana": "ソラチグンナイエチョウ",
    "town": "字奈井江",
    "town_kana": null,
    "street": "９５５−１",
    "office_name": "釜屋電機　株式会社　北海道奈井江工場",
    "office_name_kana": "カマヤデンキ カブシキガイシヤ ホツカイドウナイエコウジヨウ"
  },
  "0461": {
    "postcode": "0790461",
    "prefecture": "北海道",
    "prefecture_kana": "ホッカイドウ",
    "prefecture_code": 1,
    "city": "滝川市",
    "city_kana": "タキカワシ",
    "town": "江部乙町",
    "town_kana": "エベオツチョウ",
    "street": null,
    "office_name": null,
    "office_name_kana": null
  },
  "0462": {
    "postcode": "0790462",
    "prefecture": "北海道",
    "prefecture_kana": "ホッカイドウ",
    "prefecture_code": 1,
    "city": "滝川市",
    "city_kana": "タキカワシ",
    "town": "江部乙町西",
    "town_kana": "エベオツチョウニシ",
    "street": null,
    "office_name": null,
    "office_name_kana": null
  },
  "0463": {
    "postcode": "0790463",
    "prefecture": "北海道",
    "prefecture_kana": "ホッカイドウ",
    "prefecture_code": 1,
    "city": "滝川市",
    "city_kana": "タキカワシ",
    "town": "江部乙町東",
    "town_kana": "エベオツチョウヒガシ",
    "street": null,
    "office_name": null,
    "office_name_kana": null
  },
  "0500": {
    "postcode": "0790500",
    "prefecture": "北海道",
    "prefecture_kana": "ホッカイドウ",
    "prefecture_code": 1,
    "city": "雨竜郡妹背牛町",
    "city_kana": "ウリュウグンモセウシチョウ",
    "town": "",
    "town_kana": "",
    "street": null,
    "office_name": null,
    "office_name_kana": null
  },
  "0501": {
    "postcode": "0790501",
    "prefecture": "北海道",
    "prefecture_kana": "ホッカイドウ",
    "prefecture_code": 1,
    "city": "雨竜郡妹背牛町",
    "city_kana": "ウリュウグンモセウシチョウ",
    "town": "１区",
    "town_kana": "1ク",
    "street": null,
    "office_name": null,
    "office_name_kana": null
  },
  "0502": {
    "postcode": "0790502",
    "prefecture": "北海道",
    "prefecture_kana": "ホッカイドウ",
    "prefecture_code": 1,
    "city": "雨竜郡妹背牛町",
    "city_kana": "ウリュウグンモセウシチョウ",
    "town": "２区",
    "town_kana": "2ク",
    "street": null,
    "office_name": null,
    "office_name_kana": null
  },
  "0503": {
    "postcode": "0790503",
    "prefecture": "北海道",
    "prefecture_kana": "ホッカイドウ",
    "prefecture_code": 1,
    "city": "雨竜郡妹背牛町",
    "city_kana": "ウリュウグンモセウシチョウ",
    "town": "３区",
    "town_kana": "3ク",
    "street": null,
    "office_name": null,
    "office_name_kana": null
  },
  "0504": {
    "postcode": "0790504",
    "prefecture": "北海道",
    "prefecture_kana": "ホッカイドウ",
    "prefecture_code": 1,
    "city": "雨竜郡妹背牛町",
    "city_kana": "ウリュウグンモセウシチョウ",
    "town": "４区",
    "town_kana": "4ク",
    "street": null,
    "office_name": null,
    "office_name_kana": null
  },
  "0505": {
    "postcode": "0790505",
    "prefecture": "北海道",
    "prefecture_kana": "ホッカイドウ",
    "prefecture_code": 1,
    "city": "雨竜郡妹背牛町",
    "city_kana": "ウリュウグンモセウシチョウ",
    "town": "５区",
    "town_kana": "5ク",
    "street": null,
    "office_name": null,
    "office_name_kana": null
  },
  "0506": {
    "postcode": "0790506",
    "prefecture": "北海道",
    "prefecture_kana": "ホッカイドウ",
    "prefecture_code": 1,
    "city": "雨竜郡妹背牛町",
    "city_kana": "ウリュウグンモセウシチョウ",
    "town": "６区",
    "town_kana": "6ク",
    "street": null,
    "office_name": null,
    "office_name_kana": null
  },
  "0507": {
    "postcode": "0790507",
    "prefecture": "北海道",
    "prefecture_kana": "ホッカイドウ",
    "prefecture_code": 1,
    "city": "雨竜郡妹背牛町",
    "city_kana": "ウリュウグンモセウシチョウ",
    "town": "７区",
    "town_kana": "7ク",
    "street": null,
    "office_name": null,
    "office_name_kana": null
  },
  "0508": {
    "postcode": "0790508",
    "prefecture": "北海道",
    "prefecture_kana": "ホッカイドウ",
    "prefecture_code": 1,
    "city": "雨竜郡妹背牛町",
    "city_kana": "ウリュウグンモセウシチョウ",
    "town": "８区",
    "town_kana": "8ク",
    "street": null,
    "office_name": null,
    "office_name_kana": null
  },
  "0509": {
    "postcode": "0790509",
    "prefecture": "北海道",
    "prefecture_kana": "ホッカイドウ",
    "prefecture_code": 1,
    "city": "雨竜郡妹背牛町",
    "city_kana": "ウリュウグンモセウシチョウ",
    "town": "９区",
    "town_kana": "9ク",
    "street": null,
    "office_name": null,
    "office_name_kana": null
  },
  "0510": {
    "postcode": "0790510",
    "prefecture": "北海道",
    "prefecture_kana": "ホッカイドウ",
    "prefecture_code": 1,
    "city": "雨竜郡妹背牛町",
    "city_kana": "ウリュウグンモセウシチョウ",
    "town": "１０区",
    "town_kana": "10ク",
    "street": null,
    "office_name": null,
    "office_name_kana": null
  },
  "0511": {
    "postcode": "0790511",
    "prefecture": "北海道",
    "prefecture_kana": "ホッカイドウ",
    "prefecture_code": 1,
    "city": "雨竜郡妹背牛町",
    "city_kana": "ウリュウグンモセウシチョウ",
    "town": "１１区",
    "town_kana": "11ク",
    "street": null,
    "office_name": null,
    "office_name_kana": null
  },
  "0592": {
    "postcode": "0790592",
    "prefecture": "北海道",
    "prefecture_kana": "ホッカイドウ",
    "prefecture_code": 1,
    "city": "雨竜郡妹背牛町",
    "city_kana": "ウリュウグンモセウシチョウ",
    "town": "１区",
    "town_kana": "1ク",
    "street": "１６（妹背牛郵便局私書箱第２号）",
    "office_name": "妹背牛町役場",
    "office_name_kana": "モセウシチヨウヤクバ"
  },
  "0593": {
    "postcode": "0790593",
    "prefecture": "北海道",
    "prefecture_kana": "ホッカイドウ",
    "prefecture_code": 1,
    "city": "雨竜郡妹背牛町",
    "city_kana": "ウリュウグンモセウシチョウ",
    "town": "字妹背牛",
    "town_kana": null,
    "street": "３８２番地",
    "office_name": "北いぶき農業協同組合　妹背牛支所",
    "office_name_kana": "キタイブキノウギヨウキヨウドウクミアイ モセウシシシヨ"
  },
  "0595": {
    "postcode": "0790595",
    "prefecture": "北海道",
    "prefecture_kana": "ホッカイドウ",
    "prefecture_code": 1,
    "city": "雨竜郡妹背牛町",
    "city_kana": "ウリュウグンモセウシチョウ",
    "town": "字妹背牛",
    "town_kana": null,
    "street": "４９９番地の５",
    "office_name": "妻神工業　株式会社",
    "office_name_kana": "サイガミコウギヨウ カブシキガイシヤ"
  },
  "1100": {
    "postcode": "0791100",
    "prefecture": "北海道",
    "prefecture_kana": "ホッカイドウ",
    "prefecture_code": 1,
    "city": "赤平市",
    "city_kana": "アカビラシ",
    "town": "",
    "town_kana": "",
    "street": null,
    "office_name": null,
    "office_name_kana": null
  },
  "1101": {
    "postcode": "0791101",
    "prefecture": "北海道",
    "prefecture_kana": "ホッカイドウ",
    "prefecture_code": 1,
    "city": "赤平市",
    "city_kana": "アカビラシ",
    "town": "共和町",
    "town_kana": "キョウワチョウ",
    "street": null,
    "office_name": null,
    "office_name_kana": null
  },
  "1102": {
    "postcode": "0791102",
    "prefecture": "北海道",
    "prefecture_kana": "ホッカイドウ",
    "prefecture_code": 1,
    "city": "赤平市",
    "city_kana": "アカビラシ",
    "town": "幌岡町",
    "town_kana": "ホロオカチョウ",
    "street": null,
    "office_name": null,
    "office_name_kana": null
  },
  "1111": {
    "postcode": "0791111",
    "prefecture": "北海道",
    "prefecture_kana": "ホッカイドウ",
    "prefecture_code": 1,
    "city": "赤平市",
    "city_kana": "アカビラシ",
    "town": "若木町北",
    "town_kana": "ワカキチョウキタ",
    "street": null,
    "office_name": null,
    "office_name_kana": null
  },
  "1112": {
    "postcode": "0791112",
    "prefecture": "北海道",
    "prefecture_kana": "ホッカイドウ",
    "prefecture_code": 1,
    "city": "赤平市",
    "city_kana": "アカビラシ",
    "town": "若木町西",
    "town_kana": "ワカキチョウニシ",
    "street": null,
    "office_name": null,
    "office_name_kana": null
  },
  "1113": {
    "postcode": "0791113",
    "prefecture": "北海道",
    "prefecture_kana": "ホッカイドウ",
    "prefecture_code": 1,
    "city": "赤平市",
    "city_kana": "アカビラシ",
    "town": "若木町東",
    "town_kana": "ワカキチョウヒガシ",
    "street": null,
    "office_name": null,
    "office_name_kana": null
  },
  "1114": {
    "postcode": "0791114",
    "prefecture": "北海道",
    "prefecture_kana": "ホッカイドウ",
    "prefecture_code": 1,
    "city": "赤平市",
    "city_kana": "アカビラシ",
    "town": "若木町南",
    "town_kana": "ワカキチョウミナミ",
    "street": null,
    "office_name": null,
    "office_name_kana": null
  },
  "1121": {
    "postcode": "0791121",
    "prefecture": "北海道",
    "prefecture_kana": "ホッカイドウ",
    "prefecture_code": 1,
    "city": "赤平市",
    "city_kana": "アカビラシ",
    "town": "北文京町",
    "town_kana": "キタブンキョウチョウ",
    "street": null,
    "office_name": null,
    "office_name_kana": null
  },
  "1122": {
    "postcode": "0791122",
    "prefecture": "北海道",
    "prefecture_kana": "ホッカイドウ",
    "prefecture_code": 1,
    "city": "赤平市",
    "city_kana": "アカビラシ",
    "town": "西文京町",
    "town_kana": "ニシブンキョウチョウ",
    "street": null,
    "office_name": null,
    "office_name_kana": null
  },
  "1123": {
    "postcode": "0791123",
    "prefecture": "北海道",
    "prefecture_kana": "ホッカイドウ",
    "prefecture_code": 1,
    "city": "赤平市",
    "city_kana": "アカビラシ",
    "town": "東文京町",
    "town_kana": "ヒガシブンキョウチョウ",
    "street": null,
    "office_name": null,
    "office_name_kana": null
  },
  "1124": {
    "postcode": "0791124",
    "prefecture": "北海道",
    "prefecture_kana": "ホッカイドウ",
    "prefecture_code": 1,
    "city": "赤平市",
    "city_kana": "アカビラシ",
    "town": "豊丘町",
    "town_kana": "トヨオカチョウ",
    "street": null,
    "office_name": null,
    "office_name_kana": null
  },
  "1131": {
    "postcode": "0791131",
    "prefecture": "北海道",
    "prefecture_kana": "ホッカイドウ",
    "prefecture_code": 1,
    "city": "赤平市",
    "city_kana": "アカビラシ",
    "town": "西豊里町",
    "town_kana": "ニシトヨサトチョウ",
    "street": null,
    "office_name": null,
    "office_name_kana": null
  },
  "1132": {
    "postcode": "0791132",
    "prefecture": "北海道",
    "prefecture_kana": "ホッカイドウ",
    "prefecture_code": 1,
    "city": "赤平市",
    "city_kana": "アカビラシ",
    "town": "東豊里町",
    "town_kana": "ヒガシトヨサトチョウ",
    "street": null,
    "office_name": null,
    "office_name_kana": null
  },
  "1133": {
    "postcode": "0791133",
    "prefecture": "北海道",
    "prefecture_kana": "ホッカイドウ",
    "prefecture_code": 1,
    "city": "赤平市",
    "city_kana": "アカビラシ",
    "town": "豊里",
    "town_kana": "トヨサト",
    "street": null,
    "office_name": null,
    "office_name_kana": null
  },
  "1134": {
    "postcode": "0791134",
    "prefecture": "北海道",
    "prefecture_kana": "ホッカイドウ",
    "prefecture_code": 1,
    "city": "赤平市",
    "city_kana": "アカビラシ",
    "town": "泉町",
    "town_kana": "イズミマチ",
    "street": null,
    "office_name": null,
    "office_name_kana": null
  },
  "1135": {
    "postcode": "0791135",
    "prefecture": "北海道",
    "prefecture_kana": "ホッカイドウ",
    "prefecture_code": 1,
    "city": "赤平市",
    "city_kana": "アカビラシ",
    "town": "錦町",
    "town_kana": "ニシキマチ",
    "street": null,
    "office_name": null,
    "office_name_kana": null
  },
  "1136": {
    "postcode": "0791136",
    "prefecture": "北海道",
    "prefecture_kana": "ホッカイドウ",
    "prefecture_code": 1,
    "city": "赤平市",
    "city_kana": "アカビラシ",
    "town": "本町",
    "town_kana": "ホンチョウ",
    "street": null,
    "office_name": null,
    "office_name_kana": null
  },
  "1141": {
    "postcode": "0791141",
    "prefecture": "北海道",
    "prefecture_kana": "ホッカイドウ",
    "prefecture_code": 1,
    "city": "赤平市",
    "city_kana": "アカビラシ",
    "town": "大町",
    "town_kana": "オオマチ",
    "street": null,
    "office_name": null,
    "office_name_kana": null
  },
  "1142": {
    "postcode": "0791142",
    "prefecture": "北海道",
    "prefecture_kana": "ホッカイドウ",
    "prefecture_code": 1,
    "city": "赤平市",
    "city_kana": "アカビラシ",
    "town": "東大町",
    "town_kana": "ヒガシオオマチ",
    "street": null,
    "office_name": null,
    "office_name_kana": null
  },
  "1143": {
    "postcode": "0791143",
    "prefecture": "北海道",
    "prefecture_kana": "ホッカイドウ",
    "prefecture_code": 1,
    "city": "赤平市",
    "city_kana": "アカビラシ",
    "town": "赤平",
    "town_kana": "アカビラ",
    "street": null,
    "office_name": null,
    "office_name_kana": null
  },
  "1144": {
    "postcode": "0791144",
    "prefecture": "北海道",
    "prefecture_kana": "ホッカイドウ",
    "prefecture_code": 1,
    "city": "赤平市",
    "city_kana": "アカビラシ",
    "town": "美園町",
    "town_kana": "ミソノチョウ",
    "street": null,
    "office_name": null,
    "office_name_kana": null
  },
  "1151": {
    "postcode": "0791151",
    "prefecture": "北海道",
    "prefecture_kana": "ホッカイドウ",
    "prefecture_code": 1,
    "city": "赤平市",
    "city_kana": "アカビラシ",
    "town": "宮下町",
    "town_kana": "ミヤシタチョウ",
    "street": null,
    "office_name": null,
    "office_name_kana": null
  },
  "1152": {
    "postcode": "0791152",
    "prefecture": "北海道",
    "prefecture_kana": "ホッカイドウ",
    "prefecture_code": 1,
    "city": "赤平市",
    "city_kana": "アカビラシ",
    "town": "桜木町",
    "town_kana": "サクラギチョウ",
    "street": null,
    "office_name": null,
    "office_name_kana": null
  },
  "1153": {
    "postcode": "0791153",
    "prefecture": "北海道",
    "prefecture_kana": "ホッカイドウ",
    "prefecture_code": 1,
    "city": "赤平市",
    "city_kana": "アカビラシ",
    "town": "豊栄町",
    "town_kana": "ホウエイチョウ",
    "street": null,
    "office_name": null,
    "office_name_kana": null
  },
  "1154": {
    "postcode": "0791154",
    "prefecture": "北海道",
    "prefecture_kana": "ホッカイドウ",
    "prefecture_code": 1,
    "city": "赤平市",
    "city_kana": "アカビラシ",
    "town": "幸町",
    "town_kana": "サイワイチョウ",
    "street": null,
    "office_name": null,
    "office_name_kana": null
  },
  "1155": {
    "postcode": "0791155",
    "prefecture": "北海道",
    "prefecture_kana": "ホッカイドウ",
    "prefecture_code": 1,
    "city": "赤平市",
    "city_kana": "アカビラシ",
    "town": "昭和町",
    "town_kana": "ショウワチョウ",
    "street": null,
    "office_name": null,
    "office_name_kana": null
  },
  "1156": {
    "postcode": "0791156",
    "prefecture": "北海道",
    "prefecture_kana": "ホッカイドウ",
    "prefecture_code": 1,
    "city": "赤平市",
    "city_kana": "アカビラシ",
    "town": "住吉町",
    "town_kana": "スミヨシチョウ",
    "street": null,
    "office_name": null,
    "office_name_kana": null
  },
  "1181": {
    "postcode": "0791181",
    "prefecture": "北海道",
    "prefecture_kana": "ホッカイドウ",
    "prefecture_code": 1,
    "city": "砂川市",
    "city_kana": "スナガワシ",
    "town": "富平",
    "town_kana": "トミヒラ",
    "street": null,
    "office_name": null,
    "office_name_kana": null
  },
  "1192": {
    "postcode": "0791192",
    "prefecture": "北海道",
    "prefecture_kana": "ホッカイドウ",
    "prefecture_code": 1,
    "city": "赤平市",
    "city_kana": "アカビラシ",
    "town": "泉町",
    "town_kana": "イズミマチ",
    "street": "４丁目１番地",
    "office_name": "赤平市役所",
    "office_name_kana": "アカビラシヤクシヨ"
  },
  "1261": [
    {
      "postcode": "0791261",
      "prefecture": "北海道",
      "prefecture_kana": "ホッカイドウ",
      "prefecture_code": 1,
      "city": "赤平市",
      "city_kana": "アカビラシ",
      "town": "茂尻中央町南",
      "town_kana": "モジリチュウオウチョウミナミ",
      "street": null,
      "office_name": null,
      "office_name_kana": null
    },
    {
      "postcode": "0791261",
      "prefecture": "北海道",
      "prefecture_kana": "ホッカイドウ",
      "prefecture_code": 1,
      "city": "赤平市",
      "city_kana": "アカビラシ",
      "town": "茂尻中央町北",
      "town_kana": "モジリチュウオウチョウキタ",
      "street": null,
      "office_name": null,
      "office_name_kana": null
    }
  ],
  "1262": [
    {
      "postcode": "0791262",
      "prefecture": "北海道",
      "prefecture_kana": "ホッカイドウ",
      "prefecture_code": 1,
      "city": "赤平市",
      "city_kana": "アカビラシ",
      "town": "茂尻春日町",
      "town_kana": "モジリカスガチョウ",
      "street": null,
      "office_name": null,
      "office_name_kana": null
    },
    {
      "postcode": "0791262",
      "prefecture": "北海道",
      "prefecture_kana": "ホッカイドウ",
      "prefecture_code": 1,
      "city": "赤平市",
      "city_kana": "アカビラシ",
      "town": "茂尻新春日町",
      "town_kana": "モジリシンカスガチョウ",
      "street": null,
      "office_name": null,
      "office_name_kana": null
    }
  ],
  "1263": {
    "postcode": "0791263",
    "prefecture": "北海道",
    "prefecture_kana": "ホッカイドウ",
    "prefecture_code": 1,
    "city": "赤平市",
    "city_kana": "アカビラシ",
    "town": "茂尻本町",
    "town_kana": "モジリホンチョウ",
    "street": null,
    "office_name": null,
    "office_name_kana": null
  },
  "1264": [
    {
      "postcode": "0791264",
      "prefecture": "北海道",
      "prefecture_kana": "ホッカイドウ",
      "prefecture_code": 1,
      "city": "赤平市",
      "city_kana": "アカビラシ",
      "town": "茂尻旭町",
      "town_kana": "モジリアサヒマチ",
      "street": null,
      "office_name": null,
      "office_name_kana": null
    },
    {
      "postcode": "0791264",
      "prefecture": "北海道",
      "prefecture_kana": "ホッカイドウ",
      "prefecture_code": 1,
      "city": "赤平市",
      "city_kana": "アカビラシ",
      "town": "茂尻宮下町",
      "town_kana": "モジリミヤシタチョウ",
      "street": null,
      "office_name": null,
      "office_name_kana": null
    }
  ],
  "1265": {
    "postcode": "0791265",
    "prefecture": "北海道",
    "prefecture_kana": "ホッカイドウ",
    "prefecture_code": 1,
    "city": "赤平市",
    "city_kana": "アカビラシ",
    "town": "茂尻新町",
    "town_kana": "モジリシンマチ",
    "street": null,
    "office_name": null,
    "office_name_kana": null
  },
  "1266": [
    {
      "postcode": "0791266",
      "prefecture": "北海道",
      "prefecture_kana": "ホッカイドウ",
      "prefecture_code": 1,
      "city": "赤平市",
      "city_kana": "アカビラシ",
      "town": "茂尻",
      "town_kana": "モジリ",
      "street": null,
      "office_name": null,
      "office_name_kana": null
    },
    {
      "postcode": "0791266",
      "prefecture": "北海道",
      "prefecture_kana": "ホッカイドウ",
      "prefecture_code": 1,
      "city": "赤平市",
      "city_kana": "アカビラシ",
      "town": "茂尻栄町",
      "town_kana": "モジリサカエマチ",
      "street": null,
      "office_name": null,
      "office_name_kana": null
    }
  ],
  "1267": {
    "postcode": "0791267",
    "prefecture": "北海道",
    "prefecture_kana": "ホッカイドウ",
    "prefecture_code": 1,
    "city": "赤平市",
    "city_kana": "アカビラシ",
    "town": "茂尻元町南",
    "town_kana": "モジリモトマチミナミ",
    "street": null,
    "office_name": null,
    "office_name_kana": null
  },
  "1268": {
    "postcode": "0791268",
    "prefecture": "北海道",
    "prefecture_kana": "ホッカイドウ",
    "prefecture_code": 1,
    "city": "赤平市",
    "city_kana": "アカビラシ",
    "town": "茂尻元町北",
    "town_kana": "モジリモトマチキタ",
    "street": null,
    "office_name": null,
    "office_name_kana": null
  },
  "1271": {
    "postcode": "0791271",
    "prefecture": "北海道",
    "prefecture_kana": "ホッカイドウ",
    "prefecture_code": 1,
    "city": "赤平市",
    "city_kana": "アカビラシ",
    "town": "百戸町北",
    "town_kana": "ヒャッコチョウキタ",
    "street": null,
    "office_name": null,
    "office_name_kana": null
  },
  "1272": {
    "postcode": "0791272",
    "prefecture": "北海道",
    "prefecture_kana": "ホッカイドウ",
    "prefecture_code": 1,
    "city": "赤平市",
    "city_kana": "アカビラシ",
    "town": "百戸町東",
    "town_kana": "ヒャッコチョウヒガシ",
    "street": null,
    "office_name": null,
    "office_name_kana": null
  },
  "1273": {
    "postcode": "0791273",
    "prefecture": "北海道",
    "prefecture_kana": "ホッカイドウ",
    "prefecture_code": 1,
    "city": "赤平市",
    "city_kana": "アカビラシ",
    "town": "百戸町西",
    "town_kana": "ヒャッコチョウニシ",
    "street": null,
    "office_name": null,
    "office_name_kana": null
  },
  "1274": {
    "postcode": "0791274",
    "prefecture": "北海道",
    "prefecture_kana": "ホッカイドウ",
    "prefecture_code": 1,
    "city": "赤平市",
    "city_kana": "アカビラシ",
    "town": "エルム町",
    "town_kana": "エルムチョウ",
    "street": null,
    "office_name": null,
    "office_name_kana": null
  },
  "1281": {
    "postcode": "0791281",
    "prefecture": "北海道",
    "prefecture_kana": "ホッカイドウ",
    "prefecture_code": 1,
    "city": "赤平市",
    "city_kana": "アカビラシ",
    "town": "平岸新光町",
    "town_kana": "ヒラギシシンコウチョウ",
    "street": null,
    "office_name": null,
    "office_name_kana": null
  },
  "1282": {
    "postcode": "0791282",
    "prefecture": "北海道",
    "prefecture_kana": "ホッカイドウ",
    "prefecture_code": 1,
    "city": "赤平市",
    "city_kana": "アカビラシ",
    "town": "平岸仲町",
    "town_kana": "ヒラギシナカマチ",
    "street": null,
    "office_name": null,
    "office_name_kana": null
  },
  "1283": {
    "postcode": "0791283",
    "prefecture": "北海道",
    "prefecture_kana": "ホッカイドウ",
    "prefecture_code": 1,
    "city": "赤平市",
    "city_kana": "アカビラシ",
    "town": "平岸東町",
    "town_kana": "ヒラギシヒガシマチ",
    "street": null,
    "office_name": null,
    "office_name_kana": null
  },
  "1284": {
    "postcode": "0791284",
    "prefecture": "北海道",
    "prefecture_kana": "ホッカイドウ",
    "prefecture_code": 1,
    "city": "赤平市",
    "city_kana": "アカビラシ",
    "town": "平岸南町",
    "town_kana": "ヒラギシミナミマチ",
    "street": null,
    "office_name": null,
    "office_name_kana": null
  },
  "1285": {
    "postcode": "0791285",
    "prefecture": "北海道",
    "prefecture_kana": "ホッカイドウ",
    "prefecture_code": 1,
    "city": "赤平市",
    "city_kana": "アカビラシ",
    "town": "平岸曙町",
    "town_kana": "ヒラギシアケボノチョウ",
    "street": null,
    "office_name": null,
    "office_name_kana": null
  },
  "1286": {
    "postcode": "0791286",
    "prefecture": "北海道",
    "prefecture_kana": "ホッカイドウ",
    "prefecture_code": 1,
    "city": "赤平市",
    "city_kana": "アカビラシ",
    "town": "平岸西町",
    "town_kana": "ヒラギシニシマチ",
    "street": null,
    "office_name": null,
    "office_name_kana": null
  },
  "1287": {
    "postcode": "0791287",
    "prefecture": "北海道",
    "prefecture_kana": "ホッカイドウ",
    "prefecture_code": 1,
    "city": "赤平市",
    "city_kana": "アカビラシ",
    "town": "平岸桂町",
    "town_kana": "ヒラギシカツラチョウ",
    "street": null,
    "office_name": null,
    "office_name_kana": null
  },
  "1371": {
    "postcode": "0791371",
    "prefecture": "北海道",
    "prefecture_kana": "ホッカイドウ",
    "prefecture_code": 1,
    "city": "芦別市",
    "city_kana": "アシベツシ",
    "town": "上芦別町",
    "town_kana": "カミアシベツチョウ",
    "street": null,
    "office_name": null,
    "office_name_kana": null
  },
  "1372": {
    "postcode": "0791372",
    "prefecture": "北海道",
    "prefecture_kana": "ホッカイドウ",
    "prefecture_code": 1,
    "city": "芦別市",
    "city_kana": "アシベツシ",
    "town": "野花南町",
    "town_kana": "ノカナンチョウ",
    "street": null,
    "office_name": null,
    "office_name_kana": null
  },
  "1393": {
    "postcode": "0791393",
    "prefecture": "北海道",
    "prefecture_kana": "ホッカイドウ",
    "prefecture_code": 1,
    "city": "芦別市",
    "city_kana": "アシベツシ",
    "town": "上芦別町",
    "town_kana": "カミアシベツチョウ",
    "street": "１１８−１２２",
    "office_name": "株式会社　オプトエレクトロニクス　芦別工場",
    "office_name_kana": "カブシキガイシヤ オプトエレクトロニクス アシベツコウジヨウ"
  },
  "1396": {
    "postcode": "0791396",
    "prefecture": "北海道",
    "prefecture_kana": "ホッカイドウ",
    "prefecture_code": 1,
    "city": "芦別市",
    "city_kana": "アシベツシ",
    "town": "野花南町",
    "town_kana": "ノカナンチョウ",
    "street": "１０００番地",
    "office_name": "滝沢ベニヤ　株式会社",
    "office_name_kana": "タキザワベニヤ カブシキガイシヤ"
  },
  "1397": {
    "postcode": "0791397",
    "prefecture": "北海道",
    "prefecture_kana": "ホッカイドウ",
    "prefecture_code": 1,
    "city": "芦別市",
    "city_kana": "アシベツシ",
    "town": "上芦別町",
    "town_kana": "カミアシベツチョウ",
    "street": "２６−２３",
    "office_name": "北日本精機　株式会社",
    "office_name_kana": "キタニホンセイキ カブシキガイシヤ"
  },
  "1562": {
    "postcode": "0791562",
    "prefecture": "北海道",
    "prefecture_kana": "ホッカイドウ",
    "prefecture_code": 1,
    "city": "富良野市",
    "city_kana": "フラノシ",
    "town": "山部北町",
    "town_kana": "ヤマベキタマチ",
    "street": null,
    "office_name": null,
    "office_name_kana": null
  },
  "1563": {
    "postcode": "0791563",
    "prefecture": "北海道",
    "prefecture_kana": "ホッカイドウ",
    "prefecture_code": 1,
    "city": "富良野市",
    "city_kana": "フラノシ",
    "town": "山部東町",
    "town_kana": "ヤマベヒガシマチ",
    "street": null,
    "office_name": null,
    "office_name_kana": null
  },
  "1564": {
    "postcode": "0791564",
    "prefecture": "北海道",
    "prefecture_kana": "ホッカイドウ",
    "prefecture_code": 1,
    "city": "富良野市",
    "city_kana": "フラノシ",
    "town": "山部中町",
    "town_kana": "ヤマベナカマチ",
    "street": null,
    "office_name": null,
    "office_name_kana": null
  },
  "1565": {
    "postcode": "0791565",
    "prefecture": "北海道",
    "prefecture_kana": "ホッカイドウ",
    "prefecture_code": 1,
    "city": "富良野市",
    "city_kana": "フラノシ",
    "town": "山部南町",
    "town_kana": "ヤマベミナミマチ",
    "street": null,
    "office_name": null,
    "office_name_kana": null
  },
  "1566": {
    "postcode": "0791566",
    "prefecture": "北海道",
    "prefecture_kana": "ホッカイドウ",
    "prefecture_code": 1,
    "city": "富良野市",
    "city_kana": "フラノシ",
    "town": "山部西町",
    "town_kana": "ヤマベニシマチ",
    "street": null,
    "office_name": null,
    "office_name_kana": null
  },
  "1571": [
    {
      "postcode": "0791571",
      "prefecture": "北海道",
      "prefecture_kana": "ホッカイドウ",
      "prefecture_code": 1,
      "city": "富良野市",
      "city_kana": "フラノシ",
      "town": "山部西１２線",
      "town_kana": "ヤマベニシ12セン",
      "street": null,
      "office_name": null,
      "office_name_kana": null
    },
    {
      "postcode": "0791571",
      "prefecture": "北海道",
      "prefecture_kana": "ホッカイドウ",
      "prefecture_code": 1,
      "city": "富良野市",
      "city_kana": "フラノシ",
      "town": "山部西１３線",
      "town_kana": "ヤマベニシ13セン",
      "street": null,
      "office_name": null,
      "office_name_kana": null
    },
    {
      "postcode": "0791571",
      "prefecture": "北海道",
      "prefecture_kana": "ホッカイドウ",
      "prefecture_code": 1,
      "city": "富良野市",
      "city_kana": "フラノシ",
      "town": "山部西１４線",
      "town_kana": "ヤマベニシ14セン",
      "street": null,
      "office_name": null,
      "office_name_kana": null
    },
    {
      "postcode": "0791571",
      "prefecture": "北海道",
      "prefecture_kana": "ホッカイドウ",
      "prefecture_code": 1,
      "city": "富良野市",
      "city_kana": "フラノシ",
      "town": "山部西１５線",
      "town_kana": "ヤマベニシ15セン",
      "street": null,
      "office_name": null,
      "office_name_kana": null
    },
    {
      "postcode": "0791571",
      "prefecture": "北海道",
      "prefecture_kana": "ホッカイドウ",
      "prefecture_code": 1,
      "city": "富良野市",
      "city_kana": "フラノシ",
      "town": "山部西１６線",
      "town_kana": "ヤマベニシ16セン",
      "street": null,
      "office_name": null,
      "office_name_kana": null
    },
    {
      "postcode": "0791571",
      "prefecture": "北海道",
      "prefecture_kana": "ホッカイドウ",
      "prefecture_code": 1,
      "city": "富良野市",
      "city_kana": "フラノシ",
      "town": "山部西１７線",
      "town_kana": "ヤマベニシ17セン",
      "street": null,
      "office_name": null,
      "office_name_kana": null
    },
    {
      "postcode": "0791571",
      "prefecture": "北海道",
      "prefecture_kana": "ホッカイドウ",
      "prefecture_code": 1,
      "city": "富良野市",
      "city_kana": "フラノシ",
      "town": "山部西１８線",
      "town_kana": "ヤマベニシ18セン",
      "street": null,
      "office_name": null,
      "office_name_kana": null
    },
    {
      "postcode": "0791571",
      "prefecture": "北海道",
      "prefecture_kana": "ホッカイドウ",
      "prefecture_code": 1,
      "city": "富良野市",
      "city_kana": "フラノシ",
      "town": "山部西１９線",
      "town_kana": "ヤマベニシ19セン",
      "street": null,
      "office_name": null,
      "office_name_kana": null
    }
  ],
  "1572": [
    {
      "postcode": "0791572",
      "prefecture": "北海道",
      "prefecture_kana": "ホッカイドウ",
      "prefecture_code": 1,
      "city": "富良野市",
      "city_kana": "フラノシ",
      "town": "山部西２０線",
      "town_kana": "ヤマベニシ20セン",
      "street": null,
      "office_name": null,
      "office_name_kana": null
    },
    {
      "postcode": "0791572",
      "prefecture": "北海道",
      "prefecture_kana": "ホッカイドウ",
      "prefecture_code": 1,
      "city": "富良野市",
      "city_kana": "フラノシ",
      "town": "山部西２１線",
      "town_kana": "ヤマベニシ21セン",
      "street": null,
      "office_name": null,
      "office_name_kana": null
    },
    {
      "postcode": "0791572",
      "prefecture": "北海道",
      "prefecture_kana": "ホッカイドウ",
      "prefecture_code": 1,
      "city": "富良野市",
      "city_kana": "フラノシ",
      "town": "山部西２２線",
      "town_kana": "ヤマベニシ22セン",
      "street": null,
      "office_name": null,
      "office_name_kana": null
    },
    {
      "postcode": "0791572",
      "prefecture": "北海道",
      "prefecture_kana": "ホッカイドウ",
      "prefecture_code": 1,
      "city": "富良野市",
      "city_kana": "フラノシ",
      "town": "山部西２３線",
      "town_kana": "ヤマベニシ23セン",
      "street": null,
      "office_name": null,
      "office_name_kana": null
    },
    {
      "postcode": "0791572",
      "prefecture": "北海道",
      "prefecture_kana": "ホッカイドウ",
      "prefecture_code": 1,
      "city": "富良野市",
      "city_kana": "フラノシ",
      "town": "山部西２４線",
      "town_kana": "ヤマベニシ24セン",
      "street": null,
      "office_name": null,
      "office_name_kana": null
    }
  ],
  "1573": [
    {
      "postcode": "0791573",
      "prefecture": "北海道",
      "prefecture_kana": "ホッカイドウ",
      "prefecture_code": 1,
      "city": "富良野市",
      "city_kana": "フラノシ",
      "town": "山部西２５線",
      "town_kana": "ヤマベニシ25セン",
      "street": null,
      "office_name": null,
      "office_name_kana": null
    },
    {
      "postcode": "0791573",
      "prefecture": "北海道",
      "prefecture_kana": "ホッカイドウ",
      "prefecture_code": 1,
      "city": "富良野市",
      "city_kana": "フラノシ",
      "town": "山部西２６線",
      "town_kana": "ヤマベニシ26セン",
      "street": null,
      "office_name": null,
      "office_name_kana": null
    },
    {
      "postcode": "0791573",
      "prefecture": "北海道",
      "prefecture_kana": "ホッカイドウ",
      "prefecture_code": 1,
      "city": "富良野市",
      "city_kana": "フラノシ",
      "town": "山部西２７線",
      "town_kana": "ヤマベニシ27セン",
      "street": null,
      "office_name": null,
      "office_name_kana": null
    },
    {
      "postcode": "0791573",
      "prefecture": "北海道",
      "prefecture_kana": "ホッカイドウ",
      "prefecture_code": 1,
      "city": "富良野市",
      "city_kana": "フラノシ",
      "town": "山部西２８線",
      "town_kana": "ヤマベニシ28セン",
      "street": null,
      "office_name": null,
      "office_name_kana": null
    }
  ],
  "1581": [
    {
      "postcode": "0791581",
      "prefecture": "北海道",
      "prefecture_kana": "ホッカイドウ",
      "prefecture_code": 1,
      "city": "富良野市",
      "city_kana": "フラノシ",
      "town": "山部東１２線",
      "town_kana": "ヤマベヒガシ12セン",
      "street": null,
      "office_name": null,
      "office_name_kana": null
    },
    {
      "postcode": "0791581",
      "prefecture": "北海道",
      "prefecture_kana": "ホッカイドウ",
      "prefecture_code": 1,
      "city": "富良野市",
      "city_kana": "フラノシ",
      "town": "山部東１３線",
      "town_kana": "ヤマベヒガシ13セン",
      "street": null,
      "office_name": null,
      "office_name_kana": null
    },
    {
      "postcode": "0791581",
      "prefecture": "北海道",
      "prefecture_kana": "ホッカイドウ",
      "prefecture_code": 1,
      "city": "富良野市",
      "city_kana": "フラノシ",
      "town": "山部東１４線",
      "town_kana": "ヤマベヒガシ14セン",
      "street": null,
      "office_name": null,
      "office_name_kana": null
    },
    {
      "postcode": "0791581",
      "prefecture": "北海道",
      "prefecture_kana": "ホッカイドウ",
      "prefecture_code": 1,
      "city": "富良野市",
      "city_kana": "フラノシ",
      "town": "山部東１５線",
      "town_kana": "ヤマベヒガシ15セン",
      "street": null,
      "office_name": null,
      "office_name_kana": null
    },
    {
      "postcode": "0791581",
      "prefecture": "北海道",
      "prefecture_kana": "ホッカイドウ",
      "prefecture_code": 1,
      "city": "富良野市",
      "city_kana": "フラノシ",
      "town": "山部東１６線",
      "town_kana": "ヤマベヒガシ16セン",
      "street": null,
      "office_name": null,
      "office_name_kana": null
    },
    {
      "postcode": "0791581",
      "prefecture": "北海道",
      "prefecture_kana": "ホッカイドウ",
      "prefecture_code": 1,
      "city": "富良野市",
      "city_kana": "フラノシ",
      "town": "山部東１７線",
      "town_kana": "ヤマベヒガシ17セン",
      "street": null,
      "office_name": null,
      "office_name_kana": null
    },
    {
      "postcode": "0791581",
      "prefecture": "北海道",
      "prefecture_kana": "ホッカイドウ",
      "prefecture_code": 1,
      "city": "富良野市",
      "city_kana": "フラノシ",
      "town": "山部東１８線",
      "town_kana": "ヤマベヒガシ18セン",
      "street": null,
      "office_name": null,
      "office_name_kana": null
    },
    {
      "postcode": "0791581",
      "prefecture": "北海道",
      "prefecture_kana": "ホッカイドウ",
      "prefecture_code": 1,
      "city": "富良野市",
      "city_kana": "フラノシ",
      "town": "山部東１９線",
      "town_kana": "ヤマベヒガシ19セン",
      "street": null,
      "office_name": null,
      "office_name_kana": null
    }
  ],
  "1582": [
    {
      "postcode": "0791582",
      "prefecture": "北海道",
      "prefecture_kana": "ホッカイドウ",
      "prefecture_code": 1,
      "city": "富良野市",
      "city_kana": "フラノシ",
      "town": "山部東２０線",
      "town_kana": "ヤマベヒガシ20セン",
      "street": null,
      "office_name": null,
      "office_name_kana": null
    },
    {
      "postcode": "0791582",
      "prefecture": "北海道",
      "prefecture_kana": "ホッカイドウ",
      "prefecture_code": 1,
      "city": "富良野市",
      "city_kana": "フラノシ",
      "town": "山部東２１線",
      "town_kana": "ヤマベヒガシ21セン",
      "street": null,
      "office_name": null,
      "office_name_kana": null
    },
    {
      "postcode": "0791582",
      "prefecture": "北海道",
      "prefecture_kana": "ホッカイドウ",
      "prefecture_code": 1,
      "city": "富良野市",
      "city_kana": "フラノシ",
      "town": "山部東２２線",
      "town_kana": "ヤマベヒガシ22セン",
      "street": null,
      "office_name": null,
      "office_name_kana": null
    },
    {
      "postcode": "0791582",
      "prefecture": "北海道",
      "prefecture_kana": "ホッカイドウ",
      "prefecture_code": 1,
      "city": "富良野市",
      "city_kana": "フラノシ",
      "town": "山部東２３線",
      "town_kana": "ヤマベヒガシ23セン",
      "street": null,
      "office_name": null,
      "office_name_kana": null
    },
    {
      "postcode": "0791582",
      "prefecture": "北海道",
      "prefecture_kana": "ホッカイドウ",
      "prefecture_code": 1,
      "city": "富良野市",
      "city_kana": "フラノシ",
      "town": "山部東２４線",
      "town_kana": "ヤマベヒガシ24セン",
      "street": null,
      "office_name": null,
      "office_name_kana": null
    },
    {
      "postcode": "0791582",
      "prefecture": "北海道",
      "prefecture_kana": "ホッカイドウ",
      "prefecture_code": 1,
      "city": "富良野市",
      "city_kana": "フラノシ",
      "town": "山部東２５線",
      "town_kana": "ヤマベヒガシ25セン",
      "street": null,
      "office_name": null,
      "office_name_kana": null
    },
    {
      "postcode": "0791582",
      "prefecture": "北海道",
      "prefecture_kana": "ホッカイドウ",
      "prefecture_code": 1,
      "city": "富良野市",
      "city_kana": "フラノシ",
      "town": "山部東２６線",
      "town_kana": "ヤマベヒガシ26セン",
      "street": null,
      "office_name": null,
      "office_name_kana": null
    },
    {
      "postcode": "0791582",
      "prefecture": "北海道",
      "prefecture_kana": "ホッカイドウ",
      "prefecture_code": 1,
      "city": "富良野市",
      "city_kana": "フラノシ",
      "town": "山部東２７線",
      "town_kana": "ヤマベヒガシ27セン",
      "street": null,
      "office_name": null,
      "office_name_kana": null
    }
  ],
  "2131": {
    "postcode": "0792131",
    "prefecture": "北海道",
    "prefecture_kana": "ホッカイドウ",
    "prefecture_code": 1,
    "city": "空知郡南富良野町",
    "city_kana": "ソラチグンミナミフラノチョウ",
    "town": "金山",
    "town_kana": "カナヤマ",
    "street": null,
    "office_name": null,
    "office_name_kana": null
  },
  "2132": {
    "postcode": "0792132",
    "prefecture": "北海道",
    "prefecture_kana": "ホッカイドウ",
    "prefecture_code": 1,
    "city": "空知郡南富良野町",
    "city_kana": "ソラチグンミナミフラノチョウ",
    "town": "下金山",
    "town_kana": "シモカナヤマ",
    "street": null,
    "office_name": null,
    "office_name_kana": null
  },
  "2133": {
    "postcode": "0792133",
    "prefecture": "北海道",
    "prefecture_kana": "ホッカイドウ",
    "prefecture_code": 1,
    "city": "富良野市",
    "city_kana": "フラノシ",
    "town": "東山",
    "town_kana": "ヒガシヤマ",
    "street": null,
    "office_name": null,
    "office_name_kana": null
  },
  "2200": {
    "postcode": "0792200",
    "prefecture": "北海道",
    "prefecture_kana": "ホッカイドウ",
    "prefecture_code": 1,
    "city": "勇払郡占冠村",
    "city_kana": "ユウフツグンシムカップムラ",
    "town": "",
    "town_kana": "",
    "street": null,
    "office_name": null,
    "office_name_kana": null
  },
  "2201": {
    "postcode": "0792201",
    "prefecture": "北海道",
    "prefecture_kana": "ホッカイドウ",
    "prefecture_code": 1,
    "city": "勇払郡占冠村",
    "city_kana": "ユウフツグンシムカップムラ",
    "town": "中央",
    "town_kana": "チュウオウ",
    "street": null,
    "office_name": null,
    "office_name_kana": null
  },
  "2202": {
    "postcode": "0792202",
    "prefecture": "北海道",
    "prefecture_kana": "ホッカイドウ",
    "prefecture_code": 1,
    "city": "勇払郡占冠村",
    "city_kana": "ユウフツグンシムカップムラ",
    "town": "占冠",
    "town_kana": "シムカップ",
    "street": null,
    "office_name": null,
    "office_name_kana": null
  },
  "2203": {
    "postcode": "0792203",
    "prefecture": "北海道",
    "prefecture_kana": "ホッカイドウ",
    "prefecture_code": 1,
    "city": "勇払郡占冠村",
    "city_kana": "ユウフツグンシムカップムラ",
    "town": "下トマム",
    "town_kana": "シモトマム",
    "street": null,
    "office_name": null,
    "office_name_kana": null
  },
  "2204": {
    "postcode": "0792204",
    "prefecture": "北海道",
    "prefecture_kana": "ホッカイドウ",
    "prefecture_code": 1,
    "city": "勇払郡占冠村",
    "city_kana": "ユウフツグンシムカップムラ",
    "town": "中トマム",
    "town_kana": "ナカトマム",
    "street": null,
    "office_name": null,
    "office_name_kana": null
  },
  "2205": {
    "postcode": "0792205",
    "prefecture": "北海道",
    "prefecture_kana": "ホッカイドウ",
    "prefecture_code": 1,
    "city": "勇払郡占冠村",
    "city_kana": "ユウフツグンシムカップムラ",
    "town": "上トマム",
    "town_kana": "カミトマム",
    "street": null,
    "office_name": null,
    "office_name_kana": null
  },
  "2206": {
    "postcode": "0792206",
    "prefecture": "北海道",
    "prefecture_kana": "ホッカイドウ",
    "prefecture_code": 1,
    "city": "勇払郡占冠村",
    "city_kana": "ユウフツグンシムカップムラ",
    "town": "双珠別",
    "town_kana": "ソウシュベツ",
    "street": null,
    "office_name": null,
    "office_name_kana": null
  },
  "2207": {
    "postcode": "0792207",
    "prefecture": "北海道",
    "prefecture_kana": "ホッカイドウ",
    "prefecture_code": 1,
    "city": "勇払郡占冠村",
    "city_kana": "ユウフツグンシムカップムラ",
    "town": "ニニウ",
    "town_kana": "ニニウ",
    "street": null,
    "office_name": null,
    "office_name_kana": null
  },
  "2400": {
    "postcode": "0792400",
    "prefecture": "北海道",
    "prefecture_kana": "ホッカイドウ",
    "prefecture_code": 1,
    "city": "空知郡南富良野町",
    "city_kana": "ソラチグンミナミフラノチョウ",
    "town": "",
    "town_kana": "",
    "street": null,
    "office_name": null,
    "office_name_kana": null
  },
  "2401": [
    {
      "postcode": "0792401",
      "prefecture": "北海道",
      "prefecture_kana": "ホッカイドウ",
      "prefecture_code": 1,
      "city": "空知郡南富良野町",
      "city_kana": "ソラチグンミナミフラノチョウ",
      "town": "幾寅",
      "town_kana": "イクトラ",
      "street": null,
      "office_name": null,
      "office_name_kana": null
    },
    {
      "postcode": "0792401",
      "prefecture": "北海道",
      "prefecture_kana": "ホッカイドウ",
      "prefecture_code": 1,
      "city": "空知郡南富良野町",
      "city_kana": "ソラチグンミナミフラノチョウ",
      "town": "幾寅栄町",
      "town_kana": "イクトラサカエマチ",
      "street": null,
      "office_name": null,
      "office_name_kana": null
    },
    {
      "postcode": "0792401",
      "prefecture": "北海道",
      "prefecture_kana": "ホッカイドウ",
      "prefecture_code": 1,
      "city": "空知郡南富良野町",
      "city_kana": "ソラチグンミナミフラノチョウ",
      "town": "幾寅住吉町",
      "town_kana": "イクトラスミヨシチョウ",
      "street": null,
      "office_name": null,
      "office_name_kana": null
    },
    {
      "postcode": "0792401",
      "prefecture": "北海道",
      "prefecture_kana": "ホッカイドウ",
      "prefecture_code": 1,
      "city": "空知郡南富良野町",
      "city_kana": "ソラチグンミナミフラノチョウ",
      "town": "幾寅内藤",
      "town_kana": "イクトラナイトウ",
      "street": null,
      "office_name": null,
      "office_name_kana": null
    },
    {
      "postcode": "0792401",
      "prefecture": "北海道",
      "prefecture_kana": "ホッカイドウ",
      "prefecture_code": 1,
      "city": "空知郡南富良野町",
      "city_kana": "ソラチグンミナミフラノチョウ",
      "town": "幾寅仲町",
      "town_kana": "イクトラナカマチ",
      "street": null,
      "office_name": null,
      "office_name_kana": null
    }
  ],
  "2402": [
    {
      "postcode": "0792402",
      "prefecture": "北海道",
      "prefecture_kana": "ホッカイドウ",
      "prefecture_code": 1,
      "city": "空知郡南富良野町",
      "city_kana": "ソラチグンミナミフラノチョウ",
      "town": "幾寅",
      "town_kana": "イクトラ",
      "street": null,
      "office_name": null,
      "office_name_kana": null
    },
    {
      "postcode": "0792402",
      "prefecture": "北海道",
      "prefecture_kana": "ホッカイドウ",
      "prefecture_code": 1,
      "city": "空知郡南富良野町",
      "city_kana": "ソラチグンミナミフラノチョウ",
      "town": "幾寅西町",
      "town_kana": "イクトラニシマチ",
      "street": null,
      "office_name": null,
      "office_name_kana": null
    }
  ],
  "2403": [
    {
      "postcode": "0792403",
      "prefecture": "北海道",
      "prefecture_kana": "ホッカイドウ",
      "prefecture_code": 1,
      "city": "空知郡南富良野町",
      "city_kana": "ソラチグンミナミフラノチョウ",
      "town": "幾寅",
      "town_kana": "イクトラ",
      "street": null,
      "office_name": null,
      "office_name_kana": null
    },
    {
      "postcode": "0792403",
      "prefecture": "北海道",
      "prefecture_kana": "ホッカイドウ",
      "prefecture_code": 1,
      "city": "空知郡南富良野町",
      "city_kana": "ソラチグンミナミフラノチョウ",
      "town": "幾寅浅野",
      "town_kana": "イクトラアサノ",
      "street": null,
      "office_name": null,
      "office_name_kana": null
    },
    {
      "postcode": "0792403",
      "prefecture": "北海道",
      "prefecture_kana": "ホッカイドウ",
      "prefecture_code": 1,
      "city": "空知郡南富良野町",
      "city_kana": "ソラチグンミナミフラノチョウ",
      "town": "幾寅岐阜",
      "town_kana": "イクトラギフ",
      "street": null,
      "office_name": null,
      "office_name_kana": null
    },
    {
      "postcode": "0792403",
      "prefecture": "北海道",
      "prefecture_kana": "ホッカイドウ",
      "prefecture_code": 1,
      "city": "空知郡南富良野町",
      "city_kana": "ソラチグンミナミフラノチョウ",
      "town": "幾寅久住",
      "town_kana": "イクトラクスミ",
      "street": null,
      "office_name": null,
      "office_name_kana": null
    },
    {
      "postcode": "0792403",
      "prefecture": "北海道",
      "prefecture_kana": "ホッカイドウ",
      "prefecture_code": 1,
      "city": "空知郡南富良野町",
      "city_kana": "ソラチグンミナミフラノチョウ",
      "town": "幾寅松井",
      "town_kana": "イクトラマツイ",
      "street": null,
      "office_name": null,
      "office_name_kana": null
    },
    {
      "postcode": "0792403",
      "prefecture": "北海道",
      "prefecture_kana": "ホッカイドウ",
      "prefecture_code": 1,
      "city": "空知郡南富良野町",
      "city_kana": "ソラチグンミナミフラノチョウ",
      "town": "幾寅山畔",
      "town_kana": "イクトラヤマクロ",
      "street": null,
      "office_name": null,
      "office_name_kana": null
    }
  ],
  "2404": [
    {
      "postcode": "0792404",
      "prefecture": "北海道",
      "prefecture_kana": "ホッカイドウ",
      "prefecture_code": 1,
      "city": "空知郡南富良野町",
      "city_kana": "ソラチグンミナミフラノチョウ",
      "town": "幾寅",
      "town_kana": "イクトラ",
      "street": null,
      "office_name": null,
      "office_name_kana": null
    },
    {
      "postcode": "0792404",
      "prefecture": "北海道",
      "prefecture_kana": "ホッカイドウ",
      "prefecture_code": 1,
      "city": "空知郡南富良野町",
      "city_kana": "ソラチグンミナミフラノチョウ",
      "town": "幾寅朝日町",
      "town_kana": "イクトラアサヒマチ",
      "street": null,
      "office_name": null,
      "office_name_kana": null
    },
    {
      "postcode": "0792404",
      "prefecture": "北海道",
      "prefecture_kana": "ホッカイドウ",
      "prefecture_code": 1,
      "city": "空知郡南富良野町",
      "city_kana": "ソラチグンミナミフラノチョウ",
      "town": "幾寅千木町",
      "town_kana": "イクトラセンボクチョウ",
      "street": null,
      "office_name": null,
      "office_name_kana": null
    },
    {
      "postcode": "0792404",
      "prefecture": "北海道",
      "prefecture_kana": "ホッカイドウ",
      "prefecture_code": 1,
      "city": "空知郡南富良野町",
      "city_kana": "ソラチグンミナミフラノチョウ",
      "town": "幾寅東町",
      "town_kana": "イクトラヒガシマチ",
      "street": null,
      "office_name": null,
      "office_name_kana": null
    }
  ],
  "2411": {
    "postcode": "0792411",
    "prefecture": "北海道",
    "prefecture_kana": "ホッカイドウ",
    "prefecture_code": 1,
    "city": "空知郡南富良野町",
    "city_kana": "ソラチグンミナミフラノチョウ",
    "town": "東鹿越",
    "town_kana": "ヒガシシカゴエ",
    "street": null,
    "office_name": null,
    "office_name_kana": null
  },
  "2412": {
    "postcode": "0792412",
    "prefecture": "北海道",
    "prefecture_kana": "ホッカイドウ",
    "prefecture_code": 1,
    "city": "空知郡南富良野町",
    "city_kana": "ソラチグンミナミフラノチョウ",
    "town": "東幾寅",
    "town_kana": "ヒガシイクトラ",
    "street": null,
    "office_name": null,
    "office_name_kana": null
  },
  "2551": {
    "postcode": "0792551",
    "prefecture": "北海道",
    "prefecture_kana": "ホッカイドウ",
    "prefecture_code": 1,
    "city": "空知郡南富良野町",
    "city_kana": "ソラチグンミナミフラノチョウ",
    "town": "落合",
    "town_kana": "オチアイ",
    "street": null,
    "office_name": null,
    "office_name_kana": null
  },
  "2552": {
    "postcode": "0792552",
    "prefecture": "北海道",
    "prefecture_kana": "ホッカイドウ",
    "prefecture_code": 1,
    "city": "空知郡南富良野町",
    "city_kana": "ソラチグンミナミフラノチョウ",
    "town": "北落合",
    "town_kana": "キタオチアイ",
    "street": null,
    "office_name": null,
    "office_name_kana": null
  },
  "8401": {
    "postcode": "0798401",
    "prefecture": "北海道",
    "prefecture_kana": "ホッカイドウ",
    "prefecture_code": 1,
    "city": "旭川市",
    "city_kana": "アサヒカワシ",
    "town": "秋月１条",
    "town_kana": "アキツキ1ジョウ",
    "street": null,
    "office_name": null,
    "office_name_kana": null
  },
  "8402": {
    "postcode": "0798402",
    "prefecture": "北海道",
    "prefecture_kana": "ホッカイドウ",
    "prefecture_code": 1,
    "city": "旭川市",
    "city_kana": "アサヒカワシ",
    "town": "秋月２条",
    "town_kana": "アキツキ2ジョウ",
    "street": null,
    "office_name": null,
    "office_name_kana": null
  },
  "8403": {
    "postcode": "0798403",
    "prefecture": "北海道",
    "prefecture_kana": "ホッカイドウ",
    "prefecture_code": 1,
    "city": "旭川市",
    "city_kana": "アサヒカワシ",
    "town": "秋月３条",
    "town_kana": "アキツキ3ジョウ",
    "street": null,
    "office_name": null,
    "office_name_kana": null
  },
  "8411": {
    "postcode": "0798411",
    "prefecture": "北海道",
    "prefecture_kana": "ホッカイドウ",
    "prefecture_code": 1,
    "city": "旭川市",
    "city_kana": "アサヒカワシ",
    "town": "永山１条",
    "town_kana": "ナガヤマ1ジョウ",
    "street": null,
    "office_name": null,
    "office_name_kana": null
  },
  "8412": {
    "postcode": "0798412",
    "prefecture": "北海道",
    "prefecture_kana": "ホッカイドウ",
    "prefecture_code": 1,
    "city": "旭川市",
    "city_kana": "アサヒカワシ",
    "town": "永山２条",
    "town_kana": "ナガヤマ2ジョウ",
    "street": null,
    "office_name": null,
    "office_name_kana": null
  },
  "8413": {
    "postcode": "0798413",
    "prefecture": "北海道",
    "prefecture_kana": "ホッカイドウ",
    "prefecture_code": 1,
    "city": "旭川市",
    "city_kana": "アサヒカワシ",
    "town": "永山３条",
    "town_kana": "ナガヤマ3ジョウ",
    "street": null,
    "office_name": null,
    "office_name_kana": null
  },
  "8414": {
    "postcode": "0798414",
    "prefecture": "北海道",
    "prefecture_kana": "ホッカイドウ",
    "prefecture_code": 1,
    "city": "旭川市",
    "city_kana": "アサヒカワシ",
    "town": "永山４条",
    "town_kana": "ナガヤマ4ジョウ",
    "street": null,
    "office_name": null,
    "office_name_kana": null
  },
  "8415": {
    "postcode": "0798415",
    "prefecture": "北海道",
    "prefecture_kana": "ホッカイドウ",
    "prefecture_code": 1,
    "city": "旭川市",
    "city_kana": "アサヒカワシ",
    "town": "永山５条",
    "town_kana": "ナガヤマ5ジョウ",
    "street": null,
    "office_name": null,
    "office_name_kana": null
  },
  "8416": {
    "postcode": "0798416",
    "prefecture": "北海道",
    "prefecture_kana": "ホッカイドウ",
    "prefecture_code": 1,
    "city": "旭川市",
    "city_kana": "アサヒカワシ",
    "town": "永山６条",
    "town_kana": "ナガヤマ6ジョウ",
    "street": null,
    "office_name": null,
    "office_name_kana": null
  },
  "8417": {
    "postcode": "0798417",
    "prefecture": "北海道",
    "prefecture_kana": "ホッカイドウ",
    "prefecture_code": 1,
    "city": "旭川市",
    "city_kana": "アサヒカワシ",
    "town": "永山７条",
    "town_kana": "ナガヤマ7ジョウ",
    "street": null,
    "office_name": null,
    "office_name_kana": null
  },
  "8418": {
    "postcode": "0798418",
    "prefecture": "北海道",
    "prefecture_kana": "ホッカイドウ",
    "prefecture_code": 1,
    "city": "旭川市",
    "city_kana": "アサヒカワシ",
    "town": "永山８条",
    "town_kana": "ナガヤマ8ジョウ",
    "street": null,
    "office_name": null,
    "office_name_kana": null
  },
  "8419": {
    "postcode": "0798419",
    "prefecture": "北海道",
    "prefecture_kana": "ホッカイドウ",
    "prefecture_code": 1,
    "city": "旭川市",
    "city_kana": "アサヒカワシ",
    "town": "永山９条",
    "town_kana": "ナガヤマ9ジョウ",
    "street": null,
    "office_name": null,
    "office_name_kana": null
  },
  "8420": {
    "postcode": "0798420",
    "prefecture": "北海道",
    "prefecture_kana": "ホッカイドウ",
    "prefecture_code": 1,
    "city": "旭川市",
    "city_kana": "アサヒカワシ",
    "town": "永山１０条",
    "town_kana": "ナガヤマ10ジョウ",
    "street": null,
    "office_name": null,
    "office_name_kana": null
  },
  "8421": {
    "postcode": "0798421",
    "prefecture": "北海道",
    "prefecture_kana": "ホッカイドウ",
    "prefecture_code": 1,
    "city": "旭川市",
    "city_kana": "アサヒカワシ",
    "town": "永山１１条",
    "town_kana": "ナガヤマ11ジョウ",
    "street": null,
    "office_name": null,
    "office_name_kana": null
  },
  "8422": {
    "postcode": "0798422",
    "prefecture": "北海道",
    "prefecture_kana": "ホッカイドウ",
    "prefecture_code": 1,
    "city": "旭川市",
    "city_kana": "アサヒカワシ",
    "town": "永山１２条",
    "town_kana": "ナガヤマ12ジョウ",
    "street": null,
    "office_name": null,
    "office_name_kana": null
  },
  "8423": {
    "postcode": "0798423",
    "prefecture": "北海道",
    "prefecture_kana": "ホッカイドウ",
    "prefecture_code": 1,
    "city": "旭川市",
    "city_kana": "アサヒカワシ",
    "town": "永山１３条",
    "town_kana": "ナガヤマ13ジョウ",
    "street": null,
    "office_name": null,
    "office_name_kana": null
  },
  "8424": {
    "postcode": "0798424",
    "prefecture": "北海道",
    "prefecture_kana": "ホッカイドウ",
    "prefecture_code": 1,
    "city": "旭川市",
    "city_kana": "アサヒカワシ",
    "town": "永山１４条",
    "town_kana": "ナガヤマ14ジョウ",
    "street": null,
    "office_name": null,
    "office_name_kana": null
  },
  "8431": {
    "postcode": "0798431",
    "prefecture": "北海道",
    "prefecture_kana": "ホッカイドウ",
    "prefecture_code": 1,
    "city": "旭川市",
    "city_kana": "アサヒカワシ",
    "town": "永山町",
    "town_kana": "ナガヤマチョウ",
    "street": null,
    "office_name": null,
    "office_name_kana": null
  },
  "8441": {
    "postcode": "0798441",
    "prefecture": "北海道",
    "prefecture_kana": "ホッカイドウ",
    "prefecture_code": 1,
    "city": "旭川市",
    "city_kana": "アサヒカワシ",
    "town": "流通団地１条",
    "town_kana": "リュウツウダンチ1ジョウ",
    "street": null,
    "office_name": null,
    "office_name_kana": null
  },
  "8442": {
    "postcode": "0798442",
    "prefecture": "北海道",
    "prefecture_kana": "ホッカイドウ",
    "prefecture_code": 1,
    "city": "旭川市",
    "city_kana": "アサヒカワシ",
    "town": "流通団地２条",
    "town_kana": "リュウツウダンチ2ジョウ",
    "street": null,
    "office_name": null,
    "office_name_kana": null
  },
  "8443": {
    "postcode": "0798443",
    "prefecture": "北海道",
    "prefecture_kana": "ホッカイドウ",
    "prefecture_code": 1,
    "city": "旭川市",
    "city_kana": "アサヒカワシ",
    "town": "流通団地３条",
    "town_kana": "リュウツウダンチ3ジョウ",
    "street": null,
    "office_name": null,
    "office_name_kana": null
  },
  "8444": {
    "postcode": "0798444",
    "prefecture": "北海道",
    "prefecture_kana": "ホッカイドウ",
    "prefecture_code": 1,
    "city": "旭川市",
    "city_kana": "アサヒカワシ",
    "town": "流通団地４条",
    "town_kana": "リュウツウダンチ4ジョウ",
    "street": null,
    "office_name": null,
    "office_name_kana": null
  },
  "8451": {
    "postcode": "0798451",
    "prefecture": "北海道",
    "prefecture_kana": "ホッカイドウ",
    "prefecture_code": 1,
    "city": "旭川市",
    "city_kana": "アサヒカワシ",
    "town": "永山北１条",
    "town_kana": "ナガヤマキタ1ジョウ",
    "street": null,
    "office_name": null,
    "office_name_kana": null
  },
  "8452": {
    "postcode": "0798452",
    "prefecture": "北海道",
    "prefecture_kana": "ホッカイドウ",
    "prefecture_code": 1,
    "city": "旭川市",
    "city_kana": "アサヒカワシ",
    "town": "永山北２条",
    "town_kana": "ナガヤマキタ2ジョウ",
    "street": null,
    "office_name": null,
    "office_name_kana": null
  },
  "8453": {
    "postcode": "0798453",
    "prefecture": "北海道",
    "prefecture_kana": "ホッカイドウ",
    "prefecture_code": 1,
    "city": "旭川市",
    "city_kana": "アサヒカワシ",
    "town": "永山北３条",
    "town_kana": "ナガヤマキタ3ジョウ",
    "street": null,
    "office_name": null,
    "office_name_kana": null
  },
  "8454": {
    "postcode": "0798454",
    "prefecture": "北海道",
    "prefecture_kana": "ホッカイドウ",
    "prefecture_code": 1,
    "city": "旭川市",
    "city_kana": "アサヒカワシ",
    "town": "永山北４条",
    "town_kana": "ナガヤマキタ4ジョウ",
    "street": null,
    "office_name": null,
    "office_name_kana": null
  },
  "8501": {
    "postcode": "0798501",
    "prefecture": "北海道",
    "prefecture_kana": "ホッカイドウ",
    "prefecture_code": 1,
    "city": "旭川市",
    "city_kana": "アサヒカワシ",
    "town": "永山三条",
    "town_kana": "ナガヤマ3ジョウ",
    "street": "２３丁目１番９番",
    "office_name": "旭川市立大学・旭川市立大学短期大学部",
    "office_name_kana": "アサヒカワシリツダイガク・アサヒカワシリツダイガクタンキダイガクブ"
  },
  "8503": {
    "postcode": "0798503",
    "prefecture": "北海道",
    "prefecture_kana": "ホッカイドウ",
    "prefecture_code": 1,
    "city": "旭川市",
    "city_kana": "アサヒカワシ",
    "town": "永山一条",
    "town_kana": "ナガヤマ1ジョウ",
    "street": "３丁目",
    "office_name": "株式会社　トワニ　旭川店",
    "office_name_kana": "カブシキガイシヤ トワニ アサヒカワテン"
  },
  "8505": {
    "postcode": "0798505",
    "prefecture": "北海道",
    "prefecture_kana": "ホッカイドウ",
    "prefecture_code": 1,
    "city": "旭川市",
    "city_kana": "アサヒカワシ",
    "town": "永山七条",
    "town_kana": "ナガヤマ7ジョウ",
    "street": "１６丁目３番１６号",
    "office_name": "学校法人　旭川志峯学院・旭川志峯高等学校",
    "office_name_kana": "ガツコウホウジン アサヒカワシホウガクイン・アサヒカワシホウコウトウガツコウ"
  },
  "8507": {
    "postcode": "0798507",
    "prefecture": "北海道",
    "prefecture_kana": "ホッカイドウ",
    "prefecture_code": 1,
    "city": "旭川市",
    "city_kana": "アサヒカワシ",
    "town": "永山十条",
    "town_kana": "ナガヤマ10ジョウ",
    "street": "２丁目",
    "office_name": "株式会社　スハラ食品",
    "office_name_kana": "カブシキガイシヤ スハラシヨクヒン"
  },
  "8508": {
    "postcode": "0798508",
    "prefecture": "北海道",
    "prefecture_kana": "ホッカイドウ",
    "prefecture_code": 1,
    "city": "旭川市",
    "city_kana": "アサヒカワシ",
    "town": "永山町",
    "town_kana": "ナガヤマチョウ",
    "street": "３丁目１０２番地",
    "office_name": "北海道旭川永嶺高等学校",
    "office_name_kana": "ホツカイドウアサヒカワエイリヨウコウトウガツコウ"
  },
  "8509": {
    "postcode": "0798509",
    "prefecture": "北海道",
    "prefecture_kana": "ホッカイドウ",
    "prefecture_code": 1,
    "city": "旭川市",
    "city_kana": "アサヒカワシ",
    "town": "永山北二条",
    "town_kana": "ナガヤマキタ2ジョウ",
    "street": "６丁目",
    "office_name": "株式会社　カンディハウス",
    "office_name_kana": "カブシキカイシヤ カンデイハウス"
  },
  "8511": {
    "postcode": "0798511",
    "prefecture": "北海道",
    "prefecture_kana": "ホッカイドウ",
    "prefecture_code": 1,
    "city": "旭川市",
    "city_kana": "アサヒカワシ",
    "town": "永山北一条",
    "town_kana": "ナガヤマキタ1ジョウ",
    "street": "８丁目３７−１",
    "office_name": "株式会社　中野銘木店",
    "office_name_kana": "カブシキカイシヤ ナカノメイボクテン"
  },
  "8513": {
    "postcode": "0798513",
    "prefecture": "北海道",
    "prefecture_kana": "ホッカイドウ",
    "prefecture_code": 1,
    "city": "旭川市",
    "city_kana": "アサヒカワシ",
    "town": "秋月二条",
    "town_kana": "アキツキ2ジョウ",
    "street": "２丁目５番２２号",
    "office_name": "株式会社　ほくやく　旭川支店",
    "office_name_kana": "カブシキガイシヤ ホクヤク アサヒカワシテン"
  },
  "8516": {
    "postcode": "0798516",
    "prefecture": "北海道",
    "prefecture_kana": "ホッカイドウ",
    "prefecture_code": 1,
    "city": "旭川市",
    "city_kana": "アサヒカワシ",
    "town": "流通団地三条",
    "town_kana": "リュウツウダンチ3ジョウ",
    "street": "５丁目",
    "office_name": "ジャパン建材　（株）　旭川営業所",
    "office_name_kana": "ジヤパンケンザイ カブシキガイシヤ アサヒカワエイギヨウシヨ"
  },
  "8550": {
    "postcode": "0798550",
    "prefecture": "北海道",
    "prefecture_kana": "ホッカイドウ",
    "prefecture_code": 1,
    "city": "旭川市",
    "city_kana": "アサヒカワシ",
    "town": "永山三条",
    "town_kana": "ナガヤマ3ジョウ",
    "street": "１２丁目",
    "office_name": "ネッツトヨタたいせつ　株式会社",
    "office_name_kana": "ネツツトヨタタイセツ カブシキガイシヤ"
  },
  "8555": {
    "postcode": "0798555",
    "prefecture": "北海道",
    "prefecture_kana": "ホッカイドウ",
    "prefecture_code": 1,
    "city": "旭川市",
    "city_kana": "アサヒカワシ",
    "town": "永山二条",
    "town_kana": "ナガヤマ2ジョウ",
    "street": "３丁目２−１６",
    "office_name": "株式会社　コハタ",
    "office_name_kana": "カブシキガイシヤ コハタ"
  },
  "8585": {
    "postcode": "0798585",
    "prefecture": "北海道",
    "prefecture_kana": "ホッカイドウ",
    "prefecture_code": 1,
    "city": "旭川市",
    "city_kana": "アサヒカワシ",
    "town": "流通団地一条",
    "town_kana": "リュウツウダンチ1ジョウ",
    "street": "１丁目３３番地の１",
    "office_name": "株式会社　ふじ",
    "office_name_kana": "カブシキガイシヤ フジ"
  },
  "8610": {
    "postcode": "0798610",
    "prefecture": "北海道",
    "prefecture_kana": "ホッカイドウ",
    "prefecture_code": 1,
    "city": "旭川市",
    "city_kana": "アサヒカワシ",
    "town": "永山六条",
    "town_kana": "ナガヤマ6ジョウ",
    "street": "１９丁目１−１",
    "office_name": "北海道上川総合振興局",
    "office_name_kana": "ホツカイドウカミカワソウゴウシンコウキヨク"
  },
  "8611": {
    "postcode": "0798611",
    "prefecture": "北海道",
    "prefecture_kana": "ホッカイドウ",
    "prefecture_code": 1,
    "city": "旭川市",
    "city_kana": "アサヒカワシ",
    "town": "永山六条",
    "town_kana": "ナガヤマ6ジョウ",
    "street": "１９丁目",
    "office_name": "北海道上川保健所",
    "office_name_kana": "ホツカイドウカミカワホケンジヨ"
  },
  "8612": {
    "postcode": "0798612",
    "prefecture": "北海道",
    "prefecture_kana": "ホッカイドウ",
    "prefecture_code": 1,
    "city": "旭川市",
    "city_kana": "アサヒカワシ",
    "town": "永山六条",
    "town_kana": "ナガヤマ6ジョウ",
    "street": "１９丁目",
    "office_name": "北海道教育庁　上川教育局",
    "office_name_kana": "ホツカイドウキヨウイクチヨウ カミカワキヨウイクキヨク"
  },
  "8613": {
    "postcode": "0798613",
    "prefecture": "北海道",
    "prefecture_kana": "ホッカイドウ",
    "prefecture_code": 1,
    "city": "旭川市",
    "city_kana": "アサヒカワシ",
    "town": "永山六条",
    "town_kana": "ナガヤマ6ジョウ",
    "street": "１９丁目１−１",
    "office_name": "北海道上川総合振興局　旭川建設管理部",
    "office_name_kana": "ホツカイドウカミカワソウゴウシンコウキヨク アサヒカワケンセツカンリブ"
  },
  "8650": {
    "postcode": "0798650",
    "prefecture": "北海道",
    "prefecture_kana": "ホッカイドウ",
    "prefecture_code": 1,
    "city": "旭川市",
    "city_kana": "アサヒカワシ",
    "town": "流通団地一条",
    "town_kana": "リュウツウダンチ1ジョウ",
    "street": "２丁目（永山郵便局私書箱第１号）",
    "office_name": "株式会社　キョクイチ",
    "office_name_kana": "カブシキガイシヤ キヨクイチ"
  },
  "8651": {
    "postcode": "0798651",
    "prefecture": "北海道",
    "prefecture_kana": "ホッカイドウ",
    "prefecture_code": 1,
    "city": "旭川市",
    "city_kana": "アサヒカワシ",
    "town": "流通団地一条",
    "town_kana": "リュウツウダンチ1ジョウ",
    "street": "３丁目（永山郵便局私書箱第２号）",
    "office_name": "丸果　旭川青果卸売市場　株式会社",
    "office_name_kana": "マルカ アサヒカワセイカオロシウリイチバ カブシキガイシヤ"
  },
  "8652": {
    "postcode": "0798652",
    "prefecture": "北海道",
    "prefecture_kana": "ホッカイドウ",
    "prefecture_code": 1,
    "city": "旭川市",
    "city_kana": "アサヒカワシ",
    "town": "流通団地一条",
    "town_kana": "リュウツウダンチ1ジョウ",
    "street": "３丁目（永山郵便局私書箱第３号）",
    "office_name": "株式会社　一印　旭川魚卸売市場",
    "office_name_kana": "カブシキガイシヤ イチジルシ アサヒカワサカナオロシウリシジヨウ"
  },
  "8656": {
    "postcode": "0798656",
    "prefecture": "北海道",
    "prefecture_kana": "ホッカイドウ",
    "prefecture_code": 1,
    "city": "旭川市",
    "city_kana": "アサヒカワシ",
    "town": "永山二条",
    "town_kana": "ナガヤマ2ジョウ",
    "street": "１３丁目１番２８号（永山郵便局私書箱第６号）",
    "office_name": "（株）　ホクレン油機サービス　旭川支店",
    "office_name_kana": "カブシキガイシヤ ホクレンユキサ-ビス アサヒカワシテン"
  }
}