{
  "0000": {
    "postcode": "1030000",
    "prefecture": "東京都",
    "prefecture_kana": "トウキョウト",
    "prefecture_code": 13,
    "city": "中央区",
    "city_kana": "チュウオウク",
    "town": "",
    "town_kana": "",
    "street": null,
    "office_name": null,
    "office_name_kana": null
  },
  "0001": {
    "postcode": "1030001",
    "prefecture": "東京都",
    "prefecture_kana": "トウキョウト",
    "prefecture_code": 13,
    "city": "中央区",
    "city_kana": "チュウオウク",
    "town": "日本橋小伝馬町",
    "town_kana": "ニホンバシコデンマチョウ",
    "street": null,
    "office_name": null,
    "office_name_kana": null
  },
  "0002": {
    "postcode": "1030002",
    "prefecture": "東京都",
    "prefecture_kana": "トウキョウト",
    "prefecture_code": 13,
    "city": "中央区",
    "city_kana": "チュウオウク",
    "town": "日本橋馬喰町",
    "town_kana": "ニホンバシバクロチョウ",
    "street": null,
    "office_name": null,
    "office_name_kana": null
  },
  "0003": {
    "postcode": "1030003",
    "prefecture": "東京都",
    "prefecture_kana": "トウキョウト",
    "prefecture_code": 13,
    "city": "中央区",
    "city_kana": "チュウオウク",
    "town": "日本橋横山町",
    "town_kana": "ニホンバシヨコヤマチョウ",
    "street": null,
    "office_name": null,
    "office_name_kana": null
  },
  "0004": {
    "postcode": "1030004",
    "prefecture": "東京都",
    "prefecture_kana": "トウキョウト",
    "prefecture_code": 13,
    "city": "中央区",
    "city_kana": "チュウオウク",
    "town": "東日本橋",
    "town_kana": "ヒガシニホンバシ",
    "street": null,
    "office_name": null,
    "office_name_kana": null
  },
  "0005": {
    "postcode": "1030005",
    "prefecture": "東京都",
    "prefecture_kana": "トウキョウト",
    "prefecture_code": 13,
    "city": "中央区",
    "city_kana": "チュウオウク",
    "town": "日本橋久松町",
    "town_kana": "ニホンバシヒサマツチョウ",
    "street": null,
    "office_name": null,
    "office_name_kana": null
  },
  "0006": {
    "postcode": "1030006",
    "prefecture": "東京都",
    "prefecture_kana": "トウキョウト",
    "prefecture_code": 13,
    "city": "中央区",
    "city_kana": "チュウオウク",
    "town": "日本橋富沢町",
    "town_kana": "ニホンバシトミザワチョウ",
    "street": null,
    "office_name": null,
    "office_name_kana": null
  },
  "0007": {
    "postcode": "1030007",
    "prefecture": "東京都",
    "prefecture_kana": "トウキョウト",
    "prefecture_code": 13,
    "city": "中央区",
    "city_kana": "チュウオウク",
    "town": "日本橋浜町",
    "town_kana": "ニホンバシハマチョウ",
    "street": null,
    "office_name": null,
    "office_name_kana": null
  },
  "0008": {
    "postcode": "1030008",
    "prefecture": "東京都",
    "prefecture_kana": "トウキョウト",
    "prefecture_code": 13,
    "city": "中央区",
    "city_kana": "チュウオウク",
    "town": "日本橋中洲",
    "town_kana": "ニホンバシナカス",
    "street": null,
    "office_name": null,
    "office_name_kana": null
  },
  "0011": {
    "postcode": "1030011",
    "prefecture": "東京都",
    "prefecture_kana": "トウキョウト",
    "prefecture_code": 13,
    "city": "中央区",
    "city_kana": "チュウオウク",
    "town": "日本橋大伝馬町",
    "town_kana": "ニホンバシオオデンマチョウ",
    "street": null,
    "office_name": null,
    "office_name_kana": null
  },
  "0012": {
    "postcode": "1030012",
    "prefecture": "東京都",
    "prefecture_kana": "トウキョウト",
    "prefecture_code": 13,
    "city": "中央区",
    "city_kana": "チュウオウク",
    "town": "日本橋堀留町",
    "town_kana": "ニホンバシホリドメチョウ",
    "street": null,
    "office_name": null,
    "office_name_kana": null
  },
  "0013": {
    "postcode": "1030013",
    "prefecture": "東京都",
    "prefecture_kana": "トウキョウト",
    "prefecture_code": 13,
    "city": "中央区",
    "city_kana": "チュウオウク",
    "town": "日本橋人形町",
    "town_kana": "ニホンバシニンギョウチョウ",
    "street": null,
    "office_name": null,
    "office_name_kana": null
  },
  "0014": {
    "postcode": "1030014",
    "prefecture": "東京都",
    "prefecture_kana": "トウキョウト",
    "prefecture_code": 13,
    "city": "中央区",
    "city_kana": "チュウオウク",
    "town": "日本橋蛎殻町",
    "town_kana": "ニホンバシカキガラチョウ",
    "street": null,
    "office_name": null,
    "office_name_kana": null
  },
  "0015": {
    "postcode": "1030015",
    "prefecture": "東京都",
    "prefecture_kana": "トウキョウト",
    "prefecture_code": 13,
    "city": "中央区",
    "city_kana": "チュウオウク",
    "town": "日本橋箱崎町",
    "town_kana": "ニホンバシハコザキチョウ",
    "street": null,
    "office_name": null,
    "office_name_kana": null
  },
  "0016": {
    "postcode": "1030016",
    "prefecture": "東京都",
    "prefecture_kana": "トウキョウト",
    "prefecture_code": 13,
    "city": "中央区",
    "city_kana": "チュウオウク",
    "town": "日本橋小網町",
    "town_kana": "ニホンバシコアミチョウ",
    "street": null,
    "office_name": null,
    "office_name_kana": null
  },
  "0021": {
    "postcode": "1030021",
    "prefecture": "東京都",
    "prefecture_kana": "トウキョウト",
    "prefecture_code": 13,
    "city": "中央区",
    "city_kana": "チュウオウク",
    "town": "日本橋本石町",
    "town_kana": "ニホンバシホンゴクチョウ",
    "street": null,
    "office_name": null,
    "office_name_kana": null
  },
  "0022": {
    "postcode": "1030022",
    "prefecture": "東京都",
    "prefecture_kana": "トウキョウト",
    "prefecture_code": 13,
    "city": "中央区",
    "city_kana": "チュウオウク",
    "town": "日本橋室町",
    "town_kana": "ニホンバシムロマチ",
    "street": null,
    "office_name": null,
    "office_name_kana": null
  },
  "0023": {
    "postcode": "1030023",
    "prefecture": "東京都",
    "prefecture_kana": "トウキョウト",
    "prefecture_code": 13,
    "city": "中央区",
    "city_kana": "チュウオウク",
    "town": "日本橋本町",
    "town_kana": "ニホンバシホンチョウ",
    "street": null,
    "office_name": null,
    "office_name_kana": null
  },
  "0024": {
    "postcode": "1030024",
    "prefecture": "東京都",
    "prefecture_kana": "トウキョウト",
    "prefecture_code": 13,
    "city": "中央区",
    "city_kana": "チュウオウク",
    "town": "日本橋小舟町",
    "town_kana": "ニホンバシコブナチョウ",
    "street": null,
    "office_name": null,
    "office_name_kana": null
  },
  "0025": {
    "postcode": "1030025",
    "prefecture": "東京都",
    "prefecture_kana": "トウキョウト",
    "prefecture_code": 13,
    "city": "中央区",
    "city_kana": "チュウオウク",
    "town": "日本橋茅場町",
    "town_kana": "ニホンバシカヤバチョウ",
    "street": null,
    "office_name": null,
    "office_name_kana": null
  },
  "0026": {
    "postcode": "1030026",
    "prefecture": "東京都",
    "prefecture_kana": "トウキョウト",
    "prefecture_code": 13,
    "city": "中央区",
    "city_kana": "チュウオウク",
    "town": "日本橋兜町",
    "town_kana": "ニホンバシカブトチョウ",
    "street": null,
    "office_name": null,
    "office_name_kana": null
  },
  "0027": {
    "postcode": "1030027",
    "prefecture": "東京都",
    "prefecture_kana": "トウキョウト",
    "prefecture_code": 13,
    "city": "中央区",
    "city_kana": "チュウオウク",
    "town": "日本橋",
    "town_kana": "ニホンバシ",
    "street": null,
    "office_name": null,
    "office_name_kana": null
  },
  "0028": {
    "postcode": "1030028",
    "prefecture": "東京都",
    "prefecture_kana": "トウキョウト",
    "prefecture_code": 13,
    "city": "中央区",
    "city_kana": "チュウオウク",
    "town": "八重洲",
    "town_kana": "ヤエス",
    "street": null,
    "office_name": null,
    "office_name_kana": null
  },
  "6001": {
    "postcode": "1036001",
    "prefecture": "東京都",
    "prefecture_kana": "トウキョウト",
    "prefecture_code": 13,
    "city": "中央区",
    "city_kana": "チュウオウク",
    "town": "日本橋東京日本橋タワー　１階",
    "town_kana": "ニホンバシトウキョウニホンバシタワー1カイ",
    "street": null,
    "office_name": null,
    "office_name_kana": null
  },
  "6002": {
    "postcode": "1036002",
    "prefecture": "東京都",
    "prefecture_kana": "トウキョウト",
    "prefecture_code": 13,
    "city": "中央区",
    "city_kana": "チュウオウク",
    "town": "日本橋東京日本橋タワー　２階",
    "town_kana": "ニホンバシトウキョウニホンバシタワー2カイ",
    "street": null,
    "office_name": null,
    "office_name_kana": null
  },
  "6003": {
    "postcode": "1036003",
    "prefecture": "東京都",
    "prefecture_kana": "トウキョウト",
    "prefecture_code": 13,
    "city": "中央区",
    "city_kana": "チュウオウク",
    "town": "日本橋東京日本橋タワー　３階",
    "town_kana": "ニホンバシトウキョウニホンバシタワー3カイ",
    "street": null,
    "office_name": null,
    "office_name_kana": null
  },
  "6004": {
    "postcode": "1036004",
    "prefecture": "東京都",
    "prefecture_kana": "トウキョウト",
    "prefecture_code": 13,
    "city": "中央区",
    "city_kana": "チュウオウク",
    "town": "日本橋東京日本橋タワー　４階",
    "town_kana": "ニホンバシトウキョウニホンバシタワー4カイ",
    "street": null,
    "office_name": null,
    "office_name_kana": null
  },
  "6005": {
    "postcode": "1036005",
    "prefecture": "東京都",
    "prefecture_kana": "トウキョウト",
    "prefecture_code": 13,
    "city": "中央区",
    "city_kana": "チュウオウク",
    "town": "日本橋東京日本橋タワー　５階",
    "town_kana": "ニホンバシトウキョウニホンバシタワー5カイ",
    "street": null,
    "office_name": null,
    "office_name_kana": null
  },
  "6006": {
    "postcode": "1036006",
    "prefecture": "東京都",
    "prefecture_kana": "トウキョウト",
    "prefecture_code": 13,
    "city": "中央区",
    "city_kana": "チュウオウク",
    "town": "日本橋東京日本橋タワー　６階",
    "town_kana": "ニホンバシトウキョウニホンバシタワー6カイ",
    "street": null,
    "office_name": null,
    "office_name_kana": null
  },
  "6007": {
    "postcode": "1036007",
    "prefecture": "東京都",
    "prefecture_kana": "トウキョウト",
    "prefecture_code": 13,
    "city": "中央区",
    "city_kana": "チュウオウク",
    "town": "日本橋東京日本橋タワー　７階",
    "town_kana": "ニホンバシトウキョウニホンバシタワー7カイ",
    "street": null,
    "office_name": null,
    "office_name_kana": null
  },
  "6008": {
    "postcode": "1036008",
    "prefecture": "東京都",
    "prefecture_kana": "トウキョウト",
    "prefecture_code": 13,
    "city": "中央区",
    "city_kana": "チュウオウク",
    "town": "日本橋東京日本橋タワー　８階",
    "town_kana": "ニホンバシトウキョウニホンバシタワー8カイ",
    "street": null,
    "office_name": null,
    "office_name_kana": null
  },
  "6009": {
    "postcode": "1036009",
    "prefecture": "東京都",
    "prefecture_kana": "トウキョウト",
    "prefecture_code": 13,
    "city": "中央区",
    "city_kana": "チュウオウク",
    "town": "日本橋東京日本橋タワー　９階",
    "town_kana": "ニホンバシトウキョウニホンバシタワー9カイ",
    "street": null,
    "office_name": null,
    "office_name_kana": null
  },
  "6010": {
    "postcode": "1036010",
    "prefecture": "東京都",
    "prefecture_kana": "トウキョウト",
    "prefecture_code": 13,
    "city": "中央区",
    "city_kana": "チュウオウク",
    "town": "日本橋東京日本橋タワー　１０階",
    "town_kana": "ニホンバシトウキョウニホンバシタワー10カイ",
    "street": null,
    "office_name": null,
    "office_name_kana": null
  },
  "6011": {
    "postcode": "1036011",
    "prefecture": "東京都",
    "prefecture_kana": "トウキョウト",
    "prefecture_code": 13,
    "city": "中央区",
    "city_kana": "チュウオウク",
    "town": "日本橋東京日本橋タワー　１１階",
    "town_kana": "ニホンバシトウキョウニホンバシタワー11カイ",
    "street": null,
    "office_name": null,
    "office_name_kana": null
  },
  "6012": {
    "postcode": "1036012",
    "prefecture": "東京都",
    "prefecture_kana": "トウキョウト",
    "prefecture_code": 13,
    "city": "中央区",
    "city_kana": "チュウオウク",
    "town": "日本橋東京日本橋タワー　１２階",
    "town_kana": "ニホンバシトウキョウニホンバシタワー12カイ",
    "street": null,
    "office_name": null,
    "office_name_kana": null
  },
  "6013": {
    "postcode": "1036013",
    "prefecture": "東京都",
    "prefecture_kana": "トウキョウト",
    "prefecture_code": 13,
    "city": "中央区",
    "city_kana": "チュウオウク",
    "town": "日本橋東京日本橋タワー　１３階",
    "town_kana": "ニホンバシトウキョウニホンバシタワー13カイ",
    "street": null,
    "office_name": null,
    "office_name_kana": null
  },
  "6014": {
    "postcode": "1036014",
    "prefecture": "東京都",
    "prefecture_kana": "トウキョウト",
    "prefecture_code": 13,
    "city": "中央区",
    "city_kana": "チュウオウク",
    "town": "日本橋東京日本橋タワー　１４階",
    "town_kana": "ニホンバシトウキョウニホンバシタワー14カイ",
    "street": null,
    "office_name": null,
    "office_name_kana": null
  },
  "6015": {
    "postcode": "1036015",
    "prefecture": "東京都",
    "prefecture_kana": "トウキョウト",
    "prefecture_code": 13,
    "city": "中央区",
    "city_kana": "チュウオウク",
    "town": "日本橋東京日本橋タワー　１５階",
    "town_kana": "ニホンバシトウキョウニホンバシタワー15カイ",
    "street": null,
    "office_name": null,
    "office_name_kana": null
  },
  "6016": {
    "postcode": "1036016",
    "prefecture": "東京都",
    "prefecture_kana": "トウキョウト",
    "prefecture_code": 13,
    "city": "中央区",
    "city_kana": "チュウオウク",
    "town": "日本橋東京日本橋タワー　１６階",
    "town_kana": "ニホンバシトウキョウニホンバシタワー16カイ",
    "street": null,
    "office_name": null,
    "office_name_kana": null
  },
  "6017": {
    "postcode": "1036017",
    "prefecture": "東京都",
    "prefecture_kana": "トウキョウト",
    "prefecture_code": 13,
    "city": "中央区",
    "city_kana": "チュウオウク",
    "town": "日本橋東京日本橋タワー　１７階",
    "town_kana": "ニホンバシトウキョウニホンバシタワー17カイ",
    "street": null,
    "office_name": null,
    "office_name_kana": null
  },
  "6018": {
    "postcode": "1036018",
    "prefecture": "東京都",
    "prefecture_kana": "トウキョウト",
    "prefecture_code": 13,
    "city": "中央区",
    "city_kana": "チュウオウク",
    "town": "日本橋東京日本橋タワー　１８階",
    "town_kana": "ニホンバシトウキョウニホンバシタワー18カイ",
    "street": null,
    "office_name": null,
    "office_name_kana": null
  },
  "6019": {
    "postcode": "1036019",
    "prefecture": "東京都",
    "prefecture_kana": "トウキョウト",
    "prefecture_code": 13,
    "city": "中央区",
    "city_kana": "チュウオウク",
    "town": "日本橋東京日本橋タワー　１９階",
    "town_kana": "ニホンバシトウキョウニホンバシタワー19カイ",
    "street": null,
    "office_name": null,
    "office_name_kana": null
  },
  "6020": {
    "postcode": "1036020",
    "prefecture": "東京都",
    "prefecture_kana": "トウキョウト",
    "prefecture_code": 13,
    "city": "中央区",
    "city_kana": "チュウオウク",
    "town": "日本橋東京日本橋タワー　２０階",
    "town_kana": "ニホンバシトウキョウニホンバシタワー20カイ",
    "street": null,
    "office_name": null,
    "office_name_kana": null
  },
  "6021": {
    "postcode": "1036021",
    "prefecture": "東京都",
    "prefecture_kana": "トウキョウト",
    "prefecture_code": 13,
    "city": "中央区",
    "city_kana": "チュウオウク",
    "town": "日本橋東京日本橋タワー　２１階",
    "town_kana": "ニホンバシトウキョウニホンバシタワー21カイ",
    "street": null,
    "office_name": null,
    "office_name_kana": null
  },
  "6022": {
    "postcode": "1036022",
    "prefecture": "東京都",
    "prefecture_kana": "トウキョウト",
    "prefecture_code": 13,
    "city": "中央区",
    "city_kana": "チュウオウク",
    "town": "日本橋東京日本橋タワー　２２階",
    "town_kana": "ニホンバシトウキョウニホンバシタワー22カイ",
    "street": null,
    "office_name": null,
    "office_name_kana": null
  },
  "6023": {
    "postcode": "1036023",
    "prefecture": "東京都",
    "prefecture_kana": "トウキョウト",
    "prefecture_code": 13,
    "city": "中央区",
    "city_kana": "チュウオウク",
    "town": "日本橋東京日本橋タワー　２３階",
    "town_kana": "ニホンバシトウキョウニホンバシタワー23カイ",
    "street": null,
    "office_name": null,
    "office_name_kana": null
  },
  "6024": {
    "postcode": "1036024",
    "prefecture": "東京都",
    "prefecture_kana": "トウキョウト",
    "prefecture_code": 13,
    "city": "中央区",
    "city_kana": "チュウオウク",
    "town": "日本橋東京日本橋タワー　２４階",
    "town_kana": "ニホンバシトウキョウニホンバシタワー24カイ",
    "street": null,
    "office_name": null,
    "office_name_kana": null
  },
  "6025": {
    "postcode": "1036025",
    "prefecture": "東京都",
    "prefecture_kana": "トウキョウト",
    "prefecture_code": 13,
    "city": "中央区",
    "city_kana": "チュウオウク",
    "town": "日本橋東京日本橋タワー　２５階",
    "town_kana": "ニホンバシトウキョウニホンバシタワー25カイ",
    "street": null,
    "office_name": null,
    "office_name_kana": null
  },
  "6026": {
    "postcode": "1036026",
    "prefecture": "東京都",
    "prefecture_kana": "トウキョウト",
    "prefecture_code": 13,
    "city": "中央区",
    "city_kana": "チュウオウク",
    "town": "日本橋東京日本橋タワー　２６階",
    "town_kana": "ニホンバシトウキョウニホンバシタワー26カイ",
    "street": null,
    "office_name": null,
    "office_name_kana": null
  },
  "6027": {
    "postcode": "1036027",
    "prefecture": "東京都",
    "prefecture_kana": "トウキョウト",
    "prefecture_code": 13,
    "city": "中央区",
    "city_kana": "チュウオウク",
    "town": "日本橋東京日本橋タワー　２７階",
    "town_kana": "ニホンバシトウキョウニホンバシタワー27カイ",
    "street": null,
    "office_name": null,
    "office_name_kana": null
  },
  "6028": {
    "postcode": "1036028",
    "prefecture": "東京都",
    "prefecture_kana": "トウキョウト",
    "prefecture_code": 13,
    "city": "中央区",
    "city_kana": "チュウオウク",
    "town": "日本橋東京日本橋タワー　２８階",
    "town_kana": "ニホンバシトウキョウニホンバシタワー28カイ",
    "street": null,
    "office_name": null,
    "office_name_kana": null
  },
  "6029": {
    "postcode": "1036029",
    "prefecture": "東京都",
    "prefecture_kana": "トウキョウト",
    "prefecture_code": 13,
    "city": "中央区",
    "city_kana": "チュウオウク",
    "town": "日本橋東京日本橋タワー　２９階",
    "town_kana": "ニホンバシトウキョウニホンバシタワー29カイ",
    "street": null,
    "office_name": null,
    "office_name_kana": null
  },
  "6030": {
    "postcode": "1036030",
    "prefecture": "東京都",
    "prefecture_kana": "トウキョウト",
    "prefecture_code": 13,
    "city": "中央区",
    "city_kana": "チュウオウク",
    "town": "日本橋東京日本橋タワー　３０階",
    "town_kana": "ニホンバシトウキョウニホンバシタワー30カイ",
    "street": null,
    "office_name": null,
    "office_name_kana": null
  },
  "6031": {
    "postcode": "1036031",
    "prefecture": "東京都",
    "prefecture_kana": "トウキョウト",
    "prefecture_code": 13,
    "city": "中央区",
    "city_kana": "チュウオウク",
    "town": "日本橋東京日本橋タワー　３１階",
    "town_kana": "ニホンバシトウキョウニホンバシタワー31カイ",
    "street": null,
    "office_name": null,
    "office_name_kana": null
  },
  "6032": {
    "postcode": "1036032",
    "prefecture": "東京都",
    "prefecture_kana": "トウキョウト",
    "prefecture_code": 13,
    "city": "中央区",
    "city_kana": "チュウオウク",
    "town": "日本橋東京日本橋タワー　３２階",
    "town_kana": "ニホンバシトウキョウニホンバシタワー32カイ",
    "street": null,
    "office_name": null,
    "office_name_kana": null
  },
  "6033": {
    "postcode": "1036033",
    "prefecture": "東京都",
    "prefecture_kana": "トウキョウト",
    "prefecture_code": 13,
    "city": "中央区",
    "city_kana": "チュウオウク",
    "town": "日本橋東京日本橋タワー　３３階",
    "town_kana": "ニホンバシトウキョウニホンバシタワー33カイ",
    "street": null,
    "office_name": null,
    "office_name_kana": null
  },
  "6034": {
    "postcode": "1036034",
    "prefecture": "東京都",
    "prefecture_kana": "トウキョウト",
    "prefecture_code": 13,
    "city": "中央区",
    "city_kana": "チュウオウク",
    "town": "日本橋東京日本橋タワー　３４階",
    "town_kana": "ニホンバシトウキョウニホンバシタワー34カイ",
    "street": null,
    "office_name": null,
    "office_name_kana": null
  },
  "6035": {
    "postcode": "1036035",
    "prefecture": "東京都",
    "prefecture_kana": "トウキョウト",
    "prefecture_code": 13,
    "city": "中央区",
    "city_kana": "チュウオウク",
    "town": "日本橋東京日本橋タワー　３５階",
    "town_kana": "ニホンバシトウキョウニホンバシタワー35カイ",
    "street": null,
    "office_name": null,
    "office_name_kana": null
  },
  "6090": {
    "postcode": "1036090",
    "prefecture": "東京都",
    "prefecture_kana": "トウキョウト",
    "prefecture_code": 13,
    "city": "中央区",
    "city_kana": "チュウオウク",
    "town": "日本橋東京日本橋タワー",
    "town_kana": "ニホンバシトウキョウニホンバシタワー",
    "street": null,
    "office_name": null,
    "office_name_kana": null
  },
  "6101": {
    "postcode": "1036101",
    "prefecture": "東京都",
    "prefecture_kana": "トウキョウト",
    "prefecture_code": 13,
    "city": "中央区",
    "city_kana": "チュウオウク",
    "town": "日本橋日本橋高島屋三井ビルディング　１階",
    "town_kana": "ニホンバシニホンバシタカシマヤミツイビルディング1カイ",
    "street": null,
    "office_name": null,
    "office_name_kana": null
  },
  "6102": {
    "postcode": "1036102",
    "prefecture": "東京都",
    "prefecture_kana": "トウキョウト",
    "prefecture_code": 13,
    "city": "中央区",
    "city_kana": "チュウオウク",
    "town": "日本橋日本橋高島屋三井ビルディング　２階",
    "town_kana": "ニホンバシニホンバシタカシマヤミツイビルディング2カイ",
    "street": null,
    "office_name": null,
    "office_name_kana": null
  },
  "6103": {
    "postcode": "1036103",
    "prefecture": "東京都",
    "prefecture_kana": "トウキョウト",
    "prefecture_code": 13,
    "city": "中央区",
    "city_kana": "チュウオウク",
    "town": "日本橋日本橋高島屋三井ビルディング　３階",
    "town_kana": "ニホンバシニホンバシタカシマヤミツイビルディング3カイ",
    "street": null,
    "office_name": null,
    "office_name_kana": null
  },
  "6104": {
    "postcode": "1036104",
    "prefecture": "東京都",
    "prefecture_kana": "トウキョウト",
    "prefecture_code": 13,
    "city": "中央区",
    "city_kana": "チュウオウク",
    "town": "日本橋日本橋高島屋三井ビルディング　４階",
    "town_kana": "ニホンバシニホンバシタカシマヤミツイビルディング4カイ",
    "street": null,
    "office_name": null,
    "office_name_kana": null
  },
  "6105": {
    "postcode": "1036105",
    "prefecture": "東京都",
    "prefecture_kana": "トウキョウト",
    "prefecture_code": 13,
    "city": "中央区",
    "city_kana": "チュウオウク",
    "town": "日本橋日本橋高島屋三井ビルディング　５階",
    "town_kana": "ニホンバシニホンバシタカシマヤミツイビルディング5カイ",
    "street": null,
    "office_name": null,
    "office_name_kana": null
  },
  "6106": {
    "postcode": "1036106",
    "prefecture": "東京都",
    "prefecture_kana": "トウキョウト",
    "prefecture_code": 13,
    "city": "中央区",
    "city_kana": "チュウオウク",
    "town": "日本橋日本橋高島屋三井ビルディング　６階",
    "town_kana": "ニホンバシニホンバシタカシマヤミツイビルディング6カイ",
    "street": null,
    "office_name": null,
    "office_name_kana": null
  },
  "6107": {
    "postcode": "1036107",
    "prefecture": "東京都",
    "prefecture_kana": "トウキョウト",
    "prefecture_code": 13,
    "city": "中央区",
    "city_kana": "チュウオウク",
    "town": "日本橋日本橋高島屋三井ビルディング　７階",
    "town_kana": "ニホンバシニホンバシタカシマヤミツイビルディング7カイ",
    "street": null,
    "office_name": null,
    "office_name_kana": null
  },
  "6108": {
    "postcode": "1036108",
    "prefecture": "東京都",
    "prefecture_kana": "トウキョウト",
    "prefecture_code": 13,
    "city": "中央区",
    "city_kana": "チュウオウク",
    "town": "日本橋日本橋高島屋三井ビルディング　８階",
    "town_kana": "ニホンバシニホンバシタカシマヤミツイビルディング8カイ",
    "street": null,
    "office_name": null,
    "office_name_kana": null
  },
  "6109": {
    "postcode": "1036109",
    "prefecture": "東京都",
    "prefecture_kana": "トウキョウト",
    "prefecture_code": 13,
    "city": "中央区",
    "city_kana": "チュウオウク",
    "town": "日本橋日本橋高島屋三井ビルディング　９階",
    "town_kana": "ニホンバシニホンバシタカシマヤミツイビルディング9カイ",
    "street": null,
    "office_name": null,
    "office_name_kana": null
  },
  "6110": {
    "postcode": "1036110",
    "prefecture": "東京都",
    "prefecture_kana": "トウキョウト",
    "prefecture_code": 13,
    "city": "中央区",
    "city_kana": "チュウオウク",
    "town": "日本橋日本橋高島屋三井ビルディング　１０階",
    "town_kana": "ニホンバシニホンバシタカシマヤミツイビルディング10カイ",
    "street": null,
    "office_name": null,
    "office_name_kana": null
  },
  "6111": {
    "postcode": "1036111",
    "prefecture": "東京都",
    "prefecture_kana": "トウキョウト",
    "prefecture_code": 13,
    "city": "中央区",
    "city_kana": "チュウオウク",
    "town": "日本橋日本橋高島屋三井ビルディング　１１階",
    "town_kana": "ニホンバシニホンバシタカシマヤミツイビルディング11カイ",
    "street": null,
    "office_name": null,
    "office_name_kana": null
  },
  "6112": {
    "postcode": "1036112",
    "prefecture": "東京都",
    "prefecture_kana": "トウキョウト",
    "prefecture_code": 13,
    "city": "中央区",
    "city_kana": "チュウオウク",
    "town": "日本橋日本橋高島屋三井ビルディング　１２階",
    "town_kana": "ニホンバシニホンバシタカシマヤミツイビルディング12カイ",
    "street": null,
    "office_name": null,
    "office_name_kana": null
  },
  "6113": {
    "postcode": "1036113",
    "prefecture": "東京都",
    "prefecture_kana": "トウキョウト",
    "prefecture_code": 13,
    "city": "中央区",
    "city_kana": "チュウオウク",
    "town": "日本橋日本橋高島屋三井ビルディング　１３階",
    "town_kana": "ニホンバシニホンバシタカシマヤミツイビルディング13カイ",
    "street": null,
    "office_name": null,
    "office_name_kana": null
  },
  "6114": {
    "postcode": "1036114",
    "prefecture": "東京都",
    "prefecture_kana": "トウキョウト",
    "prefecture_code": 13,
    "city": "中央区",
    "city_kana": "チュウオウク",
    "town": "日本橋日本橋高島屋三井ビルディング　１４階",
    "town_kana": "ニホンバシニホンバシタカシマヤミツイビルディング14カイ",
    "street": null,
    "office_name": null,
    "office_name_kana": null
  },
  "6115": {
    "postcode": "1036115",
    "prefecture": "東京都",
    "prefecture_kana": "トウキョウト",
    "prefecture_code": 13,
    "city": "中央区",
    "city_kana": "チュウオウク",
    "town": "日本橋日本橋高島屋三井ビルディング　１５階",
    "town_kana": "ニホンバシニホンバシタカシマヤミツイビルディング15カイ",
    "street": null,
    "office_name": null,
    "office_name_kana": null
  },
  "6116": {
    "postcode": "1036116",
    "prefecture": "東京都",
    "prefecture_kana": "トウキョウト",
    "prefecture_code": 13,
    "city": "中央区",
    "city_kana": "チュウオウク",
    "town": "日本橋日本橋高島屋三井ビルディング　１６階",
    "town_kana": "ニホンバシニホンバシタカシマヤミツイビルディング16カイ",
    "street": null,
    "office_name": null,
    "office_name_kana": null
  },
  "6117": {
    "postcode": "1036117",
    "prefecture": "東京都",
    "prefecture_kana": "トウキョウト",
    "prefecture_code": 13,
    "city": "中央区",
    "city_kana": "チュウオウク",
    "town": "日本橋日本橋高島屋三井ビルディング　１７階",
    "town_kana": "ニホンバシニホンバシタカシマヤミツイビルディング17カイ",
    "street": null,
    "office_name": null,
    "office_name_kana": null
  },
  "6118": {
    "postcode": "1036118",
    "prefecture": "東京都",
    "prefecture_kana": "トウキョウト",
    "prefecture_code": 13,
    "city": "中央区",
    "city_kana": "チュウオウク",
    "town": "日本橋日本橋高島屋三井ビルディング　１８階",
    "town_kana": "ニホンバシニホンバシタカシマヤミツイビルディング18カイ",
    "street": null,
    "office_name": null,
    "office_name_kana": null
  },
  "6119": {
    "postcode": "1036119",
    "prefecture": "東京都",
    "prefecture_kana": "トウキョウト",
    "prefecture_code": 13,
    "city": "中央区",
    "city_kana": "チュウオウク",
    "town": "日本橋日本橋高島屋三井ビルディング　１９階",
    "town_kana": "ニホンバシニホンバシタカシマヤミツイビルディング19カイ",
    "street": null,
    "office_name": null,
    "office_name_kana": null
  },
  "6120": {
    "postcode": "1036120",
    "prefecture": "東京都",
    "prefecture_kana": "トウキョウト",
    "prefecture_code": 13,
    "city": "中央区",
    "city_kana": "チュウオウク",
    "town": "日本橋日本橋高島屋三井ビルディング　２０階",
    "town_kana": "ニホンバシニホンバシタカシマヤミツイビルディング20カイ",
    "street": null,
    "office_name": null,
    "office_name_kana": null
  },
  "6121": {
    "postcode": "1036121",
    "prefecture": "東京都",
    "prefecture_kana": "トウキョウト",
    "prefecture_code": 13,
    "city": "中央区",
    "city_kana": "チュウオウク",
    "town": "日本橋日本橋高島屋三井ビルディング　２１階",
    "town_kana": "ニホンバシニホンバシタカシマヤミツイビルディング21カイ",
    "street": null,
    "office_name": null,
    "office_name_kana": null
  },
  "6122": {
    "postcode": "1036122",
    "prefecture": "東京都",
    "prefecture_kana": "トウキョウト",
    "prefecture_code": 13,
    "city": "中央区",
    "city_kana": "チュウオウク",
    "town": "日本橋日本橋高島屋三井ビルディング　２２階",
    "town_kana": "ニホンバシニホンバシタカシマヤミツイビルディング22カイ",
    "street": null,
    "office_name": null,
    "office_name_kana": null
  },
  "6123": {
    "postcode": "1036123",
    "prefecture": "東京都",
    "prefecture_kana": "トウキョウト",
    "prefecture_code": 13,
    "city": "中央区",
    "city_kana": "チュウオウク",
    "town": "日本橋日本橋高島屋三井ビルディング　２３階",
    "town_kana": "ニホンバシニホンバシタカシマヤミツイビルディング23カイ",
    "street": null,
    "office_name": null,
    "office_name_kana": null
  },
  "6124": {
    "postcode": "1036124",
    "prefecture": "東京都",
    "prefecture_kana": "トウキョウト",
    "prefecture_code": 13,
    "city": "中央区",
    "city_kana": "チュウオウク",
    "town": "日本橋日本橋高島屋三井ビルディング　２４階",
    "town_kana": "ニホンバシニホンバシタカシマヤミツイビルディング24カイ",
    "street": null,
    "office_name": null,
    "office_name_kana": null
  },
  "6125": {
    "postcode": "1036125",
    "prefecture": "東京都",
    "prefecture_kana": "トウキョウト",
    "prefecture_code": 13,
    "city": "中央区",
    "city_kana": "チュウオウク",
    "town": "日本橋日本橋高島屋三井ビルディング　２５階",
    "town_kana": "ニホンバシニホンバシタカシマヤミツイビルディング25カイ",
    "street": null,
    "office_name": null,
    "office_name_kana": null
  },
  "6126": {
    "postcode": "1036126",
    "prefecture": "東京都",
    "prefecture_kana": "トウキョウト",
    "prefecture_code": 13,
    "city": "中央区",
    "city_kana": "チュウオウク",
    "town": "日本橋日本橋高島屋三井ビルディング　２６階",
    "town_kana": "ニホンバシニホンバシタカシマヤミツイビルディング26カイ",
    "street": null,
    "office_name": null,
    "office_name_kana": null
  },
  "6127": {
    "postcode": "1036127",
    "prefecture": "東京都",
    "prefecture_kana": "トウキョウト",
    "prefecture_code": 13,
    "city": "中央区",
    "city_kana": "チュウオウク",
    "town": "日本橋日本橋高島屋三井ビルディング　２７階",
    "town_kana": "ニホンバシニホンバシタカシマヤミツイビルディング27カイ",
    "street": null,
    "office_name": null,
    "office_name_kana": null
  },
  "6128": {
    "postcode": "1036128",
    "prefecture": "東京都",
    "prefecture_kana": "トウキョウト",
    "prefecture_code": 13,
    "city": "中央区",
    "city_kana": "チュウオウク",
    "town": "日本橋日本橋高島屋三井ビルディング　２８階",
    "town_kana": "ニホンバシニホンバシタカシマヤミツイビルディング28カイ",
    "street": null,
    "office_name": null,
    "office_name_kana": null
  },
  "6129": {
    "postcode": "1036129",
    "prefecture": "東京都",
    "prefecture_kana": "トウキョウト",
    "prefecture_code": 13,
    "city": "中央区",
    "city_kana": "チュウオウク",
    "town": "日本橋日本橋高島屋三井ビルディング　２９階",
    "town_kana": "ニホンバシニホンバシタカシマヤミツイビルディング29カイ",
    "street": null,
    "office_name": null,
    "office_name_kana": null
  },
  "6130": {
    "postcode": "1036130",
    "prefecture": "東京都",
    "prefecture_kana": "トウキョウト",
    "prefecture_code": 13,
    "city": "中央区",
    "city_kana": "チュウオウク",
    "town": "日本橋日本橋高島屋三井ビルディング　３０階",
    "town_kana": "ニホンバシニホンバシタカシマヤミツイビルディング30カイ",
    "street": null,
    "office_name": null,
    "office_name_kana": null
  },
  "6131": {
    "postcode": "1036131",
    "prefecture": "東京都",
    "prefecture_kana": "トウキョウト",
    "prefecture_code": 13,
    "city": "中央区",
    "city_kana": "チュウオウク",
    "town": "日本橋日本橋高島屋三井ビルディング　３１階",
    "town_kana": "ニホンバシニホンバシタカシマヤミツイビルディング31カイ",
    "street": null,
    "office_name": null,
    "office_name_kana": null
  },
  "6132": {
    "postcode": "1036132",
    "prefecture": "東京都",
    "prefecture_kana": "トウキョウト",
    "prefecture_code": 13,
    "city": "中央区",
    "city_kana": "チュウオウク",
    "town": "日本橋日本橋高島屋三井ビルディング　３２階",
    "town_kana": "ニホンバシニホンバシタカシマヤミツイビルディング32カイ",
    "street": null,
    "office_name": null,
    "office_name_kana": null
  },
  "6190": {
    "postcode": "1036190",
    "prefecture": "東京都",
    "prefecture_kana": "トウキョウト",
    "prefecture_code": 13,
    "city": "中央区",
    "city_kana": "チュウオウク",
    "town": "日本橋日本橋高島屋三井ビルディング",
    "town_kana": "ニホンバシニホンバシタカシマヤミツイビルディング",
    "street": null,
    "office_name": null,
    "office_name_kana": null
  },
  "8001": {
    "postcode": "1038001",
    "prefecture": "東京都",
    "prefecture_kana": "トウキョウト",
    "prefecture_code": 13,
    "city": "中央区",
    "city_kana": "チュウオウク",
    "town": "日本橋室町",
    "town_kana": "ニホンバシムロマチ",
    "street": "１丁目４−１",
    "office_name": "株式会社　三越",
    "office_name_kana": "カブシキガイシヤ ミツコシ"
  },
  "8011": {
    "postcode": "1038011",
    "prefecture": "東京都",
    "prefecture_kana": "トウキョウト",
    "prefecture_code": 13,
    "city": "中央区",
    "city_kana": "チュウオウク",
    "town": "日本橋",
    "town_kana": "ニホンバシ",
    "street": "１−１３−１（にほんばし蔵前郵便局私書箱第３３号）",
    "office_name": "野村證券　株式会社",
    "office_name_kana": "ノムラシヨウケン カブシキガイシヤ"
  },
  "8201": {
    "postcode": "1038201",
    "prefecture": "東京都",
    "prefecture_kana": "トウキョウト",
    "prefecture_code": 13,
    "city": "中央区",
    "city_kana": "チュウオウク",
    "town": "日本橋茅場町",
    "town_kana": "ニホンバシカヤバチョウ",
    "street": "１丁目１０−８グリーンヒルビル３階",
    "office_name": "三洋証券　株式会社",
    "office_name_kana": "サンヨウシヨウケン (カブ)"
  },
  "8202": {
    "postcode": "1038202",
    "prefecture": "東京都",
    "prefecture_kana": "トウキョウト",
    "prefecture_code": 13,
    "city": "中央区",
    "city_kana": "チュウオウク",
    "town": "日本橋茅場町",
    "town_kana": "ニホンバシカヤバチョウ",
    "street": "１丁目２−４",
    "office_name": "日本証券代行　株式会社",
    "office_name_kana": "ニホンシヨウケンダイコウ (カブ)"
  },
  "8203": [
    {
      "postcode": "1038203",
      "prefecture": "東京都",
      "prefecture_kana": "トウキョウト",
      "prefecture_code": 13,
      "city": "中央区",
      "city_kana": "チュウオウク",
      "town": "日本橋茅場町",
      "town_kana": "ニホンバシカヤバチョウ",
      "street": "１丁目８番１号",
      "office_name": "オーストラリアドライフルーツ　株式会社",
      "office_name_kana": "オ-ストラリアドライフル-ツ カブシキガイシヤ"
    },
    {
      "postcode": "1038203",
      "prefecture": "東京都",
      "prefecture_kana": "トウキョウト",
      "prefecture_code": 13,
      "city": "中央区",
      "city_kana": "チュウオウク",
      "town": "日本橋茅場町",
      "town_kana": "ニホンバシカヤバチョウ",
      "street": "１丁目８番１号",
      "office_name": "株式会社　京まろん",
      "office_name_kana": "カブシキガイシヤ キヨウマロン"
    },
    {
      "postcode": "1038203",
      "prefecture": "東京都",
      "prefecture_kana": "トウキョウト",
      "prefecture_code": 13,
      "city": "中央区",
      "city_kana": "チュウオウク",
      "town": "日本橋茅場町",
      "town_kana": "ニホンバシカヤバチョウ",
      "street": "１丁目８番１号",
      "office_name": "株式会社　正栄デリシィ",
      "office_name_kana": "カブシキガイシヤ シヨウエイデリシイ"
    },
    {
      "postcode": "1038203",
      "prefecture": "東京都",
      "prefecture_kana": "トウキョウト",
      "prefecture_code": 13,
      "city": "中央区",
      "city_kana": "チュウオウク",
      "town": "日本橋茅場町",
      "town_kana": "ニホンバシカヤバチョウ",
      "street": "１丁目８番１号",
      "office_name": "株式会社　ロビニア",
      "office_name_kana": "カブシキガイシヤ ロビニア"
    },
    {
      "postcode": "1038203",
      "prefecture": "東京都",
      "prefecture_kana": "トウキョウト",
      "prefecture_code": 13,
      "city": "中央区",
      "city_kana": "チュウオウク",
      "town": "日本橋茅場町",
      "town_kana": "ニホンバシカヤバチョウ",
      "street": "１丁目８番１号",
      "office_name": "正栄食品工業　株式会社",
      "office_name_kana": "シヨウエイシヨクヒンコウギヨウ カブシキガイシヤ"
    },
    {
      "postcode": "1038203",
      "prefecture": "東京都",
      "prefecture_kana": "トウキョウト",
      "prefecture_code": 13,
      "city": "中央区",
      "city_kana": "チュウオウク",
      "town": "日本橋茅場町",
      "town_kana": "ニホンバシカヤバチョウ",
      "street": "１丁目８番１号",
      "office_name": "成光商事　株式会社",
      "office_name_kana": "セイコウシヨウジ カブシキガイシヤ"
    },
    {
      "postcode": "1038203",
      "prefecture": "東京都",
      "prefecture_kana": "トウキョウト",
      "prefecture_code": 13,
      "city": "中央区",
      "city_kana": "チュウオウク",
      "town": "日本橋茅場町",
      "town_kana": "ニホンバシカヤバチョウ",
      "street": "１丁目８番１号",
      "office_name": "筑波乳業　株式会社",
      "office_name_kana": "ツクバニユウギヨウ カブシキガイシヤ"
    },
    {
      "postcode": "1038203",
      "prefecture": "東京都",
      "prefecture_kana": "トウキョウト",
      "prefecture_code": 13,
      "city": "中央区",
      "city_kana": "チュウオウク",
      "town": "日本橋茅場町",
      "town_kana": "ニホンバシカヤバチョウ",
      "street": "１丁目８番１号",
      "office_name": "本多興産　有限会社",
      "office_name_kana": "ホンダコウサン ユウゲンガイシヤ"
    }
  ],
  "8204": {
    "postcode": "1038204",
    "prefecture": "東京都",
    "prefecture_kana": "トウキョウト",
    "prefecture_code": 13,
    "city": "中央区",
    "city_kana": "チュウオウク",
    "town": "日本橋茅場町",
    "town_kana": "ニホンバシカヤバチョウ",
    "street": "１丁目１３−１２さくら日本橋ビルディング",
    "office_name": "住友三井オートサービス　株式会社",
    "office_name_kana": "スミトモミツイオ-トサ-ビス カブシキガイシヤ"
  },
  "8205": {
    "postcode": "1038205",
    "prefecture": "東京都",
    "prefecture_kana": "トウキョウト",
    "prefecture_code": 13,
    "city": "中央区",
    "city_kana": "チュウオウク",
    "town": "日本橋茅場町",
    "town_kana": "ニホンバシカヤバチョウ",
    "street": "２丁目１５−４",
    "office_name": "ハナマルキ　株式会社",
    "office_name_kana": "ハナマルキ カブシキガイシヤ"
  },
  "8206": {
    "postcode": "1038206",
    "prefecture": "東京都",
    "prefecture_kana": "トウキョウト",
    "prefecture_code": 13,
    "city": "中央区",
    "city_kana": "チュウオウク",
    "town": "日本橋茅場町",
    "town_kana": "ニホンバシカヤバチョウ",
    "street": "２丁目６−６",
    "office_name": "田中貴金属工業　株式会社",
    "office_name_kana": "タナカキキンゾクコウギヨウ (カブ)"
  },
  "8208": {
    "postcode": "1038208",
    "prefecture": "東京都",
    "prefecture_kana": "トウキョウト",
    "prefecture_code": 13,
    "city": "中央区",
    "city_kana": "チュウオウク",
    "town": "日本橋茅場町",
    "town_kana": "ニホンバシカヤバチョウ",
    "street": "１丁目２番４号",
    "office_name": "日本電子計算　株式会社",
    "office_name_kana": "ニホンデンシケイサン カブシキガイシヤ"
  },
  "8210": {
    "postcode": "1038210",
    "prefecture": "東京都",
    "prefecture_kana": "トウキョウト",
    "prefecture_code": 13,
    "city": "中央区",
    "city_kana": "チュウオウク",
    "town": "日本橋茅場町",
    "town_kana": "ニホンバシカヤバチョウ",
    "street": "１丁目１４−１０",
    "office_name": "花王　株式会社",
    "office_name_kana": "カオウ (カブ)"
  },
  "8211": {
    "postcode": "1038211",
    "prefecture": "東京都",
    "prefecture_kana": "トウキョウト",
    "prefecture_code": 13,
    "city": "中央区",
    "city_kana": "チュウオウク",
    "town": "日本橋茅場町",
    "town_kana": "ニホンバシカヤバチョウ",
    "street": "１丁目１３−１６",
    "office_name": "澁澤倉庫　株式会社",
    "office_name_kana": "シブサワソウコ カブシキガイシヤ"
  },
  "8212": {
    "postcode": "1038212",
    "prefecture": "東京都",
    "prefecture_kana": "トウキョウト",
    "prefecture_code": 13,
    "city": "中央区",
    "city_kana": "チュウオウク",
    "town": "日本橋茅場町",
    "town_kana": "ニホンバシカヤバチョウ",
    "street": "２丁目８−４",
    "office_name": "全国経済事業協同組合連合会",
    "office_name_kana": "ゼンコクケイザイジギヨウキヨウドウクミアイ"
  },
  "8214": {
    "postcode": "1038214",
    "prefecture": "東京都",
    "prefecture_kana": "トウキョウト",
    "prefecture_code": 13,
    "city": "中央区",
    "city_kana": "チュウオウク",
    "town": "日本橋馬喰町",
    "town_kana": "ニホンバシバクロチョウ",
    "street": "１丁目１２番３号Ｄａｉｗａ日本橋馬喰町ビル３階",
    "office_name": "株式会社　第一成和事務所",
    "office_name_kana": "カブシキガイシヤ ダイイチセイワジムシヨ"
  },
  "8218": {
    "postcode": "1038218",
    "prefecture": "東京都",
    "prefecture_kana": "トウキョウト",
    "prefecture_code": 13,
    "city": "中央区",
    "city_kana": "チュウオウク",
    "town": "日本橋",
    "town_kana": "ニホンバシ",
    "street": "２丁目１２番１０号",
    "office_name": "高島屋スペースクリエイツ　株式会社",
    "office_name_kana": "タカシマヤスペ-スクリエイツ カブシキガイシヤ"
  },
  "8221": {
    "postcode": "1038221",
    "prefecture": "東京都",
    "prefecture_kana": "トウキョウト",
    "prefecture_code": 13,
    "city": "中央区",
    "city_kana": "チュウオウク",
    "town": "日本橋兜町",
    "town_kana": "ニホンバシカブトチョウ",
    "street": "７−１２",
    "office_name": "ＳＭＢＣフレンド証券　株式会社",
    "office_name_kana": "エスエムビ-シ-フレンドシヨウケン カブシキガイシヤ"
  },
  "8222": {
    "postcode": "1038222",
    "prefecture": "東京都",
    "prefecture_kana": "トウキョウト",
    "prefecture_code": 13,
    "city": "中央区",
    "city_kana": "チュウオウク",
    "town": "日本橋兜町",
    "town_kana": "ニホンバシカブトチョウ",
    "street": "１−１０",
    "office_name": "平和不動産　株式会社",
    "office_name_kana": "ヘイワフドウサン (カブ)"
  },
  "8224": {
    "postcode": "1038224",
    "prefecture": "東京都",
    "prefecture_kana": "トウキョウト",
    "prefecture_code": 13,
    "city": "中央区",
    "city_kana": "チュウオウク",
    "town": "日本橋兜町",
    "town_kana": "ニホンバシカブトチョウ",
    "street": "２−１",
    "office_name": "株式会社　日本取引所グループ",
    "office_name_kana": "カブシキガイシヤ ニツポントリヒキジヨグル-プ"
  },
  "8225": {
    "postcode": "1038225",
    "prefecture": "東京都",
    "prefecture_kana": "トウキョウト",
    "prefecture_code": 13,
    "city": "中央区",
    "city_kana": "チュウオウク",
    "town": "日本橋兜町",
    "town_kana": "ニホンバシカブトチョウ",
    "street": "６−５",
    "office_name": "ＳＭＢＣ日興証券　株式会社",
    "office_name_kana": "エスエムビ-シ-ニツコウシヨウケン カブシキガイシヤ"
  },
  "8228": {
    "postcode": "1038228",
    "prefecture": "東京都",
    "prefecture_kana": "トウキョウト",
    "prefecture_code": 13,
    "city": "中央区",
    "city_kana": "チュウオウク",
    "town": "日本橋兜町",
    "town_kana": "ニホンバシカブトチョウ",
    "street": "２１−７ＫＡＴＯ．ＩＨＩビル",
    "office_name": "加藤産商　株式会社",
    "office_name_kana": "カトウサンシヨウ (カブ)"
  },
  "8229": {
    "postcode": "1038229",
    "prefecture": "東京都",
    "prefecture_kana": "トウキョウト",
    "prefecture_code": 13,
    "city": "中央区",
    "city_kana": "チュウオウク",
    "town": "日本橋兜町",
    "town_kana": "ニホンバシカブトチョウ",
    "street": "２番１号",
    "office_name": "日本取引所自主規制法人",
    "office_name_kana": "ニツポントリヒキジヨジシユキセイホウジン"
  },
  "8230": {
    "postcode": "1038230",
    "prefecture": "東京都",
    "prefecture_kana": "トウキョウト",
    "prefecture_code": 13,
    "city": "中央区",
    "city_kana": "チュウオウク",
    "town": "日本橋",
    "town_kana": "ニホンバシ",
    "street": "１丁目４−１日本橋一丁目三井ビルディング",
    "office_name": "ＢｏｆＡ証券　株式会社",
    "office_name_kana": "ビ-オブエ-シヨウケン カブシキガイシヤ"
  },
  "8231": {
    "postcode": "1038231",
    "prefecture": "東京都",
    "prefecture_kana": "トウキョウト",
    "prefecture_code": 13,
    "city": "中央区",
    "city_kana": "チュウオウク",
    "town": "日本橋",
    "town_kana": "ニホンバシ",
    "street": "３丁目３−９",
    "office_name": "株式会社　毎日ＥＶＲシステム",
    "office_name_kana": "カブシキガイシヤ マイニチイ-ブイア-ルシステム"
  },
  "8232": {
    "postcode": "1038232",
    "prefecture": "東京都",
    "prefecture_kana": "トウキョウト",
    "prefecture_code": 13,
    "city": "中央区",
    "city_kana": "チュウオウク",
    "town": "日本橋",
    "town_kana": "ニホンバシ",
    "street": "２丁目１５−１０",
    "office_name": "宝酒造　株式会社　首都圏支社",
    "office_name_kana": "タカラシユゾウ カブシキガイシヤ シユトケンシシヤ"
  },
  "8233": {
    "postcode": "1038233",
    "prefecture": "東京都",
    "prefecture_kana": "トウキョウト",
    "prefecture_code": 13,
    "city": "中央区",
    "city_kana": "チュウオウク",
    "town": "日本橋",
    "town_kana": "ニホンバシ",
    "street": "３丁目７−２０",
    "office_name": "ＤＩＣ　株式会社",
    "office_name_kana": "デイアイシ- カブシキガイシヤ"
  },
  "8234": {
    "postcode": "1038234",
    "prefecture": "東京都",
    "prefecture_kana": "トウキョウト",
    "prefecture_code": 13,
    "city": "中央区",
    "city_kana": "チュウオウク",
    "town": "日本橋",
    "town_kana": "ニホンバシ",
    "street": "３−１４−１０",
    "office_name": "第一三共　株式会社　第一三共日本橋ビル",
    "office_name_kana": "ダイイチサンキヨウ カブシキガイシヤ ダイイチサンキヨウニホンバシビル"
  },
  "8235": {
    "postcode": "1038235",
    "prefecture": "東京都",
    "prefecture_kana": "トウキョウト",
    "prefecture_code": 13,
    "city": "中央区",
    "city_kana": "チュウオウク",
    "town": "日本橋茅場町",
    "town_kana": "ニホンバシカヤバチョウ",
    "street": "２−１２−７高栄茅場町ビル",
    "office_name": "高島屋クレジット　株式会社",
    "office_name_kana": "タカシマヤクレジツト カブシキガイシヤ"
  },
  "8236": {
    "postcode": "1038236",
    "prefecture": "東京都",
    "prefecture_kana": "トウキョウト",
    "prefecture_code": 13,
    "city": "中央区",
    "city_kana": "チュウオウク",
    "town": "日本橋",
    "town_kana": "ニホンバシ",
    "street": "１丁目２−５",
    "office_name": "日本農薬　株式会社",
    "office_name_kana": "ニホンノウヤク (カブ)"
  },
  "8238": {
    "postcode": "1038238",
    "prefecture": "東京都",
    "prefecture_kana": "トウキョウト",
    "prefecture_code": 13,
    "city": "中央区",
    "city_kana": "チュウオウク",
    "town": "日本橋",
    "town_kana": "ニホンバシ",
    "street": "３丁目１１−２",
    "office_name": "株式会社　東日本銀行",
    "office_name_kana": "(カブ) ヒガシニホンギンコウ"
  },
  "8239": {
    "postcode": "1038239",
    "prefecture": "東京都",
    "prefecture_kana": "トウキョウト",
    "prefecture_code": 13,
    "city": "中央区",
    "city_kana": "チュウオウク",
    "town": "日本橋",
    "town_kana": "ニホンバシ",
    "street": "３丁目１０番５号",
    "office_name": "株式会社　オンワードホールディングス",
    "office_name_kana": "カブシキガイシヤ オンワ-ドホ-ルデイングス"
  },
  "8240": {
    "postcode": "1038240",
    "prefecture": "東京都",
    "prefecture_kana": "トウキョウト",
    "prefecture_code": 13,
    "city": "中央区",
    "city_kana": "チュウオウク",
    "town": "日本橋",
    "town_kana": "ニホンバシ",
    "street": "２丁目１−１０",
    "office_name": "大和製罐　株式会社",
    "office_name_kana": "ダイワセイカン (カブ)"
  },
  "8241": {
    "postcode": "1038241",
    "prefecture": "東京都",
    "prefecture_kana": "トウキョウト",
    "prefecture_code": 13,
    "city": "中央区",
    "city_kana": "チュウオウク",
    "town": "日本橋",
    "town_kana": "ニホンバシ",
    "street": "１−１−１",
    "office_name": "国分グループ本社　株式会社",
    "office_name_kana": "コクブグル-プホンシヤ カブシキガイシヤ"
  },
  "8243": {
    "postcode": "1038243",
    "prefecture": "東京都",
    "prefecture_kana": "トウキョウト",
    "prefecture_code": 13,
    "city": "中央区",
    "city_kana": "チュウオウク",
    "town": "日本橋",
    "town_kana": "ニホンバシ",
    "street": "１丁目５−３",
    "office_name": "富士電機イー・アイ・シー　株式会社",
    "office_name_kana": "フジデンキイ-アイシ- (カブ)"
  },
  "8245": {
    "postcode": "1038245",
    "prefecture": "東京都",
    "prefecture_kana": "トウキョウト",
    "prefecture_code": 13,
    "city": "中央区",
    "city_kana": "チュウオウク",
    "town": "日本橋",
    "town_kana": "ニホンバシ",
    "street": "２丁目３−１０",
    "office_name": "丸善　株式会社",
    "office_name_kana": "マルゼン (カブ)"
  },
  "8247": {
    "postcode": "1038247",
    "prefecture": "東京都",
    "prefecture_kana": "トウキョウト",
    "prefecture_code": 13,
    "city": "中央区",
    "city_kana": "チュウオウク",
    "town": "日本橋",
    "town_kana": "ニホンバシ",
    "street": "１丁目４−１日本橋一丁目ビルディング",
    "office_name": "伊藤忠丸紅鉄鋼　株式会社",
    "office_name_kana": "イトウチユウマルベニテツコウ カブシキガイシヤ"
  },
  "8248": {
    "postcode": "1038248",
    "prefecture": "東京都",
    "prefecture_kana": "トウキョウト",
    "prefecture_code": 13,
    "city": "中央区",
    "city_kana": "チュウオウク",
    "town": "日本橋",
    "town_kana": "ニホンバシ",
    "street": "１−１５−１パーカービル",
    "office_name": "株式会社　馬渕商事",
    "office_name_kana": "カブシキガイシヤ マブチシヨウジ"
  },
  "8250": {
    "postcode": "1038250",
    "prefecture": "東京都",
    "prefecture_kana": "トウキョウト",
    "prefecture_code": 13,
    "city": "中央区",
    "city_kana": "チュウオウク",
    "town": "日本橋",
    "town_kana": "ニホンバシ",
    "street": "３−５−１９",
    "office_name": "あいおいニッセイ同和損害保険　株式会社",
    "office_name_kana": "アイオイニツセイドウワソンガイホケン カブシキカイシヤ"
  },
  "8251": {
    "postcode": "1038251",
    "prefecture": "東京都",
    "prefecture_kana": "トウキョウト",
    "prefecture_code": 13,
    "city": "中央区",
    "city_kana": "チュウオウク",
    "town": "日本橋",
    "town_kana": "ニホンバシ",
    "street": "３丁目６−２",
    "office_name": "株式会社　コーセー",
    "office_name_kana": "カブシキガイシヤ コ-セ-"
  },
  "8252": {
    "postcode": "1038252",
    "prefecture": "東京都",
    "prefecture_kana": "トウキョウト",
    "prefecture_code": 13,
    "city": "中央区",
    "city_kana": "チュウオウク",
    "town": "日本橋",
    "town_kana": "ニホンバシ",
    "street": "２丁目１３−１２",
    "office_name": "日本生命保険　相互会社　日本橋総支社",
    "office_name_kana": "ニホンセイメイホケン ソウゴカイシヤ ニホンバシソウシシヤ"
  },
  "8255": {
    "postcode": "1038255",
    "prefecture": "東京都",
    "prefecture_kana": "トウキョウト",
    "prefecture_code": 13,
    "city": "中央区",
    "city_kana": "チュウオウク",
    "town": "日本橋",
    "town_kana": "ニホンバシ",
    "street": "２丁目２−１０",
    "office_name": "損害保険ジャパン日本興亜　株式会社",
    "office_name_kana": "ソンガイホケンジヤパンニツポンコウア カブシキガイシヤ"
  },
  "8256": {
    "postcode": "1038256",
    "prefecture": "東京都",
    "prefecture_kana": "トウキョウト",
    "prefecture_code": 13,
    "city": "中央区",
    "city_kana": "チュウオウク",
    "town": "日本橋",
    "town_kana": "ニホンバシ",
    "street": "２−１１−２太陽生命日本橋ビル２０階",
    "office_name": "株式会社　サニクリーン",
    "office_name_kana": "カブシキガイシヤ サニクリ-ン"
  },
  "8259": {
    "postcode": "1038259",
    "prefecture": "東京都",
    "prefecture_kana": "トウキョウト",
    "prefecture_code": 13,
    "city": "中央区",
    "city_kana": "チュウオウク",
    "town": "日本橋",
    "town_kana": "ニホンバシ",
    "street": "３丁目１２−２朝日ビルディング",
    "office_name": "スミダ電機　株式会社",
    "office_name_kana": "スミダデンキ カブシキガイシヤ"
  },
  "8260": {
    "postcode": "1038260",
    "prefecture": "東京都",
    "prefecture_kana": "トウキョウト",
    "prefecture_code": 13,
    "city": "中央区",
    "city_kana": "チュウオウク",
    "town": "日本橋",
    "town_kana": "ニホンバシ",
    "street": "１丁目１２−１",
    "office_name": "野村アセットマネジメント　株式会社",
    "office_name_kana": "ノムラアセツトマネジメント カブシキカイシヤ"
  },
  "8261": {
    "postcode": "1038261",
    "prefecture": "東京都",
    "prefecture_kana": "トウキョウト",
    "prefecture_code": 13,
    "city": "中央区",
    "city_kana": "チュウオウク",
    "town": "日本橋",
    "town_kana": "ニホンバシ",
    "street": "１丁目２−５",
    "office_name": "神鋼商事　株式会社",
    "office_name_kana": "シンコウシヨウジ (カブ)"
  },
  "8265": {
    "postcode": "1038265",
    "prefecture": "東京都",
    "prefecture_kana": "トウキョウト",
    "prefecture_code": 13,
    "city": "中央区",
    "city_kana": "チュウオウク",
    "town": "日本橋",
    "town_kana": "ニホンバシ",
    "street": "２丁目４−１",
    "office_name": "株式会社　高島屋",
    "office_name_kana": "カブシキガイシヤ タカシマヤ"
  },
  "8266": {
    "postcode": "1038266",
    "prefecture": "東京都",
    "prefecture_kana": "トウキョウト",
    "prefecture_code": 13,
    "city": "中央区",
    "city_kana": "チュウオウク",
    "town": "日本橋",
    "town_kana": "ニホンバシ",
    "street": "１丁目１９番１号日本橋ダイヤビルディング",
    "office_name": "株式会社　日本旅行",
    "office_name_kana": "カブシキガイシヤ ニホンリヨコウ"
  },
  "8270": {
    "postcode": "1038270",
    "prefecture": "東京都",
    "prefecture_kana": "トウキョウト",
    "prefecture_code": 13,
    "city": "中央区",
    "city_kana": "チュウオウク",
    "town": "日本橋",
    "town_kana": "ニホンバシ",
    "street": "１丁目７−９第百生命日本橋ビル",
    "office_name": "日本橋社会保険事務所",
    "office_name_kana": "ニホンバシシヤカイホケンジムシヨ"
  },
  "8273": {
    "postcode": "1038273",
    "prefecture": "東京都",
    "prefecture_kana": "トウキョウト",
    "prefecture_code": 13,
    "city": "中央区",
    "city_kana": "チュウオウク",
    "town": "日本橋",
    "town_kana": "ニホンバシ",
    "street": "１丁目４−１",
    "office_name": "三井リース事業　株式会社",
    "office_name_kana": "ミツイリ-スジギヨウ カブシキガイシヤ"
  },
  "8276": {
    "postcode": "1038276",
    "prefecture": "東京都",
    "prefecture_kana": "トウキョウト",
    "prefecture_code": 13,
    "city": "中央区",
    "city_kana": "チュウオウク",
    "town": "日本橋",
    "town_kana": "ニホンバシ",
    "street": "３−１０−５オンワードパークビルディング",
    "office_name": "株式会社　コングレ",
    "office_name_kana": "カブシキガイシヤ コングレ"
  },
  "8277": [
    {
      "postcode": "1038277",
      "prefecture": "東京都",
      "prefecture_kana": "トウキョウト",
      "prefecture_code": 13,
      "city": "中央区",
      "city_kana": "チュウオウク",
      "town": "日本橋",
      "town_kana": "ニホンバシ",
      "street": "２−１−３アーバンネット日本橋二丁目ビル４Ｆ",
      "office_name": "株式会社　エヌ・ティ・ティ・ロジスコ",
      "office_name_kana": "カブシキガイシヤ エヌ・テイ・テイ・ロジスコ"
    },
    {
      "postcode": "1038277",
      "prefecture": "東京都",
      "prefecture_kana": "トウキョウト",
      "prefecture_code": 13,
      "city": "中央区",
      "city_kana": "チュウオウク",
      "town": "日本橋",
      "town_kana": "ニホンバシ",
      "street": "２−１−３アーバンネット日本橋二丁目ビル４Ｆ",
      "office_name": "株式会社　エヌ・ティ・ティ・ロジスコサービス",
      "office_name_kana": "カブシキガイシヤ エヌ・テイ・テイ・ロジスコサ-ビス"
    }
  ],
  "8278": {
    "postcode": "1038278",
    "prefecture": "東京都",
    "prefecture_kana": "トウキョウト",
    "prefecture_code": 13,
    "city": "中央区",
    "city_kana": "チュウオウク",
    "town": "日本橋",
    "town_kana": "ニホンバシ",
    "street": "１丁目１７−６",
    "office_name": "岡三証券　株式会社",
    "office_name_kana": "オカサンシヨウケン (カブ)"
  },
  "8282": {
    "postcode": "1038282",
    "prefecture": "東京都",
    "prefecture_kana": "トウキョウト",
    "prefecture_code": 13,
    "city": "中央区",
    "city_kana": "チュウオウク",
    "town": "八重洲",
    "town_kana": "ヤエス",
    "street": "１丁目４番１６号",
    "office_name": "日本電工　株式会社",
    "office_name_kana": "ニツポンデンコウ カブシキガイシヤ"
  },
  "8284": {
    "postcode": "1038284",
    "prefecture": "東京都",
    "prefecture_kana": "トウキョウト",
    "prefecture_code": 13,
    "city": "中央区",
    "city_kana": "チュウオウク",
    "town": "八重洲",
    "town_kana": "ヤエス",
    "street": "１丁目１番６号",
    "office_name": "株式会社　東陽テクニカ",
    "office_name_kana": "カブシキガイシヤ トウヨウテクニカ"
  },
  "8285": {
    "postcode": "1038285",
    "prefecture": "東京都",
    "prefecture_kana": "トウキョウト",
    "prefecture_code": 13,
    "city": "中央区",
    "city_kana": "チュウオウク",
    "town": "八重洲",
    "town_kana": "ヤエス",
    "street": "１丁目４番１６号",
    "office_name": "東京建物　株式会社",
    "office_name_kana": "トウキヨウタテモノ カブシキガイシヤ"
  },
  "8287": {
    "postcode": "1038287",
    "prefecture": "東京都",
    "prefecture_kana": "トウキョウト",
    "prefecture_code": 13,
    "city": "中央区",
    "city_kana": "チュウオウク",
    "town": "八重洲",
    "town_kana": "ヤエス",
    "street": "１丁目４番１８号",
    "office_name": "株式会社　廣瀬商会",
    "office_name_kana": "カブシキガイシヤ ヒロセシヨウカイ"
  },
  "8301": {
    "postcode": "1038301",
    "prefecture": "東京都",
    "prefecture_kana": "トウキョウト",
    "prefecture_code": 13,
    "city": "中央区",
    "city_kana": "チュウオウク",
    "town": "日本橋室町",
    "town_kana": "ニホンバシムロマチ",
    "street": "１−２−６日本橋大栄ビル５階",
    "office_name": "緑屋電気　株式会社",
    "office_name_kana": "ミドリヤデンキ カブシキガイシヤ"
  },
  "8303": {
    "postcode": "1038303",
    "prefecture": "東京都",
    "prefecture_kana": "トウキョウト",
    "prefecture_code": 13,
    "city": "中央区",
    "city_kana": "チュウオウク",
    "town": "日本橋室町",
    "town_kana": "ニホンバシムロマチ",
    "street": "二丁目４番３号",
    "office_name": "株式会社　ＳＢＩ新生銀行",
    "office_name_kana": "カブシキガイシヤ エスビ-アイシンセイギンコウ"
  },
  "8307": {
    "postcode": "1038307",
    "prefecture": "東京都",
    "prefecture_kana": "トウキョウト",
    "prefecture_code": 13,
    "city": "中央区",
    "city_kana": "チュウオウク",
    "town": "日本橋室町",
    "town_kana": "ニホンバシムロマチ",
    "street": "３丁目４−４ＪＰビル",
    "office_name": "ブリヂストン化成品東京　株式会社",
    "office_name_kana": "ブリヂストンカセイヒントウキヨウ (カブ)"
  },
  "8308": {
    "postcode": "1038308",
    "prefecture": "東京都",
    "prefecture_kana": "トウキョウト",
    "prefecture_code": 13,
    "city": "中央区",
    "city_kana": "チュウオウク",
    "town": "日本橋",
    "town_kana": "ニホンバシ",
    "street": "２丁目３−４日本橋プラザビル",
    "office_name": "富士フィルター工業　株式会社",
    "office_name_kana": "フジフイルタ-コウギヨウ (カブ)"
  },
  "8311": {
    "postcode": "1038311",
    "prefecture": "東京都",
    "prefecture_kana": "トウキョウト",
    "prefecture_code": 13,
    "city": "中央区",
    "city_kana": "チュウオウク",
    "town": "日本橋室町",
    "town_kana": "ニホンバシムロマチ",
    "street": "２丁目３−１４",
    "office_name": "旭電化工業　株式会社",
    "office_name_kana": "アサヒデンカコウギヨウ (カブ)"
  },
  "8312": {
    "postcode": "1038312",
    "prefecture": "東京都",
    "prefecture_kana": "トウキョウト",
    "prefecture_code": 13,
    "city": "中央区",
    "city_kana": "チュウオウク",
    "town": "日本橋室町",
    "town_kana": "ニホンバシムロマチ",
    "street": "２−４−３日本橋室町野村ビル",
    "office_name": "株式会社　アプラス",
    "office_name_kana": "カブシキガイシヤ アプラス"
  },
  "8313": {
    "postcode": "1038313",
    "prefecture": "東京都",
    "prefecture_kana": "トウキョウト",
    "prefecture_code": 13,
    "city": "中央区",
    "city_kana": "チュウオウク",
    "town": "日本橋富沢町",
    "town_kana": "ニホンバシトミザワチョウ",
    "street": "１１−７",
    "office_name": "小堺化学工業　株式会社",
    "office_name_kana": "コサカイカガクコウギヨウ (カブ)"
  },
  "8314": {
    "postcode": "1038314",
    "prefecture": "東京都",
    "prefecture_kana": "トウキョウト",
    "prefecture_code": 13,
    "city": "中央区",
    "city_kana": "チュウオウク",
    "town": "日本橋室町",
    "town_kana": "ニホンバシムロマチ",
    "street": "２−１−１日本橋三井タワー",
    "office_name": "株式会社　クマヒラ",
    "office_name_kana": "カブシキガイシヤ クマヒラ"
  },
  "8317": {
    "postcode": "1038317",
    "prefecture": "東京都",
    "prefecture_kana": "トウキョウト",
    "prefecture_code": 13,
    "city": "中央区",
    "city_kana": "チュウオウク",
    "town": "日本橋兜町",
    "town_kana": "ニホンバシカブトチョウ",
    "street": "７番１号",
    "office_name": "株式会社　ＱＵＩＣＫ　本社",
    "office_name_kana": "カブシキカイシヤ クイツク ホンシヤ"
  },
  "8318": {
    "postcode": "1038318",
    "prefecture": "東京都",
    "prefecture_kana": "トウキョウト",
    "prefecture_code": 13,
    "city": "中央区",
    "city_kana": "チュウオウク",
    "town": "日本橋室町",
    "town_kana": "ニホンバシムロマチ",
    "street": "２丁目４番３号",
    "office_name": "昭和リース　株式会社",
    "office_name_kana": "シヨウワリ-ス カブシキガイシヤ"
  },
  "8321": {
    "postcode": "1038321",
    "prefecture": "東京都",
    "prefecture_kana": "トウキョウト",
    "prefecture_code": 13,
    "city": "中央区",
    "city_kana": "チュウオウク",
    "town": "日本橋本石町",
    "town_kana": "ニホンバシホンゴクチョウ",
    "street": "４丁目６−７日本橋日銀通りビル８階",
    "office_name": "ユニチカ　株式会社　東京本社",
    "office_name_kana": "ユニチカ カブシキガイシヤ トウキヨウホンシヤ"
  },
  "8323": {
    "postcode": "1038323",
    "prefecture": "東京都",
    "prefecture_kana": "トウキョウト",
    "prefecture_code": 13,
    "city": "中央区",
    "city_kana": "チュウオウク",
    "town": "日本橋室町",
    "town_kana": "ニホンバシムロマチ",
    "street": "２丁目１−１",
    "office_name": "三井信託銀行　株式会社",
    "office_name_kana": "ミツイシンタクギンコウ (カブ)"
  },
  "8324": {
    "postcode": "1038324",
    "prefecture": "東京都",
    "prefecture_kana": "トウキョウト",
    "prefecture_code": 13,
    "city": "中央区",
    "city_kana": "チュウオウク",
    "town": "日本橋室町",
    "town_kana": "ニホンバシムロマチ",
    "street": "２丁目１−１日本橋三井タワー１５Ｆ",
    "office_name": "中外製薬　株式会社",
    "office_name_kana": "チユウガイセイヤク カブシキガイシヤ"
  },
  "8325": {
    "postcode": "1038325",
    "prefecture": "東京都",
    "prefecture_kana": "トウキョウト",
    "prefecture_code": 13,
    "city": "中央区",
    "city_kana": "チュウオウク",
    "town": "日本橋室町",
    "town_kana": "ニホンバシムロマチ",
    "street": "２−１−１",
    "office_name": "株式会社　ニッセイコム",
    "office_name_kana": "カブシキガイシヤ ニツセイコム"
  },
  "8328": {
    "postcode": "1038328",
    "prefecture": "東京都",
    "prefecture_kana": "トウキョウト",
    "prefecture_code": 13,
    "city": "中央区",
    "city_kana": "チュウオウク",
    "town": "日本橋室町",
    "town_kana": "ニホンバシムロマチ",
    "street": "２丁目１−１",
    "office_name": "マンダリン・オリエンタル東京　株式会社",
    "office_name_kana": "マンダリン・オリエンタルトウキヨウ カブシキガイシヤ"
  },
  "8330": {
    "postcode": "1038330",
    "prefecture": "東京都",
    "prefecture_kana": "トウキョウト",
    "prefecture_code": 13,
    "city": "中央区",
    "city_kana": "チュウオウク",
    "town": "日本橋本町",
    "town_kana": "ニホンバシホンチョウ",
    "street": "２丁目２番２号",
    "office_name": "わかもと製薬　株式会社",
    "office_name_kana": "ワカモトセイヤク カブシキガイシヤ"
  },
  "8331": {
    "postcode": "1038331",
    "prefecture": "東京都",
    "prefecture_kana": "トウキョウト",
    "prefecture_code": 13,
    "city": "中央区",
    "city_kana": "チュウオウク",
    "town": "日本橋室町",
    "town_kana": "ニホンバシムロマチ",
    "street": "２丁目１−１日本橋三井タワー６階",
    "office_name": "三機工業　株式会社",
    "office_name_kana": "サンキコウギヨウ カブシキガイシヤ"
  },
  "8333": {
    "postcode": "1038333",
    "prefecture": "東京都",
    "prefecture_kana": "トウキョウト",
    "prefecture_code": 13,
    "city": "中央区",
    "city_kana": "チュウオウク",
    "town": "日本橋室町",
    "town_kana": "ニホンバシムロマチ",
    "street": "１丁目６−２",
    "office_name": "ＵＦＪつばさ証券　株式会社",
    "office_name_kana": "ユ-エフジエイツバサシヨウケン カブシキガイシヤ"
  },
  "8335": {
    "postcode": "1038335",
    "prefecture": "東京都",
    "prefecture_kana": "トウキョウト",
    "prefecture_code": 13,
    "city": "中央区",
    "city_kana": "チュウオウク",
    "town": "日本橋室町",
    "town_kana": "ニホンバシムロマチ",
    "street": "４丁目１−２２",
    "office_name": "日本レジャーカードシステム　株式会社",
    "office_name_kana": "ニホンレジヤ-カ-ドシステム (カブ)"
  },
  "8337": {
    "postcode": "1038337",
    "prefecture": "東京都",
    "prefecture_kana": "トウキョウト",
    "prefecture_code": 13,
    "city": "中央区",
    "city_kana": "チュウオウク",
    "town": "日本橋室町",
    "town_kana": "ニホンバシムロマチ",
    "street": "２丁目３−１６",
    "office_name": "ＭＢＥジャパン　株式会社",
    "office_name_kana": "エムビ-イ-ジヤパン カブシキガイシヤ"
  },
  "8338": {
    "postcode": "1038338",
    "prefecture": "東京都",
    "prefecture_kana": "トウキョウト",
    "prefecture_code": 13,
    "city": "中央区",
    "city_kana": "チュウオウク",
    "town": "日本橋室町",
    "town_kana": "ニホンバシムロマチ",
    "street": "二丁目１番１号",
    "office_name": "デンカ　株式会社",
    "office_name_kana": "デンカ カブシキカイシヤ"
  },
  "8339": {
    "postcode": "1038339",
    "prefecture": "東京都",
    "prefecture_kana": "トウキョウト",
    "prefecture_code": 13,
    "city": "中央区",
    "city_kana": "チュウオウク",
    "town": "日本橋",
    "town_kana": "ニホンバシ",
    "street": "１丁目３番１３号東京建物日本橋ビル４階",
    "office_name": "三省物産　株式会社",
    "office_name_kana": "サンセイブツサン カブシキガイシヤ"
  },
  "8341": {
    "postcode": "1038341",
    "prefecture": "東京都",
    "prefecture_kana": "トウキョウト",
    "prefecture_code": 13,
    "city": "中央区",
    "city_kana": "チュウオウク",
    "town": "日本橋本町",
    "town_kana": "ニホンバシホンチョウ",
    "street": "１丁目５番４号",
    "office_name": "北興化学工業　株式会社",
    "office_name_kana": "ホクコウカガクコウギヨウ カブシキガイシヤ"
  },
  "8345": {
    "postcode": "1038345",
    "prefecture": "東京都",
    "prefecture_kana": "トウキョウト",
    "prefecture_code": 13,
    "city": "中央区",
    "city_kana": "チュウオウク",
    "town": "日本橋本石町",
    "town_kana": "ニホンバシホンゴクチョウ",
    "street": "１丁目２−１",
    "office_name": "株式会社　東洋経済新報社",
    "office_name_kana": "カブシキガイシヤ トウヨウケイザイシンポウシヤ"
  },
  "8346": {
    "postcode": "1038346",
    "prefecture": "東京都",
    "prefecture_kana": "トウキョウト",
    "prefecture_code": 13,
    "city": "中央区",
    "city_kana": "チュウオウク",
    "town": "日本橋本石町",
    "town_kana": "ニホンバシホンゴクチョウ",
    "street": "３丁目２−１２",
    "office_name": "全国社会保険労務士会連合会",
    "office_name_kana": "ゼンコクシヤカイホケンロウムシカイレンゴウカイ"
  },
  "8347": {
    "postcode": "1038347",
    "prefecture": "東京都",
    "prefecture_kana": "トウキョウト",
    "prefecture_code": 13,
    "city": "中央区",
    "city_kana": "チュウオウク",
    "town": "日本橋本石町",
    "town_kana": "ニホンバシホンゴクチョウ",
    "street": "３丁目２−１２",
    "office_name": "全国社会保険労務士会連合会　社会保険労務士試験センター",
    "office_name_kana": "ゼンコクシヤカイホケンロウムシカイレンゴウカイ シヤカイホケンロウムシシケンセンタ-"
  },
  "8350": {
    "postcode": "1038350",
    "prefecture": "東京都",
    "prefecture_kana": "トウキョウト",
    "prefecture_code": 13,
    "city": "中央区",
    "city_kana": "チュウオウク",
    "town": "日本橋小舟町",
    "town_kana": "ニホンバシコブナチョウ",
    "street": "６−１",
    "office_name": "早川商事　株式会社",
    "office_name_kana": "ハヤカワシヨウジ (カブ)"
  },
  "8351": {
    "postcode": "1038351",
    "prefecture": "東京都",
    "prefecture_kana": "トウキョウト",
    "prefecture_code": 13,
    "city": "中央区",
    "city_kana": "チュウオウク",
    "town": "日本橋小舟町",
    "town_kana": "ニホンバシコブナチョウ",
    "street": "１０−１１",
    "office_name": "ゼリア新薬工業　株式会社",
    "office_name_kana": "ゼリアシンヤクコウギヨウ (カブ)"
  },
  "8352": {
    "postcode": "1038352",
    "prefecture": "東京都",
    "prefecture_kana": "トウキョウト",
    "prefecture_code": 13,
    "city": "中央区",
    "city_kana": "チュウオウク",
    "town": "日本橋小舟町",
    "town_kana": "ニホンバシコブナチョウ",
    "street": "３−８",
    "office_name": "小原化工　株式会社",
    "office_name_kana": "オハラカコウ (カブ)"
  },
  "8354": {
    "postcode": "1038354",
    "prefecture": "東京都",
    "prefecture_kana": "トウキョウト",
    "prefecture_code": 13,
    "city": "中央区",
    "city_kana": "チュウオウク",
    "town": "東日本橋",
    "town_kana": "ヒガシニホンバシ",
    "street": "１丁目４番６号東日本橋一丁目ビル８階",
    "office_name": "株式会社　アドバンス",
    "office_name_kana": "カブシキカイシヤ アドバンス"
  },
  "8358": {
    "postcode": "1038358",
    "prefecture": "東京都",
    "prefecture_kana": "トウキョウト",
    "prefecture_code": 13,
    "city": "中央区",
    "city_kana": "チュウオウク",
    "town": "日本橋小舟町",
    "town_kana": "ニホンバシコブナチョウ",
    "street": "６番−６",
    "office_name": "日本トレーディング　株式会社",
    "office_name_kana": "ニツポントレ-デイング カブシキガイシヤ"
  },
  "8360": {
    "postcode": "1038360",
    "prefecture": "東京都",
    "prefecture_kana": "トウキョウト",
    "prefecture_code": 13,
    "city": "中央区",
    "city_kana": "チュウオウク",
    "town": "日本橋蛎殻町",
    "town_kana": "ニホンバシカキガラチョウ",
    "street": "１丁目３１−１",
    "office_name": "東京都中央区日本橋特別出張所",
    "office_name_kana": "トウキヨウトニホンバシトクベツシユツチヨウジヨ"
  },
  "8363": {
    "postcode": "1038363",
    "prefecture": "東京都",
    "prefecture_kana": "トウキョウト",
    "prefecture_code": 13,
    "city": "中央区",
    "city_kana": "チュウオウク",
    "town": "日本橋小伝馬町",
    "town_kana": "ニホンバシコデンマチョウ",
    "street": "９−９",
    "office_name": "橋本総業　株式会社",
    "office_name_kana": "ハシモトソウギヨウ (カブ)"
  },
  "8366": {
    "postcode": "1038366",
    "prefecture": "東京都",
    "prefecture_kana": "トウキョウト",
    "prefecture_code": 13,
    "city": "中央区",
    "city_kana": "チュウオウク",
    "town": "日本橋馬喰町",
    "town_kana": "ニホンバシバクロチョウ",
    "street": "１−１２−３",
    "office_name": "曽田香料　株式会社",
    "office_name_kana": "ソダコウリヨウ カブシキガイシヤ"
  },
  "8370": {
    "postcode": "1038370",
    "prefecture": "東京都",
    "prefecture_kana": "トウキョウト",
    "prefecture_code": 13,
    "city": "中央区",
    "city_kana": "チュウオウク",
    "town": "日本橋馬喰町",
    "town_kana": "ニホンバシバクロチョウ",
    "street": "１丁目７−１６",
    "office_name": "株式会社　エトワール海渡",
    "office_name_kana": "カブシキガイシヤ エトワ-ルカイト"
  },
  "8380": {
    "postcode": "1038380",
    "prefecture": "東京都",
    "prefecture_kana": "トウキョウト",
    "prefecture_code": 13,
    "city": "中央区",
    "city_kana": "チュウオウク",
    "town": "日本橋馬喰町",
    "town_kana": "ニホンバシバクロチョウ",
    "street": "１丁目７−３",
    "office_name": "株式会社　岡永",
    "office_name_kana": "カブシキガイシヤ オカナガ"
  },
  "8383": {
    "postcode": "1038383",
    "prefecture": "東京都",
    "prefecture_kana": "トウキョウト",
    "prefecture_code": 13,
    "city": "中央区",
    "city_kana": "チュウオウク",
    "town": "日本橋馬喰町",
    "town_kana": "ニホンバシバクロチョウ",
    "street": "１丁目７−６",
    "office_name": "大日精化工業　株式会社",
    "office_name_kana": "ダイニチセイカコウギヨウ (カブ)"
  },
  "8384": {
    "postcode": "1038384",
    "prefecture": "東京都",
    "prefecture_kana": "トウキョウト",
    "prefecture_code": 13,
    "city": "中央区",
    "city_kana": "チュウオウク",
    "town": "日本橋馬喰町",
    "town_kana": "ニホンバシバクロチョウ",
    "street": "２丁目７−６",
    "office_name": "開智日本橋学園中学・高等学校",
    "office_name_kana": "カイチニホンバシガクエンチユウガク・コウトウガツコウ"
  },
  "8388": {
    "postcode": "1038388",
    "prefecture": "東京都",
    "prefecture_kana": "トウキョウト",
    "prefecture_code": 13,
    "city": "中央区",
    "city_kana": "チュウオウク",
    "town": "日本橋馬喰町",
    "town_kana": "ニホンバシバクロチョウ",
    "street": "２丁目４−１２",
    "office_name": "マービー　株式会社",
    "office_name_kana": "マ-ビ- カブシキガイシヤ"
  },
  "8401": {
    "postcode": "1038401",
    "prefecture": "東京都",
    "prefecture_kana": "トウキョウト",
    "prefecture_code": 13,
    "city": "中央区",
    "city_kana": "チュウオウク",
    "town": "日本橋本町",
    "town_kana": "ニホンバシホンチョウ",
    "street": "４丁目９−１１第９中央ビル２階",
    "office_name": "大木建設　株式会社",
    "office_name_kana": "オオキケンセツ カブシキガイシヤ"
  },
  "8402": {
    "postcode": "1038402",
    "prefecture": "東京都",
    "prefecture_kana": "トウキョウト",
    "prefecture_code": 13,
    "city": "中央区",
    "city_kana": "チュウオウク",
    "town": "日本橋本町",
    "town_kana": "ニホンバシホンチョウ",
    "street": "４丁目３−５",
    "office_name": "信越ポリマー　株式会社",
    "office_name_kana": "シンエツポリマ- (カブ)"
  },
  "8403": {
    "postcode": "1038403",
    "prefecture": "東京都",
    "prefecture_kana": "トウキョウト",
    "prefecture_code": 13,
    "city": "中央区",
    "city_kana": "チュウオウク",
    "town": "日本橋本町",
    "town_kana": "ニホンバシホンチョウ",
    "street": "４−８−２",
    "office_name": "アステナホールディングス　株式会社",
    "office_name_kana": "アステナホ-ルデイングス カブシキカイシヤ"
  },
  "8404": {
    "postcode": "1038404",
    "prefecture": "東京都",
    "prefecture_kana": "トウキョウト",
    "prefecture_code": 13,
    "city": "中央区",
    "city_kana": "チュウオウク",
    "town": "日本橋本町",
    "town_kana": "ニホンバシホンチョウ",
    "street": "１丁目６−５",
    "office_name": "ツカモト　株式会社",
    "office_name_kana": "ツカモト (カブ)"
  },
  "8405": {
    "postcode": "1038405",
    "prefecture": "東京都",
    "prefecture_kana": "トウキョウト",
    "prefecture_code": 13,
    "city": "中央区",
    "city_kana": "チュウオウク",
    "town": "日本橋小網町",
    "town_kana": "ニホンバシコアミチョウ",
    "street": "１７−１０",
    "office_name": "田辺三菱製薬　株式会社　東京本社",
    "office_name_kana": "タナベミツビシセイヤク カブシキガイシヤ トウキヨウホンシヤ"
  },
  "8407": {
    "postcode": "1038407",
    "prefecture": "東京都",
    "prefecture_kana": "トウキョウト",
    "prefecture_code": 13,
    "city": "中央区",
    "city_kana": "チュウオウク",
    "town": "日本橋本町",
    "town_kana": "ニホンバシホンチョウ",
    "street": "４丁目５−１６",
    "office_name": "東洋ケミカルズ　株式会社",
    "office_name_kana": "トウヨウケミカルズ (カブ)"
  },
  "8410": {
    "postcode": "1038410",
    "prefecture": "東京都",
    "prefecture_kana": "トウキョウト",
    "prefecture_code": 13,
    "city": "中央区",
    "city_kana": "チュウオウク",
    "town": "日本橋本町",
    "town_kana": "ニホンバシホンチョウ",
    "street": "４丁目１１番２号",
    "office_name": "ＫＩＳＣＯ　株式会社",
    "office_name_kana": "キスコ カブシキガイシヤ"
  },
  "8411": {
    "postcode": "1038411",
    "prefecture": "東京都",
    "prefecture_kana": "トウキョウト",
    "prefecture_code": 13,
    "city": "中央区",
    "city_kana": "チュウオウク",
    "town": "日本橋本町",
    "town_kana": "ニホンバシホンチョウ",
    "street": "２−５−１",
    "office_name": "アステラス製薬　株式会社",
    "office_name_kana": "アステラスセイヤク カブシキガイシヤ"
  },
  "8412": {
    "postcode": "1038412",
    "prefecture": "東京都",
    "prefecture_kana": "トウキョウト",
    "prefecture_code": 13,
    "city": "中央区",
    "city_kana": "チュウオウク",
    "town": "日本橋本町",
    "town_kana": "ニホンバシホンチョウ",
    "street": "３丁目２−８",
    "office_name": "関東化学　株式会社",
    "office_name_kana": "カントウカガク (カブ)"
  },
  "8413": {
    "postcode": "1038413",
    "prefecture": "東京都",
    "prefecture_kana": "トウキョウト",
    "prefecture_code": 13,
    "city": "中央区",
    "city_kana": "チュウオウク",
    "town": "日本橋本町",
    "town_kana": "ニホンバシホンチョウ",
    "street": "１−４−１２",
    "office_name": "カネダ　株式会社",
    "office_name_kana": "カネダ カブシキガイシヤ"
  },
  "8414": {
    "postcode": "1038414",
    "prefecture": "東京都",
    "prefecture_kana": "トウキョウト",
    "prefecture_code": 13,
    "city": "中央区",
    "city_kana": "チュウオウク",
    "town": "日本橋本町",
    "town_kana": "ニホンバシホンチョウ",
    "street": "４丁目６−８",
    "office_name": "丹平中田　株式会社　東京支社",
    "office_name_kana": "タンペイナカタ (カブ) トウキヨウシシヤ"
  },
  "8415": {
    "postcode": "1038415",
    "prefecture": "東京都",
    "prefecture_kana": "トウキョウト",
    "prefecture_code": 13,
    "city": "中央区",
    "city_kana": "チュウオウク",
    "town": "日本橋大伝馬町",
    "town_kana": "ニホンバシオオデンマチョウ",
    "street": "１番４号",
    "office_name": "伊藤忠紙パルプ　株式会社",
    "office_name_kana": "イトウチユウカミパルプ カブシキガイシヤ"
  },
  "8416": {
    "postcode": "1038416",
    "prefecture": "東京都",
    "prefecture_kana": "トウキョウト",
    "prefecture_code": 13,
    "city": "中央区",
    "city_kana": "チュウオウク",
    "town": "日本橋本町",
    "town_kana": "ニホンバシホンチョウ",
    "street": "２丁目２−３",
    "office_name": "萬有製薬　株式会社",
    "office_name_kana": "バンユウセイヤク (カブ)"
  },
  "8417": {
    "postcode": "1038417",
    "prefecture": "東京都",
    "prefecture_kana": "トウキョウト",
    "prefecture_code": 13,
    "city": "中央区",
    "city_kana": "チュウオウク",
    "town": "日本橋本町",
    "town_kana": "ニホンバシホンチョウ",
    "street": "２丁目８−７",
    "office_name": "オー・ジー　株式会社　東京支店",
    "office_name_kana": "オ-・ジ- カブシキガイシヤ トウキヨウシテン"
  },
  "8419": {
    "postcode": "1038419",
    "prefecture": "東京都",
    "prefecture_kana": "トウキョウト",
    "prefecture_code": 13,
    "city": "中央区",
    "city_kana": "チュウオウク",
    "town": "日本橋大伝馬町",
    "town_kana": "ニホンバシオオデンマチョウ",
    "street": "１番４号",
    "office_name": "伊藤忠建材　株式会社",
    "office_name_kana": "イトウチユウケンザイ カブシキガイシヤ"
  },
  "8422": {
    "postcode": "1038422",
    "prefecture": "東京都",
    "prefecture_kana": "トウキョウト",
    "prefecture_code": 13,
    "city": "中央区",
    "city_kana": "チュウオウク",
    "town": "日本橋本町",
    "town_kana": "ニホンバシホンチョウ",
    "street": "３丁目３−６",
    "office_name": "日曹商事　株式会社",
    "office_name_kana": "ニツソウシヨウジ (カブ)"
  },
  "8424": {
    "postcode": "1038424",
    "prefecture": "東京都",
    "prefecture_kana": "トウキョウト",
    "prefecture_code": 13,
    "city": "中央区",
    "city_kana": "チュウオウク",
    "town": "日本橋本町",
    "town_kana": "ニホンバシホンチョウ",
    "street": "４丁目８−１６",
    "office_name": "ポリマテック　株式会社",
    "office_name_kana": "ポリマテツク (カブ)"
  },
  "8425": {
    "postcode": "1038425",
    "prefecture": "東京都",
    "prefecture_kana": "トウキョウト",
    "prefecture_code": 13,
    "city": "中央区",
    "city_kana": "チュウオウク",
    "town": "日本橋本町",
    "town_kana": "ニホンバシホンチョウ",
    "street": "２丁目７−１",
    "office_name": "大建工業　株式会社",
    "office_name_kana": "ダイケンコウギヨウ (カブ)"
  },
  "8426": {
    "postcode": "1038426",
    "prefecture": "東京都",
    "prefecture_kana": "トウキョウト",
    "prefecture_code": 13,
    "city": "中央区",
    "city_kana": "チュウオウク",
    "town": "日本橋本町",
    "town_kana": "ニホンバシホンチョウ",
    "street": "３丁目５−１",
    "office_name": "第一三共　株式会社　本社ビル",
    "office_name_kana": "ダイイチサンキヨウ カブシキガイシヤ ホンシヤビル"
  },
  "8427": {
    "postcode": "1038427",
    "prefecture": "東京都",
    "prefecture_kana": "トウキョウト",
    "prefecture_code": 13,
    "city": "中央区",
    "city_kana": "チュウオウク",
    "town": "日本橋小伝馬町",
    "town_kana": "ニホンバシコデンマチョウ",
    "street": "１５−１４日本橋Ｆビジネスキューブ３Ｆ",
    "office_name": "伊藤忠連合健康保険組合",
    "office_name_kana": "イトウチユウレンゴウケンコウホケンクミアイ"
  },
  "8430": {
    "postcode": "1038430",
    "prefecture": "東京都",
    "prefecture_kana": "トウキョウト",
    "prefecture_code": 13,
    "city": "中央区",
    "city_kana": "チュウオウク",
    "town": "日本橋浜町",
    "town_kana": "ニホンバシハマチョウ",
    "street": "３丁目２１−１浜町Ｆタワー",
    "office_name": "株式会社　建設技術研究所",
    "office_name_kana": "カブシキガイシヤ ケンセツギジユツケンキユウジヨ"
  },
  "8431": {
    "postcode": "1038431",
    "prefecture": "東京都",
    "prefecture_kana": "トウキョウト",
    "prefecture_code": 13,
    "city": "中央区",
    "city_kana": "チュウオウク",
    "town": "日本橋本町",
    "town_kana": "ニホンバシホンチョウ",
    "street": "４−４−１４",
    "office_name": "長谷川香料　株式会社",
    "office_name_kana": "ハセガワコウリヨウ カブシキガイシヤ"
  },
  "8432": {
    "postcode": "1038432",
    "prefecture": "東京都",
    "prefecture_kana": "トウキョウト",
    "prefecture_code": 13,
    "city": "中央区",
    "city_kana": "チュウオウク",
    "town": "日本橋本町",
    "town_kana": "ニホンバシホンチョウ",
    "street": "２丁目１−６",
    "office_name": "ヤマト科学　株式会社",
    "office_name_kana": "ヤマトカガク (カブ)"
  },
  "8433": {
    "postcode": "1038433",
    "prefecture": "東京都",
    "prefecture_kana": "トウキョウト",
    "prefecture_code": 13,
    "city": "中央区",
    "city_kana": "チュウオウク",
    "town": "日本橋本町",
    "town_kana": "ニホンバシホンチョウ",
    "street": "３丁目４−１４",
    "office_name": "興和　株式会社　東京支店",
    "office_name_kana": "コ-ワ (カブ) トウキヨウシテン"
  },
  "8434": {
    "postcode": "1038434",
    "prefecture": "東京都",
    "prefecture_kana": "トウキョウト",
    "prefecture_code": 13,
    "city": "中央区",
    "city_kana": "チュウオウク",
    "town": "日本橋本町",
    "town_kana": "ニホンバシホンチョウ",
    "street": "４丁目８番２号",
    "office_name": "岩城製薬　株式会社",
    "office_name_kana": "イワキセイヤク カブシキガイシヤ"
  },
  "8435": {
    "postcode": "1038435",
    "prefecture": "東京都",
    "prefecture_kana": "トウキョウト",
    "prefecture_code": 13,
    "city": "中央区",
    "city_kana": "チュウオウク",
    "town": "日本橋本町",
    "town_kana": "ニホンバシホンチョウ",
    "street": "３丁目６−２",
    "office_name": "小津産業　株式会社",
    "office_name_kana": "オヅサンギヨウ (カブ)"
  },
  "8438": {
    "postcode": "1038438",
    "prefecture": "東京都",
    "prefecture_kana": "トウキョウト",
    "prefecture_code": 13,
    "city": "中央区",
    "city_kana": "チュウオウク",
    "town": "日本橋本町",
    "town_kana": "ニホンバシホンチョウ",
    "street": "３丁目１１−５",
    "office_name": "リケンテクノス　株式会社",
    "office_name_kana": "リケンテクノス カブシキガイシヤ"
  },
  "8439": {
    "postcode": "1038439",
    "prefecture": "東京都",
    "prefecture_kana": "トウキョウト",
    "prefecture_code": 13,
    "city": "中央区",
    "city_kana": "チュウオウク",
    "town": "日本橋本町",
    "town_kana": "ニホンバシホンチョウ",
    "street": "３丁目４−１",
    "office_name": "鳥居薬品　株式会社",
    "office_name_kana": "トリイヤクヒン (カブ)"
  },
  "8443": {
    "postcode": "1038443",
    "prefecture": "東京都",
    "prefecture_kana": "トウキョウト",
    "prefecture_code": 13,
    "city": "中央区",
    "city_kana": "チュウオウク",
    "town": "日本橋本町",
    "town_kana": "ニホンバシホンチョウ",
    "street": "３丁目３−６",
    "office_name": "株式会社　つぼ八",
    "office_name_kana": "カブシキガイシヤ ツボハチ"
  },
  "8448": {
    "postcode": "1038448",
    "prefecture": "東京都",
    "prefecture_kana": "トウキョウト",
    "prefecture_code": 13,
    "city": "中央区",
    "city_kana": "チュウオウク",
    "town": "日本橋室町",
    "town_kana": "ニホンバシムロマチ",
    "street": "二丁目３番１号",
    "office_name": "稲畑産業　株式会社",
    "office_name_kana": "イナバタサンギヨウ カブシキガイシヤ"
  },
  "8450": {
    "postcode": "1038450",
    "prefecture": "東京都",
    "prefecture_kana": "トウキョウト",
    "prefecture_code": 13,
    "city": "中央区",
    "city_kana": "チュウオウク",
    "town": "日本橋横山町",
    "town_kana": "ニホンバシヨコヤマチョウ",
    "street": "８−９",
    "office_name": "株式会社　上田嘉一朗商店",
    "office_name_kana": "カブシキガイシヤ ウエダカイチロウシヨウテン"
  },
  "8451": {
    "postcode": "1038451",
    "prefecture": "東京都",
    "prefecture_kana": "トウキョウト",
    "prefecture_code": 13,
    "city": "中央区",
    "city_kana": "チュウオウク",
    "town": "日本橋横山町",
    "town_kana": "ニホンバシヨコヤマチョウ",
    "street": "７−１８",
    "office_name": "株式会社　ガイア",
    "office_name_kana": "カブシキガイシヤ ガイア"
  },
  "8456": {
    "postcode": "1038456",
    "prefecture": "東京都",
    "prefecture_kana": "トウキョウト",
    "prefecture_code": 13,
    "city": "中央区",
    "city_kana": "チュウオウク",
    "town": "日本橋横山町",
    "town_kana": "ニホンバシヨコヤマチョウ",
    "street": "３番１０号",
    "office_name": "日清紡マイクロデバイス　株式会社",
    "office_name_kana": "ニツシンボウマイクロデバイス カブシキガイシヤ"
  },
  "8460": {
    "postcode": "1038460",
    "prefecture": "東京都",
    "prefecture_kana": "トウキョウト",
    "prefecture_code": 13,
    "city": "中央区",
    "city_kana": "チュウオウク",
    "town": "東日本橋",
    "town_kana": "ヒガシニホンバシ",
    "street": "２丁目２６−３",
    "office_name": "ミツワ電機　株式会社",
    "office_name_kana": "ミツワデンキ (カブ)"
  },
  "8461": {
    "postcode": "1038461",
    "prefecture": "東京都",
    "prefecture_kana": "トウキョウト",
    "prefecture_code": 13,
    "city": "中央区",
    "city_kana": "チュウオウク",
    "town": "日本橋浜町",
    "town_kana": "ニホンバシハマチョウ",
    "street": "３丁目２１−１日本橋浜町Ｆタワー",
    "office_name": "カゴメ　株式会社　東京本社",
    "office_name_kana": "カゴメ カブシキガイシヤ トウキヨウホンシヤ"
  },
  "8462": {
    "postcode": "1038462",
    "prefecture": "東京都",
    "prefecture_kana": "トウキョウト",
    "prefecture_code": 13,
    "city": "中央区",
    "city_kana": "チュウオウク",
    "town": "日本橋蛎殻町",
    "town_kana": "ニホンバシカキガラチョウ",
    "street": "１丁目２４番１１号",
    "office_name": "カゴメ　株式会社　東京支社",
    "office_name_kana": "カゴメ カブシキガイシヤ トウキヨウシシヤ"
  },
  "8464": {
    "postcode": "1038464",
    "prefecture": "東京都",
    "prefecture_kana": "トウキョウト",
    "prefecture_code": 13,
    "city": "中央区",
    "city_kana": "チュウオウク",
    "town": "東日本橋",
    "town_kana": "ヒガシニホンバシ",
    "street": "２−２−６Ｒｅｉ東日本橋ビル５Ｆ",
    "office_name": "株式会社　エー・アンド・イー",
    "office_name_kana": "カブシキガイシヤ エ-・アンド・イ-"
  },
  "8465": {
    "postcode": "1038465",
    "prefecture": "東京都",
    "prefecture_kana": "トウキョウト",
    "prefecture_code": 13,
    "city": "中央区",
    "city_kana": "チュウオウク",
    "town": "東日本橋",
    "town_kana": "ヒガシニホンバシ",
    "street": "３丁目１０−４",
    "office_name": "東京実業健康保険組合",
    "office_name_kana": "トウキヨウジツギヨウケンコウホケンクミアイ"
  },
  "8466": {
    "postcode": "1038466",
    "prefecture": "東京都",
    "prefecture_kana": "トウキョウト",
    "prefecture_code": 13,
    "city": "中央区",
    "city_kana": "チュウオウク",
    "town": "日本橋浜町",
    "town_kana": "ニホンバシハマチョウ",
    "street": "１−９−１２日本橋プラヤビル６Ｆ",
    "office_name": "株式会社　大山",
    "office_name_kana": "カブシキガイシヤ オオヤマ"
  },
  "8468": {
    "postcode": "1038468",
    "prefecture": "東京都",
    "prefecture_kana": "トウキョウト",
    "prefecture_code": 13,
    "city": "中央区",
    "city_kana": "チュウオウク",
    "town": "東日本橋",
    "town_kana": "ヒガシニホンバシ",
    "street": "２−２８−５協和ビル４階",
    "office_name": "一般財団法人　日本中国語検定協会",
    "office_name_kana": "イツパンザイダンホウジン ニホンチユウゴクゴケンテイキヨウカイ"
  },
  "8470": {
    "postcode": "1038470",
    "prefecture": "東京都",
    "prefecture_kana": "トウキョウト",
    "prefecture_code": 13,
    "city": "中央区",
    "city_kana": "チュウオウク",
    "town": "日本橋富沢町",
    "town_kana": "ニホンバシトミザワチョウ",
    "street": "１１−１２",
    "office_name": "三共生興　株式会社",
    "office_name_kana": "サンキヨウセイコウ (カブ)"
  },
  "8471": {
    "postcode": "1038471",
    "prefecture": "東京都",
    "prefecture_kana": "トウキョウト",
    "prefecture_code": 13,
    "city": "中央区",
    "city_kana": "チュウオウク",
    "town": "日本橋富沢町",
    "town_kana": "ニホンバシトミザワチョウ",
    "street": "８−６小川源ビル２Ｆ",
    "office_name": "斎長物産　株式会社",
    "office_name_kana": "サイチヨウブツサン (カブ)"
  },
  "8472": {
    "postcode": "1038472",
    "prefecture": "東京都",
    "prefecture_kana": "トウキョウト",
    "prefecture_code": 13,
    "city": "中央区",
    "city_kana": "チュウオウク",
    "town": "日本橋富沢町",
    "town_kana": "ニホンバシトミザワチョウ",
    "street": "９−１０",
    "office_name": "豊島　株式会社　東京本社",
    "office_name_kana": "トヨシマ (カブ) トウキヨウホンシヤ"
  },
  "8473": {
    "postcode": "1038473",
    "prefecture": "東京都",
    "prefecture_kana": "トウキョウト",
    "prefecture_code": 13,
    "city": "中央区",
    "city_kana": "チュウオウク",
    "town": "日本橋小舟町",
    "town_kana": "ニホンバシコブナチョウ",
    "street": "１０−６",
    "office_name": "ゼリア新薬工業　株式会社　東京支店",
    "office_name_kana": "ゼリアシンヤクコウギヨウ カブシキガイシヤ トウキヨウシテン"
  },
  "8480": {
    "postcode": "1038480",
    "prefecture": "東京都",
    "prefecture_kana": "トウキョウト",
    "prefecture_code": 13,
    "city": "中央区",
    "city_kana": "チュウオウク",
    "town": "日本橋久松町",
    "town_kana": "ニホンバシヒサマツチョウ",
    "street": "４番ー４",
    "office_name": "ピジョン　株式会社",
    "office_name_kana": "ピジヨン カブシキガイシヤ"
  },
  "8482": {
    "postcode": "1038482",
    "prefecture": "東京都",
    "prefecture_kana": "トウキョウト",
    "prefecture_code": 13,
    "city": "中央区",
    "city_kana": "チュウオウク",
    "town": "日本橋浜町",
    "town_kana": "ニホンバシハマチョウ",
    "street": "２−６１−９ＴＩＥ浜町ビル５Ｆ",
    "office_name": "株式会社　ベースボール・マガジン社",
    "office_name_kana": "カブシキガイシヤ ベ-スボ-ル・マガジンシヤ"
  },
  "8484": {
    "postcode": "1038484",
    "prefecture": "東京都",
    "prefecture_kana": "トウキョウト",
    "prefecture_code": 13,
    "city": "中央区",
    "city_kana": "チュウオウク",
    "town": "日本橋浜町",
    "town_kana": "ニホンバシハマチョウ",
    "street": "２丁目１６−５東味ビル６Ｆ",
    "office_name": "社団法人　日本ボウリング場協会",
    "office_name_kana": "シヤダンホウジン ニホンボウリングジヨウキヨウカイ"
  },
  "8485": {
    "postcode": "1038485",
    "prefecture": "東京都",
    "prefecture_kana": "トウキョウト",
    "prefecture_code": 13,
    "city": "中央区",
    "city_kana": "チュウオウク",
    "town": "日本橋浜町",
    "town_kana": "ニホンバシハマチョウ",
    "street": "３丁目１６−８",
    "office_name": "株式会社　化学工業日報社",
    "office_name_kana": "カブシキガイシヤ カガクコウギヨウニツポウシヤ"
  },
  "8487": {
    "postcode": "1038487",
    "prefecture": "東京都",
    "prefecture_kana": "トウキョウト",
    "prefecture_code": 13,
    "city": "中央区",
    "city_kana": "チュウオウク",
    "town": "日本橋久松町",
    "town_kana": "ニホンバシヒサマツチョウ",
    "street": "１１−６",
    "office_name": "長瀬ランダウア　株式会社",
    "office_name_kana": "ナガセランダウア カブシキガイシヤ"
  },
  "8488": {
    "postcode": "1038488",
    "prefecture": "東京都",
    "prefecture_kana": "トウキョウト",
    "prefecture_code": 13,
    "city": "中央区",
    "city_kana": "チュウオウク",
    "town": "日本橋浜町",
    "town_kana": "ニホンバシハマチョウ",
    "street": "２−１２−４",
    "office_name": "トヨタモビリティサービス　株式会社",
    "office_name_kana": "トヨタモビリテイサ-ビス カブシキガイシヤ"
  },
  "8489": {
    "postcode": "1038489",
    "prefecture": "東京都",
    "prefecture_kana": "トウキョウト",
    "prefecture_code": 13,
    "city": "中央区",
    "city_kana": "チュウオウク",
    "town": "日本橋久松町",
    "town_kana": "ニホンバシヒサマツチョウ",
    "street": "９−９",
    "office_name": "トヨタモビリティサービス　株式会社",
    "office_name_kana": "トヨタモビリテイサ-ビス カブシキガイシヤ"
  },
  "8501": {
    "postcode": "1038501",
    "prefecture": "東京都",
    "prefecture_kana": "トウキョウト",
    "prefecture_code": 13,
    "city": "中央区",
    "city_kana": "チュウオウク",
    "town": "日本橋箱崎町",
    "town_kana": "ニホンバシハコザキチョウ",
    "street": "２４−１",
    "office_name": "ソフトバンク　株式会社",
    "office_name_kana": "ソフトバンク (カブ)"
  },
  "8502": {
    "postcode": "1038502",
    "prefecture": "東京都",
    "prefecture_kana": "トウキョウト",
    "prefecture_code": 13,
    "city": "中央区",
    "city_kana": "チュウオウク",
    "town": "日本橋箱崎町",
    "town_kana": "ニホンバシハコザキチョウ",
    "street": "６−６",
    "office_name": "マックス　株式会社",
    "office_name_kana": "マツクス (カブ)"
  },
  "8503": {
    "postcode": "1038503",
    "prefecture": "東京都",
    "prefecture_kana": "トウキョウト",
    "prefecture_code": 13,
    "city": "中央区",
    "city_kana": "チュウオウク",
    "town": "日本橋箱崎町",
    "town_kana": "ニホンバシハコザキチョウ",
    "street": "３６−２リバーゲート１３階",
    "office_name": "協和発酵キリン　株式会社　東京支店",
    "office_name_kana": "キヨウワハツコウキリン カブシキガイシヤ トウキヨウシテン"
  },
  "8505": {
    "postcode": "1038505",
    "prefecture": "東京都",
    "prefecture_kana": "トウキョウト",
    "prefecture_code": 13,
    "city": "中央区",
    "city_kana": "チュウオウク",
    "town": "日本橋箱崎町",
    "town_kana": "ニホンバシハコザキチョウ",
    "street": "１９番２１号ＭＳＨ日本橋箱崎ビル",
    "office_name": "ナラサキ産業　株式会社",
    "office_name_kana": "ナラサキサンギヨウ カブシキガイシヤ"
  },
  "8506": {
    "postcode": "1038506",
    "prefecture": "東京都",
    "prefecture_kana": "トウキョウト",
    "prefecture_code": 13,
    "city": "中央区",
    "city_kana": "チュウオウク",
    "town": "日本橋箱崎町",
    "town_kana": "ニホンバシハコザキチョウ",
    "street": "１２−４",
    "office_name": "全国建設工事業国民健康保険組合",
    "office_name_kana": "ゼンコクケンセツコウジギヨウコクミンケンコウホケンクミアイ"
  },
  "8510": {
    "postcode": "1038510",
    "prefecture": "東京都",
    "prefecture_kana": "トウキョウト",
    "prefecture_code": 13,
    "city": "中央区",
    "city_kana": "チュウオウク",
    "town": "日本橋箱崎町",
    "town_kana": "ニホンバシハコザキチョウ",
    "street": "１９−２１",
    "office_name": "日本アイ・ビー・エム　株式会社　箱崎事業所",
    "office_name_kana": "ニホンアイビ-エム ハコザキジギヨウシヨ"
  },
  "8511": {
    "postcode": "1038511",
    "prefecture": "東京都",
    "prefecture_kana": "トウキョウト",
    "prefecture_code": 13,
    "city": "中央区",
    "city_kana": "チュウオウク",
    "town": "日本橋本町",
    "town_kana": "ニホンバシホンチョウ",
    "street": "１−６−１丸柏タマビル７階",
    "office_name": "ダイトウボウ　株式会社",
    "office_name_kana": "ダイトウボウ カブシキガイシヤ"
  },
  "8512": {
    "postcode": "1038512",
    "prefecture": "東京都",
    "prefecture_kana": "トウキョウト",
    "prefecture_code": 13,
    "city": "中央区",
    "city_kana": "チュウオウク",
    "town": "日本橋箱崎町",
    "town_kana": "ニホンバシハコザキチョウ",
    "street": "３６−２リバーサイド読売ビル",
    "office_name": "日本オフィス・システム　株式会社",
    "office_name_kana": "ニホンオフイス・システム カブシキガイシヤ"
  },
  "8515": {
    "postcode": "1038515",
    "prefecture": "東京都",
    "prefecture_kana": "トウキョウト",
    "prefecture_code": 13,
    "city": "中央区",
    "city_kana": "チュウオウク",
    "town": "日本橋箱崎町",
    "town_kana": "ニホンバシハコザキチョウ",
    "street": "３６−２ＤＡＩＷＡリバーゲート１７階",
    "office_name": "サンテレホン　株式会社",
    "office_name_kana": "サンテレホン カブシキガイシヤ"
  },
  "8517": {
    "postcode": "1038517",
    "prefecture": "東京都",
    "prefecture_kana": "トウキョウト",
    "prefecture_code": 13,
    "city": "中央区",
    "city_kana": "チュウオウク",
    "town": "日本橋箱崎町",
    "town_kana": "ニホンバシハコザキチョウ",
    "street": "３６番２号リバーゲート１８階",
    "office_name": "株式会社　吉野家",
    "office_name_kana": "カブシキガイシヤ ヨシノヤ"
  },
  "8520": {
    "postcode": "1038520",
    "prefecture": "東京都",
    "prefecture_kana": "トウキョウト",
    "prefecture_code": 13,
    "city": "中央区",
    "city_kana": "チュウオウク",
    "town": "日本橋蛎殻町",
    "town_kana": "ニホンバシカキガラチョウ",
    "street": "２丁目１−１",
    "office_name": "三菱地所ホテルズ＆リゾーツ　株式会社　ロイヤルパークホテル（東京・日本橋）",
    "office_name_kana": "ミツビシジシヨホテルズアンドリゾ-ツ カブシキガイシヤ ロイヤルパ-クホテル トウキヨウ・ニホンバシ"
  },
  "8521": {
    "postcode": "1038521",
    "prefecture": "東京都",
    "prefecture_kana": "トウキョウト",
    "prefecture_code": 13,
    "city": "中央区",
    "city_kana": "チュウオウク",
    "town": "日本橋",
    "town_kana": "ニホンバシ",
    "street": "３丁目１０−５",
    "office_name": "株式会社　インパクト２１",
    "office_name_kana": "カブシキガイシヤ インパクトニジユウイチ"
  },
  "8522": {
    "postcode": "1038522",
    "prefecture": "東京都",
    "prefecture_kana": "トウキョウト",
    "prefecture_code": 13,
    "city": "中央区",
    "city_kana": "チュウオウク",
    "town": "日本橋蛎殻町",
    "town_kana": "ニホンバシカキガラチョウ",
    "street": "２丁目１６−２",
    "office_name": "株式会社　桃屋",
    "office_name_kana": "カブシキガイシヤ モモヤ"
  },
  "8525": {
    "postcode": "1038525",
    "prefecture": "東京都",
    "prefecture_kana": "トウキョウト",
    "prefecture_code": 13,
    "city": "中央区",
    "city_kana": "チュウオウク",
    "town": "日本橋蛎殻町",
    "town_kana": "ニホンバシカキガラチョウ",
    "street": "１丁目４−１ＦＫビル",
    "office_name": "株式会社　ジャック",
    "office_name_kana": "カブシキガイシヤ ジヤツク"
  },
  "8534": {
    "postcode": "1038534",
    "prefecture": "東京都",
    "prefecture_kana": "トウキョウト",
    "prefecture_code": 13,
    "city": "中央区",
    "city_kana": "チュウオウク",
    "town": "日本橋室町",
    "town_kana": "ニホンバシムロマチ",
    "street": "１丁目１３番７号ＰＭＯ日本橋室町５Ｆ",
    "office_name": "曙ブレーキ工業　株式会社",
    "office_name_kana": "アケボノブレ-キコウギヨウ カブシキガイシヤ"
  },
  "8535": {
    "postcode": "1038535",
    "prefecture": "東京都",
    "prefecture_kana": "トウキョウト",
    "prefecture_code": 13,
    "city": "中央区",
    "city_kana": "チュウオウク",
    "town": "日本橋小網町",
    "town_kana": "ニホンバシコアミチョウ",
    "street": "１１−１０",
    "office_name": "（株）　新聞編集センター",
    "office_name_kana": "(カブ) シンブンヘンシユウセンタ-"
  },
  "8536": {
    "postcode": "1038536",
    "prefecture": "東京都",
    "prefecture_kana": "トウキョウト",
    "prefecture_code": 13,
    "city": "中央区",
    "city_kana": "チュウオウク",
    "town": "日本橋小網町",
    "town_kana": "ニホンバシコアミチョウ",
    "street": "１４番１号",
    "office_name": "日新製糖　株式会社　ウェルネオシュガー　株式会社",
    "office_name_kana": "ニツシンセイトウ カブシキカイシヤ ウエルネオシユガ- カブシキカイシヤ"
  },
  "8537": {
    "postcode": "1038537",
    "prefecture": "東京都",
    "prefecture_kana": "トウキョウト",
    "prefecture_code": 13,
    "city": "中央区",
    "city_kana": "チュウオウク",
    "town": "日本橋小網町",
    "town_kana": "ニホンバシコアミチョウ",
    "street": "６−１",
    "office_name": "ユーシーカード　株式会社",
    "office_name_kana": "ユ-シ-カ-ド カブシキガイシヤ"
  },
  "8538": {
    "postcode": "1038538",
    "prefecture": "東京都",
    "prefecture_kana": "トウキョウト",
    "prefecture_code": 13,
    "city": "中央区",
    "city_kana": "チュウオウク",
    "town": "日本橋小網町",
    "town_kana": "ニホンバシコアミチョウ",
    "street": "７−２",
    "office_name": "ぺんてる　株式会社",
    "office_name_kana": "ペンテル (カブ)"
  },
  "8542": {
    "postcode": "1038542",
    "prefecture": "東京都",
    "prefecture_kana": "トウキョウト",
    "prefecture_code": 13,
    "city": "中央区",
    "city_kana": "チュウオウク",
    "town": "日本橋小網町",
    "town_kana": "ニホンバシコアミチョウ",
    "street": "６−１山万ビル",
    "office_name": "株式会社　山下設計",
    "office_name_kana": "カブシキガイシヤ ヤマシタセツケイ"
  },
  "8543": {
    "postcode": "1038543",
    "prefecture": "東京都",
    "prefecture_kana": "トウキョウト",
    "prefecture_code": 13,
    "city": "中央区",
    "city_kana": "チュウオウク",
    "town": "日本橋小網町",
    "town_kana": "ニホンバシコアミチョウ",
    "street": "６−１",
    "office_name": "株式会社　不動テトラ",
    "office_name_kana": "カブシキガイシヤ フドウテトラ"
  },
  "8548": {
    "postcode": "1038548",
    "prefecture": "東京都",
    "prefecture_kana": "トウキョウト",
    "prefecture_code": 13,
    "city": "中央区",
    "city_kana": "チュウオウク",
    "town": "日本橋小網町",
    "town_kana": "ニホンバシコアミチョウ",
    "street": "１４−１",
    "office_name": "株式会社　日刊工業新聞社",
    "office_name_kana": "カブシキガイシヤ ニツカンコウギヨウシンブンシヤ"
  },
  "8551": {
    "postcode": "1038551",
    "prefecture": "東京都",
    "prefecture_kana": "トウキョウト",
    "prefecture_code": 13,
    "city": "中央区",
    "city_kana": "チュウオウク",
    "town": "日本橋堀留町",
    "town_kana": "ニホンバシホリドメチョウ",
    "street": "２−６−９",
    "office_name": "日本橋税務署",
    "office_name_kana": "ニホンバシゼイムシヨ"
  },
  "8552": {
    "postcode": "1038552",
    "prefecture": "東京都",
    "prefecture_kana": "トウキョウト",
    "prefecture_code": 13,
    "city": "中央区",
    "city_kana": "チュウオウク",
    "town": "日本橋浜町",
    "town_kana": "ニホンバシハマチョウ",
    "street": "３丁目３−２",
    "office_name": "株式会社　クレハ",
    "office_name_kana": "カブシキガイシヤ クレハ"
  },
  "8554": {
    "postcode": "1038554",
    "prefecture": "東京都",
    "prefecture_kana": "トウキョウト",
    "prefecture_code": 13,
    "city": "中央区",
    "city_kana": "チュウオウク",
    "town": "日本橋堀留町",
    "town_kana": "ニホンバシホリドメチョウ",
    "street": "１丁目９−６",
    "office_name": "東京織物健康保険組合",
    "office_name_kana": "トウキヨウオリモノケンコウホケンクミアイ"
  },
  "8556": {
    "postcode": "1038556",
    "prefecture": "東京都",
    "prefecture_kana": "トウキョウト",
    "prefecture_code": 13,
    "city": "中央区",
    "city_kana": "チュウオウク",
    "town": "日本橋堀留町",
    "town_kana": "ニホンバシホリドメチョウ",
    "street": "１丁目１１−１２ＴＫ堀留ビル５Ｆ",
    "office_name": "三井物産フューチャーズ　株式会社",
    "office_name_kana": "ミツイブツサンフユ-チヤ-ズ カブシキガイシヤ"
  },
  "8558": {
    "postcode": "1038558",
    "prefecture": "東京都",
    "prefecture_kana": "トウキョウト",
    "prefecture_code": 13,
    "city": "中央区",
    "city_kana": "チュウオウク",
    "town": "日本橋浜町",
    "town_kana": "ニホンバシハマチョウ",
    "street": "１丁目１２−９",
    "office_name": "市田　株式会社",
    "office_name_kana": "イチダ カブシキガイシヤ"
  },
  "8566": {
    "postcode": "1038566",
    "prefecture": "東京都",
    "prefecture_kana": "トウキョウト",
    "prefecture_code": 13,
    "city": "中央区",
    "city_kana": "チュウオウク",
    "town": "日本橋堀留町",
    "town_kana": "ニホンバシホリドメチョウ",
    "street": "２丁目８−５",
    "office_name": "デンヨー　株式会社",
    "office_name_kana": "デンヨ- カブシキガイシヤ"
  },
  "8567": {
    "postcode": "1038567",
    "prefecture": "東京都",
    "prefecture_kana": "トウキョウト",
    "prefecture_code": 13,
    "city": "中央区",
    "city_kana": "チュウオウク",
    "town": "日本橋堀留町",
    "town_kana": "ニホンバシホリドメチョウ",
    "street": "１丁目１０−１２",
    "office_name": "株式会社　サントリーショッピングクラブ",
    "office_name_kana": "カブシキガイシヤ サントリ-シヨツピングクラブ"
  },
  "8571": {
    "postcode": "1038571",
    "prefecture": "東京都",
    "prefecture_kana": "トウキョウト",
    "prefecture_code": 13,
    "city": "中央区",
    "city_kana": "チュウオウク",
    "town": "日本橋大伝馬町",
    "town_kana": "ニホンバシオオデンマチョウ",
    "street": "９−１０",
    "office_name": "ヤマト　株式会社",
    "office_name_kana": "ヤマト (カブ)"
  },
  "8577": {
    "postcode": "1038577",
    "prefecture": "東京都",
    "prefecture_kana": "トウキョウト",
    "prefecture_code": 13,
    "city": "中央区",
    "city_kana": "チュウオウク",
    "town": "日本橋大伝馬町",
    "town_kana": "ニホンバシオオデンマチョウ",
    "street": "８−１",
    "office_name": "丸文　株式会社",
    "office_name_kana": "マルブン (カブ)"
  },
  "8584": {
    "postcode": "1038584",
    "prefecture": "東京都",
    "prefecture_kana": "トウキョウト",
    "prefecture_code": 13,
    "city": "中央区",
    "city_kana": "チュウオウク",
    "town": "日本橋人形町",
    "town_kana": "ニホンバシニンギョウチョウ",
    "street": "１丁目１−１０",
    "office_name": "トスコ　株式会社",
    "office_name_kana": "トスコ (カブ)"
  },
  "8585": {
    "postcode": "1038585",
    "prefecture": "東京都",
    "prefecture_kana": "トウキョウト",
    "prefecture_code": 13,
    "city": "中央区",
    "city_kana": "チュウオウク",
    "town": "日本橋人形町",
    "town_kana": "ニホンバシニンギョウチョウ",
    "street": "１丁目１８−１２",
    "office_name": "富士紡ホールディングス　株式会社",
    "office_name_kana": "フジボウホ-ルデイングス カブシキガイシヤ"
  },
  "8586": {
    "postcode": "1038586",
    "prefecture": "東京都",
    "prefecture_kana": "トウキョウト",
    "prefecture_code": 13,
    "city": "中央区",
    "city_kana": "チュウオウク",
    "town": "日本橋人形町",
    "town_kana": "ニホンバシニンギョウチョウ",
    "street": "３丁目１０−１かしきち人形町ビル５Ｆ",
    "office_name": "日本トータルテレマーケティング　株式会社",
    "office_name_kana": "ニホント-タルテレマ-ケテイング カブシキガイシヤ"
  },
  "8588": {
    "postcode": "1038588",
    "prefecture": "東京都",
    "prefecture_kana": "トウキョウト",
    "prefecture_code": 13,
    "city": "中央区",
    "city_kana": "チュウオウク",
    "town": "日本橋人形町",
    "town_kana": "ニホンバシニンギョウチョウ",
    "street": "２丁目２２−１",
    "office_name": "株式会社　パーカーコーポレーション",
    "office_name_kana": "カブシキガイシヤ パ-カ-コ-ポレ-シヨン"
  },
  "8631": {
    "postcode": "1038631",
    "prefecture": "東京都",
    "prefecture_kana": "トウキョウト",
    "prefecture_code": 13,
    "city": "墨田区",
    "city_kana": "スミダク",
    "town": "両国",
    "town_kana": "リョウゴク",
    "street": "２−１０−１４（にほんばし蔵前郵便局私書箱第２６号）",
    "office_name": "出光クレジット　株式会社",
    "office_name_kana": "イデミツクレジツト カブシキガイシヤ"
  },
  "8636": {
    "postcode": "1038636",
    "prefecture": "東京都",
    "prefecture_kana": "トウキョウト",
    "prefecture_code": 13,
    "city": "江戸川区",
    "city_kana": "エドガワク",
    "town": "春江町",
    "town_kana": "ハルエチョウ",
    "street": "２−３１−１５（日本橋郵便局私書箱第２７１号）",
    "office_name": "株式会社　興伸",
    "office_name_kana": "カブシキガイシヤ コウシン"
  },
  "8639": {
    "postcode": "1038639",
    "prefecture": "東京都",
    "prefecture_kana": "トウキョウト",
    "prefecture_code": 13,
    "city": "中央区",
    "city_kana": "チュウオウク",
    "town": "日本橋本町",
    "town_kana": "ニホンバシホンチョウ",
    "street": "４丁目１２−１９（にほんばし蔵前郵便局私書箱第１２号）",
    "office_name": "佐藤工業　株式会社",
    "office_name_kana": "サトウコウギヨウ カブシキガイシヤ"
  },
  "8640": {
    "postcode": "1038640",
    "prefecture": "東京都",
    "prefecture_kana": "トウキョウト",
    "prefecture_code": 13,
    "city": "中央区",
    "city_kana": "チュウオウク",
    "town": "日本橋蛎殻町",
    "town_kana": "ニホンバシカキガラチョウ",
    "street": "１丁目７−９（日本橋郵便局私書箱第１１２号）",
    "office_name": "日本アジア証券　株式会社",
    "office_name_kana": "ニホンアジアシヨウケン カブシキガイシヤ"
  },
  "8650": {
    "postcode": "1038650",
    "prefecture": "東京都",
    "prefecture_kana": "トウキョウト",
    "prefecture_code": 13,
    "city": "中央区",
    "city_kana": "チュウオウク",
    "town": "日本橋人形町",
    "town_kana": "ニホンバシニンギョウチョウ",
    "street": "２−３１−１１（日本橋郵便局私書箱第１００号）",
    "office_name": "日清紡ホールディングス　株式会社",
    "office_name_kana": "ニツシンボウホ-ルデイングス カブシキガイシヤ"
  },
  "8651": {
    "postcode": "1038651",
    "prefecture": "東京都",
    "prefecture_kana": "トウキョウト",
    "prefecture_code": 13,
    "city": "中央区",
    "city_kana": "チュウオウク",
    "town": "日本橋本石町",
    "town_kana": "ニホンバシホンゴクチョウ",
    "street": "３丁目３−５（にほんばし蔵前郵便局私書箱第７８号）",
    "office_name": "株式会社　山口銀行　東京支店",
    "office_name_kana": "カブシキガイシヤ ヤマグチギンコウ トウキヨウシテン"
  },
  "8653": {
    "postcode": "1038653",
    "prefecture": "東京都",
    "prefecture_kana": "トウキョウト",
    "prefecture_code": 13,
    "city": "中央区",
    "city_kana": "チュウオウク",
    "town": "日本橋室町",
    "town_kana": "ニホンバシムロマチ",
    "street": "２丁目２番１号（にほんばし蔵前郵便局私書箱第１３号）",
    "office_name": "株式会社　千葉銀行　東京営業部",
    "office_name_kana": "カブシキガイシヤ チバギンコウ トウキヨウエイギヨウブ"
  },
  "8656": {
    "postcode": "1038656",
    "prefecture": "東京都",
    "prefecture_kana": "トウキョウト",
    "prefecture_code": 13,
    "city": "中央区",
    "city_kana": "チュウオウク",
    "town": "日本橋",
    "town_kana": "ニホンバシ",
    "street": "１丁目１３−１（日本橋郵便局私書箱第９４号）",
    "office_name": "株式会社　広島銀行　東京支店",
    "office_name_kana": "カブシキガイシヤ ヒロシマギンコウ トウキヨウシテン"
  },
  "8660": {
    "postcode": "1038660",
    "prefecture": "東京都",
    "prefecture_kana": "トウキョウト",
    "prefecture_code": 13,
    "city": "中央区",
    "city_kana": "チュウオウク",
    "town": "日本橋本石町",
    "town_kana": "ニホンバシホンゴクチョウ",
    "street": "２丁目１−１（にほんばし蔵前郵便局私書箱第３０号）",
    "office_name": "日本銀行",
    "office_name_kana": "ニツポンギンコウ"
  },
  "8666": {
    "postcode": "1038666",
    "prefecture": "東京都",
    "prefecture_kana": "トウキョウト",
    "prefecture_code": 13,
    "city": "中央区",
    "city_kana": "チュウオウク",
    "town": "日本橋室町",
    "town_kana": "ニホンバシムロマチ",
    "street": "２丁目１−１（にほんばし蔵前郵便局私書箱第１０号）",
    "office_name": "東レ　株式会社　本社",
    "office_name_kana": "トウレ カブシキガイシヤ ホンシヤ"
  },
  "8668": {
    "postcode": "1038668",
    "prefecture": "東京都",
    "prefecture_kana": "トウキョウト",
    "prefecture_code": 13,
    "city": "中央区",
    "city_kana": "チュウオウク",
    "town": "日本橋本町",
    "town_kana": "ニホンバシホンチョウ",
    "street": "２丁目１−１（日本橋郵便局私書箱第４１号）",
    "office_name": "武田薬品工業　株式会社",
    "office_name_kana": "タケダヤクヒンコウギヨウ カブシキガイシヤ"
  },
  "8676": {
    "postcode": "1038676",
    "prefecture": "東京都",
    "prefecture_kana": "トウキョウト",
    "prefecture_code": 13,
    "city": "中央区",
    "city_kana": "チュウオウク",
    "town": "日本橋",
    "town_kana": "ニホンバシ",
    "street": "２丁目３−２１",
    "office_name": "株式会社　群馬銀行　東京支店",
    "office_name_kana": "カブシキガイシヤ グンマギンコウ トウキヨウシテン"
  },
  "8677": {
    "postcode": "1038677",
    "prefecture": "東京都",
    "prefecture_kana": "トウキョウト",
    "prefecture_code": 13,
    "city": "中央区",
    "city_kana": "チュウオウク",
    "town": "八重洲",
    "town_kana": "ヤエス",
    "street": "１丁目２−１６（日本橋郵便局私書箱第１４７号）",
    "office_name": "株式会社　みずほコーポレート銀行",
    "office_name_kana": "カブシキガイシヤ ミズホコ-ポレ-トギンコウ"
  },
  "8680": {
    "postcode": "1038680",
    "prefecture": "東京都",
    "prefecture_kana": "トウキョウト",
    "prefecture_code": 13,
    "city": "中央区",
    "city_kana": "チュウオウク",
    "town": "八重洲",
    "town_kana": "ヤエス",
    "street": "１丁目４−２２（日本橋郵便局私書箱第４３号）",
    "office_name": "株式会社　守谷商会",
    "office_name_kana": "カブシキガイシヤ モリタニシヨウカイ"
  },
  "8684": {
    "postcode": "1038684",
    "prefecture": "東京都",
    "prefecture_kana": "トウキョウト",
    "prefecture_code": 13,
    "city": "中央区",
    "city_kana": "チュウオウク",
    "town": "日本橋本石町",
    "town_kana": "ニホンバシホンゴクチョウ",
    "street": "１−３−２（日本橋郵便局私書箱第１９１号）",
    "office_name": "株式会社　三菱ＵＦＪ銀行",
    "office_name_kana": "カブシキガイシヤ ミツビシユ-エフジエイギンコウ"
  },
  "8686": {
    "postcode": "1038686",
    "prefecture": "東京都",
    "prefecture_kana": "トウキョウト",
    "prefecture_code": 13,
    "city": "多摩市",
    "city_kana": "タマシ",
    "town": "落合",
    "town_kana": "オチアイ",
    "street": "１丁目３４（日本橋郵便局私書箱第２５０号）",
    "office_name": "株式会社　ベネッセコーポレーション",
    "office_name_kana": "カブシキガイシヤ ベネツセコ-ポレ-シヨン"
  },
  "8689": {
    "postcode": "1038689",
    "prefecture": "東京都",
    "prefecture_kana": "トウキョウト",
    "prefecture_code": 13,
    "city": "中央区",
    "city_kana": "チュウオウク",
    "town": "日本橋室町",
    "town_kana": "ニホンバシムロマチ",
    "street": "１丁目７−１（にほんばし蔵前郵便局私書箱第５９号）",
    "office_name": "スルガ銀行　株式会社　東京支店",
    "office_name_kana": "スルガギンコウ カブシキガイシヤ トウキヨウシテン"
  }
}