{
  "0000": {
    "postcode": "1100000",
    "prefecture": "東京都",
    "prefecture_kana": "トウキョウト",
    "prefecture_code": 13,
    "city": "台東区",
    "city_kana": "タイトウク",
    "town": "",
    "town_kana": "",
    "street": null,
    "office_name": null,
    "office_name_kana": null
  },
  "0001": {
    "postcode": "1100001",
    "prefecture": "東京都",
    "prefecture_kana": "トウキョウト",
    "prefecture_code": 13,
    "city": "台東区",
    "city_kana": "タイトウク",
    "town": "谷中",
    "town_kana": "ヤナカ",
    "street": null,
    "office_name": null,
    "office_name_kana": null
  },
  "0002": {
    "postcode": "1100002",
    "prefecture": "東京都",
    "prefecture_kana": "トウキョウト",
    "prefecture_code": 13,
    "city": "台東区",
    "city_kana": "タイトウク",
    "town": "上野桜木",
    "town_kana": "ウエノサクラギ",
    "street": null,
    "office_name": null,
    "office_name_kana": null
  },
  "0003": {
    "postcode": "1100003",
    "prefecture": "東京都",
    "prefecture_kana": "トウキョウト",
    "prefecture_code": 13,
    "city": "台東区",
    "city_kana": "タイトウク",
    "town": "根岸",
    "town_kana": "ネギシ",
    "street": null,
    "office_name": null,
    "office_name_kana": null
  },
  "0004": {
    "postcode": "1100004",
    "prefecture": "東京都",
    "prefecture_kana": "トウキョウト",
    "prefecture_code": 13,
    "city": "台東区",
    "city_kana": "タイトウク",
    "town": "下谷",
    "town_kana": "シタヤ",
    "street": null,
    "office_name": null,
    "office_name_kana": null
  },
  "0005": {
    "postcode": "1100005",
    "prefecture": "東京都",
    "prefecture_kana": "トウキョウト",
    "prefecture_code": 13,
    "city": "台東区",
    "city_kana": "タイトウク",
    "town": "上野",
    "town_kana": "ウエノ",
    "street": null,
    "office_name": null,
    "office_name_kana": null
  },
  "0006": {
    "postcode": "1100006",
    "prefecture": "東京都",
    "prefecture_kana": "トウキョウト",
    "prefecture_code": 13,
    "city": "台東区",
    "city_kana": "タイトウク",
    "town": "秋葉原",
    "town_kana": "アキハバラ",
    "street": null,
    "office_name": null,
    "office_name_kana": null
  },
  "0007": {
    "postcode": "1100007",
    "prefecture": "東京都",
    "prefecture_kana": "トウキョウト",
    "prefecture_code": 13,
    "city": "台東区",
    "city_kana": "タイトウク",
    "town": "上野公園",
    "town_kana": "ウエノコウエン",
    "street": null,
    "office_name": null,
    "office_name_kana": null
  },
  "0008": {
    "postcode": "1100008",
    "prefecture": "東京都",
    "prefecture_kana": "トウキョウト",
    "prefecture_code": 13,
    "city": "台東区",
    "city_kana": "タイトウク",
    "town": "池之端",
    "town_kana": "イケノハタ",
    "street": null,
    "office_name": null,
    "office_name_kana": null
  },
  "0011": {
    "postcode": "1100011",
    "prefecture": "東京都",
    "prefecture_kana": "トウキョウト",
    "prefecture_code": 13,
    "city": "台東区",
    "city_kana": "タイトウク",
    "town": "三ノ輪",
    "town_kana": "ミノワ",
    "street": null,
    "office_name": null,
    "office_name_kana": null
  },
  "0012": {
    "postcode": "1100012",
    "prefecture": "東京都",
    "prefecture_kana": "トウキョウト",
    "prefecture_code": 13,
    "city": "台東区",
    "city_kana": "タイトウク",
    "town": "竜泉",
    "town_kana": "リュウセン",
    "street": null,
    "office_name": null,
    "office_name_kana": null
  },
  "0013": {
    "postcode": "1100013",
    "prefecture": "東京都",
    "prefecture_kana": "トウキョウト",
    "prefecture_code": 13,
    "city": "台東区",
    "city_kana": "タイトウク",
    "town": "入谷",
    "town_kana": "イリヤ",
    "street": null,
    "office_name": null,
    "office_name_kana": null
  },
  "0014": {
    "postcode": "1100014",
    "prefecture": "東京都",
    "prefecture_kana": "トウキョウト",
    "prefecture_code": 13,
    "city": "台東区",
    "city_kana": "タイトウク",
    "town": "北上野",
    "town_kana": "キタウエノ",
    "street": null,
    "office_name": null,
    "office_name_kana": null
  },
  "0015": {
    "postcode": "1100015",
    "prefecture": "東京都",
    "prefecture_kana": "トウキョウト",
    "prefecture_code": 13,
    "city": "台東区",
    "city_kana": "タイトウク",
    "town": "東上野",
    "town_kana": "ヒガシウエノ",
    "street": null,
    "office_name": null,
    "office_name_kana": null
  },
  "0016": {
    "postcode": "1100016",
    "prefecture": "東京都",
    "prefecture_kana": "トウキョウト",
    "prefecture_code": 13,
    "city": "台東区",
    "city_kana": "タイトウク",
    "town": "台東",
    "town_kana": "タイトウ",
    "street": null,
    "office_name": null,
    "office_name_kana": null
  },
  "8408": {
    "postcode": "1108408",
    "prefecture": "東京都",
    "prefecture_kana": "トウキョウト",
    "prefecture_code": 13,
    "city": "台東区",
    "city_kana": "タイトウク",
    "town": "台東",
    "town_kana": "タイトウ",
    "street": "４丁目１９−９",
    "office_name": "栄研化学　株式会社",
    "office_name_kana": "エイケンカガク カブシキガイシヤ"
  },
  "8501": {
    "postcode": "1108501",
    "prefecture": "東京都",
    "prefecture_kana": "トウキョウト",
    "prefecture_code": 13,
    "city": "台東区",
    "city_kana": "タイトウク",
    "town": "上野",
    "town_kana": "ウエノ",
    "street": "２丁目１−８",
    "office_name": "野村證券　株式会社　上野支店",
    "office_name_kana": "ノムラシヨウケン カブシキガイシヤ ウエノシテン"
  },
  "8502": {
    "postcode": "1108502",
    "prefecture": "東京都",
    "prefecture_kana": "トウキョウト",
    "prefecture_code": 13,
    "city": "台東区",
    "city_kana": "タイトウク",
    "town": "上野",
    "town_kana": "ウエノ",
    "street": "６丁目１５−１",
    "office_name": "株式会社　丸井　上野店",
    "office_name_kana": "カブシキガイシヤ マルイ ウエノテン"
  },
  "8503": {
    "postcode": "1108503",
    "prefecture": "東京都",
    "prefecture_kana": "トウキョウト",
    "prefecture_code": 13,
    "city": "台東区",
    "city_kana": "タイトウク",
    "town": "上野",
    "town_kana": "ウエノ",
    "street": "３丁目２９−５",
    "office_name": "株式会社　松坂屋　上野店",
    "office_name_kana": "カブシキガイシヤ マツザカヤ ウエノテン"
  },
  "8505": {
    "postcode": "1108505",
    "prefecture": "東京都",
    "prefecture_kana": "トウキョウト",
    "prefecture_code": 13,
    "city": "台東区",
    "city_kana": "タイトウク",
    "town": "上野",
    "town_kana": "ウエノ",
    "street": "５丁目１５−１３",
    "office_name": "株式会社　真多呂人形",
    "office_name_kana": "カブシキガイシヤ マタロニンギヨウ"
  },
  "8507": {
    "postcode": "1108507",
    "prefecture": "東京都",
    "prefecture_kana": "トウキョウト",
    "prefecture_code": 13,
    "city": "台東区",
    "city_kana": "タイトウク",
    "town": "上野",
    "town_kana": "ウエノ",
    "street": "７丁目６−９",
    "office_name": "株式会社　ヨシダ",
    "office_name_kana": "カブシキガイシヤ ヨシダ"
  },
  "8509": {
    "postcode": "1108509",
    "prefecture": "東京都",
    "prefecture_kana": "トウキョウト",
    "prefecture_code": 13,
    "city": "台東区",
    "city_kana": "タイトウク",
    "town": "上野",
    "town_kana": "ウエノ",
    "street": "１丁目１５−５",
    "office_name": "橋本産業　株式会社",
    "office_name_kana": "ハシモトサンギヨウ カブシキガイシヤ"
  },
  "8510": {
    "postcode": "1108510",
    "prefecture": "東京都",
    "prefecture_kana": "トウキョウト",
    "prefecture_code": 13,
    "city": "台東区",
    "city_kana": "タイトウク",
    "town": "東上野",
    "town_kana": "ヒガシウエノ",
    "street": "５丁目２番５号下谷ビル６階",
    "office_name": "株式会社　下谷金属",
    "office_name_kana": "カブシキガイシヤ シタヤキンゾク"
  },
  "8511": {
    "postcode": "1108511",
    "prefecture": "東京都",
    "prefecture_kana": "トウキョウト",
    "prefecture_code": 13,
    "city": "台東区",
    "city_kana": "タイトウク",
    "town": "上野",
    "town_kana": "ウエノ",
    "street": "４丁目１−８",
    "office_name": "株式会社　トータルアクセスシャトル",
    "office_name_kana": "カブシキガイシヤ ト-タルアクセスシヤトル"
  },
  "8513": {
    "postcode": "1108513",
    "prefecture": "東京都",
    "prefecture_kana": "トウキョウト",
    "prefecture_code": 13,
    "city": "台東区",
    "city_kana": "タイトウク",
    "town": "上野",
    "town_kana": "ウエノ",
    "street": "２丁目１１−１５",
    "office_name": "株式会社　モリタ",
    "office_name_kana": "カブシキガイシヤ モリタ"
  },
  "8515": {
    "postcode": "1108515",
    "prefecture": "東京都",
    "prefecture_kana": "トウキョウト",
    "prefecture_code": 13,
    "city": "台東区",
    "city_kana": "タイトウク",
    "town": "上野",
    "town_kana": "ウエノ",
    "street": "２丁目１３−１０",
    "office_name": "大和證券　株式会社　上野支店",
    "office_name_kana": "ダイワシヨウケン カブシキガイシヤ ウエノシテン"
  },
  "8516": {
    "postcode": "1108516",
    "prefecture": "東京都",
    "prefecture_kana": "トウキョウト",
    "prefecture_code": 13,
    "city": "台東区",
    "city_kana": "タイトウク",
    "town": "台東",
    "town_kana": "タイトウ",
    "street": "４丁目１９−１８",
    "office_name": "株式会社　日伝　東京支店",
    "office_name_kana": "カブシキガイシヤ ニチデン トウキヨウシテン"
  },
  "8517": {
    "postcode": "1108517",
    "prefecture": "東京都",
    "prefecture_kana": "トウキョウト",
    "prefecture_code": 13,
    "city": "台東区",
    "city_kana": "タイトウク",
    "town": "上野",
    "town_kana": "ウエノ",
    "street": "３丁目２１−８",
    "office_name": "ヒカリ興業　株式会社",
    "office_name_kana": "ヒカリコウギヨウ カブシキガイシヤ"
  },
  "8520": {
    "postcode": "1108520",
    "prefecture": "東京都",
    "prefecture_kana": "トウキョウト",
    "prefecture_code": 13,
    "city": "台東区",
    "city_kana": "タイトウク",
    "town": "東上野",
    "town_kana": "ヒガシウエノ",
    "street": "４丁目８番１号ＴＩＸＴＯＷＥＲＵＥＮＯ",
    "office_name": "株式会社　理研グリーン",
    "office_name_kana": "カブシキガイシヤ リケングリ-ン"
  },
  "8522": {
    "postcode": "1108522",
    "prefecture": "東京都",
    "prefecture_kana": "トウキョウト",
    "prefecture_code": 13,
    "city": "台東区",
    "city_kana": "タイトウク",
    "town": "上野",
    "town_kana": "ウエノ",
    "street": "５丁目２２番８号",
    "office_name": "株式会社　吉池",
    "office_name_kana": "カブシキガイシヤ ヨシイケ"
  },
  "8524": {
    "postcode": "1108524",
    "prefecture": "東京都",
    "prefecture_kana": "トウキョウト",
    "prefecture_code": 13,
    "city": "台東区",
    "city_kana": "タイトウク",
    "town": "上野",
    "town_kana": "ウエノ",
    "street": "２丁目１３−１０",
    "office_name": "朝日生命保険　相互会社　東京東統括支社",
    "office_name_kana": "アサヒセイメイホケン ソウゴガイシヤ トウキヨウヒガシトウカツシシヤ"
  },
  "8530": {
    "postcode": "1108530",
    "prefecture": "東京都",
    "prefecture_kana": "トウキョウト",
    "prefecture_code": 13,
    "city": "台東区",
    "city_kana": "タイトウク",
    "town": "上野",
    "town_kana": "ウエノ",
    "street": "５丁目１２−８",
    "office_name": "株式会社　日本歯科工業社",
    "office_name_kana": "カブシキガイシヤ ニホンシカコウギヨウシヤ"
  },
  "8531": {
    "postcode": "1108531",
    "prefecture": "東京都",
    "prefecture_kana": "トウキョウト",
    "prefecture_code": 13,
    "city": "台東区",
    "city_kana": "タイトウク",
    "town": "上野",
    "town_kana": "ウエノ",
    "street": "５丁目６−１０",
    "office_name": "株式会社　台和",
    "office_name_kana": "カブシキガイシヤ ダイワ"
  },
  "8532": {
    "postcode": "1108532",
    "prefecture": "東京都",
    "prefecture_kana": "トウキョウト",
    "prefecture_code": 13,
    "city": "台東区",
    "city_kana": "タイトウク",
    "town": "上野",
    "town_kana": "ウエノ",
    "street": "５丁目１−１文昌堂ビル",
    "office_name": "株式会社　文昌堂",
    "office_name_kana": "カブシキガイシヤ ブンシヨウドウ"
  },
  "8533": {
    "postcode": "1108533",
    "prefecture": "東京都",
    "prefecture_kana": "トウキョウト",
    "prefecture_code": 13,
    "city": "台東区",
    "city_kana": "タイトウク",
    "town": "上野",
    "town_kana": "ウエノ",
    "street": "４丁目１０−５",
    "office_name": "株式会社　新生銀行　上野支店",
    "office_name_kana": "カブシキガイシヤ シンセイギンコウ ウエノシテン"
  },
  "8534": {
    "postcode": "1108534",
    "prefecture": "東京都",
    "prefecture_kana": "トウキョウト",
    "prefecture_code": 13,
    "city": "台東区",
    "city_kana": "タイトウク",
    "town": "上野",
    "town_kana": "ウエノ",
    "street": "１丁目１−１０",
    "office_name": "三洋電機　株式会社",
    "office_name_kana": "サンヨウデンキ カブシキガイシヤ"
  },
  "8536": {
    "postcode": "1108536",
    "prefecture": "東京都",
    "prefecture_kana": "トウキョウト",
    "prefecture_code": 13,
    "city": "台東区",
    "city_kana": "タイトウク",
    "town": "東上野",
    "town_kana": "ヒガシウエノ",
    "street": "４丁目８番１号",
    "office_name": "オリエンタルモーター　株式会社",
    "office_name_kana": "オリエンタルモ-タ- カブシキガイシヤ"
  },
  "8537": {
    "postcode": "1108537",
    "prefecture": "東京都",
    "prefecture_kana": "トウキョウト",
    "prefecture_code": 13,
    "city": "台東区",
    "city_kana": "タイトウク",
    "town": "上野",
    "town_kana": "ウエノ",
    "street": "１丁目２０−１１",
    "office_name": "（株）　鈴乃屋",
    "office_name_kana": "スズノヤ"
  },
  "8539": {
    "postcode": "1108539",
    "prefecture": "東京都",
    "prefecture_kana": "トウキョウト",
    "prefecture_code": 13,
    "city": "台東区",
    "city_kana": "タイトウク",
    "town": "上野",
    "town_kana": "ウエノ",
    "street": "１丁目２０−１０",
    "office_name": "株式会社　上野風月堂",
    "office_name_kana": "カブシキガイシヤ ウエノフウゲツドウ"
  },
  "8540": {
    "postcode": "1108540",
    "prefecture": "東京都",
    "prefecture_kana": "トウキョウト",
    "prefecture_code": 13,
    "city": "台東区",
    "city_kana": "タイトウク",
    "town": "東上野",
    "town_kana": "ヒガシウエノ",
    "street": "１−６−１０ＡＲＴビル４階",
    "office_name": "一般財団法人　日本船員住宅協会",
    "office_name_kana": "イツパンザイダンホウジン ニホンセンインジユウタクキヨウカイ"
  },
  "8541": {
    "postcode": "1108541",
    "prefecture": "東京都",
    "prefecture_kana": "トウキョウト",
    "prefecture_code": 13,
    "city": "台東区",
    "city_kana": "タイトウク",
    "town": "上野",
    "town_kana": "ウエノ",
    "street": "４丁目８−４",
    "office_name": "（株）　アブアブ赤札堂",
    "office_name_kana": "アブアブアカフダドウ"
  },
  "8543": {
    "postcode": "1108543",
    "prefecture": "東京都",
    "prefecture_kana": "トウキョウト",
    "prefecture_code": 13,
    "city": "台東区",
    "city_kana": "タイトウク",
    "town": "上野",
    "town_kana": "ウエノ",
    "street": "４丁目４−３",
    "office_name": "株式会社　和光ハトヤ",
    "office_name_kana": "カブシキガイシヤ ワコウハトヤ"
  },
  "8546": {
    "postcode": "1108546",
    "prefecture": "東京都",
    "prefecture_kana": "トウキョウト",
    "prefecture_code": 13,
    "city": "台東区",
    "city_kana": "タイトウク",
    "town": "上野",
    "town_kana": "ウエノ",
    "street": "１丁目１５−３",
    "office_name": "株式会社　ナガホリ",
    "office_name_kana": "カブシキガイシヤ ナガホリ"
  },
  "8548": {
    "postcode": "1108548",
    "prefecture": "東京都",
    "prefecture_kana": "トウキョウト",
    "prefecture_code": 13,
    "city": "台東区",
    "city_kana": "タイトウク",
    "town": "上野",
    "town_kana": "ウエノ",
    "street": "２丁目７−１１",
    "office_name": "株式会社　酒悦",
    "office_name_kana": "カブシキガイシヤ シユエツ"
  },
  "8550": {
    "postcode": "1108550",
    "prefecture": "東京都",
    "prefecture_kana": "トウキョウト",
    "prefecture_code": 13,
    "city": "台東区",
    "city_kana": "タイトウク",
    "town": "台東",
    "town_kana": "タイトウ",
    "street": "１丁目９−３",
    "office_name": "三共スポーツ　株式会社",
    "office_name_kana": "サンキヨウスポ-ツ カブシキガイシヤ"
  },
  "8555": {
    "postcode": "1108555",
    "prefecture": "東京都",
    "prefecture_kana": "トウキョウト",
    "prefecture_code": 13,
    "city": "台東区",
    "city_kana": "タイトウク",
    "town": "台東",
    "town_kana": "タイトウ",
    "street": "１−３１−７",
    "office_name": "サンデンホールディングス　株式会社　東京本社",
    "office_name_kana": "サンデンホ-ルデイングス カブシキガイシヤ トウキヨウホンシヤ"
  },
  "8559": {
    "postcode": "1108559",
    "prefecture": "東京都",
    "prefecture_kana": "トウキョウト",
    "prefecture_code": 13,
    "city": "台東区",
    "city_kana": "タイトウク",
    "town": "台東",
    "town_kana": "タイトウ",
    "street": "１丁目３０−８宮内ビル９Ｆ",
    "office_name": "イン・ステップ　有限会社",
    "office_name_kana": "イン・ステツプ ユウゲンガイシヤ"
  },
  "8560": {
    "postcode": "1108560",
    "prefecture": "東京都",
    "prefecture_kana": "トウキョウト",
    "prefecture_code": 13,
    "city": "台東区",
    "city_kana": "タイトウク",
    "town": "台東",
    "town_kana": "タイトウ",
    "street": "１丁目５−１",
    "office_name": "ＴＯＰＰＡＮホールディングス　株式会社",
    "office_name_kana": "トツパンホ-ルデイングス カブシキガイシヤ"
  },
  "8561": {
    "postcode": "1108561",
    "prefecture": "東京都",
    "prefecture_kana": "トウキョウト",
    "prefecture_code": 13,
    "city": "台東区",
    "city_kana": "タイトウク",
    "town": "台東",
    "town_kana": "タイトウ",
    "street": "１丁目２６−２",
    "office_name": "東京法務局　台東出張所",
    "office_name_kana": "トウキヨウホウムキヨク タイトウシユツチヨウジヨ"
  },
  "8562": {
    "postcode": "1108562",
    "prefecture": "東京都",
    "prefecture_kana": "トウキョウト",
    "prefecture_code": 13,
    "city": "台東区",
    "city_kana": "タイトウク",
    "town": "台東",
    "town_kana": "タイトウ",
    "street": "２丁目１−１東秋葉原ビル",
    "office_name": "日本リテイルシステム　株式会社",
    "office_name_kana": "ニホンリテイルシステム カブシキガイシヤ"
  },
  "8565": {
    "postcode": "1108565",
    "prefecture": "東京都",
    "prefecture_kana": "トウキョウト",
    "prefecture_code": 13,
    "city": "台東区",
    "city_kana": "タイトウク",
    "town": "上野",
    "town_kana": "ウエノ",
    "street": "５丁目２４−１１",
    "office_name": "東日本電信電話　株式会社　上野支店",
    "office_name_kana": "ヒガシニホンデンシンデンワ カブシキガイシヤ ウエノシテン"
  },
  "8566": {
    "postcode": "1108566",
    "prefecture": "東京都",
    "prefecture_kana": "トウキョウト",
    "prefecture_code": 13,
    "city": "台東区",
    "city_kana": "タイトウク",
    "town": "台東",
    "town_kana": "タイトウ",
    "street": "２丁目３０−５",
    "office_name": "藤川伝導機　株式会社",
    "office_name_kana": "フジカワデンドウキ カブシキガイシヤ"
  },
  "8567": {
    "postcode": "1108567",
    "prefecture": "東京都",
    "prefecture_kana": "トウキョウト",
    "prefecture_code": 13,
    "city": "台東区",
    "city_kana": "タイトウク",
    "town": "台東",
    "town_kana": "タイトウ",
    "street": "４丁目２３−１０ヴェラハイツ御徒町４０２号",
    "office_name": "社団法人　日本動物園水族館協会",
    "office_name_kana": "シヤダンホウジン ニホンドウブツエンスイゾクカンキヨウカイ"
  },
  "8575": {
    "postcode": "1108575",
    "prefecture": "東京都",
    "prefecture_kana": "トウキョウト",
    "prefecture_code": 13,
    "city": "台東区",
    "city_kana": "タイトウク",
    "town": "台東",
    "town_kana": "タイトウ",
    "street": "１丁目２３−６",
    "office_name": "山田マシンツール　株式会社",
    "office_name_kana": "ヤマダマシンツ-ル カブシキガイシヤ"
  },
  "8576": {
    "postcode": "1108576",
    "prefecture": "東京都",
    "prefecture_kana": "トウキョウト",
    "prefecture_code": 13,
    "city": "台東区",
    "city_kana": "タイトウク",
    "town": "上野",
    "town_kana": "ウエノ",
    "street": "５丁目２３−１１スグルビル６Ｆ",
    "office_name": "昭和室内工業　（株）",
    "office_name_kana": "シヨウワシツナイコウギヨウ (カブ)"
  },
  "8577": {
    "postcode": "1108577",
    "prefecture": "東京都",
    "prefecture_kana": "トウキョウト",
    "prefecture_code": 13,
    "city": "台東区",
    "city_kana": "タイトウク",
    "town": "台東",
    "town_kana": "タイトウ",
    "street": "１丁目１−１４",
    "office_name": "千代田機工　株式会社",
    "office_name_kana": "チヨダキコウ カブシキガイシヤ"
  },
  "8578": {
    "postcode": "1108578",
    "prefecture": "東京都",
    "prefecture_kana": "トウキョウト",
    "prefecture_code": 13,
    "city": "台東区",
    "city_kana": "タイトウク",
    "town": "東上野",
    "town_kana": "ヒガシウエノ",
    "street": "２−１−１１サンフィールドビル",
    "office_name": "株式会社　内外出版社",
    "office_name_kana": "カブシキガイシヤ ナイガイシユツパンシヤ"
  },
  "8580": {
    "postcode": "1108580",
    "prefecture": "東京都",
    "prefecture_kana": "トウキョウト",
    "prefecture_code": 13,
    "city": "台東区",
    "city_kana": "タイトウク",
    "town": "秋葉原",
    "town_kana": "アキハバラ",
    "street": "２−３日本農業新聞本社ビル３〜４Ｆ",
    "office_name": "農林漁業団体職員共済組合",
    "office_name_kana": "ノウリンギヨギヨウダンタイシヨクインキヨウサイクミアイ"
  },
  "8582": {
    "postcode": "1108582",
    "prefecture": "東京都",
    "prefecture_kana": "トウキョウト",
    "prefecture_code": 13,
    "city": "台東区",
    "city_kana": "タイトウク",
    "town": "台東",
    "town_kana": "タイトウ",
    "street": "１丁目２８−２",
    "office_name": "ＹＫＫ　ファスニングプロダクツ販売　株式会社",
    "office_name_kana": "ワイケイケイ フアスニングプロダクツ カブシキガイシヤ"
  },
  "8583": {
    "postcode": "1108583",
    "prefecture": "東京都",
    "prefecture_kana": "トウキョウト",
    "prefecture_code": 13,
    "city": "台東区",
    "city_kana": "タイトウク",
    "town": "台東",
    "town_kana": "タイトウ",
    "street": "４丁目３３−２",
    "office_name": "株式会社　多慶屋",
    "office_name_kana": "カブシキガイシヤ タケヤ"
  },
  "8584": {
    "postcode": "1108584",
    "prefecture": "東京都",
    "prefecture_kana": "トウキョウト",
    "prefecture_code": 13,
    "city": "台東区",
    "city_kana": "タイトウク",
    "town": "台東",
    "town_kana": "タイトウ",
    "street": "４丁目３０−７",
    "office_name": "株式会社　富士商会",
    "office_name_kana": "カブシキガイシヤ フジシヨウカイ"
  },
  "8586": {
    "postcode": "1108586",
    "prefecture": "東京都",
    "prefecture_kana": "トウキョウト",
    "prefecture_code": 13,
    "city": "台東区",
    "city_kana": "タイトウク",
    "town": "台東",
    "town_kana": "タイトウ",
    "street": "１丁目１１−３",
    "office_name": "東和通商　株式会社",
    "office_name_kana": "トウワツウシヨウ カブシキガイシヤ"
  },
  "8588": {
    "postcode": "1108588",
    "prefecture": "東京都",
    "prefecture_kana": "トウキョウト",
    "prefecture_code": 13,
    "city": "台東区",
    "city_kana": "タイトウク",
    "town": "秋葉原",
    "town_kana": "アキハバラ",
    "street": "１−１秋葉原ビジネスセンタービル８Ｆ",
    "office_name": "神田電子工業　株式会社",
    "office_name_kana": "カンダデンシコウギヨウ カブシキガイシヤ"
  },
  "8602": {
    "postcode": "1108602",
    "prefecture": "東京都",
    "prefecture_kana": "トウキョウト",
    "prefecture_code": 13,
    "city": "台東区",
    "city_kana": "タイトウク",
    "town": "東上野",
    "town_kana": "ヒガシウエノ",
    "street": "４丁目２−４",
    "office_name": "警視庁　上野警察署",
    "office_name_kana": "ケイシチヨウ ウエノケイサツシヨ"
  },
  "8605": {
    "postcode": "1108605",
    "prefecture": "東京都",
    "prefecture_kana": "トウキョウト",
    "prefecture_code": 13,
    "city": "台東区",
    "city_kana": "タイトウク",
    "town": "上野",
    "town_kana": "ウエノ",
    "street": "５−２２−１東鈴ビル４階",
    "office_name": "特定非営利活動法人　日本国際ボランティアセンター",
    "office_name_kana": "トクテイヒエイリカツドウホウジン ニホンコクサイボランテイアセンタ-"
  },
  "8609": {
    "postcode": "1108609",
    "prefecture": "東京都",
    "prefecture_kana": "トウキョウト",
    "prefecture_code": 13,
    "city": "台東区",
    "city_kana": "タイトウク",
    "town": "東上野",
    "town_kana": "ヒガシウエノ",
    "street": "２−７−５偕楽ビル（東上野２）２階・３階",
    "office_name": "上野公共職業安定所",
    "office_name_kana": "ウエノコウキヨウシヨクギヨウアンテイシヨ"
  },
  "8610": {
    "postcode": "1108610",
    "prefecture": "東京都",
    "prefecture_kana": "トウキョウト",
    "prefecture_code": 13,
    "city": "台東区",
    "city_kana": "タイトウク",
    "town": "東上野",
    "town_kana": "ヒガシウエノ",
    "street": "１丁目１８−９",
    "office_name": "共立食品　株式会社",
    "office_name_kana": "キヨウリツシヨクヒン"
  },
  "8614": {
    "postcode": "1108614",
    "prefecture": "東京都",
    "prefecture_kana": "トウキョウト",
    "prefecture_code": 13,
    "city": "台東区",
    "city_kana": "タイトウク",
    "town": "東上野",
    "town_kana": "ヒガシウエノ",
    "street": "３丁目１９−６",
    "office_name": "東京地下鉄　株式会社",
    "office_name_kana": "トウキヨウチカテツ カブシキガイシヤ"
  },
  "8615": {
    "postcode": "1108615",
    "prefecture": "東京都",
    "prefecture_kana": "トウキョウト",
    "prefecture_code": 13,
    "city": "台東区",
    "city_kana": "タイトウク",
    "town": "東上野",
    "town_kana": "ヒガシウエノ",
    "street": "４丁目５−６",
    "office_name": "東京都台東区役所",
    "office_name_kana": "トウキヨウトタイトウクヤクシヨ"
  },
  "8618": {
    "postcode": "1108618",
    "prefecture": "東京都",
    "prefecture_kana": "トウキョウト",
    "prefecture_code": 13,
    "city": "台東区",
    "city_kana": "タイトウク",
    "town": "東上野",
    "town_kana": "ヒガシウエノ",
    "street": "１丁目６−２",
    "office_name": "Ｊ−ＮＥＴ中央　株式会社",
    "office_name_kana": "ジエイ-ネツトチユウオウ カブシキガイシヤ"
  },
  "8619": {
    "postcode": "1108619",
    "prefecture": "東京都",
    "prefecture_kana": "トウキョウト",
    "prefecture_code": 13,
    "city": "台東区",
    "city_kana": "タイトウク",
    "town": "東上野",
    "town_kana": "ヒガシウエノ",
    "street": "２丁目８−１",
    "office_name": "ウインドミル　株式会社",
    "office_name_kana": "ウインドミル カブシキガイシヤ"
  },
  "8620": {
    "postcode": "1108620",
    "prefecture": "東京都",
    "prefecture_kana": "トウキョウト",
    "prefecture_code": 13,
    "city": "台東区",
    "city_kana": "タイトウク",
    "town": "東上野",
    "town_kana": "ヒガシウエノ",
    "street": "５−１６−５新明和上野ビル",
    "office_name": "新明和工業　株式会社　パーキングシステム事業部",
    "office_name_kana": "シンメイワコウギヨウ カブシキガイシヤ パ-キングシステムジギヨウブ"
  },
  "8621": {
    "postcode": "1108621",
    "prefecture": "東京都",
    "prefecture_kana": "トウキョウト",
    "prefecture_code": 13,
    "city": "台東区",
    "city_kana": "タイトウク",
    "town": "北上野",
    "town_kana": "キタウエノ",
    "street": "１丁目１０−１４",
    "office_name": "株式会社　シー・アイ・シー",
    "office_name_kana": "カブシキガイシヤ シ-・アイ・シ-"
  },
  "8622": {
    "postcode": "1108622",
    "prefecture": "東京都",
    "prefecture_kana": "トウキョウト",
    "prefecture_code": 13,
    "city": "台東区",
    "city_kana": "タイトウク",
    "town": "東上野",
    "town_kana": "ヒガシウエノ",
    "street": "２丁目５−１０",
    "office_name": "プラチナ萬年筆　株式会社",
    "office_name_kana": "プラチナマンネンヒツ カブシキガイシヤ"
  },
  "8625": {
    "postcode": "1108625",
    "prefecture": "東京都",
    "prefecture_kana": "トウキョウト",
    "prefecture_code": 13,
    "city": "台東区",
    "city_kana": "タイトウク",
    "town": "東上野",
    "town_kana": "ヒガシウエノ",
    "street": "２丁目８−７",
    "office_name": "株式会社　笠倉出版社",
    "office_name_kana": "カブシキガイシヤ カサクラシユツパンシヤ"
  },
  "8626": {
    "postcode": "1108626",
    "prefecture": "東京都",
    "prefecture_kana": "トウキョウト",
    "prefecture_code": 13,
    "city": "台東区",
    "city_kana": "タイトウク",
    "town": "東上野",
    "town_kana": "ヒガシウエノ",
    "street": "２丁目２３−２５",
    "office_name": "一般社団法人　日本ジュエリー協会",
    "office_name_kana": "イツパンシヤダンホウジン ニホンジユエリ-キヨウカイ"
  },
  "8628": {
    "postcode": "1108628",
    "prefecture": "東京都",
    "prefecture_kana": "トウキョウト",
    "prefecture_code": 13,
    "city": "台東区",
    "city_kana": "タイトウク",
    "town": "東上野",
    "town_kana": "ヒガシウエノ",
    "street": "１丁目１４−４上野三和ビル",
    "office_name": "大同生命保険　相互会社　上野支社",
    "office_name_kana": "ダイドウセイメイホケンソウゴガイシヤ"
  },
  "8630": {
    "postcode": "1108630",
    "prefecture": "東京都",
    "prefecture_kana": "トウキョウト",
    "prefecture_code": 13,
    "city": "台東区",
    "city_kana": "タイトウク",
    "town": "東上野",
    "town_kana": "ヒガシウエノ",
    "street": "１丁目２８−１２",
    "office_name": "金方堂松本工業　株式会社",
    "office_name_kana": "キンポウドウマツモトコウギヨウ カブシキガイシヤ"
  },
  "8631": {
    "postcode": "1108631",
    "prefecture": "東京都",
    "prefecture_kana": "トウキョウト",
    "prefecture_code": 13,
    "city": "台東区",
    "city_kana": "タイトウク",
    "town": "東上野",
    "town_kana": "ヒガシウエノ",
    "street": "四丁目２４番１１号グローバル・ワン上野",
    "office_name": "関工商事　株式会社",
    "office_name_kana": "カンコウシヨウジ カブシキガイシヤ"
  },
  "8635": {
    "postcode": "1108635",
    "prefecture": "東京都",
    "prefecture_kana": "トウキョウト",
    "prefecture_code": 13,
    "city": "台東区",
    "city_kana": "タイトウク",
    "town": "東上野",
    "town_kana": "ヒガシウエノ",
    "street": "２丁目７−５",
    "office_name": "中央日立家電　株式会社",
    "office_name_kana": "チユウオウヒタチカデン カブシキガイシヤ"
  },
  "8638": {
    "postcode": "1108638",
    "prefecture": "東京都",
    "prefecture_kana": "トウキョウト",
    "prefecture_code": 13,
    "city": "台東区",
    "city_kana": "タイトウク",
    "town": "東上野",
    "town_kana": "ヒガシウエノ",
    "street": "６−２７−５レジディア上野１０１",
    "office_name": "ジェイ・アキュレート　株式会社",
    "office_name_kana": "ジエイ・アキユレ-ト カブシキガイシヤ"
  },
  "8641": {
    "postcode": "1108641",
    "prefecture": "東京都",
    "prefecture_kana": "トウキョウト",
    "prefecture_code": 13,
    "city": "台東区",
    "city_kana": "タイトウク",
    "town": "東上野",
    "town_kana": "ヒガシウエノ",
    "street": "２−７−５",
    "office_name": "日立コンシューマ・マーケティング　株式会社　東京支社",
    "office_name_kana": "ヒタチコンシユ-マ・マ-ケテイング カブシキガイシヤ トウキヨウシシヤ"
  },
  "8642": {
    "postcode": "1108642",
    "prefecture": "東京都",
    "prefecture_kana": "トウキョウト",
    "prefecture_code": 13,
    "city": "台東区",
    "city_kana": "タイトウク",
    "town": "東上野",
    "town_kana": "ヒガシウエノ",
    "street": "４丁目２４−１２",
    "office_name": "学校法人　上野学園",
    "office_name_kana": "ガツコウホウジン ウエノガクエン"
  },
  "8644": {
    "postcode": "1108644",
    "prefecture": "東京都",
    "prefecture_kana": "トウキョウト",
    "prefecture_code": 13,
    "city": "台東区",
    "city_kana": "タイトウク",
    "town": "上野",
    "town_kana": "ウエノ",
    "street": "６丁目２−１",
    "office_name": "ヨシディア　株式会社",
    "office_name_kana": "ヨシデイア カブシキガイシヤ"
  },
  "8645": {
    "postcode": "1108645",
    "prefecture": "東京都",
    "prefecture_kana": "トウキョウト",
    "prefecture_code": 13,
    "city": "台東区",
    "city_kana": "タイトウク",
    "town": "東上野",
    "town_kana": "ヒガシウエノ",
    "street": "２丁目２３−１６",
    "office_name": "財団法人　ライフ・エクステンション研究所　附属　永寿総合病院",
    "office_name_kana": "ザイダンホウジン ライフ・エクステンシヨンケンキユウジヨ フゾク エイジユソウゴウビヨウイン"
  },
  "8646": {
    "postcode": "1108646",
    "prefecture": "東京都",
    "prefecture_kana": "トウキョウト",
    "prefecture_code": 13,
    "city": "台東区",
    "city_kana": "タイトウク",
    "town": "東上野",
    "town_kana": "ヒガシウエノ",
    "street": "１−７−２",
    "office_name": "全国印刷工業健康保険組合",
    "office_name_kana": "ゼンコクインサツコウギヨウケンコウホケンクミアイ"
  },
  "8653": {
    "postcode": "1108653",
    "prefecture": "東京都",
    "prefecture_kana": "トウキョウト",
    "prefecture_code": 13,
    "city": "台東区",
    "city_kana": "タイトウク",
    "town": "下谷",
    "town_kana": "シタヤ",
    "street": "１丁目７番５号",
    "office_name": "日本通信紙　株式会社",
    "office_name_kana": "ニホンツウシンシ カブシキガイシヤ"
  },
  "8660": {
    "postcode": "1108660",
    "prefecture": "東京都",
    "prefecture_kana": "トウキョウト",
    "prefecture_code": 13,
    "city": "台東区",
    "city_kana": "タイトウク",
    "town": "池之端",
    "town_kana": "イケノハタ",
    "street": "１−２−１８ＭＧ池之端ビル",
    "office_name": "日本年金機構　上野年金事務所",
    "office_name_kana": "ニツポンネンキンキコウ ウエノネンキンジムシヨ"
  },
  "8662": {
    "postcode": "1108662",
    "prefecture": "東京都",
    "prefecture_kana": "トウキョウト",
    "prefecture_code": 13,
    "city": "台東区",
    "city_kana": "タイトウク",
    "town": "根岸",
    "town_kana": "ネギシ",
    "street": "１丁目１−１２",
    "office_name": "学校法人　華学園　華服飾専門学校　華調理師専門学校　華学園栄養専門学校　華学園オーケービジネス専門学校",
    "office_name_kana": "ガツコウホウジン ハナガクエン ハナフクシヨクセンモンガツコウ ハナチヨウリシセンモンガツコウ ハナガクエンエイヨウセンモンガツコウ ハナガクエンオ-ケ-ビジネスセンモンガツコウ"
  },
  "8665": {
    "postcode": "1108665",
    "prefecture": "東京都",
    "prefecture_kana": "トウキョウト",
    "prefecture_code": 13,
    "city": "台東区",
    "city_kana": "タイトウク",
    "town": "根岸",
    "town_kana": "ネギシ",
    "street": "５丁目７−４",
    "office_name": "株式会社　タジマヤ",
    "office_name_kana": "カブシキガイシヤ タジマヤ"
  },
  "8669": {
    "postcode": "1108669",
    "prefecture": "東京都",
    "prefecture_kana": "トウキョウト",
    "prefecture_code": 13,
    "city": "台東区",
    "city_kana": "タイトウク",
    "town": "根岸",
    "town_kana": "ネギシ",
    "street": "５丁目１４−１６",
    "office_name": "株式会社　鈴木産業",
    "office_name_kana": "カブシキガイシヤ スズキサンギヨウ"
  },
  "8673": {
    "postcode": "1108673",
    "prefecture": "東京都",
    "prefecture_kana": "トウキョウト",
    "prefecture_code": 13,
    "city": "台東区",
    "city_kana": "タイトウク",
    "town": "下谷",
    "town_kana": "シタヤ",
    "street": "１−３−１",
    "office_name": "丸喜　株式会社　東京支店",
    "office_name_kana": "マルキ カブシキガイシヤ トウキヨウシテン"
  },
  "8675": {
    "postcode": "1108675",
    "prefecture": "東京都",
    "prefecture_kana": "トウキョウト",
    "prefecture_code": 13,
    "city": "台東区",
    "city_kana": "タイトウク",
    "town": "下谷",
    "town_kana": "シタヤ",
    "street": "３丁目１３−１１",
    "office_name": "株式会社　シモダイラ",
    "office_name_kana": "カブシキガイシヤ シモダイラ"
  },
  "8676": {
    "postcode": "1108676",
    "prefecture": "東京都",
    "prefecture_kana": "トウキョウト",
    "prefecture_code": 13,
    "city": "台東区",
    "city_kana": "タイトウク",
    "town": "下谷",
    "town_kana": "シタヤ",
    "street": "３丁目１０−１０",
    "office_name": "財団法人　自然環境研究センター",
    "office_name_kana": "ザイダンホウジン シゼンカンキヨウケンキユウセンタ-"
  },
  "8677": {
    "postcode": "1108677",
    "prefecture": "東京都",
    "prefecture_kana": "トウキョウト",
    "prefecture_code": 13,
    "city": "台東区",
    "city_kana": "タイトウク",
    "town": "下谷",
    "town_kana": "シタヤ",
    "street": "３丁目４−４",
    "office_name": "三輝工業　株式会社",
    "office_name_kana": "サンキコウギヨウ カブシキガイシヤ"
  },
  "8678": {
    "postcode": "1108678",
    "prefecture": "東京都",
    "prefecture_kana": "トウキョウト",
    "prefecture_code": 13,
    "city": "台東区",
    "city_kana": "タイトウク",
    "town": "下谷",
    "town_kana": "シタヤ",
    "street": "３丁目１５−９",
    "office_name": "警視庁　下谷警察署",
    "office_name_kana": "ケイシチヨウ シタヤケイサツシヨ"
  },
  "8680": {
    "postcode": "1108680",
    "prefecture": "東京都",
    "prefecture_kana": "トウキョウト",
    "prefecture_code": 13,
    "city": "台東区",
    "city_kana": "タイトウク",
    "town": "入谷",
    "town_kana": "イリヤ",
    "street": "１丁目２７−４",
    "office_name": "アトムリビンテック　株式会社",
    "office_name_kana": "アトムリビンテツク カブシキガイシヤ"
  },
  "8681": {
    "postcode": "1108681",
    "prefecture": "東京都",
    "prefecture_kana": "トウキョウト",
    "prefecture_code": 13,
    "city": "台東区",
    "city_kana": "タイトウク",
    "town": "入谷",
    "town_kana": "イリヤ",
    "street": "１丁目１９−２",
    "office_name": "株式会社　ムトウ　東京事業本部",
    "office_name_kana": "カブシキガイシヤ ムトウ トウキヨウジギヨウホンブ"
  },
  "8685": {
    "postcode": "1108685",
    "prefecture": "東京都",
    "prefecture_kana": "トウキョウト",
    "prefecture_code": 13,
    "city": "台東区",
    "city_kana": "タイトウク",
    "town": "入谷",
    "town_kana": "イリヤ",
    "street": "２−７−１",
    "office_name": "トクダマシモエース　株式会社",
    "office_name_kana": "トクダマシモエ-ス カブシキガイシヤ"
  },
  "8686": {
    "postcode": "1108686",
    "prefecture": "東京都",
    "prefecture_kana": "トウキョウト",
    "prefecture_code": 13,
    "city": "台東区",
    "city_kana": "タイトウク",
    "town": "入谷",
    "town_kana": "イリヤ",
    "street": "１丁目１４−９",
    "office_name": "日本エアーテック　株式会社",
    "office_name_kana": "ニホンエア-テツク カブシキガイシヤ"
  },
  "8687": {
    "postcode": "1108687",
    "prefecture": "東京都",
    "prefecture_kana": "トウキョウト",
    "prefecture_code": 13,
    "city": "台東区",
    "city_kana": "タイトウク",
    "town": "入谷",
    "town_kana": "イリヤ",
    "street": "１丁目１８−７",
    "office_name": "（財）東京菓子会館",
    "office_name_kana": "ザイダンホウジン トウキヨウカシカイカン"
  },
  "8706": {
    "postcode": "1108706",
    "prefecture": "東京都",
    "prefecture_kana": "トウキョウト",
    "prefecture_code": 13,
    "city": "台東区",
    "city_kana": "タイトウク",
    "town": "池之端",
    "town_kana": "イケノハタ",
    "street": "１丁目２−２３",
    "office_name": "日本電設工業　株式会社",
    "office_name_kana": "ニホンデンセツコウギヨウ カブシキガイシヤ"
  },
  "8708": {
    "postcode": "1108708",
    "prefecture": "東京都",
    "prefecture_kana": "トウキョウト",
    "prefecture_code": 13,
    "city": "台東区",
    "city_kana": "タイトウク",
    "town": "東上野",
    "town_kana": "ヒガシウエノ",
    "street": "５丁目２−２",
    "office_name": "日本郵政グループ労働組合",
    "office_name_kana": "ニホンユウセイグル-プロウドウクミアイ"
  },
  "8712": {
    "postcode": "1108712",
    "prefecture": "東京都",
    "prefecture_kana": "トウキョウト",
    "prefecture_code": 13,
    "city": "台東区",
    "city_kana": "タイトウク",
    "town": "上野公園",
    "town_kana": "ウエノコウエン",
    "street": "１３−９",
    "office_name": "東京国立博物館",
    "office_name_kana": "トウキヨウコクリツハクブツカン"
  },
  "8713": {
    "postcode": "1108713",
    "prefecture": "東京都",
    "prefecture_kana": "トウキョウト",
    "prefecture_code": 13,
    "city": "台東区",
    "city_kana": "タイトウク",
    "town": "上野公園",
    "town_kana": "ウエノコウエン",
    "street": "１３−４３",
    "office_name": "独立行政法人　文化財研究所　東京文化財研究所",
    "office_name_kana": "ドクリツギヨウセイホウジン ブンカザイケンキユウシヨ トウキヨウブンカザイケンキユウシヨ"
  },
  "8714": {
    "postcode": "1108714",
    "prefecture": "東京都",
    "prefecture_kana": "トウキョウト",
    "prefecture_code": 13,
    "city": "台東区",
    "city_kana": "タイトウク",
    "town": "上野公園",
    "town_kana": "ウエノコウエン",
    "street": "１２−８",
    "office_name": "東京芸術大学",
    "office_name_kana": "トウキヨウゲイジユツダイガク"
  },
  "8715": {
    "postcode": "1108715",
    "prefecture": "東京都",
    "prefecture_kana": "トウキョウト",
    "prefecture_code": 13,
    "city": "台東区",
    "city_kana": "タイトウク",
    "town": "上野公園",
    "town_kana": "ウエノコウエン",
    "street": "４−５８",
    "office_name": "（株）　精養軒",
    "office_name_kana": "セイヨウケン"
  },
  "8716": {
    "postcode": "1108716",
    "prefecture": "東京都",
    "prefecture_kana": "トウキョウト",
    "prefecture_code": 13,
    "city": "台東区",
    "city_kana": "タイトウク",
    "town": "上野公園",
    "town_kana": "ウエノコウエン",
    "street": "５−４５",
    "office_name": "東京文化会館",
    "office_name_kana": "トウキヨウブンカカイカン"
  },
  "8722": {
    "postcode": "1108722",
    "prefecture": "東京都",
    "prefecture_kana": "トウキョウト",
    "prefecture_code": 13,
    "city": "台東区",
    "city_kana": "タイトウク",
    "town": "秋葉原",
    "town_kana": "アキハバラ",
    "street": "２−３",
    "office_name": "全国新聞情報農業　協同組合連合会　（日本農業新聞）",
    "office_name_kana": "ゼンコクシンブンジヨウホウノウギヨウ キヨウドウクミアイレンゴウカイ (ニホンノウギヨウシンブン)"
  },
  "8723": {
    "postcode": "1108723",
    "prefecture": "東京都",
    "prefecture_kana": "トウキョウト",
    "prefecture_code": 13,
    "city": "台東区",
    "city_kana": "タイトウク",
    "town": "秋葉原",
    "town_kana": "アキハバラ",
    "street": "５−７",
    "office_name": "正栄食品工業　株式会社",
    "office_name_kana": "シヨウエイシヨクヒンコウギヨウ カブシキガイシヤ"
  },
  "8725": {
    "postcode": "1108725",
    "prefecture": "東京都",
    "prefecture_kana": "トウキョウト",
    "prefecture_code": 13,
    "city": "台東区",
    "city_kana": "タイトウク",
    "town": "秋葉原",
    "town_kana": "アキハバラ",
    "street": "１−１０",
    "office_name": "東洋ロープ　株式会社",
    "office_name_kana": "トウヨウロ-プ カブシキガイシヤ"
  },
  "8733": {
    "postcode": "1108733",
    "prefecture": "東京都",
    "prefecture_kana": "トウキョウト",
    "prefecture_code": 13,
    "city": "台東区",
    "city_kana": "タイトウク",
    "town": "東上野",
    "town_kana": "ヒガシウエノ",
    "street": "２丁目１１−８",
    "office_name": "株式会社　三共　東京支店",
    "office_name_kana": "カブシキガイシヤ サンキヨウ トウキヨウシテン"
  },
  "8736": {
    "postcode": "1108736",
    "prefecture": "東京都",
    "prefecture_kana": "トウキョウト",
    "prefecture_code": 13,
    "city": "台東区",
    "city_kana": "タイトウク",
    "town": "上野",
    "town_kana": "ウエノ",
    "street": "３丁目２４−６上野フロンティアタワー２０階",
    "office_name": "島津ダイアグノスティクス　株式会社",
    "office_name_kana": "シマヅダイアグノステイクス カブシキガイシヤ"
  },
  "8780": {
    "postcode": "1108780",
    "prefecture": "東京都",
    "prefecture_kana": "トウキョウト",
    "prefecture_code": 13,
    "city": "台東区",
    "city_kana": "タイトウク",
    "town": "下谷",
    "town_kana": "シタヤ",
    "street": "１丁目４−１２（上野郵便局私書箱第５３号）",
    "office_name": "株式会社　落合",
    "office_name_kana": "カブシキガイシヤ オチアイ"
  },
  "8782": {
    "postcode": "1108782",
    "prefecture": "東京都",
    "prefecture_kana": "トウキョウト",
    "prefecture_code": 13,
    "city": "台東区",
    "city_kana": "タイトウク",
    "town": "池之端",
    "town_kana": "イケノハタ",
    "street": "１丁目４−２６（上野郵便局私書箱第１００号）",
    "office_name": "クミアイ化学工業　株式会社",
    "office_name_kana": "クミアイカガクコウギヨウ カブシキガイシヤ"
  },
  "8787": {
    "postcode": "1108787",
    "prefecture": "東京都",
    "prefecture_kana": "トウキョウト",
    "prefecture_code": 13,
    "city": "台東区",
    "city_kana": "タイトウク",
    "town": "上野",
    "town_kana": "ウエノ",
    "street": "１丁目１０−１２（上野郵便局私書箱第５０号）",
    "office_name": "商工中金　上野支店",
    "office_name_kana": "シヨウコウチユウキン ウエノシテン"
  },
  "8807": {
    "postcode": "1108807",
    "prefecture": "東京都",
    "prefecture_kana": "トウキョウト",
    "prefecture_code": 13,
    "city": "台東区",
    "city_kana": "タイトウク",
    "town": "竜泉",
    "town_kana": "リュウセン",
    "street": "２丁目１８−５",
    "office_name": "株式会社　オンダ",
    "office_name_kana": "カブシキガイシヤ オンダ"
  }
}