{
  "0021": {
    "postcode": "1110021",
    "prefecture": "東京都",
    "prefecture_kana": "トウキョウト",
    "prefecture_code": 13,
    "city": "台東区",
    "city_kana": "タイトウク",
    "town": "日本堤",
    "town_kana": "ニホンヅツミ",
    "street": null,
    "office_name": null,
    "office_name_kana": null
  },
  "0022": {
    "postcode": "1110022",
    "prefecture": "東京都",
    "prefecture_kana": "トウキョウト",
    "prefecture_code": 13,
    "city": "台東区",
    "city_kana": "タイトウク",
    "town": "清川",
    "town_kana": "キヨカワ",
    "street": null,
    "office_name": null,
    "office_name_kana": null
  },
  "0023": {
    "postcode": "1110023",
    "prefecture": "東京都",
    "prefecture_kana": "トウキョウト",
    "prefecture_code": 13,
    "city": "台東区",
    "city_kana": "タイトウク",
    "town": "橋場",
    "town_kana": "ハシバ",
    "street": null,
    "office_name": null,
    "office_name_kana": null
  },
  "0024": {
    "postcode": "1110024",
    "prefecture": "東京都",
    "prefecture_kana": "トウキョウト",
    "prefecture_code": 13,
    "city": "台東区",
    "city_kana": "タイトウク",
    "town": "今戸",
    "town_kana": "イマド",
    "street": null,
    "office_name": null,
    "office_name_kana": null
  },
  "0025": {
    "postcode": "1110025",
    "prefecture": "東京都",
    "prefecture_kana": "トウキョウト",
    "prefecture_code": 13,
    "city": "台東区",
    "city_kana": "タイトウク",
    "town": "東浅草",
    "town_kana": "ヒガシアサクサ",
    "street": null,
    "office_name": null,
    "office_name_kana": null
  },
  "0031": {
    "postcode": "1110031",
    "prefecture": "東京都",
    "prefecture_kana": "トウキョウト",
    "prefecture_code": 13,
    "city": "台東区",
    "city_kana": "タイトウク",
    "town": "千束",
    "town_kana": "センゾク",
    "street": null,
    "office_name": null,
    "office_name_kana": null
  },
  "0032": {
    "postcode": "1110032",
    "prefecture": "東京都",
    "prefecture_kana": "トウキョウト",
    "prefecture_code": 13,
    "city": "台東区",
    "city_kana": "タイトウク",
    "town": "浅草",
    "town_kana": "アサクサ",
    "street": null,
    "office_name": null,
    "office_name_kana": null
  },
  "0033": {
    "postcode": "1110033",
    "prefecture": "東京都",
    "prefecture_kana": "トウキョウト",
    "prefecture_code": 13,
    "city": "台東区",
    "city_kana": "タイトウク",
    "town": "花川戸",
    "town_kana": "ハナカワド",
    "street": null,
    "office_name": null,
    "office_name_kana": null
  },
  "0034": {
    "postcode": "1110034",
    "prefecture": "東京都",
    "prefecture_kana": "トウキョウト",
    "prefecture_code": 13,
    "city": "台東区",
    "city_kana": "タイトウク",
    "town": "雷門",
    "town_kana": "カミナリモン",
    "street": null,
    "office_name": null,
    "office_name_kana": null
  },
  "0035": {
    "postcode": "1110035",
    "prefecture": "東京都",
    "prefecture_kana": "トウキョウト",
    "prefecture_code": 13,
    "city": "台東区",
    "city_kana": "タイトウク",
    "town": "西浅草",
    "town_kana": "ニシアサクサ",
    "street": null,
    "office_name": null,
    "office_name_kana": null
  },
  "0036": {
    "postcode": "1110036",
    "prefecture": "東京都",
    "prefecture_kana": "トウキョウト",
    "prefecture_code": 13,
    "city": "台東区",
    "city_kana": "タイトウク",
    "town": "松が谷",
    "town_kana": "マツガヤ",
    "street": null,
    "office_name": null,
    "office_name_kana": null
  },
  "0041": {
    "postcode": "1110041",
    "prefecture": "東京都",
    "prefecture_kana": "トウキョウト",
    "prefecture_code": 13,
    "city": "台東区",
    "city_kana": "タイトウク",
    "town": "元浅草",
    "town_kana": "モトアサクサ",
    "street": null,
    "office_name": null,
    "office_name_kana": null
  },
  "0042": {
    "postcode": "1110042",
    "prefecture": "東京都",
    "prefecture_kana": "トウキョウト",
    "prefecture_code": 13,
    "city": "台東区",
    "city_kana": "タイトウク",
    "town": "寿",
    "town_kana": "コトブキ",
    "street": null,
    "office_name": null,
    "office_name_kana": null
  },
  "0043": {
    "postcode": "1110043",
    "prefecture": "東京都",
    "prefecture_kana": "トウキョウト",
    "prefecture_code": 13,
    "city": "台東区",
    "city_kana": "タイトウク",
    "town": "駒形",
    "town_kana": "コマガタ",
    "street": null,
    "office_name": null,
    "office_name_kana": null
  },
  "0051": {
    "postcode": "1110051",
    "prefecture": "東京都",
    "prefecture_kana": "トウキョウト",
    "prefecture_code": 13,
    "city": "台東区",
    "city_kana": "タイトウク",
    "town": "蔵前",
    "town_kana": "クラマエ",
    "street": null,
    "office_name": null,
    "office_name_kana": null
  },
  "0052": {
    "postcode": "1110052",
    "prefecture": "東京都",
    "prefecture_kana": "トウキョウト",
    "prefecture_code": 13,
    "city": "台東区",
    "city_kana": "タイトウク",
    "town": "柳橋",
    "town_kana": "ヤナギバシ",
    "street": null,
    "office_name": null,
    "office_name_kana": null
  },
  "0053": {
    "postcode": "1110053",
    "prefecture": "東京都",
    "prefecture_kana": "トウキョウト",
    "prefecture_code": 13,
    "city": "台東区",
    "city_kana": "タイトウク",
    "town": "浅草橋",
    "town_kana": "アサクサバシ",
    "street": null,
    "office_name": null,
    "office_name_kana": null
  },
  "0054": {
    "postcode": "1110054",
    "prefecture": "東京都",
    "prefecture_kana": "トウキョウト",
    "prefecture_code": 13,
    "city": "台東区",
    "city_kana": "タイトウク",
    "town": "鳥越",
    "town_kana": "トリゴエ",
    "street": null,
    "office_name": null,
    "office_name_kana": null
  },
  "0055": {
    "postcode": "1110055",
    "prefecture": "東京都",
    "prefecture_kana": "トウキョウト",
    "prefecture_code": 13,
    "city": "台東区",
    "city_kana": "タイトウク",
    "town": "三筋",
    "town_kana": "ミスジ",
    "street": null,
    "office_name": null,
    "office_name_kana": null
  },
  "0056": {
    "postcode": "1110056",
    "prefecture": "東京都",
    "prefecture_kana": "トウキョウト",
    "prefecture_code": 13,
    "city": "台東区",
    "city_kana": "タイトウク",
    "town": "小島",
    "town_kana": "コジマ",
    "street": null,
    "office_name": null,
    "office_name_kana": null
  },
  "8081": {
    "postcode": "1118081",
    "prefecture": "東京都",
    "prefecture_kana": "トウキョウト",
    "prefecture_code": 13,
    "city": "台東区",
    "city_kana": "タイトウク",
    "town": "駒形",
    "town_kana": "コマガタ",
    "street": "１丁目４−８",
    "office_name": "株式会社　バンダイ",
    "office_name_kana": "カブシキガイシヤ バンダイ"
  },
  "8501": {
    "postcode": "1118501",
    "prefecture": "東京都",
    "prefecture_kana": "トウキョウト",
    "prefecture_code": 13,
    "city": "台東区",
    "city_kana": "タイトウク",
    "town": "浅草",
    "town_kana": "アサクサ",
    "street": "４丁目４７−１１",
    "office_name": "浅草警察署",
    "office_name_kana": "アサクサケイサツシヨ"
  },
  "8502": {
    "postcode": "1118502",
    "prefecture": "東京都",
    "prefecture_kana": "トウキョウト",
    "prefecture_code": 13,
    "city": "台東区",
    "city_kana": "タイトウク",
    "town": "西浅草",
    "town_kana": "ニシアサクサ",
    "street": "１丁目１−１かんぽ浅草ビル７Ｆ",
    "office_name": "エスエスユニオン　株式会社",
    "office_name_kana": "エスエスユニオン カブシキガイシヤ"
  },
  "8505": {
    "postcode": "1118505",
    "prefecture": "東京都",
    "prefecture_kana": "トウキョウト",
    "prefecture_code": 13,
    "city": "台東区",
    "city_kana": "タイトウク",
    "town": "浅草橋",
    "town_kana": "アサクサバシ",
    "street": "５丁目２０番８号ＣＳタワー１１階",
    "office_name": "ハインツ日本　株式会社",
    "office_name_kana": "ハインツニホン カブシキガイシヤ"
  },
  "8506": {
    "postcode": "1118506",
    "prefecture": "東京都",
    "prefecture_kana": "トウキョウト",
    "prefecture_code": 13,
    "city": "台東区",
    "city_kana": "タイトウク",
    "town": "元浅草",
    "town_kana": "モトアサクサ",
    "street": "２−７−１３",
    "office_name": "日本アイ・エス・ケイ　株式会社",
    "office_name_kana": "ニホンアイ・エス・ケイ カブシキガイシヤ"
  },
  "8507": {
    "postcode": "1118507",
    "prefecture": "東京都",
    "prefecture_kana": "トウキョウト",
    "prefecture_code": 13,
    "city": "台東区",
    "city_kana": "タイトウク",
    "town": "浅草橋",
    "town_kana": "アサクサバシ",
    "street": "４丁目１９−８",
    "office_name": "勝村建設　株式会社",
    "office_name_kana": "カツムラケンセツ カブシキガイシヤ"
  },
  "8508": {
    "postcode": "1118508",
    "prefecture": "東京都",
    "prefecture_kana": "トウキョウト",
    "prefecture_code": 13,
    "city": "台東区",
    "city_kana": "タイトウク",
    "town": "松が谷",
    "town_kana": "マツガヤ",
    "street": "３丁目２１−９",
    "office_name": "日新明弘テック　株式会社",
    "office_name_kana": "ニツシンメイコウテツク カブシキガイシヤ"
  },
  "8510": {
    "postcode": "1118510",
    "prefecture": "東京都",
    "prefecture_kana": "トウキョウト",
    "prefecture_code": 13,
    "city": "台東区",
    "city_kana": "タイトウク",
    "town": "柳橋",
    "town_kana": "ヤナギバシ",
    "street": "２丁目２０−１１",
    "office_name": "株式会社　十字屋",
    "office_name_kana": "カブシキガイシヤ ジユウジヤ"
  },
  "8511": {
    "postcode": "1118511",
    "prefecture": "東京都",
    "prefecture_kana": "トウキョウト",
    "prefecture_code": 13,
    "city": "台東区",
    "city_kana": "タイトウク",
    "town": "元浅草",
    "town_kana": "モトアサクサ",
    "street": "３丁目２−１",
    "office_name": "滝川　株式会社",
    "office_name_kana": "タキガワ カブシキガイシヤ"
  },
  "8512": {
    "postcode": "1118512",
    "prefecture": "東京都",
    "prefecture_kana": "トウキョウト",
    "prefecture_code": 13,
    "city": "台東区",
    "city_kana": "タイトウク",
    "town": "浅草",
    "town_kana": "アサクサ",
    "street": "６丁目３０−８",
    "office_name": "マドラス　株式会社",
    "office_name_kana": "マドラス カブシキガイシヤ"
  },
  "8515": {
    "postcode": "1118515",
    "prefecture": "東京都",
    "prefecture_kana": "トウキョウト",
    "prefecture_code": 13,
    "city": "台東区",
    "city_kana": "タイトウク",
    "town": "浅草橋",
    "town_kana": "アサクサバシ",
    "street": "１丁目９−１４",
    "office_name": "株式会社　吉徳",
    "office_name_kana": "カブシキガイシヤ ヨシトク"
  },
  "8518": {
    "postcode": "1118518",
    "prefecture": "東京都",
    "prefecture_kana": "トウキョウト",
    "prefecture_code": 13,
    "city": "台東区",
    "city_kana": "タイトウク",
    "town": "蔵前",
    "town_kana": "クラマエ",
    "street": "４丁目１６−８",
    "office_name": "株式会社　木馬",
    "office_name_kana": "カブシキガイシヤ モクバ"
  },
  "8521": {
    "postcode": "1118521",
    "prefecture": "東京都",
    "prefecture_kana": "トウキョウト",
    "prefecture_code": 13,
    "city": "台東区",
    "city_kana": "タイトウク",
    "town": "柳橋",
    "town_kana": "ヤナギバシ",
    "street": "２丁目１−９",
    "office_name": "東都フジクラ販売　株式会社",
    "office_name_kana": "トウトフジクラハンバイ カブシキガイシヤ"
  },
  "8522": {
    "postcode": "1118522",
    "prefecture": "東京都",
    "prefecture_kana": "トウキョウト",
    "prefecture_code": 13,
    "city": "台東区",
    "city_kana": "タイトウク",
    "town": "元浅草",
    "town_kana": "モトアサクサ",
    "street": "２丁目６−７",
    "office_name": "日本マタイ　株式会社",
    "office_name_kana": "ニホンマタイ カブシキガイシヤ"
  },
  "8525": {
    "postcode": "1118525",
    "prefecture": "東京都",
    "prefecture_kana": "トウキョウト",
    "prefecture_code": 13,
    "city": "台東区",
    "city_kana": "タイトウク",
    "town": "浅草橋",
    "town_kana": "アサクサバシ",
    "street": "５丁目２４−６ＤＪＫ浅草橋ビル８階",
    "office_name": "株式会社　ブンカ",
    "office_name_kana": "カブシキガイシヤ ブンカ"
  },
  "8530": {
    "postcode": "1118530",
    "prefecture": "東京都",
    "prefecture_kana": "トウキョウト",
    "prefecture_code": 13,
    "city": "台東区",
    "city_kana": "タイトウク",
    "town": "雷門",
    "town_kana": "カミナリモン",
    "street": "１丁目１３−８",
    "office_name": "東京電子機械工業　健康保険組合",
    "office_name_kana": "トウキヨウデンシキカイコウギヨウ ケンコウホケンクミアイ"
  },
  "8531": {
    "postcode": "1118531",
    "prefecture": "東京都",
    "prefecture_kana": "トウキョウト",
    "prefecture_code": 13,
    "city": "台東区",
    "city_kana": "タイトウク",
    "town": "浅草橋",
    "town_kana": "アサクサバシ",
    "street": "３丁目３−１",
    "office_name": "株式会社　東京ユニコム",
    "office_name_kana": "カブシキガイシヤ トウキヨウユニコム"
  },
  "8532": {
    "postcode": "1118532",
    "prefecture": "東京都",
    "prefecture_kana": "トウキョウト",
    "prefecture_code": 13,
    "city": "台東区",
    "city_kana": "タイトウク",
    "town": "西浅草",
    "town_kana": "ニシアサクサ",
    "street": "２丁目１６−４",
    "office_name": "協同組合　趣味の百撰会",
    "office_name_kana": "キヨウドウクミアイ シユミノヒヤクセンカイ"
  },
  "8533": {
    "postcode": "1118533",
    "prefecture": "東京都",
    "prefecture_kana": "トウキョウト",
    "prefecture_code": 13,
    "city": "台東区",
    "city_kana": "タイトウク",
    "town": "浅草橋",
    "town_kana": "アサクサバシ",
    "street": "５丁目１３−６",
    "office_name": "株式会社　ノダ",
    "office_name_kana": "カブシキガイシヤ ノダ"
  },
  "8534": {
    "postcode": "1118534",
    "prefecture": "東京都",
    "prefecture_kana": "トウキョウト",
    "prefecture_code": 13,
    "city": "台東区",
    "city_kana": "タイトウク",
    "town": "今戸",
    "town_kana": "イマド",
    "street": "１丁目１１−３",
    "office_name": "セイコーミシン　株式会社",
    "office_name_kana": "セイコ-ミシン カブシキガイシヤ"
  },
  "8535": {
    "postcode": "1118535",
    "prefecture": "東京都",
    "prefecture_kana": "トウキョウト",
    "prefecture_code": 13,
    "city": "台東区",
    "city_kana": "タイトウク",
    "town": "浅草",
    "town_kana": "アサクサ",
    "street": "２丁目６番７号",
    "office_name": "東京楽天地浅草ビル",
    "office_name_kana": "トウキヨウラクテンチアサクサビル"
  },
  "8539": {
    "postcode": "1118539",
    "prefecture": "東京都",
    "prefecture_kana": "トウキョウト",
    "prefecture_code": 13,
    "city": "台東区",
    "city_kana": "タイトウク",
    "town": "寿",
    "town_kana": "コトブキ",
    "street": "３丁目１５−１５",
    "office_name": "株式会社　シタシオンジャパン",
    "office_name_kana": "カブシキガイシヤ シタシオンジヤパン"
  },
  "8543": {
    "postcode": "1118543",
    "prefecture": "東京都",
    "prefecture_kana": "トウキョウト",
    "prefecture_code": 13,
    "city": "台東区",
    "city_kana": "タイトウク",
    "town": "柳橋",
    "town_kana": "ヤナギバシ",
    "street": "１丁目２０−５タカビル６Ｆ",
    "office_name": "株式会社　壽商会",
    "office_name_kana": "カブシキガイシヤ コトブキシヨウカイ"
  },
  "8551": {
    "postcode": "1118551",
    "prefecture": "東京都",
    "prefecture_kana": "トウキョウト",
    "prefecture_code": 13,
    "city": "台東区",
    "city_kana": "タイトウク",
    "town": "浅草橋",
    "town_kana": "アサクサバシ",
    "street": "５−２０−８ＣＳタワー９階",
    "office_name": "サンスター文具　株式会社",
    "office_name_kana": "サンスタ-ブング カブシキガイシヤ"
  },
  "8555": {
    "postcode": "1118555",
    "prefecture": "東京都",
    "prefecture_kana": "トウキョウト",
    "prefecture_code": 13,
    "city": "台東区",
    "city_kana": "タイトウク",
    "town": "駒形",
    "town_kana": "コマガタ",
    "street": "１丁目１２−３",
    "office_name": "株式会社　エポック社",
    "office_name_kana": "カブシキガイシヤ エポツクシヤ"
  },
  "8556": {
    "postcode": "1118556",
    "prefecture": "東京都",
    "prefecture_kana": "トウキョウト",
    "prefecture_code": 13,
    "city": "台東区",
    "city_kana": "タイトウク",
    "town": "浅草橋",
    "town_kana": "アサクサバシ",
    "street": "２丁目２９−１４",
    "office_name": "株式会社　ジェイ・エス・ティ",
    "office_name_kana": "カブシキガイシヤ ジエイ・エス・テイ"
  },
  "8558": {
    "postcode": "1118558",
    "prefecture": "東京都",
    "prefecture_kana": "トウキョウト",
    "prefecture_code": 13,
    "city": "台東区",
    "city_kana": "タイトウク",
    "town": "松が谷",
    "town_kana": "マツガヤ",
    "street": "１丁目３−５ＳＥＦビル",
    "office_name": "バンダイビジュアル　株式会社",
    "office_name_kana": "バンダイビジユアル カブシキガイシヤ"
  },
  "8560": {
    "postcode": "1118560",
    "prefecture": "東京都",
    "prefecture_kana": "トウキョウト",
    "prefecture_code": 13,
    "city": "台東区",
    "city_kana": "タイトウク",
    "town": "花川戸",
    "town_kana": "ハナカワド",
    "street": "２丁目７−１",
    "office_name": "ミツワ　株式会社",
    "office_name_kana": "ミツワ カブシキガイシヤ"
  },
  "8561": {
    "postcode": "1118561",
    "prefecture": "東京都",
    "prefecture_kana": "トウキョウト",
    "prefecture_code": 13,
    "city": "台東区",
    "city_kana": "タイトウク",
    "town": "浅草橋",
    "town_kana": "アサクサバシ",
    "street": "５丁目２０−８",
    "office_name": "株式会社　ケーブル・アンド・ワイヤレス・アイディーシー・エスアイ",
    "office_name_kana": "カブシキガイシヤ ケ-ブル・アンド・ワイヤレス・アイデイ-シ-・エスアイ"
  },
  "8566": {
    "postcode": "1118566",
    "prefecture": "東京都",
    "prefecture_kana": "トウキョウト",
    "prefecture_code": 13,
    "city": "台東区",
    "city_kana": "タイトウク",
    "town": "元浅草",
    "town_kana": "モトアサクサ",
    "street": "１丁目１２−２",
    "office_name": "松本徽章工業　株式会社",
    "office_name_kana": "マツモトキシヨウコウギヨウ カブシキガイシヤ"
  },
  "8567": {
    "postcode": "1118567",
    "prefecture": "東京都",
    "prefecture_kana": "トウキョウト",
    "prefecture_code": 13,
    "city": "台東区",
    "city_kana": "タイトウク",
    "town": "西浅草",
    "town_kana": "ニシアサクサ",
    "street": "１丁目７−１",
    "office_name": "株式会社　コマキ楽器",
    "office_name_kana": "カブシキガイシヤ コマキガツキ"
  },
  "8575": {
    "postcode": "1118575",
    "prefecture": "東京都",
    "prefecture_kana": "トウキョウト",
    "prefecture_code": 13,
    "city": "台東区",
    "city_kana": "タイトウク",
    "town": "駒形",
    "town_kana": "コマガタ",
    "street": "２丁目４−８",
    "office_name": "モリト　株式会社　東京支社",
    "office_name_kana": "モリト カブシキガイシヤ トウキヨウシシヤ"
  },
  "8577": {
    "postcode": "1118577",
    "prefecture": "東京都",
    "prefecture_kana": "トウキョウト",
    "prefecture_code": 13,
    "city": "台東区",
    "city_kana": "タイトウク",
    "town": "浅草橋",
    "town_kana": "アサクサバシ",
    "street": "５丁目２０−８ＣＳタワー１１Ｆ",
    "office_name": "トッパンレーベル　株式会社",
    "office_name_kana": "トツパンレ-ベル カブシキガイシヤ"
  },
  "8580": {
    "postcode": "1118580",
    "prefecture": "東京都",
    "prefecture_kana": "トウキョウト",
    "prefecture_code": 13,
    "city": "台東区",
    "city_kana": "タイトウク",
    "town": "寿",
    "town_kana": "コトブキ",
    "street": "３丁目１６−１",
    "office_name": "株式会社　エスエスケイ　東京支店",
    "office_name_kana": "カブシキガイシヤ エスエスケイ トウキヨウシテン"
  },
  "8585": {
    "postcode": "1118585",
    "prefecture": "東京都",
    "prefecture_kana": "トウキョウト",
    "prefecture_code": 13,
    "city": "台東区",
    "city_kana": "タイトウク",
    "town": "浅草橋",
    "town_kana": "アサクサバシ",
    "street": "５丁目２１−４",
    "office_name": "衛星デジタル音楽放送　株式会社",
    "office_name_kana": "エイセイデジタルオンガクホウソウ カブシキガイシヤ"
  },
  "8588": {
    "postcode": "1118588",
    "prefecture": "東京都",
    "prefecture_kana": "トウキョウト",
    "prefecture_code": 13,
    "city": "台東区",
    "city_kana": "タイトウク",
    "town": "西浅草",
    "town_kana": "ニシアサクサ",
    "street": "３丁目２４−６",
    "office_name": "株式会社　高山",
    "office_name_kana": "カブシキガイシヤ タカヤマ"
  },
  "8602": {
    "postcode": "1118602",
    "prefecture": "東京都",
    "prefecture_kana": "トウキョウト",
    "prefecture_code": 13,
    "city": "台東区",
    "city_kana": "タイトウク",
    "town": "蔵前",
    "town_kana": "クラマエ",
    "street": "２丁目８−１２",
    "office_name": "浅草税務署",
    "office_name_kana": "アサクサゼイムシヨ"
  },
  "8605": {
    "postcode": "1118605",
    "prefecture": "東京都",
    "prefecture_kana": "トウキョウト",
    "prefecture_code": 13,
    "city": "台東区",
    "city_kana": "タイトウク",
    "town": "蔵前",
    "town_kana": "クラマエ",
    "street": "２丁目６−７",
    "office_name": "ファースト・ファシリティーズ　株式会社",
    "office_name_kana": "フア-スト・フアシリテイ-ズ カブシキガイシヤ"
  },
  "8606": {
    "postcode": "1118606",
    "prefecture": "東京都",
    "prefecture_kana": "トウキョウト",
    "prefecture_code": 13,
    "city": "台東区",
    "city_kana": "タイトウク",
    "town": "雷門",
    "town_kana": "カミナリモン",
    "street": "１丁目６−１",
    "office_name": "東京都台東都税事務所",
    "office_name_kana": "トウキヨウトタイトウトゼイジムシヨ"
  },
  "8608": {
    "postcode": "1118608",
    "prefecture": "東京都",
    "prefecture_kana": "トウキョウト",
    "prefecture_code": 13,
    "city": "台東区",
    "city_kana": "タイトウク",
    "town": "寿",
    "town_kana": "コトブキ",
    "street": "２丁目１−１３",
    "office_name": "株式会社　ベンチャー・リンク",
    "office_name_kana": "カブシキガイシヤ ベンチヤ-・リンク"
  },
  "8610": {
    "postcode": "1118610",
    "prefecture": "東京都",
    "prefecture_kana": "トウキョウト",
    "prefecture_code": 13,
    "city": "台東区",
    "city_kana": "タイトウク",
    "town": "寿",
    "town_kana": "コトブキ",
    "street": "４丁目１６−７",
    "office_name": "株式会社　コロンブス",
    "office_name_kana": "カブシキガイシヤ コロンブス"
  },
  "8611": {
    "postcode": "1118611",
    "prefecture": "東京都",
    "prefecture_kana": "トウキョウト",
    "prefecture_code": 13,
    "city": "台東区",
    "city_kana": "タイトウク",
    "town": "柳橋",
    "town_kana": "ヤナギバシ",
    "street": "１丁目２−１０",
    "office_name": "株式会社　東京文具共和会館",
    "office_name_kana": "カブシキガイシヤ トウキヨウブングキヨウワカイカン"
  },
  "8612": {
    "postcode": "1118612",
    "prefecture": "東京都",
    "prefecture_kana": "トウキョウト",
    "prefecture_code": 13,
    "city": "台東区",
    "city_kana": "タイトウク",
    "town": "浅草橋",
    "town_kana": "アサクサバシ",
    "street": "１丁目３４−９",
    "office_name": "カネダ　株式会社",
    "office_name_kana": "カネダ カブシキガイシヤ"
  },
  "8615": {
    "postcode": "1118615",
    "prefecture": "東京都",
    "prefecture_kana": "トウキョウト",
    "prefecture_code": 13,
    "city": "台東区",
    "city_kana": "タイトウク",
    "town": "寿",
    "town_kana": "コトブキ",
    "street": "２丁目１−１３",
    "office_name": "株式会社　リンク総研",
    "office_name_kana": "カブシキガイシヤ リンクソウケン"
  },
  "8618": {
    "postcode": "1118618",
    "prefecture": "東京都",
    "prefecture_kana": "トウキョウト",
    "prefecture_code": 13,
    "city": "台東区",
    "city_kana": "タイトウク",
    "town": "駒形",
    "town_kana": "コマガタ",
    "street": "２丁目２−２",
    "office_name": "株式会社　エポック社",
    "office_name_kana": "カブシキカイシヤ エポツクシヤ"
  },
  "8620": {
    "postcode": "1118620",
    "prefecture": "東京都",
    "prefecture_kana": "トウキョウト",
    "prefecture_code": 13,
    "city": "台東区",
    "city_kana": "タイトウク",
    "town": "浅草橋",
    "town_kana": "アサクサバシ",
    "street": "３丁目２６−５",
    "office_name": "株式会社　コバヤシ",
    "office_name_kana": "カブシキガイシヤ コバヤシ"
  },
  "8621": {
    "postcode": "1118621",
    "prefecture": "東京都",
    "prefecture_kana": "トウキョウト",
    "prefecture_code": 13,
    "city": "台東区",
    "city_kana": "タイトウク",
    "town": "西浅草",
    "town_kana": "ニシアサクサ",
    "street": "３丁目２５−１６",
    "office_name": "台東区生涯学習センター",
    "office_name_kana": "タイトウクシヨウガイガクシユウセンタ-"
  },
  "8622": {
    "postcode": "1118622",
    "prefecture": "東京都",
    "prefecture_kana": "トウキョウト",
    "prefecture_code": 13,
    "city": "台東区",
    "city_kana": "タイトウク",
    "town": "浅草",
    "town_kana": "アサクサ",
    "street": "６丁目２２−２",
    "office_name": "ミツワ産業　株式会社",
    "office_name_kana": "ミツワサンギヨウ カブシキガイシヤ"
  },
  "8625": {
    "postcode": "1118625",
    "prefecture": "東京都",
    "prefecture_kana": "トウキョウト",
    "prefecture_code": 13,
    "city": "台東区",
    "city_kana": "タイトウク",
    "town": "柳橋",
    "town_kana": "ヤナギバシ",
    "street": "１丁目２８−１",
    "office_name": "日本コパック　株式会社",
    "office_name_kana": "ニホンコパツク カブシキガイシヤ"
  },
  "8628": {
    "postcode": "1118628",
    "prefecture": "東京都",
    "prefecture_kana": "トウキョウト",
    "prefecture_code": 13,
    "city": "台東区",
    "city_kana": "タイトウク",
    "town": "松が谷",
    "town_kana": "マツガヤ",
    "street": "１丁目１−１",
    "office_name": "有限会社　ニイミ洋食器店",
    "office_name_kana": "ユウゲンガイシヤ ニイミヨウシヨツキテン"
  },
  "8630": {
    "postcode": "1118630",
    "prefecture": "東京都",
    "prefecture_kana": "トウキョウト",
    "prefecture_code": 13,
    "city": "台東区",
    "city_kana": "タイトウク",
    "town": "蔵前",
    "town_kana": "クラマエ",
    "street": "３丁目１７−３蔵前インテリジェントビル９階",
    "office_name": "東和エンタープライズ　株式会社",
    "office_name_kana": "トウワエンタ-プライズ カブシキガイシヤ"
  },
  "8631": {
    "postcode": "1118631",
    "prefecture": "東京都",
    "prefecture_kana": "トウキョウト",
    "prefecture_code": 13,
    "city": "台東区",
    "city_kana": "タイトウク",
    "town": "西浅草",
    "town_kana": "ニシアサクサ",
    "street": "１丁目１−１",
    "office_name": "日本電子総合サービス　株式会社",
    "office_name_kana": "ニホンデンシソウゴウサ-ビス カブシキガイシヤ"
  },
  "8633": {
    "postcode": "1118633",
    "prefecture": "東京都",
    "prefecture_kana": "トウキョウト",
    "prefecture_code": 13,
    "city": "台東区",
    "city_kana": "タイトウク",
    "town": "寿",
    "town_kana": "コトブキ",
    "street": "２−１−１３偕楽ビル",
    "office_name": "アクサ損害保険　株式会社",
    "office_name_kana": "アクサソンガイホケン カブシキガイシヤ"
  },
  "8637": {
    "postcode": "1118637",
    "prefecture": "東京都",
    "prefecture_kana": "トウキョウト",
    "prefecture_code": 13,
    "city": "台東区",
    "city_kana": "タイトウク",
    "town": "柳橋",
    "town_kana": "ヤナギバシ",
    "street": "２丁目１７−４",
    "office_name": "小野田ケミコ　株式会社",
    "office_name_kana": "オノダケミコ カブシキガイシヤ"
  },
  "8639": {
    "postcode": "1118639",
    "prefecture": "東京都",
    "prefecture_kana": "トウキョウト",
    "prefecture_code": 13,
    "city": "台東区",
    "city_kana": "タイトウク",
    "town": "元浅草",
    "town_kana": "モトアサクサ",
    "street": "１丁目１−１",
    "office_name": "三平建設　株式会社",
    "office_name_kana": "サンペイケンセツ カブシキガイシヤ"
  },
  "8640": {
    "postcode": "1118640",
    "prefecture": "東京都",
    "prefecture_kana": "トウキョウト",
    "prefecture_code": 13,
    "city": "台東区",
    "city_kana": "タイトウク",
    "town": "浅草橋",
    "town_kana": "アサクサバシ",
    "street": "１丁目１０−１０",
    "office_name": "株式会社　内田",
    "office_name_kana": "カブシキガイシヤ ウチダ"
  },
  "8642": {
    "postcode": "1118642",
    "prefecture": "東京都",
    "prefecture_kana": "トウキョウト",
    "prefecture_code": 13,
    "city": "台東区",
    "city_kana": "タイトウク",
    "town": "浅草",
    "town_kana": "アサクサ",
    "street": "２丁目３４−１０",
    "office_name": "株式会社　トークツ",
    "office_name_kana": "カブシキガイシヤ ト-クツ"
  },
  "8644": {
    "postcode": "1118644",
    "prefecture": "東京都",
    "prefecture_kana": "トウキョウト",
    "prefecture_code": 13,
    "city": "台東区",
    "city_kana": "タイトウク",
    "town": "蔵前",
    "town_kana": "クラマエ",
    "street": "１−３−２８",
    "office_name": "ライオン　株式会社",
    "office_name_kana": "ライオン カブシキガイシヤ"
  },
  "8648": {
    "postcode": "1118648",
    "prefecture": "東京都",
    "prefecture_kana": "トウキョウト",
    "prefecture_code": 13,
    "city": "台東区",
    "city_kana": "タイトウク",
    "town": "浅草橋",
    "town_kana": "アサクサバシ",
    "street": "５丁目２０−８ＣＳタワー",
    "office_name": "八千代エンジニヤリング　株式会社",
    "office_name_kana": "ヤチヨエンジニヤリング カブシキガイシヤ"
  },
  "8650": {
    "postcode": "1118650",
    "prefecture": "東京都",
    "prefecture_kana": "トウキョウト",
    "prefecture_code": 13,
    "city": "台東区",
    "city_kana": "タイトウク",
    "town": "駒形",
    "town_kana": "コマガタ",
    "street": "１丁目４−１８",
    "office_name": "緑川化成工業　株式会社",
    "office_name_kana": "ミドリカワカセイコウギヨウ カブシキガイシヤ"
  },
  "8655": {
    "postcode": "1118655",
    "prefecture": "東京都",
    "prefecture_kana": "トウキョウト",
    "prefecture_code": 13,
    "city": "台東区",
    "city_kana": "タイトウク",
    "town": "駒形",
    "town_kana": "コマガタ",
    "street": "１丁目８−１０",
    "office_name": "エース　株式会社　東京店",
    "office_name_kana": "エ-ス カブシキガイシヤ トウキヨウテン"
  },
  "8661": {
    "postcode": "1118661",
    "prefecture": "東京都",
    "prefecture_kana": "トウキョウト",
    "prefecture_code": 13,
    "city": "台東区",
    "city_kana": "タイトウク",
    "town": "柳橋",
    "town_kana": "ヤナギバシ",
    "street": "２丁目１６−１６",
    "office_name": "株式会社　マルショウエンドウ",
    "office_name_kana": "カブシキガイシヤ マルシヨウエンドウ"
  },
  "8666": {
    "postcode": "1118666",
    "prefecture": "東京都",
    "prefecture_kana": "トウキョウト",
    "prefecture_code": 13,
    "city": "台東区",
    "city_kana": "タイトウク",
    "town": "浅草",
    "town_kana": "アサクサ",
    "street": "６丁目３０−８",
    "office_name": "レデイマドラス　株式会社",
    "office_name_kana": "レデイマドラス カブシキガイシヤ"
  },
  "8676": {
    "postcode": "1118676",
    "prefecture": "東京都",
    "prefecture_kana": "トウキョウト",
    "prefecture_code": 13,
    "city": "台東区",
    "city_kana": "タイトウク",
    "town": "雷門",
    "town_kana": "カミナリモン",
    "street": "２丁目１９−１７",
    "office_name": "株式会社　アルメックス",
    "office_name_kana": "カブシキガイシヤ アルメツクス"
  },
  "8677": {
    "postcode": "1118677",
    "prefecture": "東京都",
    "prefecture_kana": "トウキョウト",
    "prefecture_code": 13,
    "city": "台東区",
    "city_kana": "タイトウク",
    "town": "元浅草",
    "town_kana": "モトアサクサ",
    "street": "２丁目６番６号東京日産台東ビル７階",
    "office_name": "首都圏新都市鉄道　株式会社",
    "office_name_kana": "シユトケンシントシテツドウ カブシキガイシヤ"
  },
  "8678": {
    "postcode": "1118678",
    "prefecture": "東京都",
    "prefecture_kana": "トウキョウト",
    "prefecture_code": 13,
    "city": "台東区",
    "city_kana": "タイトウク",
    "town": "蔵前",
    "town_kana": "クラマエ",
    "street": "２丁目６−４",
    "office_name": "株式会社　増田屋コーポレーション",
    "office_name_kana": "カブシキガイシヤ マスダヤコ-ポレ-シヨン"
  },
  "8681": {
    "postcode": "1118681",
    "prefecture": "東京都",
    "prefecture_kana": "トウキョウト",
    "prefecture_code": 13,
    "city": "台東区",
    "city_kana": "タイトウク",
    "town": "駒形",
    "town_kana": "コマガタ",
    "street": "１丁目１２−３（浅草郵便局私書箱第４０号）",
    "office_name": "株式会社　エポック社",
    "office_name_kana": "カブシキガイシヤ エポツクシヤ"
  },
  "8683": {
    "postcode": "1118683",
    "prefecture": "東京都",
    "prefecture_kana": "トウキョウト",
    "prefecture_code": 13,
    "city": "台東区",
    "city_kana": "タイトウク",
    "town": "雷門",
    "town_kana": "カミナリモン",
    "street": "１丁目２−１１フコク生命ビル５Ｆ（浅草郵便局私書箱第８３号）",
    "office_name": "中部物産貿易　株式会社　東京支店",
    "office_name_kana": "チユウブブツサンボウエキ カブシキガイシヤ トウキヨウシテン"
  },
  "8686": {
    "postcode": "1118686",
    "prefecture": "東京都",
    "prefecture_kana": "トウキョウト",
    "prefecture_code": 13,
    "city": "台東区",
    "city_kana": "タイトウク",
    "town": "寿",
    "town_kana": "コトブキ",
    "street": "３丁目７−１１（浅草郵便局私書箱第５１号）",
    "office_name": "株式会社　神栄",
    "office_name_kana": "カブシキガイシヤ シンエイ"
  },
  "8688": {
    "postcode": "1118688",
    "prefecture": "東京都",
    "prefecture_kana": "トウキョウト",
    "prefecture_code": 13,
    "city": "台東区",
    "city_kana": "タイトウク",
    "town": "寿",
    "town_kana": "コトブキ",
    "street": "１丁目６−８（浅草郵便局私書箱第９１号）",
    "office_name": "株式会社　盛光",
    "office_name_kana": "カブシキガイシヤ モリミツ"
  },
  "8701": {
    "postcode": "1118701",
    "prefecture": "東京都",
    "prefecture_kana": "トウキョウト",
    "prefecture_code": 13,
    "city": "台東区",
    "city_kana": "タイトウク",
    "town": "浅草",
    "town_kana": "アサクサ",
    "street": "１丁目１−２（浅草郵便局私書箱第２５号）",
    "office_name": "大和証券　雷門支店",
    "office_name_kana": "ダイワシヨウケン カミナリモンシテン"
  },
  "8707": {
    "postcode": "1118707",
    "prefecture": "東京都",
    "prefecture_kana": "トウキョウト",
    "prefecture_code": 13,
    "city": "台東区",
    "city_kana": "タイトウク",
    "town": "台東",
    "town_kana": "タイトウ",
    "street": "２丁目７−６（浅草郵便局私書箱第９７号）",
    "office_name": "株式会社　東京デジタルホン",
    "office_name_kana": "カブシキガイシヤ トウキヨウデジタルホン"
  },
  "8708": {
    "postcode": "1118708",
    "prefecture": "東京都",
    "prefecture_kana": "トウキョウト",
    "prefecture_code": 13,
    "city": "台東区",
    "city_kana": "タイトウク",
    "town": "雷門",
    "town_kana": "カミナリモン",
    "street": "２丁目１６−９（浅草郵便局私書箱第１０号）",
    "office_name": "野村ファンドネット証券　株式会社",
    "office_name_kana": "ノムラフアンドネツトシヨウケン カブシキガイシヤ"
  },
  "8710": {
    "postcode": "1118710",
    "prefecture": "東京都",
    "prefecture_kana": "トウキョウト",
    "prefecture_code": 13,
    "city": "台東区",
    "city_kana": "タイトウク",
    "town": "寿",
    "town_kana": "コトブキ",
    "street": "１丁目５−９（浅草郵便局私書箱第１０８号）",
    "office_name": "ユウユウ〈株式会社ユウメディア〉",
    "office_name_kana": "ユウユウ<カブシキガイシヤユウメデイア>"
  },
  "8711": {
    "postcode": "1118711",
    "prefecture": "東京都",
    "prefecture_kana": "トウキョウト",
    "prefecture_code": 13,
    "city": "台東区",
    "city_kana": "タイトウク",
    "town": "浅草",
    "town_kana": "アサクサ",
    "street": "４丁目４０−４（浅草郵便局私書箱第１８号）",
    "office_name": "株式会社　陶漆芸巧",
    "office_name_kana": "カブシキガイシヤ トウシツゲイタクミ"
  },
  "8721": {
    "postcode": "1118721",
    "prefecture": "東京都",
    "prefecture_kana": "トウキョウト",
    "prefecture_code": 13,
    "city": "台東区",
    "city_kana": "タイトウク",
    "town": "寿",
    "town_kana": "コトブキ",
    "street": "３丁目１９−８（浅草郵便局私書箱第１１４号）",
    "office_name": "株式会社　シンエイ",
    "office_name_kana": "カブシキガイシヤ シンエイ"
  },
  "8755": {
    "postcode": "1118755",
    "prefecture": "東京都",
    "prefecture_kana": "トウキョウト",
    "prefecture_code": 13,
    "city": "台東区",
    "city_kana": "タイトウク",
    "town": "蔵前",
    "town_kana": "クラマエ",
    "street": "２丁目５−３",
    "office_name": "株式会社　筑摩書房",
    "office_name_kana": "カブシキガイシヤ チクマシヨボウ"
  },
  "8765": {
    "postcode": "1118765",
    "prefecture": "東京都",
    "prefecture_kana": "トウキョウト",
    "prefecture_code": 13,
    "city": "台東区",
    "city_kana": "タイトウク",
    "town": "西浅草",
    "town_kana": "ニシアサクサ",
    "street": "３丁目１７−１",
    "office_name": "浅草ビューホテル",
    "office_name_kana": "アサクサビユ-ホテル"
  },
  "8798": {
    "postcode": "1118798",
    "prefecture": "東京都",
    "prefecture_kana": "トウキョウト",
    "prefecture_code": 13,
    "city": "台東区",
    "city_kana": "タイトウク",
    "town": "西浅草",
    "town_kana": "ニシアサクサ",
    "street": "１丁目１−１",
    "office_name": "日本郵政　株式会社　ＣＲＥ部門　ファシリティマネジメント部",
    "office_name_kana": "ニツポンユウセイ カブシキガイシヤ シ-ア-ルイ-ブモン フアシリテイマネジメントブ"
  }
}