{
  "0001": {
    "postcode": "1130001",
    "prefecture": "東京都",
    "prefecture_kana": "トウキョウト",
    "prefecture_code": 13,
    "city": "文京区",
    "city_kana": "ブンキョウク",
    "town": "白山",
    "town_kana": "ハクサン",
    "street": null,
    "office_name": null,
    "office_name_kana": null
  },
  "0021": {
    "postcode": "1130021",
    "prefecture": "東京都",
    "prefecture_kana": "トウキョウト",
    "prefecture_code": 13,
    "city": "文京区",
    "city_kana": "ブンキョウク",
    "town": "本駒込",
    "town_kana": "ホンコマゴメ",
    "street": null,
    "office_name": null,
    "office_name_kana": null
  },
  "0022": {
    "postcode": "1130022",
    "prefecture": "東京都",
    "prefecture_kana": "トウキョウト",
    "prefecture_code": 13,
    "city": "文京区",
    "city_kana": "ブンキョウク",
    "town": "千駄木",
    "town_kana": "センダギ",
    "street": null,
    "office_name": null,
    "office_name_kana": null
  },
  "0023": {
    "postcode": "1130023",
    "prefecture": "東京都",
    "prefecture_kana": "トウキョウト",
    "prefecture_code": 13,
    "city": "文京区",
    "city_kana": "ブンキョウク",
    "town": "向丘",
    "town_kana": "ムコウガオカ",
    "street": null,
    "office_name": null,
    "office_name_kana": null
  },
  "0024": {
    "postcode": "1130024",
    "prefecture": "東京都",
    "prefecture_kana": "トウキョウト",
    "prefecture_code": 13,
    "city": "文京区",
    "city_kana": "ブンキョウク",
    "town": "西片",
    "town_kana": "ニシカタ",
    "street": null,
    "office_name": null,
    "office_name_kana": null
  },
  "0031": {
    "postcode": "1130031",
    "prefecture": "東京都",
    "prefecture_kana": "トウキョウト",
    "prefecture_code": 13,
    "city": "文京区",
    "city_kana": "ブンキョウク",
    "town": "根津",
    "town_kana": "ネヅ",
    "street": null,
    "office_name": null,
    "office_name_kana": null
  },
  "0032": {
    "postcode": "1130032",
    "prefecture": "東京都",
    "prefecture_kana": "トウキョウト",
    "prefecture_code": 13,
    "city": "文京区",
    "city_kana": "ブンキョウク",
    "town": "弥生",
    "town_kana": "ヤヨイ",
    "street": null,
    "office_name": null,
    "office_name_kana": null
  },
  "0033": {
    "postcode": "1130033",
    "prefecture": "東京都",
    "prefecture_kana": "トウキョウト",
    "prefecture_code": 13,
    "city": "文京区",
    "city_kana": "ブンキョウク",
    "town": "本郷",
    "town_kana": "ホンゴウ",
    "street": null,
    "office_name": null,
    "office_name_kana": null
  },
  "0034": {
    "postcode": "1130034",
    "prefecture": "東京都",
    "prefecture_kana": "トウキョウト",
    "prefecture_code": 13,
    "city": "文京区",
    "city_kana": "ブンキョウク",
    "town": "湯島",
    "town_kana": "ユシマ",
    "street": null,
    "office_name": null,
    "office_name_kana": null
  },
  "8139": {
    "postcode": "1138139",
    "prefecture": "東京都",
    "prefecture_kana": "トウキョウト",
    "prefecture_code": 13,
    "city": "文京区",
    "city_kana": "ブンキョウク",
    "town": "湯島",
    "town_kana": "ユシマ",
    "street": "４丁目５−１６",
    "office_name": "公益財団法人　通信文化協会",
    "office_name_kana": "コウエキザイダンホウジン ツウシンブンカキヨウカイ"
  },
  "8311": {
    "postcode": "1138311",
    "prefecture": "東京都",
    "prefecture_kana": "トウキョウト",
    "prefecture_code": 13,
    "city": "文京区",
    "city_kana": "ブンキョウク",
    "town": "本郷",
    "town_kana": "ホンゴウ",
    "street": "３丁目１０−１５ＪＦＡハウス",
    "office_name": "財団法人　日本サッカー協会",
    "office_name_kana": "ザイダンホウジン ニホンサツカ-キヨウカイ"
  },
  "8401": {
    "postcode": "1138401",
    "prefecture": "東京都",
    "prefecture_kana": "トウキョウト",
    "prefecture_code": 13,
    "city": "文京区",
    "city_kana": "ブンキョウク",
    "town": "本郷",
    "town_kana": "ホンゴウ",
    "street": "３丁目１９−２",
    "office_name": "ビッグホリデー　株式会社",
    "office_name_kana": "ビツグホリデ- カブシキガイシヤ"
  },
  "8402": {
    "postcode": "1138402",
    "prefecture": "東京都",
    "prefecture_kana": "トウキョウト",
    "prefecture_code": 13,
    "city": "文京区",
    "city_kana": "ブンキョウク",
    "town": "本郷",
    "town_kana": "ホンゴウ",
    "street": "２丁目４０−２",
    "office_name": "株式会社　シード",
    "office_name_kana": "カブシキガイシヤ シ-ド"
  },
  "8404": {
    "postcode": "1138404",
    "prefecture": "東京都",
    "prefecture_kana": "トウキョウト",
    "prefecture_code": 13,
    "city": "文京区",
    "city_kana": "ブンキョウク",
    "town": "本郷",
    "town_kana": "ホンゴウ",
    "street": "２丁目３８−１６",
    "office_name": "東邦テナックス　株式会社",
    "office_name_kana": "ト-ホウテナツクス カブシキガイシヤ"
  },
  "8408": {
    "postcode": "1138408",
    "prefecture": "東京都",
    "prefecture_kana": "トウキョウト",
    "prefecture_code": 13,
    "city": "文京区",
    "city_kana": "ブンキョウク",
    "town": "本郷",
    "town_kana": "ホンゴウ",
    "street": "１丁目３３−８",
    "office_name": "栄研化学　株式会社",
    "office_name_kana": "エイケンカガク カブシキガイシヤ"
  },
  "8410": {
    "postcode": "1138410",
    "prefecture": "東京都",
    "prefecture_kana": "トウキョウト",
    "prefecture_code": 13,
    "city": "文京区",
    "city_kana": "ブンキョウク",
    "town": "本郷",
    "town_kana": "ホンゴウ",
    "street": "３丁目４２−６",
    "office_name": "株式会社　南江堂",
    "office_name_kana": "カブシキガイシヤ ナンコウドウ"
  },
  "8411": {
    "postcode": "1138411",
    "prefecture": "東京都",
    "prefecture_kana": "トウキョウト",
    "prefecture_code": 13,
    "city": "文京区",
    "city_kana": "ブンキョウク",
    "town": "本郷",
    "town_kana": "ホンゴウ",
    "street": "３丁目３３−５本社ビル",
    "office_name": "三菱ＵＦＪニコス　株式会社",
    "office_name_kana": "ミツビシユ-エフジエイニコス カブシキガイシヤ"
  },
  "8412": {
    "postcode": "1138412",
    "prefecture": "東京都",
    "prefecture_kana": "トウキョウト",
    "prefecture_code": 13,
    "city": "文京区",
    "city_kana": "ブンキョウク",
    "town": "本郷",
    "town_kana": "ホンゴウ",
    "street": "３丁目３３−５本社ビル",
    "office_name": "三菱ＵＦＪニコス　株式会社",
    "office_name_kana": "ミツビシユ-エフジエイニコス カブシキガイシヤ"
  },
  "8413": {
    "postcode": "1138413",
    "prefecture": "東京都",
    "prefecture_kana": "トウキョウト",
    "prefecture_code": 13,
    "city": "文京区",
    "city_kana": "ブンキョウク",
    "town": "本郷",
    "town_kana": "ホンゴウ",
    "street": "３丁目３３−５本社ビル",
    "office_name": "三菱ＵＦＪニコス　株式会社",
    "office_name_kana": "ミツビシユ-エフジエイニコス カブシキガイシヤ"
  },
  "8415": {
    "postcode": "1138415",
    "prefecture": "東京都",
    "prefecture_kana": "トウキョウト",
    "prefecture_code": 13,
    "city": "文京区",
    "city_kana": "ブンキョウク",
    "town": "本郷",
    "town_kana": "ホンゴウ",
    "street": "５丁目２８番３号パラテクノ本郷ビル",
    "office_name": "パラテクノ　株式会社",
    "office_name_kana": "パラテクノ カブシキガイシヤ"
  },
  "8418": {
    "postcode": "1138418",
    "prefecture": "東京都",
    "prefecture_kana": "トウキョウト",
    "prefecture_code": 13,
    "city": "文京区",
    "city_kana": "ブンキョウク",
    "town": "本郷",
    "town_kana": "ホンゴウ",
    "street": "２丁目４０−８",
    "office_name": "公益社団法人　日本整形外科学会",
    "office_name_kana": "コウエキシヤダンホウジン ニホンセイケイゲカガツカイ"
  },
  "8420": {
    "postcode": "1138420",
    "prefecture": "東京都",
    "prefecture_kana": "トウキョウト",
    "prefecture_code": 13,
    "city": "文京区",
    "city_kana": "ブンキョウク",
    "town": "本郷",
    "town_kana": "ホンゴウ",
    "street": "２丁目３５−８",
    "office_name": "フクダ電子　（株）",
    "office_name_kana": "フクダデンシ"
  },
  "8421": {
    "postcode": "1138421",
    "prefecture": "東京都",
    "prefecture_kana": "トウキョウト",
    "prefecture_code": 13,
    "city": "文京区",
    "city_kana": "ブンキョウク",
    "town": "本郷",
    "town_kana": "ホンゴウ",
    "street": "２丁目１−１",
    "office_name": "順天堂大学",
    "office_name_kana": "ジユンテンドウダイガク"
  },
  "8422": {
    "postcode": "1138422",
    "prefecture": "東京都",
    "prefecture_kana": "トウキョウト",
    "prefecture_code": 13,
    "city": "文京区",
    "city_kana": "ブンキョウク",
    "town": "本郷",
    "town_kana": "ホンゴウ",
    "street": "１丁目４−５陽光ビル",
    "office_name": "ＡＤＥＫＡクリーンエイド　株式会社",
    "office_name_kana": "アデカクリ-ンエイド カブシキガイシヤ"
  },
  "8423": {
    "postcode": "1138423",
    "prefecture": "東京都",
    "prefecture_kana": "トウキョウト",
    "prefecture_code": 13,
    "city": "文京区",
    "city_kana": "ブンキョウク",
    "town": "本郷",
    "town_kana": "ホンゴウ",
    "street": "２丁目２７−２０",
    "office_name": "株式会社　りそな銀行　本郷支店",
    "office_name_kana": "カブシキガイシヤ リソナギンコウ ホンゴウシテン"
  },
  "8431": {
    "postcode": "1138431",
    "prefecture": "東京都",
    "prefecture_kana": "トウキョウト",
    "prefecture_code": 13,
    "city": "文京区",
    "city_kana": "ブンキョウク",
    "town": "本郷",
    "town_kana": "ホンゴウ",
    "street": "３丁目１−３",
    "office_name": "順天堂大学附属　順天堂医院",
    "office_name_kana": "ジユンテンドウダイガクフゾク ジユンテンドウビヨウイン"
  },
  "8433": {
    "postcode": "1138433",
    "prefecture": "東京都",
    "prefecture_kana": "トウキョウト",
    "prefecture_code": 13,
    "city": "文京区",
    "city_kana": "ブンキョウク",
    "town": "本郷",
    "town_kana": "ホンゴウ",
    "street": "３丁目２８−８日内会館３階",
    "office_name": "社団法人　日本内科学会",
    "office_name_kana": "シヤダンホウジン ニホンナイカガツカイ"
  },
  "8434": {
    "postcode": "1138434",
    "prefecture": "東京都",
    "prefecture_kana": "トウキョウト",
    "prefecture_code": 13,
    "city": "文京区",
    "city_kana": "ブンキョウク",
    "town": "本郷",
    "town_kana": "ホンゴウ",
    "street": "３丁目１０−１５５Ｆ６Ｆ７Ｆ",
    "office_name": "三洋電機　株式会社　日本サッカー協会ビル",
    "office_name_kana": "サンヨウデンキ カブシキガイシヤ ニホンサツカ-キヨウカイビル"
  },
  "8435": {
    "postcode": "1138435",
    "prefecture": "東京都",
    "prefecture_kana": "トウキョウト",
    "prefecture_code": 13,
    "city": "文京区",
    "city_kana": "ブンキョウク",
    "town": "本郷",
    "town_kana": "ホンゴウ",
    "street": "５丁目１−１３",
    "office_name": "トノクラ医科工業　株式会社",
    "office_name_kana": "トノクライカコウギヨウ カブシキガイシヤ"
  },
  "8441": {
    "postcode": "1138441",
    "prefecture": "東京都",
    "prefecture_kana": "トウキョウト",
    "prefecture_code": 13,
    "city": "文京区",
    "city_kana": "ブンキョウク",
    "town": "湯島",
    "town_kana": "ユシマ",
    "street": "１丁目７−５",
    "office_name": "日本私立学校振興・共済事業団",
    "office_name_kana": "ニホンシリツガツコウシンコウ・キヨウサイジギヨウダン"
  },
  "8444": {
    "postcode": "1138444",
    "prefecture": "東京都",
    "prefecture_kana": "トウキョウト",
    "prefecture_code": 13,
    "city": "文京区",
    "city_kana": "ブンキョウク",
    "town": "本郷",
    "town_kana": "ホンゴウ",
    "street": "３丁目２−１２御茶の水センタービル",
    "office_name": "富士エレクトロニクス　株式会社",
    "office_name_kana": "フジエレクトロニクス カブシキガイシヤ"
  },
  "8448": {
    "postcode": "1138448",
    "prefecture": "東京都",
    "prefecture_kana": "トウキョウト",
    "prefecture_code": 13,
    "city": "文京区",
    "city_kana": "ブンキョウク",
    "town": "本郷",
    "town_kana": "ホンゴウ",
    "street": "２丁目３３−５",
    "office_name": "株式会社　日本スポーツ企画出版社",
    "office_name_kana": "カブシキガイシヤ ニツポンスポ-ツキカクシユツパンシヤ"
  },
  "8450": {
    "postcode": "1138450",
    "prefecture": "東京都",
    "prefecture_kana": "トウキョウト",
    "prefecture_code": 13,
    "city": "文京区",
    "city_kana": "ブンキョウク",
    "town": "本郷",
    "town_kana": "ホンゴウ",
    "street": "２丁目１２−１３",
    "office_name": "株式会社　第一科学",
    "office_name_kana": "カブシキガイシヤ ダイイチカガク"
  },
  "8451": {
    "postcode": "1138451",
    "prefecture": "東京都",
    "prefecture_kana": "トウキョウト",
    "prefecture_code": 13,
    "city": "文京区",
    "city_kana": "ブンキョウク",
    "town": "本郷",
    "town_kana": "ホンゴウ",
    "street": "３丁目３６−１０",
    "office_name": "村中医療器　株式会社　東京支店",
    "office_name_kana": "ムラナカイリヨウキ カブシキガイシヤ トウキヨウシテン"
  },
  "8456": {
    "postcode": "1138456",
    "prefecture": "東京都",
    "prefecture_kana": "トウキョウト",
    "prefecture_code": 13,
    "city": "文京区",
    "city_kana": "ブンキョウク",
    "town": "本郷",
    "town_kana": "ホンゴウ",
    "street": "３丁目２６−５",
    "office_name": "東芝メディカル　株式会社",
    "office_name_kana": "トウシバメデイカル カブシキガイシヤ"
  },
  "8459": {
    "postcode": "1138459",
    "prefecture": "東京都",
    "prefecture_kana": "トウキョウト",
    "prefecture_code": 13,
    "city": "文京区",
    "city_kana": "ブンキョウク",
    "town": "西片",
    "town_kana": "ニシカタ",
    "street": "２丁目１６−２７",
    "office_name": "本郷税務署",
    "office_name_kana": "ホンゴウゼイムシヨ"
  },
  "8462": {
    "postcode": "1138462",
    "prefecture": "東京都",
    "prefecture_kana": "トウキョウト",
    "prefecture_code": 13,
    "city": "文京区",
    "city_kana": "ブンキョウク",
    "town": "湯島",
    "town_kana": "ユシマ",
    "street": "２丁目４番４号",
    "office_name": "全国労働組合総連合",
    "office_name_kana": "ゼンコクロウドウクミアイソウレンゴウ"
  },
  "8463": {
    "postcode": "1138463",
    "prefecture": "東京都",
    "prefecture_kana": "トウキョウト",
    "prefecture_code": 13,
    "city": "文京区",
    "city_kana": "ブンキョウク",
    "town": "湯島",
    "town_kana": "ユシマ",
    "street": "２丁目４番４号",
    "office_name": "日本国民救援会",
    "office_name_kana": "ニホンコクミンキユウエンカイ"
  },
  "8464": {
    "postcode": "1138464",
    "prefecture": "東京都",
    "prefecture_kana": "トウキョウト",
    "prefecture_code": 13,
    "city": "文京区",
    "city_kana": "ブンキョウク",
    "town": "湯島",
    "town_kana": "ユシマ",
    "street": "２丁目４番４号",
    "office_name": "原水爆禁止日本協議会",
    "office_name_kana": "ゲンスイバクキンシニホンキヨウギカイ"
  },
  "8465": {
    "postcode": "1138465",
    "prefecture": "東京都",
    "prefecture_kana": "トウキョウト",
    "prefecture_code": 13,
    "city": "文京区",
    "city_kana": "ブンキョウク",
    "town": "湯島",
    "town_kana": "ユシマ",
    "street": "２丁目４番４号",
    "office_name": "全日本民主医療機関連合会",
    "office_name_kana": "ゼンニホンミンシユイリヨウキカンレンゴウカイ"
  },
  "8466": {
    "postcode": "1138466",
    "prefecture": "東京都",
    "prefecture_kana": "トウキョウト",
    "prefecture_code": 13,
    "city": "文京区",
    "city_kana": "ブンキョウク",
    "town": "向丘",
    "town_kana": "ムコウガオカ",
    "street": "１丁目１３−１ＫＲＤビル",
    "office_name": "株式会社　工業調査会",
    "office_name_kana": "カブシキガイシヤ コウギヨウチヨウサカイ"
  },
  "8471": {
    "postcode": "1138471",
    "prefecture": "東京都",
    "prefecture_kana": "トウキョウト",
    "prefecture_code": 13,
    "city": "文京区",
    "city_kana": "ブンキョウク",
    "town": "本郷",
    "town_kana": "ホンゴウ",
    "street": "２丁目１３−１１",
    "office_name": "東京スバル　株式会社",
    "office_name_kana": "トウキヨウスバル カブシキガイシヤ"
  },
  "8474": {
    "postcode": "1138474",
    "prefecture": "東京都",
    "prefecture_kana": "トウキョウト",
    "prefecture_code": 13,
    "city": "文京区",
    "city_kana": "ブンキョウク",
    "town": "本郷",
    "town_kana": "ホンゴウ",
    "street": "１丁目１９−６",
    "office_name": "株式会社　太平エンジニアリング",
    "office_name_kana": "カブシキガイシヤ タイヘイエンジニアリング"
  },
  "8477": {
    "postcode": "1138477",
    "prefecture": "東京都",
    "prefecture_kana": "トウキョウト",
    "prefecture_code": 13,
    "city": "文京区",
    "city_kana": "ブンキョウク",
    "town": "湯島",
    "town_kana": "ユシマ",
    "street": "３丁目２６−９イヤサカビル３・４Ｆ",
    "office_name": "株式会社　柴田書店",
    "office_name_kana": "カブシキガイシヤ シバタシヨテン"
  },
  "8479": {
    "postcode": "1138479",
    "prefecture": "東京都",
    "prefecture_kana": "トウキョウト",
    "prefecture_code": 13,
    "city": "文京区",
    "city_kana": "ブンキョウク",
    "town": "本郷",
    "town_kana": "ホンゴウ",
    "street": "３丁目２０−１",
    "office_name": "株式会社　シモン",
    "office_name_kana": "カブシキガイシヤ シモン"
  },
  "8483": {
    "postcode": "1138483",
    "prefecture": "東京都",
    "prefecture_kana": "トウキョウト",
    "prefecture_code": 13,
    "city": "文京区",
    "city_kana": "ブンキョウク",
    "town": "本郷",
    "town_kana": "ホンゴウ",
    "street": "３丁目３９−４",
    "office_name": "フクダ電子　（株）",
    "office_name_kana": "フクダデンシ"
  },
  "8484": {
    "postcode": "1138484",
    "prefecture": "東京都",
    "prefecture_kana": "トウキョウト",
    "prefecture_code": 13,
    "city": "文京区",
    "city_kana": "ブンキョウク",
    "town": "本郷",
    "town_kana": "ホンゴウ",
    "street": "１丁目１７−２",
    "office_name": "欧文印刷　株式会社",
    "office_name_kana": "オウブンインサツ カブシキガイシヤ"
  },
  "8485": {
    "postcode": "1138485",
    "prefecture": "東京都",
    "prefecture_kana": "トウキョウト",
    "prefecture_code": 13,
    "city": "文京区",
    "city_kana": "ブンキョウク",
    "town": "本郷",
    "town_kana": "ホンゴウ",
    "street": "７丁目３番１号",
    "office_name": "東京大学南研究棟",
    "office_name_kana": "トウキヨウダイガクミナミケンキユウトウ"
  },
  "8488": {
    "postcode": "1138488",
    "prefecture": "東京都",
    "prefecture_kana": "トウキョウト",
    "prefecture_code": 13,
    "city": "文京区",
    "city_kana": "ブンキョウク",
    "town": "本郷",
    "town_kana": "ホンゴウ",
    "street": "１丁目２４−１",
    "office_name": "ワールド通商　株式会社",
    "office_name_kana": "ワ-ルドツウシヨウ カブシキガイシヤ"
  },
  "8501": {
    "postcode": "1138501",
    "prefecture": "東京都",
    "prefecture_kana": "トウキョウト",
    "prefecture_code": 13,
    "city": "文京区",
    "city_kana": "ブンキョウク",
    "town": "湯島",
    "town_kana": "ユシマ",
    "street": "２丁目３１−２",
    "office_name": "株式会社　新建築社",
    "office_name_kana": "カブシキガイシヤ シンケンチクシヤ"
  },
  "8503": {
    "postcode": "1138503",
    "prefecture": "東京都",
    "prefecture_kana": "トウキョウト",
    "prefecture_code": 13,
    "city": "文京区",
    "city_kana": "ブンキョウク",
    "town": "本郷",
    "town_kana": "ホンゴウ",
    "street": "２丁目２−９センチュリータワー",
    "office_name": "加賀電子　株式会社",
    "office_name_kana": "カガデンシ カブシキガイシヤ"
  },
  "8504": {
    "postcode": "1138504",
    "prefecture": "東京都",
    "prefecture_kana": "トウキョウト",
    "prefecture_code": 13,
    "city": "文京区",
    "city_kana": "ブンキョウク",
    "town": "本郷",
    "town_kana": "ホンゴウ",
    "street": "２丁目２−９センチュリータワー",
    "office_name": "加賀電子　株式会社",
    "office_name_kana": "カガデンシ カブシキガイシヤ"
  },
  "8505": {
    "postcode": "1138505",
    "prefecture": "東京都",
    "prefecture_kana": "トウキョウト",
    "prefecture_code": 13,
    "city": "文京区",
    "city_kana": "ブンキョウク",
    "town": "本郷",
    "town_kana": "ホンゴウ",
    "street": "２丁目２−９センチュリータワー",
    "office_name": "加賀電子　株式会社",
    "office_name_kana": "カガデンシ カブシキガイシヤ"
  },
  "8507": {
    "postcode": "1138507",
    "prefecture": "東京都",
    "prefecture_kana": "トウキョウト",
    "prefecture_code": 13,
    "city": "文京区",
    "city_kana": "ブンキョウク",
    "town": "湯島",
    "town_kana": "ユシマ",
    "street": "２−３３−１２",
    "office_name": "日本金型工業企業年金基金",
    "office_name_kana": "ニホンカナガタコウギヨウキギヨウネンキンキキン"
  },
  "8509": {
    "postcode": "1138509",
    "prefecture": "東京都",
    "prefecture_kana": "トウキョウト",
    "prefecture_code": 13,
    "city": "文京区",
    "city_kana": "ブンキョウク",
    "town": "本郷",
    "town_kana": "ホンゴウ",
    "street": "３丁目１９−２ＢＨビル",
    "office_name": "コミュニティ・ネットワーク　株式会社",
    "office_name_kana": "コミユニテイ・ネツトワ-ク カブシキガイシヤ"
  },
  "8510": {
    "postcode": "1138510",
    "prefecture": "東京都",
    "prefecture_kana": "トウキョウト",
    "prefecture_code": 13,
    "city": "文京区",
    "city_kana": "ブンキョウク",
    "town": "湯島",
    "town_kana": "ユシマ",
    "street": "１丁目５−４５",
    "office_name": "東京医科歯科大学　本部",
    "office_name_kana": "トウキヨウイカシカダイガク ホンブ"
  },
  "8512": {
    "postcode": "1138512",
    "prefecture": "東京都",
    "prefecture_kana": "トウキョウト",
    "prefecture_code": 13,
    "city": "文京区",
    "city_kana": "ブンキョウク",
    "town": "湯島",
    "town_kana": "ユシマ",
    "street": "３−１−３",
    "office_name": "水野産業　株式会社",
    "office_name_kana": "ミズノサンギヨウ カブシキガイシヤ"
  },
  "8513": {
    "postcode": "1138513",
    "prefecture": "東京都",
    "prefecture_kana": "トウキョウト",
    "prefecture_code": 13,
    "city": "文京区",
    "city_kana": "ブンキョウク",
    "town": "湯島",
    "town_kana": "ユシマ",
    "street": "３丁目４２−６",
    "office_name": "東邦レマック　株式会社",
    "office_name_kana": "トウホウレマツク カブシキガイシヤ"
  },
  "8517": {
    "postcode": "1138517",
    "prefecture": "東京都",
    "prefecture_kana": "トウキョウト",
    "prefecture_code": 13,
    "city": "文京区",
    "city_kana": "ブンキョウク",
    "town": "本郷",
    "town_kana": "ホンゴウ",
    "street": "１丁目３４番３号",
    "office_name": "公益財団法人　ボーイスカウト日本連盟",
    "office_name_kana": "コウエキザイダンホウジン ボ-イスカウトニホンレンメイ"
  },
  "8519": {
    "postcode": "1138519",
    "prefecture": "東京都",
    "prefecture_kana": "トウキョウト",
    "prefecture_code": 13,
    "city": "文京区",
    "city_kana": "ブンキョウク",
    "town": "湯島",
    "town_kana": "ユシマ",
    "street": "１丁目５−４５",
    "office_name": "東京医科歯科大学　医学部",
    "office_name_kana": "トウキヨウイカシカダイガク イガクブ"
  },
  "8520": {
    "postcode": "1138520",
    "prefecture": "東京都",
    "prefecture_kana": "トウキョウト",
    "prefecture_code": 13,
    "city": "文京区",
    "city_kana": "ブンキョウク",
    "town": "湯島",
    "town_kana": "ユシマ",
    "street": "３丁目１４−９",
    "office_name": "松吉医科器械　株式会社",
    "office_name_kana": "マツヨシイカキカイ カブシキガイシヤ"
  },
  "8521": {
    "postcode": "1138521",
    "prefecture": "東京都",
    "prefecture_kana": "トウキョウト",
    "prefecture_code": 13,
    "city": "文京区",
    "city_kana": "ブンキョウク",
    "town": "湯島",
    "town_kana": "ユシマ",
    "street": "１−７−１１",
    "office_name": "株式会社　ＴＯＮＥＧＡＷＡ",
    "office_name_kana": "カブシキガイシヤ トネガワ"
  },
  "8524": {
    "postcode": "1138524",
    "prefecture": "東京都",
    "prefecture_kana": "トウキョウト",
    "prefecture_code": 13,
    "city": "文京区",
    "city_kana": "ブンキョウク",
    "town": "本郷",
    "town_kana": "ホンゴウ",
    "street": "１−２４−１リーフスクエア本郷ビル３階",
    "office_name": "株式会社　交通タイムス社",
    "office_name_kana": "カブシキガイシヤ コウツウタイムスシヤ"
  },
  "8525": {
    "postcode": "1138525",
    "prefecture": "東京都",
    "prefecture_kana": "トウキョウト",
    "prefecture_code": 13,
    "city": "文京区",
    "city_kana": "ブンキョウク",
    "town": "湯島",
    "town_kana": "ユシマ",
    "street": "１丁目８番３号",
    "office_name": "株式会社　オーディオテクニカ",
    "office_name_kana": "カブシキガイシヤ オ-デイオテクニカ"
  },
  "8530": {
    "postcode": "1138530",
    "prefecture": "東京都",
    "prefecture_kana": "トウキョウト",
    "prefecture_code": 13,
    "city": "文京区",
    "city_kana": "ブンキョウク",
    "town": "湯島",
    "town_kana": "ユシマ",
    "street": "２−２５−７ＩＴＰ本郷ビル６階",
    "office_name": "一般社団法人　日本ウオーキング協会",
    "office_name_kana": "イツパンシヤダンホウジン ニホンウオ-キングキヨウカイ"
  },
  "8534": {
    "postcode": "1138534",
    "prefecture": "東京都",
    "prefecture_kana": "トウキョウト",
    "prefecture_code": 13,
    "city": "文京区",
    "city_kana": "ブンキョウク",
    "town": "本郷",
    "town_kana": "ホンゴウ",
    "street": "２丁目１７−７",
    "office_name": "株式会社　三啓",
    "office_name_kana": "カブシキガイシヤ サンケイ"
  },
  "8535": {
    "postcode": "1138535",
    "prefecture": "東京都",
    "prefecture_kana": "トウキョウト",
    "prefecture_code": 13,
    "city": "文京区",
    "city_kana": "ブンキョウク",
    "town": "西片",
    "town_kana": "ニシカタ",
    "street": "１丁目１７−３",
    "office_name": "文化シヤッター　株式会社",
    "office_name_kana": "ブンカシヤツタ- カブシキガイシヤ"
  },
  "8536": {
    "postcode": "1138536",
    "prefecture": "東京都",
    "prefecture_kana": "トウキョウト",
    "prefecture_code": 13,
    "city": "文京区",
    "city_kana": "ブンキョウク",
    "town": "湯島",
    "town_kana": "ユシマ",
    "street": "４丁目１−１８関電工湯島ビル別館３階",
    "office_name": "株式会社　関工ファシリティーズ",
    "office_name_kana": "カブシキガイシヤ カンコウフアシリテイ-ズ"
  },
  "8538": {
    "postcode": "1138538",
    "prefecture": "東京都",
    "prefecture_kana": "トウキョウト",
    "prefecture_code": 13,
    "city": "文京区",
    "city_kana": "ブンキョウク",
    "town": "湯島",
    "town_kana": "ユシマ",
    "street": "２−３１−１４ファーストジェネシスビル４階・５階",
    "office_name": "株式会社　日本アクセス　事務管理部",
    "office_name_kana": "カブシキガイシヤ ニツポンアクセス ジムカンリブ"
  },
  "8541": {
    "postcode": "1138541",
    "prefecture": "東京都",
    "prefecture_kana": "トウキョウト",
    "prefecture_code": 13,
    "city": "文京区",
    "city_kana": "ブンキョウク",
    "town": "湯島",
    "town_kana": "ユシマ",
    "street": "２丁目１番１号",
    "office_name": "株式会社　大修館書店",
    "office_name_kana": "カブシキガイシヤ タイシユウカンシヨテン"
  },
  "8543": {
    "postcode": "1138543",
    "prefecture": "東京都",
    "prefecture_kana": "トウキョウト",
    "prefecture_code": 13,
    "city": "文京区",
    "city_kana": "ブンキョウク",
    "town": "湯島",
    "town_kana": "ユシマ",
    "street": "３丁目２３−１３",
    "office_name": "ヨネックス　株式会社",
    "office_name_kana": "ヨネツクス カブシキガイシヤ"
  },
  "8546": {
    "postcode": "1138546",
    "prefecture": "東京都",
    "prefecture_kana": "トウキョウト",
    "prefecture_code": 13,
    "city": "文京区",
    "city_kana": "ブンキョウク",
    "town": "本郷",
    "town_kana": "ホンゴウ",
    "street": "３丁目１４番３号",
    "office_name": "東京工事警備　株式会社",
    "office_name_kana": "トウキヨウコウジケイビ カブシキカイシヤ"
  },
  "8549": {
    "postcode": "1138549",
    "prefecture": "東京都",
    "prefecture_kana": "トウキョウト",
    "prefecture_code": 13,
    "city": "文京区",
    "city_kana": "ブンキョウク",
    "town": "湯島",
    "town_kana": "ユシマ",
    "street": "１丁目５−４５",
    "office_name": "東京医科歯科大学　歯学部",
    "office_name_kana": "トウキヨウイカシカダイガク シガクブ"
  },
  "8551": {
    "postcode": "1138551",
    "prefecture": "東京都",
    "prefecture_kana": "トウキョウト",
    "prefecture_code": 13,
    "city": "文京区",
    "city_kana": "ブンキョウク",
    "town": "湯島",
    "town_kana": "ユシマ",
    "street": "２丁目１８−６",
    "office_name": "株式会社　夏目製作所",
    "office_name_kana": "カブシキガイシヤ ナツメセイサクシヨ"
  },
  "8553": {
    "postcode": "1138553",
    "prefecture": "東京都",
    "prefecture_kana": "トウキョウト",
    "prefecture_code": 13,
    "city": "文京区",
    "city_kana": "ブンキョウク",
    "town": "湯島",
    "town_kana": "ユシマ",
    "street": "４丁目６−１５",
    "office_name": "財務省関東財務局　東京財務事務所",
    "office_name_kana": "ザイムシヨウカントウザイムキヨク トウキヨウザイムジムシヨ"
  },
  "8555": {
    "postcode": "1138555",
    "prefecture": "東京都",
    "prefecture_kana": "トウキョウト",
    "prefecture_code": 13,
    "city": "文京区",
    "city_kana": "ブンキョウク",
    "town": "湯島",
    "town_kana": "ユシマ",
    "street": "３丁目３１番６号大塚ビルディング４階",
    "office_name": "東京都電機企業年金基金",
    "office_name_kana": "トウキヨウトデンキキギヨウネンキンキキン"
  },
  "8556": {
    "postcode": "1138556",
    "prefecture": "東京都",
    "prefecture_kana": "トウキョウト",
    "prefecture_code": 13,
    "city": "文京区",
    "city_kana": "ブンキョウク",
    "town": "湯島",
    "town_kana": "ユシマ",
    "street": "４丁目１−１８関電工湯島ビル別館５階",
    "office_name": "株式会社　ケイリース",
    "office_name_kana": "カブシキガイシヤ ケイリ-ス"
  },
  "8560": {
    "postcode": "1138560",
    "prefecture": "東京都",
    "prefecture_kana": "トウキョウト",
    "prefecture_code": 13,
    "city": "文京区",
    "city_kana": "ブンキョウク",
    "town": "湯島",
    "town_kana": "ユシマ",
    "street": "２丁目３１−８",
    "office_name": "株式会社　マキノ出版",
    "office_name_kana": "カブシキガイシヤ マキノシユツパン"
  },
  "8561": {
    "postcode": "1138561",
    "prefecture": "東京都",
    "prefecture_kana": "トウキョウト",
    "prefecture_code": 13,
    "city": "文京区",
    "city_kana": "ブンキョウク",
    "town": "湯島",
    "town_kana": "ユシマ",
    "street": "２丁目３１−８",
    "office_name": "株式会社　マイヘルス社",
    "office_name_kana": "カブシキガイシヤ マイヘルスシヤ"
  },
  "8562": {
    "postcode": "1138562",
    "prefecture": "東京都",
    "prefecture_kana": "トウキョウト",
    "prefecture_code": 13,
    "city": "文京区",
    "city_kana": "ブンキョウク",
    "town": "湯島",
    "town_kana": "ユシマ",
    "street": "２丁目３１−８",
    "office_name": "株式会社　特選街出版",
    "office_name_kana": "カブシキガイシヤ トクセンガイシユツパン"
  },
  "8563": {
    "postcode": "1138563",
    "prefecture": "東京都",
    "prefecture_kana": "トウキョウト",
    "prefecture_code": 13,
    "city": "文京区",
    "city_kana": "ブンキョウク",
    "town": "湯島",
    "town_kana": "ユシマ",
    "street": "２丁目３１−８",
    "office_name": "株式会社　壮快薬品",
    "office_name_kana": "カブシキガイシヤ ソウカイヤクヒン"
  },
  "8564": {
    "postcode": "1138564",
    "prefecture": "東京都",
    "prefecture_kana": "トウキョウト",
    "prefecture_code": 13,
    "city": "文京区",
    "city_kana": "ブンキョウク",
    "town": "湯島",
    "town_kana": "ユシマ",
    "street": "２丁目３１−８",
    "office_name": "株式会社　壮快薬品",
    "office_name_kana": "カブシキガイシヤ ソウカイヤクヒン"
  },
  "8566": {
    "postcode": "1138566",
    "prefecture": "東京都",
    "prefecture_kana": "トウキョウト",
    "prefecture_code": 13,
    "city": "文京区",
    "city_kana": "ブンキョウク",
    "town": "湯島",
    "town_kana": "ユシマ",
    "street": "３丁目１５−４",
    "office_name": "東京都電機健康保険組合",
    "office_name_kana": "トウキヨウトデンキケンコウホケンクミアイ"
  },
  "8570": {
    "postcode": "1138570",
    "prefecture": "東京都",
    "prefecture_kana": "トウキョウト",
    "prefecture_code": 13,
    "city": "文京区",
    "city_kana": "ブンキョウク",
    "town": "湯島",
    "town_kana": "ユシマ",
    "street": "２丁目３１−２０",
    "office_name": "フクダ電子　株式会社",
    "office_name_kana": "フクダデンシ カブシキガイシヤ"
  },
  "8601": {
    "postcode": "1138601",
    "prefecture": "東京都",
    "prefecture_kana": "トウキョウト",
    "prefecture_code": 13,
    "city": "文京区",
    "city_kana": "ブンキョウク",
    "town": "本駒込",
    "town_kana": "ホンコマゴメ",
    "street": "６丁目１−９",
    "office_name": "キャピタル　（株）",
    "office_name_kana": "キヤピタル (カブ)"
  },
  "8602": {
    "postcode": "1138602",
    "prefecture": "東京都",
    "prefecture_kana": "トウキョウト",
    "prefecture_code": 13,
    "city": "文京区",
    "city_kana": "ブンキョウク",
    "town": "千駄木",
    "town_kana": "センダギ",
    "street": "１丁目１−５",
    "office_name": "日本医科大学",
    "office_name_kana": "ニホンイカダイガク"
  },
  "8603": {
    "postcode": "1138603",
    "prefecture": "東京都",
    "prefecture_kana": "トウキョウト",
    "prefecture_code": 13,
    "city": "文京区",
    "city_kana": "ブンキョウク",
    "town": "千駄木",
    "town_kana": "センダギ",
    "street": "１丁目１−５",
    "office_name": "日本医科大学付属病院",
    "office_name_kana": "ニホンイカダイガクフゾクビヨウイン"
  },
  "8604": {
    "postcode": "1138604",
    "prefecture": "東京都",
    "prefecture_kana": "トウキョウト",
    "prefecture_code": 13,
    "city": "文京区",
    "city_kana": "ブンキョウク",
    "town": "千駄木",
    "town_kana": "センダギ",
    "street": "１丁目１−５",
    "office_name": "学校法人　日本医科大学",
    "office_name_kana": "ガツコウホウジン ニホンイカダイガク"
  },
  "8606": {
    "postcode": "1138606",
    "prefecture": "東京都",
    "prefecture_kana": "トウキョウト",
    "prefecture_code": 13,
    "city": "文京区",
    "city_kana": "ブンキョウク",
    "town": "白山",
    "town_kana": "ハクサン",
    "street": "一丁目３７番６号",
    "office_name": "Ｊ−ＰＯＷＥＲテレコミュニケーションサービス　株式会社",
    "office_name_kana": "ジエイパワ-テレコミユニケ-シヨンサ-ビス カブシキガイシヤ"
  },
  "8608": {
    "postcode": "1138608",
    "prefecture": "東京都",
    "prefecture_kana": "トウキョウト",
    "prefecture_code": 13,
    "city": "文京区",
    "city_kana": "ブンキョウク",
    "town": "向丘",
    "town_kana": "ムコウガオカ",
    "street": "１丁目１３−１",
    "office_name": "開隆堂出版　（株）",
    "office_name_kana": "カイリユウドウシユツパン"
  },
  "8610": {
    "postcode": "1138610",
    "prefecture": "東京都",
    "prefecture_kana": "トウキョウト",
    "prefecture_code": 13,
    "city": "文京区",
    "city_kana": "ブンキョウク",
    "town": "本駒込",
    "town_kana": "ホンコマゴメ",
    "street": "６丁目３−２６",
    "office_name": "日本工業出版　株式会社",
    "office_name_kana": "ニホンコウギヨウシユツパン カブシキガイシヤ"
  },
  "8611": {
    "postcode": "1138611",
    "prefecture": "東京都",
    "prefecture_kana": "トウキョウト",
    "prefecture_code": 13,
    "city": "文京区",
    "city_kana": "ブンキョウク",
    "town": "本駒込",
    "town_kana": "ホンコマゴメ",
    "street": "６丁目１４−９",
    "office_name": "株式会社　フレーベル館",
    "office_name_kana": "カブシキガイシヤ フレ-ベルカン"
  },
  "8612": {
    "postcode": "1138612",
    "prefecture": "東京都",
    "prefecture_kana": "トウキョウト",
    "prefecture_code": 13,
    "city": "文京区",
    "city_kana": "ブンキョウク",
    "town": "本駒込",
    "town_kana": "ホンコマゴメ",
    "street": "１丁目７−１０",
    "office_name": "医歯薬出版　（株）",
    "office_name_kana": "イシヤクシユツパン (カブ)"
  },
  "8633": {
    "postcode": "1138633",
    "prefecture": "東京都",
    "prefecture_kana": "トウキョウト",
    "prefecture_code": 13,
    "city": "文京区",
    "city_kana": "ブンキョウク",
    "town": "本駒込",
    "town_kana": "ホンコマゴメ",
    "street": "６丁目１７−２６",
    "office_name": "株式会社　アストリア",
    "office_name_kana": "カブシキガイシヤ アストリア"
  },
  "8638": {
    "postcode": "1138638",
    "prefecture": "東京都",
    "prefecture_kana": "トウキョウト",
    "prefecture_code": 13,
    "city": "文京区",
    "city_kana": "ブンキョウク",
    "town": "本駒込",
    "town_kana": "ホンコマゴメ",
    "street": "１丁目１０−２５",
    "office_name": "株式会社　セムコーポレーション",
    "office_name_kana": "カブシキガイシヤ セムコ-ポレ-シヨン"
  },
  "8650": {
    "postcode": "1138650",
    "prefecture": "東京都",
    "prefecture_kana": "トウキョウト",
    "prefecture_code": 13,
    "city": "文京区",
    "city_kana": "ブンキョウク",
    "town": "本駒込",
    "town_kana": "ホンコマゴメ",
    "street": "２丁目２８−８",
    "office_name": "科研製薬　株式会社",
    "office_name_kana": "カケンセイヤク カブシキガイシヤ"
  },
  "8654": {
    "postcode": "1138654",
    "prefecture": "東京都",
    "prefecture_kana": "トウキョウト",
    "prefecture_code": 13,
    "city": "文京区",
    "city_kana": "ブンキョウク",
    "town": "本郷",
    "town_kana": "ホンゴウ",
    "street": "７丁目３−１",
    "office_name": "東京大学　本部事務組織",
    "office_name_kana": "トウキヨウダイガク ホンブジムソシキ"
  },
  "8655": {
    "postcode": "1138655",
    "prefecture": "東京都",
    "prefecture_kana": "トウキョウト",
    "prefecture_code": 13,
    "city": "文京区",
    "city_kana": "ブンキョウク",
    "town": "本郷",
    "town_kana": "ホンゴウ",
    "street": "７丁目３−１",
    "office_name": "東京大学医学部附属病院",
    "office_name_kana": "トウキヨウダイガクイガクブフゾクビヨウイン"
  },
  "8656": {
    "postcode": "1138656",
    "prefecture": "東京都",
    "prefecture_kana": "トウキョウト",
    "prefecture_code": 13,
    "city": "文京区",
    "city_kana": "ブンキョウク",
    "town": "本郷",
    "town_kana": "ホンゴウ",
    "street": "７丁目３−１",
    "office_name": "東京大学　工学部",
    "office_name_kana": "トウキヨウダイガク コウガクブ"
  },
  "8657": {
    "postcode": "1138657",
    "prefecture": "東京都",
    "prefecture_kana": "トウキョウト",
    "prefecture_code": 13,
    "city": "文京区",
    "city_kana": "ブンキョウク",
    "town": "弥生",
    "town_kana": "ヤヨイ",
    "street": "１丁目１−１",
    "office_name": "東京大学　農学部",
    "office_name_kana": "トウキヨウダイガク ノウガクブ"
  },
  "8658": {
    "postcode": "1138658",
    "prefecture": "東京都",
    "prefecture_kana": "トウキョウト",
    "prefecture_code": 13,
    "city": "文京区",
    "city_kana": "ブンキョウク",
    "town": "弥生",
    "town_kana": "ヤヨイ",
    "street": "２丁目１１−１６",
    "office_name": "東京大学　情報基盤センター",
    "office_name_kana": "トウキヨウダイガク ジヨウホウキバンセンタ-"
  },
  "8660": {
    "postcode": "1138660",
    "prefecture": "東京都",
    "prefecture_kana": "トウキョウト",
    "prefecture_code": 13,
    "city": "文京区",
    "city_kana": "ブンキョウク",
    "town": "本駒込",
    "town_kana": "ホンコマゴメ",
    "street": "２丁目２８−８",
    "office_name": "文京グリーンコートビル　（株）",
    "office_name_kana": "ブンキヨウグリ-ンコ-トビル"
  },
  "8661": {
    "postcode": "1138661",
    "prefecture": "東京都",
    "prefecture_kana": "トウキョウト",
    "prefecture_code": 13,
    "city": "文京区",
    "city_kana": "ブンキョウク",
    "town": "本駒込",
    "town_kana": "ホンコマゴメ",
    "street": "２丁目２８−８",
    "office_name": "日本生命保険　相互会社",
    "office_name_kana": "ニホンセイメイホケンソウゴガイシヤ"
  },
  "8662": {
    "postcode": "1138662",
    "prefecture": "東京都",
    "prefecture_kana": "トウキョウト",
    "prefecture_code": 13,
    "city": "文京区",
    "city_kana": "ブンキョウク",
    "town": "本駒込",
    "town_kana": "ホンコマゴメ",
    "street": "２丁目２８−８文京グリーンコートセンターオフィス９階",
    "office_name": "クラリアントジャパン　（株）",
    "office_name_kana": "クラリアントジヤパン (カブ)"
  },
  "8663": {
    "postcode": "1138663",
    "prefecture": "東京都",
    "prefecture_kana": "トウキョウト",
    "prefecture_code": 13,
    "city": "文京区",
    "city_kana": "ブンキョウク",
    "town": "本駒込",
    "town_kana": "ホンコマゴメ",
    "street": "２丁目２８−８文京グリーンコートセンターオフィス１５階",
    "office_name": "独立行政法人　情報処理推進機構　デジタル人材センター　国家資格・試験部",
    "office_name_kana": "ドクリツギヨウセイホウジン ジヨウホウシヨリスイシンキコウ デジタルジンザイセンタ- コツカシカク・シケンブ"
  },
  "8667": {
    "postcode": "1138667",
    "prefecture": "東京都",
    "prefecture_kana": "トウキョウト",
    "prefecture_code": 13,
    "city": "文京区",
    "city_kana": "ブンキョウク",
    "town": "本駒込",
    "town_kana": "ホンコマゴメ",
    "street": "６−１８−３",
    "office_name": "文京学院大学女子高等学校・中学校",
    "office_name_kana": "ブンキヨウガクインダイガクジヨシコウトウガツコウ・チユウガツコウ"
  },
  "8668": {
    "postcode": "1138668",
    "prefecture": "東京都",
    "prefecture_kana": "トウキョウト",
    "prefecture_code": 13,
    "city": "文京区",
    "city_kana": "ブンキョウク",
    "town": "向丘",
    "town_kana": "ムコウガオカ",
    "street": "１丁目１９番１号",
    "office_name": "学校法人　文京学園　文京学院大学",
    "office_name_kana": "ガツコウホウジン ブンキヨウガクエン ブンキヨウガクインダイガク"
  },
  "8677": {
    "postcode": "1138677",
    "prefecture": "東京都",
    "prefecture_kana": "トウキョウト",
    "prefecture_code": 13,
    "city": "文京区",
    "city_kana": "ブンキョウク",
    "town": "本駒込",
    "town_kana": "ホンコマゴメ",
    "street": "３−１８−２２",
    "office_name": "東京都立駒込病院",
    "office_name_kana": "トウキヨウトリツコマゴメビヨウイン"
  },
  "8681": {
    "postcode": "1138681",
    "prefecture": "東京都",
    "prefecture_kana": "トウキョウト",
    "prefecture_code": 13,
    "city": "文京区",
    "city_kana": "ブンキョウク",
    "town": "湯島",
    "town_kana": "ユシマ",
    "street": "１丁目７−１２（本郷郵便局私書箱第９１号）",
    "office_name": "株式会社　千代田テクノル",
    "office_name_kana": "カブシキガイシヤ チヨダテクノル"
  },
  "8686": {
    "postcode": "1138686",
    "prefecture": "東京都",
    "prefecture_kana": "トウキョウト",
    "prefecture_code": 13,
    "city": "文京区",
    "city_kana": "ブンキョウク",
    "town": "本駒込",
    "town_kana": "ホンコマゴメ",
    "street": "６丁目６−３（本郷郵便局私書箱第１０６号）",
    "office_name": "株式会社　福音館書店",
    "office_name_kana": "カブシキガイシヤ フクインカンシヨテン"
  },
  "8701": {
    "postcode": "1138701",
    "prefecture": "東京都",
    "prefecture_kana": "トウキョウト",
    "prefecture_code": 13,
    "city": "文京区",
    "city_kana": "ブンキョウク",
    "town": "湯島",
    "town_kana": "ユシマ",
    "street": "４丁目５−１６（本郷郵便局私書箱第１号）",
    "office_name": "財団法人　日本青少年ペンフレンドクラブ協会",
    "office_name_kana": "ザイダンホウジン ニホンセイシヨウネンペンフレンドクラブキヨウカイ"
  },
  "8710": {
    "postcode": "1138710",
    "prefecture": "東京都",
    "prefecture_kana": "トウキョウト",
    "prefecture_code": 13,
    "city": "文京区",
    "city_kana": "ブンキョウク",
    "town": "本郷",
    "town_kana": "ホンゴウ",
    "street": "３丁目２７−１２",
    "office_name": "オカモト　株式会社",
    "office_name_kana": "オカモト カブシキガイシヤ"
  },
  "8711": {
    "postcode": "1138711",
    "prefecture": "東京都",
    "prefecture_kana": "トウキョウト",
    "prefecture_code": 13,
    "city": "文京区",
    "city_kana": "ブンキョウク",
    "town": "本郷",
    "town_kana": "ホンゴウ",
    "street": "３丁目３３−５本郷ビル（本郷郵便局私書箱第２７号）",
    "office_name": "ＵＦＪニコス　株式会社",
    "office_name_kana": "ユ-エフジエイニコス カブシキガイシヤ"
  },
  "8712": {
    "postcode": "1138712",
    "prefecture": "東京都",
    "prefecture_kana": "トウキョウト",
    "prefecture_code": 13,
    "city": "文京区",
    "city_kana": "ブンキョウク",
    "town": "本郷",
    "town_kana": "ホンゴウ",
    "street": "３丁目２３−１５第２ビル（本郷郵便局私書箱第２７号）",
    "office_name": "ＵＦＪニコス　株式会社",
    "office_name_kana": "ユ-エフジエイニコス カブシキガイシヤ"
  },
  "8719": {
    "postcode": "1138719",
    "prefecture": "東京都",
    "prefecture_kana": "トウキョウト",
    "prefecture_code": 13,
    "city": "文京区",
    "city_kana": "ブンキョウク",
    "town": "本郷",
    "town_kana": "ホンゴウ",
    "street": "１丁目２８−２３（本郷郵便局私書箱第５号）",
    "office_name": "医学書院",
    "office_name_kana": "イガクシヨイン"
  }
}