{
  "0000": {
    "postcode": "1140000",
    "prefecture": "東京都",
    "prefecture_kana": "トウキョウト",
    "prefecture_code": 13,
    "city": "北区",
    "city_kana": "キタク",
    "town": "",
    "town_kana": "",
    "street": null,
    "office_name": null,
    "office_name_kana": null
  },
  "0001": {
    "postcode": "1140001",
    "prefecture": "東京都",
    "prefecture_kana": "トウキョウト",
    "prefecture_code": 13,
    "city": "北区",
    "city_kana": "キタク",
    "town": "東十条",
    "town_kana": "ヒガシジュウジョウ",
    "street": null,
    "office_name": null,
    "office_name_kana": null
  },
  "0002": {
    "postcode": "1140002",
    "prefecture": "東京都",
    "prefecture_kana": "トウキョウト",
    "prefecture_code": 13,
    "city": "北区",
    "city_kana": "キタク",
    "town": "王子",
    "town_kana": "オウジ",
    "street": null,
    "office_name": null,
    "office_name_kana": null
  },
  "0003": {
    "postcode": "1140003",
    "prefecture": "東京都",
    "prefecture_kana": "トウキョウト",
    "prefecture_code": 13,
    "city": "北区",
    "city_kana": "キタク",
    "town": "豊島",
    "town_kana": "トシマ",
    "street": null,
    "office_name": null,
    "office_name_kana": null
  },
  "0004": {
    "postcode": "1140004",
    "prefecture": "東京都",
    "prefecture_kana": "トウキョウト",
    "prefecture_code": 13,
    "city": "北区",
    "city_kana": "キタク",
    "town": "堀船",
    "town_kana": "ホリフネ",
    "street": null,
    "office_name": null,
    "office_name_kana": null
  },
  "0005": {
    "postcode": "1140005",
    "prefecture": "東京都",
    "prefecture_kana": "トウキョウト",
    "prefecture_code": 13,
    "city": "北区",
    "city_kana": "キタク",
    "town": "栄町",
    "town_kana": "サカエチョウ",
    "street": null,
    "office_name": null,
    "office_name_kana": null
  },
  "0011": {
    "postcode": "1140011",
    "prefecture": "東京都",
    "prefecture_kana": "トウキョウト",
    "prefecture_code": 13,
    "city": "北区",
    "city_kana": "キタク",
    "town": "昭和町",
    "town_kana": "ショウワマチ",
    "street": null,
    "office_name": null,
    "office_name_kana": null
  },
  "0012": {
    "postcode": "1140012",
    "prefecture": "東京都",
    "prefecture_kana": "トウキョウト",
    "prefecture_code": 13,
    "city": "北区",
    "city_kana": "キタク",
    "town": "田端新町",
    "town_kana": "タバタシンマチ",
    "street": null,
    "office_name": null,
    "office_name_kana": null
  },
  "0013": {
    "postcode": "1140013",
    "prefecture": "東京都",
    "prefecture_kana": "トウキョウト",
    "prefecture_code": 13,
    "city": "北区",
    "city_kana": "キタク",
    "town": "東田端",
    "town_kana": "ヒガシタバタ",
    "street": null,
    "office_name": null,
    "office_name_kana": null
  },
  "0014": {
    "postcode": "1140014",
    "prefecture": "東京都",
    "prefecture_kana": "トウキョウト",
    "prefecture_code": 13,
    "city": "北区",
    "city_kana": "キタク",
    "town": "田端",
    "town_kana": "タバタ",
    "street": null,
    "office_name": null,
    "office_name_kana": null
  },
  "0015": {
    "postcode": "1140015",
    "prefecture": "東京都",
    "prefecture_kana": "トウキョウト",
    "prefecture_code": 13,
    "city": "北区",
    "city_kana": "キタク",
    "town": "中里",
    "town_kana": "ナカザト",
    "street": null,
    "office_name": null,
    "office_name_kana": null
  },
  "0016": {
    "postcode": "1140016",
    "prefecture": "東京都",
    "prefecture_kana": "トウキョウト",
    "prefecture_code": 13,
    "city": "北区",
    "city_kana": "キタク",
    "town": "上中里",
    "town_kana": "カミナカザト",
    "street": null,
    "office_name": null,
    "office_name_kana": null
  },
  "0021": {
    "postcode": "1140021",
    "prefecture": "東京都",
    "prefecture_kana": "トウキョウト",
    "prefecture_code": 13,
    "city": "北区",
    "city_kana": "キタク",
    "town": "岸町",
    "town_kana": "キシマチ",
    "street": null,
    "office_name": null,
    "office_name_kana": null
  },
  "0022": {
    "postcode": "1140022",
    "prefecture": "東京都",
    "prefecture_kana": "トウキョウト",
    "prefecture_code": 13,
    "city": "北区",
    "city_kana": "キタク",
    "town": "王子本町",
    "town_kana": "オウジホンチョウ",
    "street": null,
    "office_name": null,
    "office_name_kana": null
  },
  "0023": {
    "postcode": "1140023",
    "prefecture": "東京都",
    "prefecture_kana": "トウキョウト",
    "prefecture_code": 13,
    "city": "北区",
    "city_kana": "キタク",
    "town": "滝野川",
    "town_kana": "タキノガワ",
    "street": null,
    "office_name": null,
    "office_name_kana": null
  },
  "0024": {
    "postcode": "1140024",
    "prefecture": "東京都",
    "prefecture_kana": "トウキョウト",
    "prefecture_code": 13,
    "city": "北区",
    "city_kana": "キタク",
    "town": "西ケ原",
    "town_kana": "ニシガハラ",
    "street": null,
    "office_name": null,
    "office_name_kana": null
  },
  "0031": {
    "postcode": "1140031",
    "prefecture": "東京都",
    "prefecture_kana": "トウキョウト",
    "prefecture_code": 13,
    "city": "北区",
    "city_kana": "キタク",
    "town": "十条仲原",
    "town_kana": "ジュウジョウナカハラ",
    "street": null,
    "office_name": null,
    "office_name_kana": null
  },
  "0032": {
    "postcode": "1140032",
    "prefecture": "東京都",
    "prefecture_kana": "トウキョウト",
    "prefecture_code": 13,
    "city": "北区",
    "city_kana": "キタク",
    "town": "中十条",
    "town_kana": "ナカジュウジョウ",
    "street": null,
    "office_name": null,
    "office_name_kana": null
  },
  "0033": {
    "postcode": "1140033",
    "prefecture": "東京都",
    "prefecture_kana": "トウキョウト",
    "prefecture_code": 13,
    "city": "北区",
    "city_kana": "キタク",
    "town": "十条台",
    "town_kana": "ジュウジョウダイ",
    "street": null,
    "office_name": null,
    "office_name_kana": null
  },
  "0034": {
    "postcode": "1140034",
    "prefecture": "東京都",
    "prefecture_kana": "トウキョウト",
    "prefecture_code": 13,
    "city": "北区",
    "city_kana": "キタク",
    "town": "上十条",
    "town_kana": "カミジュウジョウ",
    "street": null,
    "office_name": null,
    "office_name_kana": null
  },
  "8501": {
    "postcode": "1148501",
    "prefecture": "東京都",
    "prefecture_kana": "トウキョウト",
    "prefecture_code": 13,
    "city": "北区",
    "city_kana": "キタク",
    "town": "滝野川",
    "town_kana": "タキノガワ",
    "street": "７丁目２３−１",
    "office_name": "株式会社　コモディイイダ",
    "office_name_kana": "カブシキガイシヤ コモデイイイダ"
  },
  "8502": {
    "postcode": "1148502",
    "prefecture": "東京都",
    "prefecture_kana": "トウキョウト",
    "prefecture_code": 13,
    "city": "北区",
    "city_kana": "キタク",
    "town": "中里",
    "town_kana": "ナカザト",
    "street": "３丁目１２−１",
    "office_name": "聖学院中学校高等学校",
    "office_name_kana": "セイガクインチユウガツコウコウトウガツコウ"
  },
  "8503": {
    "postcode": "1148503",
    "prefecture": "東京都",
    "prefecture_kana": "トウキョウト",
    "prefecture_code": 13,
    "city": "北区",
    "city_kana": "キタク",
    "town": "王子",
    "town_kana": "オウジ",
    "street": "１丁目１１−１",
    "office_name": "北とぴあ",
    "office_name_kana": "ホクトピア"
  },
  "8505": {
    "postcode": "1148505",
    "prefecture": "東京都",
    "prefecture_kana": "トウキョウト",
    "prefecture_code": 13,
    "city": "北区",
    "city_kana": "キタク",
    "town": "滝野川",
    "town_kana": "タキノガワ",
    "street": "６丁目３−１",
    "office_name": "川田建設　株式会社",
    "office_name_kana": "カワダケンセツ カブシキガイシヤ"
  },
  "8506": {
    "postcode": "1148506",
    "prefecture": "東京都",
    "prefecture_kana": "トウキョウト",
    "prefecture_code": 13,
    "city": "北区",
    "city_kana": "キタク",
    "town": "上十条",
    "town_kana": "カミジュウジョウ",
    "street": "１丁目９−１７",
    "office_name": "東京都水道局　北営業所",
    "office_name_kana": "トウキヨウトスイドウキヨク キタエイギヨウシヨ"
  },
  "8507": {
    "postcode": "1148507",
    "prefecture": "東京都",
    "prefecture_kana": "トウキョウト",
    "prefecture_code": 13,
    "city": "北区",
    "city_kana": "キタク",
    "town": "王子",
    "town_kana": "オウジ",
    "street": "１丁目１３−１４朝日生命王子ビル７Ｆ",
    "office_name": "朝日生命保険　相互会社　首都圏第二営業本部　事務センター",
    "office_name_kana": "アサヒセイメイホケン ソウゴガイシヤ シユトケンダイニエイギヨウホンブ ジムセンタ-"
  },
  "8508": {
    "postcode": "1148508",
    "prefecture": "東京都",
    "prefecture_kana": "トウキョウト",
    "prefecture_code": 13,
    "city": "北区",
    "city_kana": "キタク",
    "town": "王子本町",
    "town_kana": "オウジホンチョウ",
    "street": "１丁目１５−２２",
    "office_name": "東京都北区役所",
    "office_name_kana": "トウキヨウトキタクヤクシヨ"
  },
  "8510": {
    "postcode": "1148510",
    "prefecture": "東京都",
    "prefecture_kana": "トウキョウト",
    "prefecture_code": 13,
    "city": "北区",
    "city_kana": "キタク",
    "town": "西ケ原",
    "town_kana": "ニシガハラ",
    "street": "１丁目５２−１０",
    "office_name": "日本リーテック　株式会社",
    "office_name_kana": "ニツポンリ-テツク カブシキガイシヤ"
  },
  "8512": {
    "postcode": "1148512",
    "prefecture": "東京都",
    "prefecture_kana": "トウキョウト",
    "prefecture_code": 13,
    "city": "北区",
    "city_kana": "キタク",
    "town": "西ケ原",
    "town_kana": "ニシガハラ",
    "street": "１丁目４６−１３",
    "office_name": "東京シンコール　株式会社",
    "office_name_kana": "トウキヨウシンコ-ル カブシキガイシヤ"
  },
  "8514": {
    "postcode": "1148514",
    "prefecture": "東京都",
    "prefecture_kana": "トウキョウト",
    "prefecture_code": 13,
    "city": "北区",
    "city_kana": "キタク",
    "town": "滝野川",
    "town_kana": "タキノガワ",
    "street": "３丁目３−１ユニオンコーポ",
    "office_name": "全日本運輸一般　労働組合",
    "office_name_kana": "ゼンニホンウンユイツパン ロウドウクミアイ"
  },
  "8515": {
    "postcode": "1148515",
    "prefecture": "東京都",
    "prefecture_kana": "トウキョウト",
    "prefecture_code": 13,
    "city": "北区",
    "city_kana": "キタク",
    "town": "滝野川",
    "town_kana": "タキノガワ",
    "street": "７丁目５−１１",
    "office_name": "株式会社　ヨコオ",
    "office_name_kana": "カブシキガイシヤ ヨコオ"
  },
  "8517": {
    "postcode": "1148517",
    "prefecture": "東京都",
    "prefecture_kana": "トウキョウト",
    "prefecture_code": 13,
    "city": "北区",
    "city_kana": "キタク",
    "town": "中十条",
    "town_kana": "ナカジュウジョウ",
    "street": "１丁目７−８",
    "office_name": "東京都北都税事務所",
    "office_name_kana": "トウキヨウトキタトゼイジムシヨ"
  },
  "8518": {
    "postcode": "1148518",
    "prefecture": "東京都",
    "prefecture_kana": "トウキョウト",
    "prefecture_code": 13,
    "city": "北区",
    "city_kana": "キタク",
    "town": "豊島",
    "town_kana": "トシマ",
    "street": "５丁目２−８",
    "office_name": "リョービ　株式会社",
    "office_name_kana": "リヨ-ビ カブシキガイシヤ"
  },
  "8519": {
    "postcode": "1148519",
    "prefecture": "東京都",
    "prefecture_kana": "トウキョウト",
    "prefecture_code": 13,
    "city": "北区",
    "city_kana": "キタク",
    "town": "田端",
    "town_kana": "タバタ",
    "street": "１丁目２５−１９サントル田端１丁目",
    "office_name": "株式会社　サーベイリサーチセンター",
    "office_name_kana": "カブシキガイシヤ サ-ベイリサ-チセンタ-"
  },
  "8520": {
    "postcode": "1148520",
    "prefecture": "東京都",
    "prefecture_kana": "トウキョウト",
    "prefecture_code": 13,
    "city": "北区",
    "city_kana": "キタク",
    "town": "東田端",
    "town_kana": "ヒガシタバタ",
    "street": "１丁目１０−８",
    "office_name": "京三電線　株式会社",
    "office_name_kana": "キヨウサンデンセン カブシキガイシヤ"
  },
  "8521": {
    "postcode": "1148521",
    "prefecture": "東京都",
    "prefecture_kana": "トウキョウト",
    "prefecture_code": 13,
    "city": "北区",
    "city_kana": "キタク",
    "town": "豊島",
    "town_kana": "トシマ",
    "street": "１丁目１１−１",
    "office_name": "城北信用金庫　本部",
    "office_name_kana": "ジヨウホクシンヨウキンコ ホンブ"
  },
  "8522": {
    "postcode": "1148522",
    "prefecture": "東京都",
    "prefecture_kana": "トウキョウト",
    "prefecture_code": 13,
    "city": "北区",
    "city_kana": "キタク",
    "town": "豊島",
    "town_kana": "トシマ",
    "street": "１丁目１０−１０",
    "office_name": "城北信用金庫　王子営業部",
    "office_name_kana": "ジヨウホクシンヨウキンコ オウジエイギヨウブ"
  },
  "8523": {
    "postcode": "1148523",
    "prefecture": "東京都",
    "prefecture_kana": "トウキョウト",
    "prefecture_code": 13,
    "city": "北区",
    "city_kana": "キタク",
    "town": "田端",
    "town_kana": "タバタ",
    "street": "６−１−２田端ＡＳＵＫＡタワー内",
    "office_name": "田端文士村記念館",
    "office_name_kana": "タバタブンシムラキネンカン"
  },
  "8524": {
    "postcode": "1148524",
    "prefecture": "東京都",
    "prefecture_kana": "トウキョウト",
    "prefecture_code": 13,
    "city": "北区",
    "city_kana": "キタク",
    "town": "堀船",
    "town_kana": "ホリフネ",
    "street": "２丁目１７−１",
    "office_name": "東京書籍　株式会社",
    "office_name_kana": "トウキヨウシヨセキ カブシキガイシヤ"
  },
  "8526": {
    "postcode": "1148526",
    "prefecture": "東京都",
    "prefecture_kana": "トウキョウト",
    "prefecture_code": 13,
    "city": "北区",
    "city_kana": "キタク",
    "town": "豊島",
    "town_kana": "トシマ",
    "street": "８丁目２６−９",
    "office_name": "学校法人　東京成徳学園",
    "office_name_kana": "トウキヨウセイトクガクエン"
  },
  "8528": {
    "postcode": "1148528",
    "prefecture": "東京都",
    "prefecture_kana": "トウキョウト",
    "prefecture_code": 13,
    "city": "北区",
    "city_kana": "キタク",
    "town": "田端新町",
    "town_kana": "タバタシンマチ",
    "street": "１丁目１−１４",
    "office_name": "東京フェライト製造　株式会社",
    "office_name_kana": "トウキヨウフエライトセイゾウ カブシキガイシヤ"
  },
  "8530": {
    "postcode": "1148530",
    "prefecture": "東京都",
    "prefecture_kana": "トウキョウト",
    "prefecture_code": 13,
    "city": "北区",
    "city_kana": "キタク",
    "town": "中里",
    "town_kana": "ナカザト",
    "street": "２丁目９−５",
    "office_name": "リーベ　株式会社",
    "office_name_kana": "リ-ベ カブシキガイシヤ"
  },
  "8531": {
    "postcode": "1148531",
    "prefecture": "東京都",
    "prefecture_kana": "トウキョウト",
    "prefecture_code": 13,
    "city": "北区",
    "city_kana": "キタク",
    "town": "王子",
    "town_kana": "オウジ",
    "street": "６丁目２−６６",
    "office_name": "東京法務局　北出張所",
    "office_name_kana": "トウキヨウホウムキヨク キタシユツチヨウジヨ"
  },
  "8532": {
    "postcode": "1148532",
    "prefecture": "東京都",
    "prefecture_kana": "トウキョウト",
    "prefecture_code": 13,
    "city": "北区",
    "city_kana": "キタク",
    "town": "十条台",
    "town_kana": "ジュウジョウダイ",
    "street": "１丁目６−３８",
    "office_name": "フジ電設　株式会社",
    "office_name_kana": "フジデンセツ カブシキガイシヤ"
  },
  "8534": {
    "postcode": "1148534",
    "prefecture": "東京都",
    "prefecture_kana": "トウキョウト",
    "prefecture_code": 13,
    "city": "北区",
    "city_kana": "キタク",
    "town": "西ケ原",
    "town_kana": "ニシガハラ",
    "street": "１丁目２３−３",
    "office_name": "北区滝野川会館",
    "office_name_kana": "キタクタキノガワカイカン"
  },
  "8535": {
    "postcode": "1148535",
    "prefecture": "東京都",
    "prefecture_kana": "トウキョウト",
    "prefecture_code": 13,
    "city": "北区",
    "city_kana": "キタク",
    "town": "滝野川",
    "town_kana": "タキノガワ",
    "street": "５−４２",
    "office_name": "東京ガスネットワーク　（株）",
    "office_name_kana": "トウキヨウガスネツトワ-ク (カブ)"
  },
  "8538": {
    "postcode": "1148538",
    "prefecture": "東京都",
    "prefecture_kana": "トウキョウト",
    "prefecture_code": 13,
    "city": "北区",
    "city_kana": "キタク",
    "town": "田端新町",
    "town_kana": "タバタシンマチ",
    "street": "３丁目３７−３",
    "office_name": "株式会社　三共製作所",
    "office_name_kana": "カブシキガイシヤ サンキヨウセイサクシヨ"
  },
  "8539": {
    "postcode": "1148539",
    "prefecture": "東京都",
    "prefecture_kana": "トウキョウト",
    "prefecture_code": 13,
    "city": "北区",
    "city_kana": "キタク",
    "town": "東田端",
    "town_kana": "ヒガシタバタ",
    "street": "２丁目４−４",
    "office_name": "東海商事　株式会社",
    "office_name_kana": "トウカイシヨウジ カブシキガイシヤ"
  },
  "8540": {
    "postcode": "1148540",
    "prefecture": "東京都",
    "prefecture_kana": "トウキョウト",
    "prefecture_code": 13,
    "city": "北区",
    "city_kana": "キタク",
    "town": "上十条",
    "town_kana": "カミジュウジョウ",
    "street": "２丁目１３−１",
    "office_name": "タツミ産業　株式会社",
    "office_name_kana": "タツミサンギヨウ カブシキガイシヤ"
  },
  "8541": {
    "postcode": "1148541",
    "prefecture": "東京都",
    "prefecture_kana": "トウキョウト",
    "prefecture_code": 13,
    "city": "北区",
    "city_kana": "キタク",
    "town": "昭和町",
    "town_kana": "ショウワマチ",
    "street": "２丁目１０−３",
    "office_name": "（株）　小泉　中央城北営業所",
    "office_name_kana": "(カブ) コイズミ チユウオウジヨウホクエイギヨウシヨ"
  },
  "8543": {
    "postcode": "1148543",
    "prefecture": "東京都",
    "prefecture_kana": "トウキョウト",
    "prefecture_code": 13,
    "city": "北区",
    "city_kana": "キタク",
    "town": "王子本町",
    "town_kana": "オウジホンチョウ",
    "street": "１丁目２６−１７",
    "office_name": "学校法人　中央工学校",
    "office_name_kana": "ガツコウホウジン チユウオウコウガツコウ"
  },
  "8545": {
    "postcode": "1148545",
    "prefecture": "東京都",
    "prefecture_kana": "トウキョウト",
    "prefecture_code": 13,
    "city": "北区",
    "city_kana": "キタク",
    "town": "十条台",
    "town_kana": "ジュウジョウダイ",
    "street": "１丁目４−１５",
    "office_name": "トーメン食品　株式会社",
    "office_name_kana": "ト-メンシヨクヒン カブシキガイシヤ"
  },
  "8546": {
    "postcode": "1148546",
    "prefecture": "東京都",
    "prefecture_kana": "トウキョウト",
    "prefecture_code": 13,
    "city": "北区",
    "city_kana": "キタク",
    "town": "滝野川",
    "town_kana": "タキノガワ",
    "street": "２−５２−１０",
    "office_name": "東京都北区役所　滝野川分庁舎",
    "office_name_kana": "トウキヨウトキタクヤクシヨ タキノガワブンチヨウシヤ"
  },
  "8550": {
    "postcode": "1148550",
    "prefecture": "東京都",
    "prefecture_kana": "トウキョウト",
    "prefecture_code": 13,
    "city": "北区",
    "city_kana": "キタク",
    "town": "東田端",
    "town_kana": "ヒガシタバタ",
    "street": "２丁目２０番６８号",
    "office_name": "東日本旅客鉄道　株式会社　首都圏本部",
    "office_name_kana": "ヒガシニホンリヨカクテツドウ カブシキガイシヤ シユトケンホンブ"
  },
  "8552": {
    "postcode": "1148552",
    "prefecture": "東京都",
    "prefecture_kana": "トウキョウト",
    "prefecture_code": 13,
    "city": "北区",
    "city_kana": "キタク",
    "town": "王子",
    "town_kana": "オウジ",
    "street": "１丁目９−５京徳ビル６階",
    "office_name": "十條木材　株式会社",
    "office_name_kana": "ジユウジヨウモクザイ カブシキガイシヤ"
  },
  "8553": {
    "postcode": "1148553",
    "prefecture": "東京都",
    "prefecture_kana": "トウキョウト",
    "prefecture_code": 13,
    "city": "北区",
    "city_kana": "キタク",
    "town": "滝野川",
    "town_kana": "タキノガワ",
    "street": "５丁目５−３",
    "office_name": "サイタ工業　株式会社",
    "office_name_kana": "サイタコウギヨウ カブシキガイシヤ"
  },
  "8554": {
    "postcode": "1148554",
    "prefecture": "東京都",
    "prefecture_kana": "トウキョウト",
    "prefecture_code": 13,
    "city": "北区",
    "city_kana": "キタク",
    "town": "滝野川",
    "town_kana": "タキノガワ",
    "street": "１丁目５１−１２",
    "office_name": "学校法人　桜丘女子学園",
    "office_name_kana": "ガツコウホウジン サクラガオカジヨシガクエン"
  },
  "8555": {
    "postcode": "1148555",
    "prefecture": "東京都",
    "prefecture_kana": "トウキョウト",
    "prefecture_code": 13,
    "city": "北区",
    "city_kana": "キタク",
    "town": "堀船",
    "town_kana": "ホリフネ",
    "street": "１丁目１−９",
    "office_name": "日本製紙総合開発　株式会社",
    "office_name_kana": "ニツポンセイシソウゴウカイハツ カブシキガイシヤ"
  },
  "8557": {
    "postcode": "1148557",
    "prefecture": "東京都",
    "prefecture_kana": "トウキョウト",
    "prefecture_code": 13,
    "city": "北区",
    "city_kana": "キタク",
    "town": "滝野川",
    "town_kana": "タキノガワ",
    "street": "５丁目１５−４",
    "office_name": "株式会社　東洋精機製作所",
    "office_name_kana": "カブシキガイシヤ トウヨウセイキセイサクシヨ"
  },
  "8560": {
    "postcode": "1148560",
    "prefecture": "東京都",
    "prefecture_kana": "トウキョウト",
    "prefecture_code": 13,
    "city": "北区",
    "city_kana": "キタク",
    "town": "王子",
    "town_kana": "オウジ",
    "street": "３丁目２２−１５",
    "office_name": "王子税務署",
    "office_name_kana": "オウジゼイムシヨ"
  },
  "8561": {
    "postcode": "1148561",
    "prefecture": "東京都",
    "prefecture_kana": "トウキョウト",
    "prefecture_code": 13,
    "city": "北区",
    "city_kana": "キタク",
    "town": "王子",
    "town_kana": "オウジ",
    "street": "６丁目８−８",
    "office_name": "東京都立　飛鳥高等学校",
    "office_name_kana": "トウキヨウトリツ アスカコウトウガツコウ"
  },
  "8562": {
    "postcode": "1148562",
    "prefecture": "東京都",
    "prefecture_kana": "トウキョウト",
    "prefecture_code": 13,
    "city": "北区",
    "city_kana": "キタク",
    "town": "滝野川",
    "town_kana": "タキノガワ",
    "street": "１丁目３−１１",
    "office_name": "川田工業　株式会社",
    "office_name_kana": "カワダコウギヨウ カブシキガイシヤ"
  },
  "8565": {
    "postcode": "1148565",
    "prefecture": "東京都",
    "prefecture_kana": "トウキョウト",
    "prefecture_code": 13,
    "city": "北区",
    "city_kana": "キタク",
    "town": "十条台",
    "town_kana": "ジュウジョウダイ",
    "street": "１丁目５−７０",
    "office_name": "海上自衛隊　需給統制隊",
    "office_name_kana": "カイジヨウジエイタイ ホキユウホンブ"
  },
  "8571": {
    "postcode": "1148571",
    "prefecture": "東京都",
    "prefecture_kana": "トウキョウト",
    "prefecture_code": 13,
    "city": "北区",
    "city_kana": "キタク",
    "town": "田端新町",
    "town_kana": "タバタシンマチ",
    "street": "３丁目２５−２",
    "office_name": "瀧野川信用金庫",
    "office_name_kana": "タキノガワシンヨウキンコ"
  },
  "8574": {
    "postcode": "1148574",
    "prefecture": "東京都",
    "prefecture_kana": "トウキョウト",
    "prefecture_code": 13,
    "city": "北区",
    "city_kana": "キタク",
    "town": "中里",
    "town_kana": "ナカザト",
    "street": "３丁目１２−２",
    "office_name": "学校法人聖学院　聖学院広報センター　女子聖学院中学校高等学校　聖学院小学校　聖学院幼稚園",
    "office_name_kana": "ガツコウホウジンセイガクイン セイガクインコウホウセンタ- ジヨシセイガクインチユウガツコウコウトウガツコウ セイガクインシヨウガツコウ セイガクインヨウチエン"
  },
  "8577": {
    "postcode": "1148577",
    "prefecture": "東京都",
    "prefecture_kana": "トウキョウト",
    "prefecture_code": 13,
    "city": "北区",
    "city_kana": "キタク",
    "town": "滝野川",
    "town_kana": "タキノガワ",
    "street": "１丁目９３−５",
    "office_name": "株式会社　模範薬品研究所",
    "office_name_kana": "カブシキガイシヤ モハンヤクヒンケンキユウシヨ"
  },
  "8580": {
    "postcode": "1148580",
    "prefecture": "東京都",
    "prefecture_kana": "トウキョウト",
    "prefecture_code": 13,
    "city": "北区",
    "city_kana": "キタク",
    "town": "西ケ原",
    "town_kana": "ニシガハラ",
    "street": "４丁目５１−２１",
    "office_name": "東京外国語大学",
    "office_name_kana": "トウキヨウガイコクゴダイガク"
  },
  "8581": {
    "postcode": "1148581",
    "prefecture": "東京都",
    "prefecture_kana": "トウキョウト",
    "prefecture_code": 13,
    "city": "北区",
    "city_kana": "キタク",
    "town": "田端",
    "town_kana": "タバタ",
    "street": "６丁目１−１田端アスカタワー３階",
    "office_name": "株式会社　アドバネクス",
    "office_name_kana": "カブシキガイシヤ アドバネクス"
  },
  "8583": {
    "postcode": "1148583",
    "prefecture": "東京都",
    "prefecture_kana": "トウキョウト",
    "prefecture_code": 13,
    "city": "北区",
    "city_kana": "キタク",
    "town": "豊島",
    "town_kana": "トシマ",
    "street": "６丁目１０−１２",
    "office_name": "株式会社　トンボ鉛筆",
    "office_name_kana": "カブシキガイシヤ トンボエンピツ"
  },
  "8584": {
    "postcode": "1148584",
    "prefecture": "東京都",
    "prefecture_kana": "トウキョウト",
    "prefecture_code": 13,
    "city": "北区",
    "city_kana": "キタク",
    "town": "王子",
    "town_kana": "オウジ",
    "street": "３丁目２３番２号",
    "office_name": "日本特殊塗料　株式会社",
    "office_name_kana": "ニホントクシユトリヨウ カブシキガイシヤ"
  },
  "8585": {
    "postcode": "1148585",
    "prefecture": "東京都",
    "prefecture_kana": "トウキョウト",
    "prefecture_code": 13,
    "city": "北区",
    "city_kana": "キタク",
    "town": "王子",
    "town_kana": "オウジ",
    "street": "１丁目２３−１０",
    "office_name": "コーセー化粧品販売　株式会社　東京支社",
    "office_name_kana": "コ-セ-ケシヨウヒンハンバイ カブシキガイシヤ トウキヨウシシヤ"
  },
  "8588": {
    "postcode": "1148588",
    "prefecture": "東京都",
    "prefecture_kana": "トウキョウト",
    "prefecture_code": 13,
    "city": "北区",
    "city_kana": "キタク",
    "town": "東田端",
    "town_kana": "ヒガシタバタ",
    "street": "２丁目８−６",
    "office_name": "吉澤原動機　株式会社",
    "office_name_kana": "ヨシザワゲンドウキ カブシキガイシヤ"
  },
  "8595": {
    "postcode": "1148595",
    "prefecture": "東京都",
    "prefecture_kana": "トウキョウト",
    "prefecture_code": 13,
    "city": "北区",
    "city_kana": "キタク",
    "town": "王子",
    "town_kana": "オウジ",
    "street": "６丁目３−４３",
    "office_name": "みどり生命保険　株式会社",
    "office_name_kana": "ミドリセイメイホケン カブシキガイシヤ"
  },
  "8602": {
    "postcode": "1148602",
    "prefecture": "東京都",
    "prefecture_kana": "トウキョウト",
    "prefecture_code": 13,
    "city": "北区",
    "city_kana": "キタク",
    "town": "豊島",
    "town_kana": "トシマ",
    "street": "８丁目３−３",
    "office_name": "株式会社　なとり　東京営業所",
    "office_name_kana": "カブシキガイシヤ ナトリ トウキヨウエイギヨウシヨ"
  },
  "8603": {
    "postcode": "1148603",
    "prefecture": "東京都",
    "prefecture_kana": "トウキョウト",
    "prefecture_code": 13,
    "city": "北区",
    "city_kana": "キタク",
    "town": "豊島",
    "town_kana": "トシマ",
    "street": "８丁目３−３",
    "office_name": "株式会社　全珍　東京営業所",
    "office_name_kana": "カブシキガイシヤ ゼンチン トウキヨウエイギヨウシヨ"
  },
  "8604": {
    "postcode": "1148604",
    "prefecture": "東京都",
    "prefecture_kana": "トウキョウト",
    "prefecture_code": 13,
    "city": "北区",
    "city_kana": "キタク",
    "town": "豊島",
    "town_kana": "トシマ",
    "street": "８丁目３−３",
    "office_name": "株式会社　好好飲茶",
    "office_name_kana": "カブシキガイシヤ ハオハオヤムチヤ"
  },
  "8605": {
    "postcode": "1148605",
    "prefecture": "東京都",
    "prefecture_kana": "トウキョウト",
    "prefecture_code": 13,
    "city": "北区",
    "city_kana": "キタク",
    "town": "豊島",
    "town_kana": "トシマ",
    "street": "８丁目３−３",
    "office_name": "株式会社　なとりデリカ",
    "office_name_kana": "カブシキガイシヤ ナトリデリカ"
  },
  "8606": {
    "postcode": "1148606",
    "prefecture": "東京都",
    "prefecture_kana": "トウキョウト",
    "prefecture_code": 13,
    "city": "北区",
    "city_kana": "キタク",
    "town": "豊島",
    "town_kana": "トシマ",
    "street": "８丁目３−３",
    "office_name": "株式会社　なとり　食品総合ラボラトリー",
    "office_name_kana": "カブシキガイシヤ ナトリ シヨクヒンソウゴウラボラトリ-"
  },
  "8611": {
    "postcode": "1148611",
    "prefecture": "東京都",
    "prefecture_kana": "トウキョウト",
    "prefecture_code": 13,
    "city": "北区",
    "city_kana": "キタク",
    "town": "王子",
    "town_kana": "オウジ",
    "street": "５丁目５−１（王子郵便局私書箱第１号）",
    "office_name": "株式会社　なとり",
    "office_name_kana": "カブシキガイシヤ ナトリ"
  },
  "8686": {
    "postcode": "1148686",
    "prefecture": "東京都",
    "prefecture_kana": "トウキョウト",
    "prefecture_code": 13,
    "city": "北区",
    "city_kana": "キタク",
    "town": "中里",
    "town_kana": "ナカザト",
    "street": "１丁目１５−７",
    "office_name": "中央工学校　生涯学習センター",
    "office_name_kana": "チユウオウコウガツコウ シヨウガイガクシユウセンタ-"
  }
}