{
  "0041": {
    "postcode": "1150041",
    "prefecture": "東京都",
    "prefecture_kana": "トウキョウト",
    "prefecture_code": 13,
    "city": "北区",
    "city_kana": "キタク",
    "town": "岩淵町",
    "town_kana": "イワブチマチ",
    "street": null,
    "office_name": null,
    "office_name_kana": null
  },
  "0042": {
    "postcode": "1150042",
    "prefecture": "東京都",
    "prefecture_kana": "トウキョウト",
    "prefecture_code": 13,
    "city": "北区",
    "city_kana": "キタク",
    "town": "志茂",
    "town_kana": "シモ",
    "street": null,
    "office_name": null,
    "office_name_kana": null
  },
  "0043": {
    "postcode": "1150043",
    "prefecture": "東京都",
    "prefecture_kana": "トウキョウト",
    "prefecture_code": 13,
    "city": "北区",
    "city_kana": "キタク",
    "town": "神谷",
    "town_kana": "カミヤ",
    "street": null,
    "office_name": null,
    "office_name_kana": null
  },
  "0044": {
    "postcode": "1150044",
    "prefecture": "東京都",
    "prefecture_kana": "トウキョウト",
    "prefecture_code": 13,
    "city": "北区",
    "city_kana": "キタク",
    "town": "赤羽南",
    "town_kana": "アカバネミナミ",
    "street": null,
    "office_name": null,
    "office_name_kana": null
  },
  "0045": {
    "postcode": "1150045",
    "prefecture": "東京都",
    "prefecture_kana": "トウキョウト",
    "prefecture_code": 13,
    "city": "北区",
    "city_kana": "キタク",
    "town": "赤羽",
    "town_kana": "アカバネ",
    "street": null,
    "office_name": null,
    "office_name_kana": null
  },
  "0051": {
    "postcode": "1150051",
    "prefecture": "東京都",
    "prefecture_kana": "トウキョウト",
    "prefecture_code": 13,
    "city": "北区",
    "city_kana": "キタク",
    "town": "浮間",
    "town_kana": "ウキマ",
    "street": null,
    "office_name": null,
    "office_name_kana": null
  },
  "0052": {
    "postcode": "1150052",
    "prefecture": "東京都",
    "prefecture_kana": "トウキョウト",
    "prefecture_code": 13,
    "city": "北区",
    "city_kana": "キタク",
    "town": "赤羽北",
    "town_kana": "アカバネキタ",
    "street": null,
    "office_name": null,
    "office_name_kana": null
  },
  "0053": {
    "postcode": "1150053",
    "prefecture": "東京都",
    "prefecture_kana": "トウキョウト",
    "prefecture_code": 13,
    "city": "北区",
    "city_kana": "キタク",
    "town": "赤羽台",
    "town_kana": "アカバネダイ",
    "street": null,
    "office_name": null,
    "office_name_kana": null
  },
  "0054": {
    "postcode": "1150054",
    "prefecture": "東京都",
    "prefecture_kana": "トウキョウト",
    "prefecture_code": 13,
    "city": "北区",
    "city_kana": "キタク",
    "town": "桐ケ丘",
    "town_kana": "キリガオカ",
    "street": null,
    "office_name": null,
    "office_name_kana": null
  },
  "0055": {
    "postcode": "1150055",
    "prefecture": "東京都",
    "prefecture_kana": "トウキョウト",
    "prefecture_code": 13,
    "city": "北区",
    "city_kana": "キタク",
    "town": "赤羽西",
    "town_kana": "アカバネニシ",
    "street": null,
    "office_name": null,
    "office_name_kana": null
  },
  "0056": {
    "postcode": "1150056",
    "prefecture": "東京都",
    "prefecture_kana": "トウキョウト",
    "prefecture_code": 13,
    "city": "北区",
    "city_kana": "キタク",
    "town": "西が丘",
    "town_kana": "ニシガオカ",
    "street": null,
    "office_name": null,
    "office_name_kana": null
  },
  "8001": {
    "postcode": "1158001",
    "prefecture": "東京都",
    "prefecture_kana": "トウキョウト",
    "prefecture_code": 13,
    "city": "北区",
    "city_kana": "キタク",
    "town": "神谷",
    "town_kana": "カミヤ",
    "street": "３丁目８番地",
    "office_name": "大日本印刷　株式会社",
    "office_name_kana": "ダイニツポンインサツ カブシキガイシヤ"
  },
  "8510": {
    "postcode": "1158510",
    "prefecture": "東京都",
    "prefecture_kana": "トウキョウト",
    "prefecture_code": 13,
    "city": "北区",
    "city_kana": "キタク",
    "town": "浮間",
    "town_kana": "ウキマ",
    "street": "５−４−５１",
    "office_name": "日本交通　株式会社　本社",
    "office_name_kana": "ニホンコウツウ カブシキガイシヤ ホンシヤ"
  },
  "8511": {
    "postcode": "1158511",
    "prefecture": "東京都",
    "prefecture_kana": "トウキョウト",
    "prefecture_code": 13,
    "city": "北区",
    "city_kana": "キタク",
    "town": "赤羽西",
    "town_kana": "アカバネニシ",
    "street": "６丁目３７−２",
    "office_name": "株式会社　ディー・エヌ・ケー",
    "office_name_kana": "カブシキガイシヤ デイ-・エヌ・ケ-"
  },
  "8524": {
    "postcode": "1158524",
    "prefecture": "東京都",
    "prefecture_kana": "トウキョウト",
    "prefecture_code": 13,
    "city": "北区",
    "city_kana": "キタク",
    "town": "赤羽台",
    "town_kana": "アカバネダイ",
    "street": "４丁目２−１４",
    "office_name": "学校法人　星美学園　短期大学、高等学校、中学校、小学校、幼稚園",
    "office_name_kana": "ガツコウホウジン セイビガクエン タンキダイガク.コウトウガツコウ.チユウガツコウ.シヨウガツコウ.ヨ-チエン"
  },
  "8529": {
    "postcode": "1158529",
    "prefecture": "東京都",
    "prefecture_kana": "トウキョウト",
    "prefecture_code": 13,
    "city": "北区",
    "city_kana": "キタク",
    "town": "赤羽南",
    "town_kana": "アカバネミナミ",
    "street": "１丁目２０番１号",
    "office_name": "株式会社　吉野家",
    "office_name_kana": "カブシキガイシヤ ヨシノヤ"
  },
  "8555": {
    "postcode": "1158555",
    "prefecture": "東京都",
    "prefecture_kana": "トウキョウト",
    "prefecture_code": 13,
    "city": "北区",
    "city_kana": "キタク",
    "town": "赤羽南",
    "town_kana": "アカバネミナミ",
    "street": "２丁目５−１",
    "office_name": "三恵技研工業　株式会社",
    "office_name_kana": "サンケイギケンコウギヨウ カブシキガイシヤ"
  },
  "8585": {
    "postcode": "1158585",
    "prefecture": "東京都",
    "prefecture_kana": "トウキョウト",
    "prefecture_code": 13,
    "city": "北区",
    "city_kana": "キタク",
    "town": "赤羽南",
    "town_kana": "アカバネミナミ",
    "street": "２丁目２０−７",
    "office_name": "株式会社　ＤＮＰロジスティクス",
    "office_name_kana": "カブシキガイシヤ デイ-エヌピ-ロジステイクス"
  },
  "8586": {
    "postcode": "1158586",
    "prefecture": "東京都",
    "prefecture_kana": "トウキョウト",
    "prefecture_code": 13,
    "city": "北区",
    "city_kana": "キタク",
    "town": "西が丘",
    "town_kana": "ニシガオカ",
    "street": "３丁目１３−１０",
    "office_name": "東京都立産業技術研究所",
    "office_name_kana": "トウキヨウトリツサンギヨウギジユツケンキユウシヨ"
  },
  "8588": {
    "postcode": "1158588",
    "prefecture": "東京都",
    "prefecture_kana": "トウキョウト",
    "prefecture_code": 13,
    "city": "北区",
    "city_kana": "キタク",
    "town": "志茂",
    "town_kana": "シモ",
    "street": "３丁目３１−１２",
    "office_name": "日本化薬　株式会社　東京工場",
    "office_name_kana": "ニホンカヤク カブシキガイシヤ トウキヨウコウジヨウ"
  },
  "8622": {
    "postcode": "1158622",
    "prefecture": "東京都",
    "prefecture_kana": "トウキョウト",
    "prefecture_code": 13,
    "city": "北区",
    "city_kana": "キタク",
    "town": "浮間",
    "town_kana": "ウキマ",
    "street": "１−４−３",
    "office_name": "浮間合成　株式会社",
    "office_name_kana": "ウキマゴウセイ カブシキガイシヤ"
  },
  "8650": {
    "postcode": "1158650",
    "prefecture": "東京都",
    "prefecture_kana": "トウキョウト",
    "prefecture_code": 13,
    "city": "北区",
    "city_kana": "キタク",
    "town": "赤羽台",
    "town_kana": "アカバネダイ",
    "street": "１−７−１１",
    "office_name": "東洋大学　赤羽台キャンパス",
    "office_name_kana": "トウヨウダイガク アカバネダイキヤンパス"
  },
  "8711": {
    "postcode": "1158711",
    "prefecture": "東京都",
    "prefecture_kana": "トウキョウト",
    "prefecture_code": 13,
    "city": "北区",
    "city_kana": "キタク",
    "town": "赤羽",
    "town_kana": "アカバネ",
    "street": "１丁目９−５",
    "office_name": "大和証券　株式会社　赤羽支店",
    "office_name_kana": "ダイワシヨウケン カブシキガイシヤ アカバネシテン"
  }
}