{
  "0001": {
    "postcode": "1410001",
    "prefecture": "東京都",
    "prefecture_kana": "トウキョウト",
    "prefecture_code": 13,
    "city": "品川区",
    "city_kana": "シナガワク",
    "town": "北品川",
    "town_kana": "キタシナガワ",
    "street": null,
    "office_name": null,
    "office_name_kana": null
  },
  "0021": {
    "postcode": "1410021",
    "prefecture": "東京都",
    "prefecture_kana": "トウキョウト",
    "prefecture_code": 13,
    "city": "品川区",
    "city_kana": "シナガワク",
    "town": "上大崎",
    "town_kana": "カミオオサキ",
    "street": null,
    "office_name": null,
    "office_name_kana": null
  },
  "0022": {
    "postcode": "1410022",
    "prefecture": "東京都",
    "prefecture_kana": "トウキョウト",
    "prefecture_code": 13,
    "city": "品川区",
    "city_kana": "シナガワク",
    "town": "東五反田",
    "town_kana": "ヒガシゴタンダ",
    "street": null,
    "office_name": null,
    "office_name_kana": null
  },
  "0031": {
    "postcode": "1410031",
    "prefecture": "東京都",
    "prefecture_kana": "トウキョウト",
    "prefecture_code": 13,
    "city": "品川区",
    "city_kana": "シナガワク",
    "town": "西五反田",
    "town_kana": "ニシゴタンダ",
    "street": null,
    "office_name": null,
    "office_name_kana": null
  },
  "0032": {
    "postcode": "1410032",
    "prefecture": "東京都",
    "prefecture_kana": "トウキョウト",
    "prefecture_code": 13,
    "city": "品川区",
    "city_kana": "シナガワク",
    "town": "大崎",
    "town_kana": "オオサキ",
    "street": null,
    "office_name": null,
    "office_name_kana": null
  },
  "0033": {
    "postcode": "1410033",
    "prefecture": "東京都",
    "prefecture_kana": "トウキョウト",
    "prefecture_code": 13,
    "city": "品川区",
    "city_kana": "シナガワク",
    "town": "西品川",
    "town_kana": "ニシシナガワ",
    "street": null,
    "office_name": null,
    "office_name_kana": null
  },
  "6001": {
    "postcode": "1416001",
    "prefecture": "東京都",
    "prefecture_kana": "トウキョウト",
    "prefecture_code": 13,
    "city": "品川区",
    "city_kana": "シナガワク",
    "town": "大崎ＴｈｉｎｋＰａｒｋＴｏｗｅｒ　１階",
    "town_kana": "オオサキシンクパークタワー1カイ",
    "street": null,
    "office_name": null,
    "office_name_kana": null
  },
  "6002": {
    "postcode": "1416002",
    "prefecture": "東京都",
    "prefecture_kana": "トウキョウト",
    "prefecture_code": 13,
    "city": "品川区",
    "city_kana": "シナガワク",
    "town": "大崎ＴｈｉｎｋＰａｒｋＴｏｗｅｒ　２階",
    "town_kana": "オオサキシンクパークタワー2カイ",
    "street": null,
    "office_name": null,
    "office_name_kana": null
  },
  "6003": {
    "postcode": "1416003",
    "prefecture": "東京都",
    "prefecture_kana": "トウキョウト",
    "prefecture_code": 13,
    "city": "品川区",
    "city_kana": "シナガワク",
    "town": "大崎ＴｈｉｎｋＰａｒｋＴｏｗｅｒ　３階",
    "town_kana": "オオサキシンクパークタワー3カイ",
    "street": null,
    "office_name": null,
    "office_name_kana": null
  },
  "6004": {
    "postcode": "1416004",
    "prefecture": "東京都",
    "prefecture_kana": "トウキョウト",
    "prefecture_code": 13,
    "city": "品川区",
    "city_kana": "シナガワク",
    "town": "大崎ＴｈｉｎｋＰａｒｋＴｏｗｅｒ　４階",
    "town_kana": "オオサキシンクパークタワー4カイ",
    "street": null,
    "office_name": null,
    "office_name_kana": null
  },
  "6005": {
    "postcode": "1416005",
    "prefecture": "東京都",
    "prefecture_kana": "トウキョウト",
    "prefecture_code": 13,
    "city": "品川区",
    "city_kana": "シナガワク",
    "town": "大崎ＴｈｉｎｋＰａｒｋＴｏｗｅｒ　５階",
    "town_kana": "オオサキシンクパークタワー5カイ",
    "street": null,
    "office_name": null,
    "office_name_kana": null
  },
  "6006": {
    "postcode": "1416006",
    "prefecture": "東京都",
    "prefecture_kana": "トウキョウト",
    "prefecture_code": 13,
    "city": "品川区",
    "city_kana": "シナガワク",
    "town": "大崎ＴｈｉｎｋＰａｒｋＴｏｗｅｒ　６階",
    "town_kana": "オオサキシンクパークタワー6カイ",
    "street": null,
    "office_name": null,
    "office_name_kana": null
  },
  "6007": {
    "postcode": "1416007",
    "prefecture": "東京都",
    "prefecture_kana": "トウキョウト",
    "prefecture_code": 13,
    "city": "品川区",
    "city_kana": "シナガワク",
    "town": "大崎ＴｈｉｎｋＰａｒｋＴｏｗｅｒ　７階",
    "town_kana": "オオサキシンクパークタワー7カイ",
    "street": null,
    "office_name": null,
    "office_name_kana": null
  },
  "6008": {
    "postcode": "1416008",
    "prefecture": "東京都",
    "prefecture_kana": "トウキョウト",
    "prefecture_code": 13,
    "city": "品川区",
    "city_kana": "シナガワク",
    "town": "大崎ＴｈｉｎｋＰａｒｋＴｏｗｅｒ　８階",
    "town_kana": "オオサキシンクパークタワー8カイ",
    "street": null,
    "office_name": null,
    "office_name_kana": null
  },
  "6009": {
    "postcode": "1416009",
    "prefecture": "東京都",
    "prefecture_kana": "トウキョウト",
    "prefecture_code": 13,
    "city": "品川区",
    "city_kana": "シナガワク",
    "town": "大崎ＴｈｉｎｋＰａｒｋＴｏｗｅｒ　９階",
    "town_kana": "オオサキシンクパークタワー9カイ",
    "street": null,
    "office_name": null,
    "office_name_kana": null
  },
  "6010": {
    "postcode": "1416010",
    "prefecture": "東京都",
    "prefecture_kana": "トウキョウト",
    "prefecture_code": 13,
    "city": "品川区",
    "city_kana": "シナガワク",
    "town": "大崎ＴｈｉｎｋＰａｒｋＴｏｗｅｒ　１０階",
    "town_kana": "オオサキシンクパークタワー10カイ",
    "street": null,
    "office_name": null,
    "office_name_kana": null
  },
  "6011": {
    "postcode": "1416011",
    "prefecture": "東京都",
    "prefecture_kana": "トウキョウト",
    "prefecture_code": 13,
    "city": "品川区",
    "city_kana": "シナガワク",
    "town": "大崎ＴｈｉｎｋＰａｒｋＴｏｗｅｒ　１１階",
    "town_kana": "オオサキシンクパークタワー11カイ",
    "street": null,
    "office_name": null,
    "office_name_kana": null
  },
  "6012": {
    "postcode": "1416012",
    "prefecture": "東京都",
    "prefecture_kana": "トウキョウト",
    "prefecture_code": 13,
    "city": "品川区",
    "city_kana": "シナガワク",
    "town": "大崎ＴｈｉｎｋＰａｒｋＴｏｗｅｒ　１２階",
    "town_kana": "オオサキシンクパークタワー12カイ",
    "street": null,
    "office_name": null,
    "office_name_kana": null
  },
  "6013": {
    "postcode": "1416013",
    "prefecture": "東京都",
    "prefecture_kana": "トウキョウト",
    "prefecture_code": 13,
    "city": "品川区",
    "city_kana": "シナガワク",
    "town": "大崎ＴｈｉｎｋＰａｒｋＴｏｗｅｒ　１３階",
    "town_kana": "オオサキシンクパークタワー13カイ",
    "street": null,
    "office_name": null,
    "office_name_kana": null
  },
  "6014": {
    "postcode": "1416014",
    "prefecture": "東京都",
    "prefecture_kana": "トウキョウト",
    "prefecture_code": 13,
    "city": "品川区",
    "city_kana": "シナガワク",
    "town": "大崎ＴｈｉｎｋＰａｒｋＴｏｗｅｒ　１４階",
    "town_kana": "オオサキシンクパークタワー14カイ",
    "street": null,
    "office_name": null,
    "office_name_kana": null
  },
  "6015": {
    "postcode": "1416015",
    "prefecture": "東京都",
    "prefecture_kana": "トウキョウト",
    "prefecture_code": 13,
    "city": "品川区",
    "city_kana": "シナガワク",
    "town": "大崎ＴｈｉｎｋＰａｒｋＴｏｗｅｒ　１５階",
    "town_kana": "オオサキシンクパークタワー15カイ",
    "street": null,
    "office_name": null,
    "office_name_kana": null
  },
  "6016": {
    "postcode": "1416016",
    "prefecture": "東京都",
    "prefecture_kana": "トウキョウト",
    "prefecture_code": 13,
    "city": "品川区",
    "city_kana": "シナガワク",
    "town": "大崎ＴｈｉｎｋＰａｒｋＴｏｗｅｒ　１６階",
    "town_kana": "オオサキシンクパークタワー16カイ",
    "street": null,
    "office_name": null,
    "office_name_kana": null
  },
  "6017": {
    "postcode": "1416017",
    "prefecture": "東京都",
    "prefecture_kana": "トウキョウト",
    "prefecture_code": 13,
    "city": "品川区",
    "city_kana": "シナガワク",
    "town": "大崎ＴｈｉｎｋＰａｒｋＴｏｗｅｒ　１７階",
    "town_kana": "オオサキシンクパークタワー17カイ",
    "street": null,
    "office_name": null,
    "office_name_kana": null
  },
  "6018": {
    "postcode": "1416018",
    "prefecture": "東京都",
    "prefecture_kana": "トウキョウト",
    "prefecture_code": 13,
    "city": "品川区",
    "city_kana": "シナガワク",
    "town": "大崎ＴｈｉｎｋＰａｒｋＴｏｗｅｒ　１８階",
    "town_kana": "オオサキシンクパークタワー18カイ",
    "street": null,
    "office_name": null,
    "office_name_kana": null
  },
  "6019": {
    "postcode": "1416019",
    "prefecture": "東京都",
    "prefecture_kana": "トウキョウト",
    "prefecture_code": 13,
    "city": "品川区",
    "city_kana": "シナガワク",
    "town": "大崎ＴｈｉｎｋＰａｒｋＴｏｗｅｒ　１９階",
    "town_kana": "オオサキシンクパークタワー19カイ",
    "street": null,
    "office_name": null,
    "office_name_kana": null
  },
  "6020": {
    "postcode": "1416020",
    "prefecture": "東京都",
    "prefecture_kana": "トウキョウト",
    "prefecture_code": 13,
    "city": "品川区",
    "city_kana": "シナガワク",
    "town": "大崎ＴｈｉｎｋＰａｒｋＴｏｗｅｒ　２０階",
    "town_kana": "オオサキシンクパークタワー20カイ",
    "street": null,
    "office_name": null,
    "office_name_kana": null
  },
  "6021": {
    "postcode": "1416021",
    "prefecture": "東京都",
    "prefecture_kana": "トウキョウト",
    "prefecture_code": 13,
    "city": "品川区",
    "city_kana": "シナガワク",
    "town": "大崎ＴｈｉｎｋＰａｒｋＴｏｗｅｒ　２１階",
    "town_kana": "オオサキシンクパークタワー21カイ",
    "street": null,
    "office_name": null,
    "office_name_kana": null
  },
  "6022": {
    "postcode": "1416022",
    "prefecture": "東京都",
    "prefecture_kana": "トウキョウト",
    "prefecture_code": 13,
    "city": "品川区",
    "city_kana": "シナガワク",
    "town": "大崎ＴｈｉｎｋＰａｒｋＴｏｗｅｒ　２２階",
    "town_kana": "オオサキシンクパークタワー22カイ",
    "street": null,
    "office_name": null,
    "office_name_kana": null
  },
  "6023": {
    "postcode": "1416023",
    "prefecture": "東京都",
    "prefecture_kana": "トウキョウト",
    "prefecture_code": 13,
    "city": "品川区",
    "city_kana": "シナガワク",
    "town": "大崎ＴｈｉｎｋＰａｒｋＴｏｗｅｒ　２３階",
    "town_kana": "オオサキシンクパークタワー23カイ",
    "street": null,
    "office_name": null,
    "office_name_kana": null
  },
  "6024": {
    "postcode": "1416024",
    "prefecture": "東京都",
    "prefecture_kana": "トウキョウト",
    "prefecture_code": 13,
    "city": "品川区",
    "city_kana": "シナガワク",
    "town": "大崎ＴｈｉｎｋＰａｒｋＴｏｗｅｒ　２４階",
    "town_kana": "オオサキシンクパークタワー24カイ",
    "street": null,
    "office_name": null,
    "office_name_kana": null
  },
  "6025": {
    "postcode": "1416025",
    "prefecture": "東京都",
    "prefecture_kana": "トウキョウト",
    "prefecture_code": 13,
    "city": "品川区",
    "city_kana": "シナガワク",
    "town": "大崎ＴｈｉｎｋＰａｒｋＴｏｗｅｒ　２５階",
    "town_kana": "オオサキシンクパークタワー25カイ",
    "street": null,
    "office_name": null,
    "office_name_kana": null
  },
  "6026": {
    "postcode": "1416026",
    "prefecture": "東京都",
    "prefecture_kana": "トウキョウト",
    "prefecture_code": 13,
    "city": "品川区",
    "city_kana": "シナガワク",
    "town": "大崎ＴｈｉｎｋＰａｒｋＴｏｗｅｒ　２６階",
    "town_kana": "オオサキシンクパークタワー26カイ",
    "street": null,
    "office_name": null,
    "office_name_kana": null
  },
  "6027": {
    "postcode": "1416027",
    "prefecture": "東京都",
    "prefecture_kana": "トウキョウト",
    "prefecture_code": 13,
    "city": "品川区",
    "city_kana": "シナガワク",
    "town": "大崎ＴｈｉｎｋＰａｒｋＴｏｗｅｒ　２７階",
    "town_kana": "オオサキシンクパークタワー27カイ",
    "street": null,
    "office_name": null,
    "office_name_kana": null
  },
  "6028": {
    "postcode": "1416028",
    "prefecture": "東京都",
    "prefecture_kana": "トウキョウト",
    "prefecture_code": 13,
    "city": "品川区",
    "city_kana": "シナガワク",
    "town": "大崎ＴｈｉｎｋＰａｒｋＴｏｗｅｒ　２８階",
    "town_kana": "オオサキシンクパークタワー28カイ",
    "street": null,
    "office_name": null,
    "office_name_kana": null
  },
  "6029": {
    "postcode": "1416029",
    "prefecture": "東京都",
    "prefecture_kana": "トウキョウト",
    "prefecture_code": 13,
    "city": "品川区",
    "city_kana": "シナガワク",
    "town": "大崎ＴｈｉｎｋＰａｒｋＴｏｗｅｒ　２９階",
    "town_kana": "オオサキシンクパークタワー29カイ",
    "street": null,
    "office_name": null,
    "office_name_kana": null
  },
  "6030": {
    "postcode": "1416030",
    "prefecture": "東京都",
    "prefecture_kana": "トウキョウト",
    "prefecture_code": 13,
    "city": "品川区",
    "city_kana": "シナガワク",
    "town": "大崎ＴｈｉｎｋＰａｒｋＴｏｗｅｒ　３０階",
    "town_kana": "オオサキシンクパークタワー30カイ",
    "street": null,
    "office_name": null,
    "office_name_kana": null
  },
  "6090": {
    "postcode": "1416090",
    "prefecture": "東京都",
    "prefecture_kana": "トウキョウト",
    "prefecture_code": 13,
    "city": "品川区",
    "city_kana": "シナガワク",
    "town": "大崎ＴｈｉｎｋＰａｒｋＴｏｗｅｒ",
    "town_kana": "オオサキシンクパークタワー",
    "street": null,
    "office_name": null,
    "office_name_kana": null
  },
  "8001": {
    "postcode": "1418001",
    "prefecture": "東京都",
    "prefecture_kana": "トウキョウト",
    "prefecture_code": 13,
    "city": "品川区",
    "city_kana": "シナガワク",
    "town": "西五反田",
    "town_kana": "ニシゴタンダ",
    "street": "３丁目５−２０ＤＮＰ五反田ビル",
    "office_name": "大日本印刷　株式会社",
    "office_name_kana": "ダイニツポンインサツ カブシキガイシヤ"
  },
  "8201": {
    "postcode": "1418201",
    "prefecture": "東京都",
    "prefecture_kana": "トウキョウト",
    "prefecture_code": 13,
    "city": "品川区",
    "city_kana": "シナガワク",
    "town": "上大崎",
    "town_kana": "カミオオサキ",
    "street": "３丁目１番１号目黒セントラルスクエア",
    "office_name": "カルチュア・エンタテインメント　株式会社",
    "office_name_kana": "カルチユア・エンタテインメント カブシキガイシヤ"
  },
  "8202": {
    "postcode": "1418202",
    "prefecture": "東京都",
    "prefecture_kana": "トウキョウト",
    "prefecture_code": 13,
    "city": "品川区",
    "city_kana": "シナガワク",
    "town": "上大崎",
    "town_kana": "カミオオサキ",
    "street": "３丁目１−１目黒セントラルスクエア６階",
    "office_name": "株式会社　徳間書店",
    "office_name_kana": "カブシキガイシヤ トクマシヨテン"
  },
  "8203": {
    "postcode": "1418203",
    "prefecture": "東京都",
    "prefecture_kana": "トウキョウト",
    "prefecture_code": 13,
    "city": "品川区",
    "city_kana": "シナガワク",
    "town": "上大崎",
    "town_kana": "カミオオサキ",
    "street": "３丁目１−１目黒セントラルスクエア６階",
    "office_name": "株式会社　美術出版社",
    "office_name_kana": "カブシキガイシヤ ビジユツシユツパンシヤ"
  },
  "8204": {
    "postcode": "1418204",
    "prefecture": "東京都",
    "prefecture_kana": "トウキョウト",
    "prefecture_code": 13,
    "city": "品川区",
    "city_kana": "シナガワク",
    "town": "上大崎",
    "town_kana": "カミオオサキ",
    "street": "３丁目１−１目黒セントラルスクエア６階",
    "office_name": "株式会社　復刊ドットコム",
    "office_name_kana": "カブシキガイシヤ フツカンドツトコム"
  },
  "8205": {
    "postcode": "1418205",
    "prefecture": "東京都",
    "prefecture_kana": "トウキョウト",
    "prefecture_code": 13,
    "city": "品川区",
    "city_kana": "シナガワク",
    "town": "上大崎",
    "town_kana": "カミオオサキ",
    "street": "３丁目１−１目黒セントラルスクエア６階",
    "office_name": "株式会社　ＣＣＣメディアハウス",
    "office_name_kana": "カブシキガイシヤ シ-シ-シ-メデイアハウス"
  },
  "8206": {
    "postcode": "1418206",
    "prefecture": "東京都",
    "prefecture_kana": "トウキョウト",
    "prefecture_code": 13,
    "city": "品川区",
    "city_kana": "シナガワク",
    "town": "上大崎",
    "town_kana": "カミオオサキ",
    "street": "３丁目１−１目黒セントラルスクエア６階",
    "office_name": "株式会社　Ｃーパブリッシングサービス",
    "office_name_kana": "カブシキガイシヤ シ-パブリツシングサ-ビス"
  },
  "8210": {
    "postcode": "1418210",
    "prefecture": "東京都",
    "prefecture_kana": "トウキョウト",
    "prefecture_code": 13,
    "city": "品川区",
    "city_kana": "シナガワク",
    "town": "西五反田",
    "town_kana": "ニシゴタンダ",
    "street": "３−５−８ＪＲ目黒ＭＡＲＣビル１２階",
    "office_name": "株式会社　ポプラ社",
    "office_name_kana": "カブシキガイシヤ ポプラシヤ"
  },
  "8214": {
    "postcode": "1418214",
    "prefecture": "東京都",
    "prefecture_kana": "トウキョウト",
    "prefecture_code": 13,
    "city": "品川区",
    "city_kana": "シナガワク",
    "town": "上大崎",
    "town_kana": "カミオオサキ",
    "street": "３−１−１目黒セントラルスクエア１４階",
    "office_name": "株式会社　レイヤーズ・コンサルティング",
    "office_name_kana": "カブシキガイシヤ レイヤ-ズ・コンサルテイング"
  },
  "8255": [
    {
      "postcode": "1418255",
      "prefecture": "東京都",
      "prefecture_kana": "トウキョウト",
      "prefecture_code": 13,
      "city": "品川区",
      "city_kana": "シナガワク",
      "town": "上大崎",
      "town_kana": "カミオオサキ",
      "street": "２−２４−９ＩＫビル２Ｆ",
      "office_name": "株式会社　エドウイン",
      "office_name_kana": "(カ) エドウイン"
    },
    {
      "postcode": "1418255",
      "prefecture": "東京都",
      "prefecture_kana": "トウキョウト",
      "prefecture_code": 13,
      "city": "品川区",
      "city_kana": "シナガワク",
      "town": "上大崎",
      "town_kana": "カミオオサキ",
      "street": "２−２４−９ＩＫビル２Ｆ",
      "office_name": "株式会社　エドウイン直営店",
      "office_name_kana": "(カ) エドウインチヨクエイテン"
    },
    {
      "postcode": "1418255",
      "prefecture": "東京都",
      "prefecture_kana": "トウキョウト",
      "prefecture_code": 13,
      "city": "品川区",
      "city_kana": "シナガワク",
      "town": "上大崎",
      "town_kana": "カミオオサキ",
      "street": "２−２４−９ＩＫビル２Ｆ",
      "office_name": "イー・ジーニング　株式会社",
      "office_name_kana": "イ-・ジ-ニング (カ)"
    }
  ],
  "8260": {
    "postcode": "1418260",
    "prefecture": "東京都",
    "prefecture_kana": "トウキョウト",
    "prefecture_code": 13,
    "city": "品川区",
    "city_kana": "シナガワク",
    "town": "東五反田",
    "town_kana": "ヒガシゴタンダ",
    "street": "２−１８−１大崎フォレストビルディング",
    "office_name": "東洋鋼鈑　株式会社",
    "office_name_kana": "トウヨウコウハン カブシキガイシヤ"
  },
  "8411": {
    "postcode": "1418411",
    "prefecture": "東京都",
    "prefecture_kana": "トウキョウト",
    "prefecture_code": 13,
    "city": "品川区",
    "city_kana": "シナガワク",
    "town": "西五反田",
    "town_kana": "ニシゴタンダ",
    "street": "２−１１−８",
    "office_name": "株式会社　学研エデュケーショナル",
    "office_name_kana": "カブシキガイシヤ ガツケンエデユケ-シヨナル"
  },
  "8416": {
    "postcode": "1418416",
    "prefecture": "東京都",
    "prefecture_kana": "トウキョウト",
    "prefecture_code": 13,
    "city": "品川区",
    "city_kana": "シナガワク",
    "town": "西五反田",
    "town_kana": "ニシゴタンダ",
    "street": "２−１１−８",
    "office_name": "株式会社　Ｇａｋｋｅｎ",
    "office_name_kana": "カブシキガイシヤ ガツケン"
  },
  "8418": {
    "postcode": "1418418",
    "prefecture": "東京都",
    "prefecture_kana": "トウキョウト",
    "prefecture_code": 13,
    "city": "品川区",
    "city_kana": "シナガワク",
    "town": "西五反田",
    "town_kana": "ニシゴタンダ",
    "street": "２−１１−８",
    "office_name": "株式会社　学研プロダクツサポート",
    "office_name_kana": "カブシキガイシヤ ガツケンプロダクツサポ-ト"
  },
  "8420": {
    "postcode": "1418420",
    "prefecture": "東京都",
    "prefecture_kana": "トウキョウト",
    "prefecture_code": 13,
    "city": "品川区",
    "city_kana": "シナガワク",
    "town": "西五反田",
    "town_kana": "ニシゴタンダ",
    "street": "２−１１−８",
    "office_name": "株式会社　学研ココファン",
    "office_name_kana": "カブシキガイシヤ ガツケンココフアン"
  },
  "8421": {
    "postcode": "1418421",
    "prefecture": "東京都",
    "prefecture_kana": "トウキョウト",
    "prefecture_code": 13,
    "city": "品川区",
    "city_kana": "シナガワク",
    "town": "西五反田",
    "town_kana": "ニシゴタンダ",
    "street": "２−１１−８学研本社ビル４Ｆ",
    "office_name": "株式会社　学研ロジスティクス",
    "office_name_kana": "カブシキガイシヤ ガツケンロジステイクス"
  },
  "8423": {
    "postcode": "1418423",
    "prefecture": "東京都",
    "prefecture_kana": "トウキョウト",
    "prefecture_code": 13,
    "city": "品川区",
    "city_kana": "シナガワク",
    "town": "西五反田",
    "town_kana": "ニシゴタンダ",
    "street": "２−１１−８−１２階",
    "office_name": "銀座アスター食品　株式会社",
    "office_name_kana": "ギンザアスタ-シヨクヒン カブシキガイシヤ"
  },
  "8425": {
    "postcode": "1418425",
    "prefecture": "東京都",
    "prefecture_kana": "トウキョウト",
    "prefecture_code": 13,
    "city": "品川区",
    "city_kana": "シナガワク",
    "town": "西五反田",
    "town_kana": "ニシゴタンダ",
    "street": "２丁目１１番８号",
    "office_name": "株式会社　地球の歩き方",
    "office_name_kana": "カブシキガイシヤ チキユウノアルキカタ"
  },
  "8426": {
    "postcode": "1418426",
    "prefecture": "東京都",
    "prefecture_kana": "トウキョウト",
    "prefecture_code": 13,
    "city": "品川区",
    "city_kana": "シナガワク",
    "town": "西五反田",
    "town_kana": "ニシゴタンダ",
    "street": "２−１１−８",
    "office_name": "株式会社　文理",
    "office_name_kana": "カブシキガイシヤ ブンリ"
  },
  "8427": {
    "postcode": "1418427",
    "prefecture": "東京都",
    "prefecture_kana": "トウキョウト",
    "prefecture_code": 13,
    "city": "品川区",
    "city_kana": "シナガワク",
    "town": "西五反田",
    "town_kana": "ニシゴタンダ",
    "street": "２−１１−８",
    "office_name": "株式会社　Ｇａｋｋｅｎ　ＳＥＥＤ",
    "office_name_kana": "カ) ガツケンシ-ド"
  },
  "8428": {
    "postcode": "1418428",
    "prefecture": "東京都",
    "prefecture_kana": "トウキョウト",
    "prefecture_code": 13,
    "city": "品川区",
    "city_kana": "シナガワク",
    "town": "西五反田",
    "town_kana": "ニシゴタンダ",
    "street": "２−１１−８学研本社ビル",
    "office_name": "株式会社　学研Ｌｉｎｋ",
    "office_name_kana": "カブシキガイシヤ ガツケンリンク"
  },
  "8487": {
    "postcode": "1418487",
    "prefecture": "東京都",
    "prefecture_kana": "トウキョウト",
    "prefecture_code": 13,
    "city": "品川区",
    "city_kana": "シナガワク",
    "town": "西五反田",
    "town_kana": "ニシゴタンダ",
    "street": "３丁目５−２０",
    "office_name": "パナソニック　株式会社",
    "office_name_kana": "パナソニツク カブシキガイシヤ"
  },
  "8488": {
    "postcode": "1418488",
    "prefecture": "東京都",
    "prefecture_kana": "トウキョウト",
    "prefecture_code": 13,
    "city": "品川区",
    "city_kana": "シナガワク",
    "town": "東五反田",
    "town_kana": "ヒガシゴタンダ",
    "street": "２−１０−２東五反田スクエア１１Ｆ",
    "office_name": "株式会社　くもん出版",
    "office_name_kana": "カブシキガイシヤ クモンシユツパン"
  },
  "8501": {
    "postcode": "1418501",
    "prefecture": "東京都",
    "prefecture_kana": "トウキョウト",
    "prefecture_code": 13,
    "city": "品川区",
    "city_kana": "シナガワク",
    "town": "西五反田",
    "town_kana": "ニシゴタンダ",
    "street": "１丁目１−８大手町建物ビル",
    "office_name": "アルパイン　株式会社",
    "office_name_kana": "アルパイン カブシキガイシヤ"
  },
  "8503": {
    "postcode": "1418503",
    "prefecture": "東京都",
    "prefecture_kana": "トウキョウト",
    "prefecture_code": 13,
    "city": "品川区",
    "city_kana": "シナガワク",
    "town": "西五反田",
    "town_kana": "ニシゴタンダ",
    "street": "３丁目１１−６",
    "office_name": "ＴＨＫ　株式会社",
    "office_name_kana": "テイエチケ- カブシキガイシヤ"
  },
  "8504": {
    "postcode": "1418504",
    "prefecture": "東京都",
    "prefecture_kana": "トウキョウト",
    "prefecture_code": 13,
    "city": "品川区",
    "city_kana": "シナガワク",
    "town": "西五反田",
    "town_kana": "ニシゴタンダ",
    "street": "１丁目１−８",
    "office_name": "大和証券　株式会社　五反田支店",
    "office_name_kana": "ダイワシヨウケン カブシキガイシヤ ゴタンダシテン"
  },
  "8505": {
    "postcode": "1418505",
    "prefecture": "東京都",
    "prefecture_kana": "トウキョウト",
    "prefecture_code": 13,
    "city": "品川区",
    "city_kana": "シナガワク",
    "town": "大崎",
    "town_kana": "オオサキ",
    "street": "一丁目６番３号日精ビル",
    "office_name": "三菱電機フィナンシャルソリューションズ　株式会社",
    "office_name_kana": "ミツビシデンキフイナンシヤルソリユ-シヨンズ カブシキガイシヤ"
  },
  "8507": {
    "postcode": "1418507",
    "prefecture": "東京都",
    "prefecture_kana": "トウキョウト",
    "prefecture_code": 13,
    "city": "品川区",
    "city_kana": "シナガワク",
    "town": "西五反田",
    "town_kana": "ニシゴタンダ",
    "street": "５丁目３−１",
    "office_name": "東京電力パワーグリッド　株式会社　品川支社",
    "office_name_kana": "トウキヨウデンリヨクパワ-グリツド カブシキガイシヤ シナガワシシヤ"
  },
  "8510": {
    "postcode": "1418510",
    "prefecture": "東京都",
    "prefecture_kana": "トウキョウト",
    "prefecture_code": 13,
    "city": "品川区",
    "city_kana": "シナガワク",
    "town": "西五反田",
    "town_kana": "ニシゴタンダ",
    "street": "２丁目１１番８号",
    "office_name": "株式会社　学研ホールディングス",
    "office_name_kana": "カブシキガイシヤ ガツケンホ-ルデイングス"
  },
  "8512": {
    "postcode": "1418512",
    "prefecture": "東京都",
    "prefecture_kana": "トウキョウト",
    "prefecture_code": 13,
    "city": "品川区",
    "city_kana": "シナガワク",
    "town": "西五反田",
    "town_kana": "ニシゴタンダ",
    "street": "７−７−７ＳＧスクエア２Ｆ",
    "office_name": "株式会社　ハマイ",
    "office_name_kana": "カブシキガイシヤ ハマイ"
  },
  "8515": {
    "postcode": "1418515",
    "prefecture": "東京都",
    "prefecture_kana": "トウキョウト",
    "prefecture_code": 13,
    "city": "品川区",
    "city_kana": "シナガワク",
    "town": "西五反田",
    "town_kana": "ニシゴタンダ",
    "street": "５丁目２３−８",
    "office_name": "正電社",
    "office_name_kana": "シヨウデンシヤ"
  },
  "8517": {
    "postcode": "1418517",
    "prefecture": "東京都",
    "prefecture_kana": "トウキョウト",
    "prefecture_code": 13,
    "city": "品川区",
    "city_kana": "シナガワク",
    "town": "西五反田",
    "town_kana": "ニシゴタンダ",
    "street": "５丁目１７−５",
    "office_name": "長田電機工業　株式会社",
    "office_name_kana": "オサダデンキコウギヨウ カブシキガイシヤ"
  },
  "8519": [
    {
      "postcode": "1418519",
      "prefecture": "東京都",
      "prefecture_kana": "トウキョウト",
      "prefecture_code": 13,
      "city": "品川区",
      "city_kana": "シナガワク",
      "town": "西五反田",
      "town_kana": "ニシゴタンダ",
      "street": "７丁目２５番１９号",
      "office_name": "株式会社　キョウワエコテック",
      "office_name_kana": "カブシキガイシヤ キヨウワエコテツク"
    },
    {
      "postcode": "1418519",
      "prefecture": "東京都",
      "prefecture_kana": "トウキョウト",
      "prefecture_code": 13,
      "city": "品川区",
      "city_kana": "シナガワク",
      "town": "西五反田",
      "town_kana": "ニシゴタンダ",
      "street": "７丁目２５番１９号",
      "office_name": "共和化工　株式会社",
      "office_name_kana": "キヨウワカコウ カブシキカイシヤ"
    },
    {
      "postcode": "1418519",
      "prefecture": "東京都",
      "prefecture_kana": "トウキョウト",
      "prefecture_code": 13,
      "city": "品川区",
      "city_kana": "シナガワク",
      "town": "西五反田",
      "town_kana": "ニシゴタンダ",
      "street": "７丁目２５番１９号",
      "office_name": "共和メンテナンス　株式会社",
      "office_name_kana": "キヨウワメンテナンス カブシキガイシヤ"
    },
    {
      "postcode": "1418519",
      "prefecture": "東京都",
      "prefecture_kana": "トウキョウト",
      "prefecture_code": 13,
      "city": "品川区",
      "city_kana": "シナガワク",
      "town": "西五反田",
      "town_kana": "ニシゴタンダ",
      "street": "７丁目２５番１９号",
      "office_name": "和饗エコファーム　株式会社",
      "office_name_kana": "ワキヨウエコフア-ム カブシキガイシヤ"
    }
  ],
  "8520": {
    "postcode": "1418520",
    "prefecture": "東京都",
    "prefecture_kana": "トウキョウト",
    "prefecture_code": 13,
    "city": "品川区",
    "city_kana": "シナガワク",
    "town": "西五反田",
    "town_kana": "ニシゴタンダ",
    "street": "８丁目８−２０",
    "office_name": "株式会社　レナウン",
    "office_name_kana": "カブシキガイシヤ レナウン"
  },
  "8521": {
    "postcode": "1418521",
    "prefecture": "東京都",
    "prefecture_kana": "トウキョウト",
    "prefecture_code": 13,
    "city": "品川区",
    "city_kana": "シナガワク",
    "town": "西五反田",
    "town_kana": "ニシゴタンダ",
    "street": "２丁目２７−４明治生命五反田ビル２階",
    "office_name": "社団法人　関東年金福祉協会",
    "office_name_kana": "シヤダンホウジン カントウネンキンフクシキヨウカイ"
  },
  "8522": {
    "postcode": "1418522",
    "prefecture": "東京都",
    "prefecture_kana": "トウキョウト",
    "prefecture_code": 13,
    "city": "品川区",
    "city_kana": "シナガワク",
    "town": "大崎",
    "town_kana": "オオサキ",
    "street": "１丁目２−２",
    "office_name": "伊藤忠テクノソリューションズ　（株）　大崎オフィス",
    "office_name_kana": "イトウチユウテクノソリユ-シヨンズ (カブ) オオサキオフイス"
  },
  "8525": {
    "postcode": "1418525",
    "prefecture": "東京都",
    "prefecture_kana": "トウキョウト",
    "prefecture_code": 13,
    "city": "品川区",
    "city_kana": "シナガワク",
    "town": "西五反田",
    "town_kana": "ニシゴタンダ",
    "street": "７丁目２４番５号",
    "office_name": "小澤物産　株式会社",
    "office_name_kana": "オザワブツサン カブシキカイシヤ"
  },
  "8534": {
    "postcode": "1418534",
    "prefecture": "東京都",
    "prefecture_kana": "トウキョウト",
    "prefecture_code": 13,
    "city": "品川区",
    "city_kana": "シナガワク",
    "town": "西五反田",
    "town_kana": "ニシゴタンダ",
    "street": "２丁目３０−４",
    "office_name": "住江織物　（株）　東京支店",
    "office_name_kana": "スミノエオリモノ カブシキガイシヤ トウキヨウシテン"
  },
  "8540": {
    "postcode": "1418540",
    "prefecture": "東京都",
    "prefecture_kana": "トウキョウト",
    "prefecture_code": 13,
    "city": "品川区",
    "city_kana": "シナガワク",
    "town": "大崎",
    "town_kana": "オオサキ",
    "street": "１丁目２−２",
    "office_name": "新光商事　株式会社",
    "office_name_kana": "シンコウシヨウジ カブシキガイシヤ"
  },
  "8544": {
    "postcode": "1418544",
    "prefecture": "東京都",
    "prefecture_kana": "トウキョウト",
    "prefecture_code": 13,
    "city": "品川区",
    "city_kana": "シナガワク",
    "town": "上大崎",
    "town_kana": "カミオオサキ",
    "street": "２丁目１９−１０",
    "office_name": "（株）　エフ・ディ・シィ・プロダクツ",
    "office_name_kana": "(カブ) エフ・デイ・シイ・プロダクツ"
  },
  "8555": {
    "postcode": "1418555",
    "prefecture": "東京都",
    "prefecture_kana": "トウキョウト",
    "prefecture_code": 13,
    "city": "品川区",
    "city_kana": "シナガワク",
    "town": "西五反田",
    "town_kana": "ニシゴタンダ",
    "street": "７丁目１１−１第５花田ビル３Ｆ",
    "office_name": "辰巳産業　株式会社",
    "office_name_kana": "タツミサンギヨウ カブシキカイシヤ"
  },
  "8559": {
    "postcode": "1418559",
    "prefecture": "東京都",
    "prefecture_kana": "トウキョウト",
    "prefecture_code": 13,
    "city": "品川区",
    "city_kana": "シナガワク",
    "town": "西五反田",
    "town_kana": "ニシゴタンダ",
    "street": "５丁目２３−２",
    "office_name": "ヤスマ　（株）",
    "office_name_kana": "ヤスマ (カブ)"
  },
  "8560": {
    "postcode": "1418560",
    "prefecture": "東京都",
    "prefecture_kana": "トウキョウト",
    "prefecture_code": 13,
    "city": "品川区",
    "city_kana": "シナガワク",
    "town": "大崎",
    "town_kana": "オオサキ",
    "street": "１丁目６−３大崎ニューシティ３号館",
    "office_name": "日本精工　株式会社",
    "office_name_kana": "ニホンセイコウ カブシキガイシヤ"
  },
  "8561": {
    "postcode": "1418561",
    "prefecture": "東京都",
    "prefecture_kana": "トウキョウト",
    "prefecture_code": 13,
    "city": "品川区",
    "city_kana": "シナガワク",
    "town": "大崎",
    "town_kana": "オオサキ",
    "street": "３丁目６−９",
    "office_name": "太陽金網　株式会社",
    "office_name_kana": "タイヨウカナアミ カブシキガイシヤ"
  },
  "8562": {
    "postcode": "1418562",
    "prefecture": "東京都",
    "prefecture_kana": "トウキョウト",
    "prefecture_code": 13,
    "city": "品川区",
    "city_kana": "シナガワク",
    "town": "大崎",
    "town_kana": "オオサキ",
    "street": "１丁目１１番１号ゲートシティ大崎ウエストタワー",
    "office_name": "東芝テック　株式会社",
    "office_name_kana": "トウシバテツク カブシキガイシヤ"
  },
  "8565": {
    "postcode": "1418565",
    "prefecture": "東京都",
    "prefecture_kana": "トウキョウト",
    "prefecture_code": 13,
    "city": "品川区",
    "city_kana": "シナガワク",
    "town": "大崎",
    "town_kana": "オオサキ",
    "street": "２丁目８−１",
    "office_name": "（株）　明電舎　東京事業所",
    "office_name_kana": "カブシキガイシヤ メイデンシヤ トウキヨウジギヨウシヨ"
  },
  "8566": {
    "postcode": "1418566",
    "prefecture": "東京都",
    "prefecture_kana": "トウキョウト",
    "prefecture_code": 13,
    "city": "品川区",
    "city_kana": "シナガワク",
    "town": "大崎",
    "town_kana": "オオサキ",
    "street": "２丁目３−１３",
    "office_name": "株式会社　寺岡精工　営業本部",
    "office_name_kana": "カブシキガイシヤ テラオカセイコウ エイギヨウホンブ"
  },
  "8567": {
    "postcode": "1418567",
    "prefecture": "東京都",
    "prefecture_kana": "トウキョウト",
    "prefecture_code": 13,
    "city": "品川区",
    "city_kana": "シナガワク",
    "town": "大崎",
    "town_kana": "オオサキ",
    "street": "１丁目１５−９",
    "office_name": "光村印刷　（株）",
    "office_name_kana": "ミツムラインサツ カブシキガイシヤ"
  },
  "8568": {
    "postcode": "1418568",
    "prefecture": "東京都",
    "prefecture_kana": "トウキョウト",
    "prefecture_code": 13,
    "city": "品川区",
    "city_kana": "シナガワク",
    "town": "西五反田",
    "town_kana": "ニシゴタンダ",
    "street": "２丁目１９−１３",
    "office_name": "品川商工　株式会社",
    "office_name_kana": "シナガワシヨウコウ カブシキガイシヤ"
  },
  "8569": {
    "postcode": "1418569",
    "prefecture": "東京都",
    "prefecture_kana": "トウキョウト",
    "prefecture_code": 13,
    "city": "品川区",
    "city_kana": "シナガワク",
    "town": "上大崎",
    "town_kana": "カミオオサキ",
    "street": "２丁目１３番３０号",
    "office_name": "株式会社　ソニー・ミュージックアーティスツ",
    "office_name_kana": "カブシキガイシヤ ソニ-・ミユ-ジツクア-テイスツ"
  },
  "8572": {
    "postcode": "1418572",
    "prefecture": "東京都",
    "prefecture_kana": "トウキョウト",
    "prefecture_code": 13,
    "city": "品川区",
    "city_kana": "シナガワク",
    "town": "大崎",
    "town_kana": "オオサキ",
    "street": "５丁目１−５高徳ビル",
    "office_name": "日本年金機構　品川年金事務所",
    "office_name_kana": "ニツポンネンキンキコウ シナガワネンキンジムシヨ"
  },
  "8576": {
    "postcode": "1418576",
    "prefecture": "東京都",
    "prefecture_kana": "トウキョウト",
    "prefecture_code": 13,
    "city": "品川区",
    "city_kana": "シナガワク",
    "town": "大崎",
    "town_kana": "オオサキ",
    "street": "１丁目６−３大崎ニューシティ３号館７Ｆ",
    "office_name": "日立オムロンターミナルソリューションズ　株式会社",
    "office_name_kana": "ヒタチオムロンタ-ミナルソリユ-シヨンズ カブシキガイシヤ"
  },
  "8577": {
    "postcode": "1418577",
    "prefecture": "東京都",
    "prefecture_kana": "トウキョウト",
    "prefecture_code": 13,
    "city": "品川区",
    "city_kana": "シナガワク",
    "town": "大崎",
    "town_kana": "オオサキ",
    "street": "４−２−６",
    "office_name": "立正中高",
    "office_name_kana": "リツシヨウチユウコウ"
  },
  "8580": {
    "postcode": "1418580",
    "prefecture": "東京都",
    "prefecture_kana": "トウキョウト",
    "prefecture_code": 13,
    "city": "品川区",
    "city_kana": "シナガワク",
    "town": "大崎",
    "town_kana": "オオサキ",
    "street": "１丁目５−１大崎センタービル",
    "office_name": "株式会社　ＡＯＩ　Ｐｒｏ．",
    "office_name_kana": "カブシキガイシヤ アオイ プロ"
  },
  "8581": {
    "postcode": "1418581",
    "prefecture": "東京都",
    "prefecture_kana": "トウキョウト",
    "prefecture_code": 13,
    "city": "品川区",
    "city_kana": "シナガワク",
    "town": "大崎",
    "town_kana": "オオサキ",
    "street": "５−４−６",
    "office_name": "グローリー　株式会社　品川事業所",
    "office_name_kana": "グロ-リ- カブシキガイシヤ シナガワジギヨウシヨ"
  },
  "8582": {
    "postcode": "1418582",
    "prefecture": "東京都",
    "prefecture_kana": "トウキョウト",
    "prefecture_code": 13,
    "city": "品川区",
    "city_kana": "シナガワク",
    "town": "西品川",
    "town_kana": "ニシシナガワ",
    "street": "１丁目１番１号",
    "office_name": "株式会社　日本アクセス",
    "office_name_kana": "カブシキガイシヤ ニツポンアクセス"
  },
  "8584": {
    "postcode": "1418584",
    "prefecture": "東京都",
    "prefecture_kana": "トウキョウト",
    "prefecture_code": 13,
    "city": "品川区",
    "city_kana": "シナガワク",
    "town": "大崎",
    "town_kana": "オオサキ",
    "street": "１丁目１１−１",
    "office_name": "三井金属鉱業　株式会社",
    "office_name_kana": "ミツイキンゾクコウギヨウ カブシキガイシヤ"
  },
  "8588": {
    "postcode": "1418588",
    "prefecture": "東京都",
    "prefecture_kana": "トウキョウト",
    "prefecture_code": 13,
    "city": "品川区",
    "city_kana": "シナガワク",
    "town": "大崎",
    "town_kana": "オオサキ",
    "street": "１丁目１１番２号",
    "office_name": "センチュリーメディカル　株式会社",
    "office_name_kana": "センチユリ-メデイカル カブシキガイシヤ"
  },
  "8602": {
    "postcode": "1418602",
    "prefecture": "東京都",
    "prefecture_kana": "トウキョウト",
    "prefecture_code": 13,
    "city": "品川区",
    "city_kana": "シナガワク",
    "town": "大崎",
    "town_kana": "オオサキ",
    "street": "４丁目２−１６",
    "office_name": "立正大学",
    "office_name_kana": "リツシヨウダイガク"
  },
  "8603": {
    "postcode": "1418603",
    "prefecture": "東京都",
    "prefecture_kana": "トウキョウト",
    "prefecture_code": 13,
    "city": "品川区",
    "city_kana": "シナガワク",
    "town": "大崎",
    "town_kana": "オオサキ",
    "street": "１−１１−１",
    "office_name": "株式会社　サンリオ",
    "office_name_kana": "カブシキガイシヤ サンリオ"
  },
  "8604": {
    "postcode": "1418604",
    "prefecture": "東京都",
    "prefecture_kana": "トウキョウト",
    "prefecture_code": 13,
    "city": "品川区",
    "city_kana": "シナガワク",
    "town": "大崎",
    "town_kana": "オオサキ",
    "street": "１丁目５番１号大崎センタービル",
    "office_name": "日鉄エンジニアリング　株式会社",
    "office_name_kana": "ニツテツエンジニアリング カブシキガイシヤ"
  },
  "8605": {
    "postcode": "1418605",
    "prefecture": "東京都",
    "prefecture_kana": "トウキョウト",
    "prefecture_code": 13,
    "city": "品川区",
    "city_kana": "シナガワク",
    "town": "大崎",
    "town_kana": "オオサキ",
    "street": "５丁目６−４",
    "office_name": "日本ケミコン　株式会社",
    "office_name_kana": "ニツポンケミコン カブシキガイシヤ"
  },
  "8606": {
    "postcode": "1418606",
    "prefecture": "東京都",
    "prefecture_kana": "トウキョウト",
    "prefecture_code": 13,
    "city": "品川区",
    "city_kana": "シナガワク",
    "town": "大崎",
    "town_kana": "オオサキ",
    "street": "３−６−２８ウェストパーク大崎",
    "office_name": "協同広告　株式会社",
    "office_name_kana": "キヨウドウコウコク カブシキガイシヤ"
  },
  "8607": {
    "postcode": "1418607",
    "prefecture": "東京都",
    "prefecture_kana": "トウキョウト",
    "prefecture_code": 13,
    "city": "品川区",
    "city_kana": "シナガワク",
    "town": "大崎",
    "town_kana": "オオサキ",
    "street": "５丁目５番５号明興ビル",
    "office_name": "株式会社　明電エンジニアリング",
    "office_name_kana": "カブシキガイシヤ メイデンエンジニアリング"
  },
  "8609": {
    "postcode": "1418609",
    "prefecture": "東京都",
    "prefecture_kana": "トウキョウト",
    "prefecture_code": 13,
    "city": "品川区",
    "city_kana": "シナガワク",
    "town": "大崎",
    "town_kana": "オオサキ",
    "street": "１丁目１１番２号ゲートシティ大崎イーストタワー１７Ｆ",
    "office_name": "株式会社　ローソンエンタテインメント",
    "office_name_kana": "カブシキガイシヤ ロ-ソンエンタテインメント"
  },
  "8610": {
    "postcode": "1418610",
    "prefecture": "東京都",
    "prefecture_kana": "トウキョウト",
    "prefecture_code": 13,
    "city": "品川区",
    "city_kana": "シナガワク",
    "town": "大崎",
    "town_kana": "オオサキ",
    "street": "２丁目１０−１",
    "office_name": "ソニー　株式会社　ソニーシティ大崎",
    "office_name_kana": "ソニ- カブシキガイシヤ ソニ-シテイオオサキ"
  },
  "8611": {
    "postcode": "1418611",
    "prefecture": "東京都",
    "prefecture_kana": "トウキョウト",
    "prefecture_code": 13,
    "city": "品川区",
    "city_kana": "シナガワク",
    "town": "大崎",
    "town_kana": "オオサキ",
    "street": "１丁目１９−２０",
    "office_name": "三英電業　株式会社",
    "office_name_kana": "サンエイデンギヨウ カブシキガイシヤ"
  },
  "8613": {
    "postcode": "1418613",
    "prefecture": "東京都",
    "prefecture_kana": "トウキョウト",
    "prefecture_code": 13,
    "city": "品川区",
    "city_kana": "シナガワク",
    "town": "大崎",
    "town_kana": "オオサキ",
    "street": "１−１１−２",
    "office_name": "株式会社　ローソンストア１００",
    "office_name_kana": "カブシキガイシヤ ロ-ソンストア100"
  },
  "8615": {
    "postcode": "1418615",
    "prefecture": "東京都",
    "prefecture_kana": "トウキョウト",
    "prefecture_code": 13,
    "city": "品川区",
    "city_kana": "シナガワク",
    "town": "西五反田",
    "town_kana": "ニシゴタンダ",
    "street": "１丁目２１−７",
    "office_name": "三明化成　株式会社",
    "office_name_kana": "サンメイカセイ カブシキガイシヤ"
  },
  "8616": {
    "postcode": "1418616",
    "prefecture": "東京都",
    "prefecture_kana": "トウキョウト",
    "prefecture_code": 13,
    "city": "品川区",
    "city_kana": "シナガワク",
    "town": "大崎",
    "town_kana": "オオサキ",
    "street": "５丁目５−５",
    "office_name": "明電興産　株式会社",
    "office_name_kana": "メイデンコウサン カブシキガイシヤ"
  },
  "8620": {
    "postcode": "1418620",
    "prefecture": "東京都",
    "prefecture_kana": "トウキョウト",
    "prefecture_code": 13,
    "city": "品川区",
    "city_kana": "シナガワク",
    "town": "大崎",
    "town_kana": "オオサキ",
    "street": "１−１１−２ゲートシティ大崎イーストタワー",
    "office_name": "セメダイン　株式会社",
    "office_name_kana": "セメダイン カブシキガイシヤ"
  },
  "8623": {
    "postcode": "1418623",
    "prefecture": "東京都",
    "prefecture_kana": "トウキョウト",
    "prefecture_code": 13,
    "city": "品川区",
    "city_kana": "シナガワク",
    "town": "西五反田",
    "town_kana": "ニシゴタンダ",
    "street": "４丁目３２−１",
    "office_name": "東京日産自動車販売　株式会社",
    "office_name_kana": "トウキヨウニツサンジドウシヤハンバイ カブシキガイシヤ"
  },
  "8626": {
    "postcode": "1418626",
    "prefecture": "東京都",
    "prefecture_kana": "トウキョウト",
    "prefecture_code": 13,
    "city": "品川区",
    "city_kana": "シナガワク",
    "town": "北品川",
    "town_kana": "キタシナガワ",
    "street": "５丁目５番１５号大崎ブライトコア５Ｆ",
    "office_name": "コベルコ建機　株式会社　東京本社",
    "office_name_kana": "コベルコケンキ カブシキガイシヤ トウキヨウホンシヤ"
  },
  "8627": {
    "postcode": "1418627",
    "prefecture": "東京都",
    "prefecture_kana": "トウキョウト",
    "prefecture_code": 13,
    "city": "品川区",
    "city_kana": "シナガワク",
    "town": "東五反田",
    "town_kana": "ヒガシゴタンダ",
    "street": "２丁目１８番１号",
    "office_name": "東洋製罐グループホールディングス　株式会社",
    "office_name_kana": "トウヨウセイカングル-プホ-ルデイングス カブシキガイシヤ"
  },
  "8629": {
    "postcode": "1418629",
    "prefecture": "東京都",
    "prefecture_kana": "トウキョウト",
    "prefecture_code": 13,
    "city": "品川区",
    "city_kana": "シナガワク",
    "town": "西五反田",
    "town_kana": "ニシゴタンダ",
    "street": "２丁目１５−７ジブラルタ生命五反田ビル",
    "office_name": "株式会社　セントラルフーズ",
    "office_name_kana": "カブシキガイシヤ セントラルフ-ズ"
  },
  "8630": {
    "postcode": "1418630",
    "prefecture": "東京都",
    "prefecture_kana": "トウキョウト",
    "prefecture_code": 13,
    "city": "品川区",
    "city_kana": "シナガワク",
    "town": "東五反田",
    "town_kana": "ヒガシゴタンダ",
    "street": "２丁目３−５",
    "office_name": "富士通コンポーネント　株式会社",
    "office_name_kana": "フジツウコンポ-ネント カブシキガイシヤ"
  },
  "8631": {
    "postcode": "1418631",
    "prefecture": "東京都",
    "prefecture_kana": "トウキョウト",
    "prefecture_code": 13,
    "city": "品川区",
    "city_kana": "シナガワク",
    "town": "西五反田",
    "town_kana": "ニシゴタンダ",
    "street": "２丁目２３番２号",
    "office_name": "株式会社　ミライト・テクノロジーズ",
    "office_name_kana": "カブシキガイシヤ ミライト・テクノロジ-ズ"
  },
  "8637": {
    "postcode": "1418637",
    "prefecture": "東京都",
    "prefecture_kana": "トウキョウト",
    "prefecture_code": 13,
    "city": "品川区",
    "city_kana": "シナガワク",
    "town": "西五反田",
    "town_kana": "ニシゴタンダ",
    "street": "２丁目１２−１９",
    "office_name": "リコーエレメックス　株式会社",
    "office_name_kana": "リコ-エレメツクス カブシキガイシヤ"
  },
  "8638": {
    "postcode": "1418638",
    "prefecture": "東京都",
    "prefecture_kana": "トウキョウト",
    "prefecture_code": 13,
    "city": "品川区",
    "city_kana": "シナガワク",
    "town": "北品川",
    "town_kana": "キタシナガワ",
    "street": "５丁目９−１１大崎ＭＴビル１２Ｆ",
    "office_name": "（株）　千趣会",
    "office_name_kana": "(カブ) センシユカイ"
  },
  "8639": {
    "postcode": "1418639",
    "prefecture": "東京都",
    "prefecture_kana": "トウキョウト",
    "prefecture_code": 13,
    "city": "品川区",
    "city_kana": "シナガワク",
    "town": "東五反田",
    "town_kana": "ヒガシゴタンダ",
    "street": "２丁目１７番１号",
    "office_name": "ネツレン",
    "office_name_kana": "ネツレン"
  },
  "8640": {
    "postcode": "1418640",
    "prefecture": "東京都",
    "prefecture_kana": "トウキョウト",
    "prefecture_code": 13,
    "city": "品川区",
    "city_kana": "シナガワク",
    "town": "東五反田",
    "town_kana": "ヒガシゴタンダ",
    "street": "２−１８−１",
    "office_name": "東洋製罐　株式会社",
    "office_name_kana": "トウヨウセイカン カブシキガイシヤ"
  },
  "8641": {
    "postcode": "1418641",
    "prefecture": "東京都",
    "prefecture_kana": "トウキョウト",
    "prefecture_code": 13,
    "city": "品川区",
    "city_kana": "シナガワク",
    "town": "大崎",
    "town_kana": "オオサキ",
    "street": "１−１１−１ゲートシティ大崎ウエストタワー",
    "office_name": "シーメンス　株式会社",
    "office_name_kana": "シ-メンス カブシキガイシヤ"
  },
  "8642": {
    "postcode": "1418642",
    "prefecture": "東京都",
    "prefecture_kana": "トウキョウト",
    "prefecture_code": 13,
    "city": "品川区",
    "city_kana": "シナガワク",
    "town": "東五反田",
    "town_kana": "ヒガシゴタンダ",
    "street": "３丁目１６−２１",
    "office_name": "清泉女子大学",
    "office_name_kana": "セイセンジヨシダイガク"
  },
  "8643": {
    "postcode": "1418643",
    "prefecture": "東京都",
    "prefecture_kana": "トウキョウト",
    "prefecture_code": 13,
    "city": "品川区",
    "city_kana": "シナガワク",
    "town": "大崎",
    "town_kana": "オオサキ",
    "street": "１丁目１１−２ゲートシティ大崎",
    "office_name": "（株）　ローソン",
    "office_name_kana": "(カブ) ロ-ソン"
  },
  "8644": {
    "postcode": "1418644",
    "prefecture": "東京都",
    "prefecture_kana": "トウキョウト",
    "prefecture_code": 13,
    "city": "品川区",
    "city_kana": "シナガワク",
    "town": "大崎",
    "town_kana": "オオサキ",
    "street": "１−１１−１ゲートシティ大崎ウエストタワー",
    "office_name": "シーメンスヘルスケア　株式会社",
    "office_name_kana": "シ-メンスヘルスケア カブシキガイシヤ"
  },
  "8646": {
    "postcode": "1418646",
    "prefecture": "東京都",
    "prefecture_kana": "トウキョウト",
    "prefecture_code": 13,
    "city": "品川区",
    "city_kana": "シナガワク",
    "town": "東五反田",
    "town_kana": "ヒガシゴタンダ",
    "street": "２丁目１０−２東五反田スクエア",
    "office_name": "大崎電気工業　株式会社",
    "office_name_kana": "オオサキデンキコウギヨウ カブシキガイシヤ"
  },
  "8647": {
    "postcode": "1418647",
    "prefecture": "東京都",
    "prefecture_kana": "トウキョウト",
    "prefecture_code": 13,
    "city": "品川区",
    "city_kana": "シナガワク",
    "town": "東五反田",
    "town_kana": "ヒガシゴタンダ",
    "street": "２丁目１７−１",
    "office_name": "日本コムシス　株式会社",
    "office_name_kana": "ニツポンコムシス カブシキガイシヤ"
  },
  "8648": {
    "postcode": "1418648",
    "prefecture": "東京都",
    "prefecture_kana": "トウキョウト",
    "prefecture_code": 13,
    "city": "品川区",
    "city_kana": "シナガワク",
    "town": "東五反田",
    "town_kana": "ヒガシゴタンダ",
    "street": "４丁目１−１７",
    "office_name": "東京医療保健大学",
    "office_name_kana": "トウキヨウイリヨウホケンダイガク"
  },
  "8650": {
    "postcode": "1418650",
    "prefecture": "東京都",
    "prefecture_kana": "トウキョウト",
    "prefecture_code": 13,
    "city": "品川区",
    "city_kana": "シナガワク",
    "town": "上大崎",
    "town_kana": "カミオオサキ",
    "street": "２丁目２５−５",
    "office_name": "日本建工　株式会社",
    "office_name_kana": "ニホンケンコウ カブシキガイシヤ"
  },
  "8656": {
    "postcode": "1418656",
    "prefecture": "東京都",
    "prefecture_kana": "トウキョウト",
    "prefecture_code": 13,
    "city": "品川区",
    "city_kana": "シナガワク",
    "town": "上大崎",
    "town_kana": "カミオオサキ",
    "street": "２−２４−９",
    "office_name": "日本クラフトフーズ　株式会社",
    "office_name_kana": "ニホンクラフトフ-ズ カブシキガイシヤ"
  },
  "8657": {
    "postcode": "1418657",
    "prefecture": "東京都",
    "prefecture_kana": "トウキョウト",
    "prefecture_code": 13,
    "city": "品川区",
    "city_kana": "シナガワク",
    "town": "上大崎",
    "town_kana": "カミオオサキ",
    "street": "２丁目２４−９アイケイビル",
    "office_name": "株式会社　ジェイ・アイ・シー",
    "office_name_kana": "カブシキガイシヤ ジエイ・アイ・シ-"
  },
  "8658": {
    "postcode": "1418658",
    "prefecture": "東京都",
    "prefecture_kana": "トウキョウト",
    "prefecture_code": 13,
    "city": "品川区",
    "city_kana": "シナガワク",
    "town": "上大崎",
    "town_kana": "カミオオサキ",
    "street": "３丁目１４−１２",
    "office_name": "井上電気　株式会社",
    "office_name_kana": "イノウエデンキ カブシキガイシヤ"
  },
  "8660": {
    "postcode": "1418660",
    "prefecture": "東京都",
    "prefecture_kana": "トウキョウト",
    "prefecture_code": 13,
    "city": "品川区",
    "city_kana": "シナガワク",
    "town": "上大崎",
    "town_kana": "カミオオサキ",
    "street": "２丁目１０−４３",
    "office_name": "ホーチキ　株式会社",
    "office_name_kana": "ホ-チキ カブシキガイシヤ"
  },
  "8663": {
    "postcode": "1418663",
    "prefecture": "東京都",
    "prefecture_kana": "トウキョウト",
    "prefecture_code": 13,
    "city": "品川区",
    "city_kana": "シナガワク",
    "town": "上大崎",
    "town_kana": "カミオオサキ",
    "street": "３丁目３番１号",
    "office_name": "公益財団法人　日本サイクリング協会",
    "office_name_kana": "コウエキザイダンホウジン ニホンサイクリングキヨウカイ"
  },
  "8664": {
    "postcode": "1418664",
    "prefecture": "東京都",
    "prefecture_kana": "トウキョウト",
    "prefecture_code": 13,
    "city": "品川区",
    "city_kana": "シナガワク",
    "town": "東五反田",
    "town_kana": "ヒガシゴタンダ",
    "street": "２丁目１７−２オーバルコート大崎マークイースト",
    "office_name": "東芝テック　株式会社",
    "office_name_kana": "トウシバテツク カブシキガイシヤ"
  },
  "8665": {
    "postcode": "1418665",
    "prefecture": "東京都",
    "prefecture_kana": "トウキョウト",
    "prefecture_code": 13,
    "city": "品川区",
    "city_kana": "シナガワク",
    "town": "大崎",
    "town_kana": "オオサキ",
    "street": "１丁目１１−３",
    "office_name": "前田道路　株式会社",
    "office_name_kana": "マエダドウロ カブシキガイシヤ"
  },
  "8671": {
    "postcode": "1418671",
    "prefecture": "東京都",
    "prefecture_kana": "トウキョウト",
    "prefecture_code": 13,
    "city": "品川区",
    "city_kana": "シナガワク",
    "town": "上大崎",
    "town_kana": "カミオオサキ",
    "street": "２丁目２４−９アイケイビル",
    "office_name": "シック・ジャパン　株式会社",
    "office_name_kana": "シツク・ジヤパン カブシキガイシヤ"
  },
  "8672": {
    "postcode": "1418672",
    "prefecture": "東京都",
    "prefecture_kana": "トウキョウト",
    "prefecture_code": 13,
    "city": "品川区",
    "city_kana": "シナガワク",
    "town": "大崎",
    "town_kana": "オオサキ",
    "street": "１丁目２−１",
    "office_name": "株式会社　日立システムズ",
    "office_name_kana": "カブシキガイシヤ ヒタチシステムズ"
  },
  "8673": {
    "postcode": "1418673",
    "prefecture": "東京都",
    "prefecture_kana": "トウキョウト",
    "prefecture_code": 13,
    "city": "品川区",
    "city_kana": "シナガワク",
    "town": "大崎",
    "town_kana": "オオサキ",
    "street": "１丁目１１番１号ゲートシティ大崎ウエストタワー",
    "office_name": "シーメンスヘルスケア・ダイアグノスティクス　株式会社",
    "office_name_kana": "シ-メンスヘルスケア・ダイアグノステイクス カブシキカイシヤ"
  },
  "8677": {
    "postcode": "1418677",
    "prefecture": "東京都",
    "prefecture_kana": "トウキョウト",
    "prefecture_code": 13,
    "city": "品川区",
    "city_kana": "シナガワク",
    "town": "上大崎",
    "town_kana": "カミオオサキ",
    "street": "２丁目２４番９号",
    "office_name": "株式会社　第一興商",
    "office_name_kana": "カブシキガイシヤ ダイイチコウシヨウ"
  },
  "8679": {
    "postcode": "1418679",
    "prefecture": "東京都",
    "prefecture_kana": "トウキョウト",
    "prefecture_code": 13,
    "city": "品川区",
    "city_kana": "シナガワク",
    "town": "北品川",
    "town_kana": "キタシナガワ",
    "street": "６−７−２９ガーデンシティ品川御殿山５階",
    "office_name": "Ｃｈｕｂｂ　損害保険　株式会社",
    "office_name_kana": "チヤブ ソンガイホケン カブシキガイシヤ"
  },
  "8680": {
    "postcode": "1418680",
    "prefecture": "東京都",
    "prefecture_kana": "トウキョウト",
    "prefecture_code": 13,
    "city": "品川区",
    "city_kana": "シナガワク",
    "town": "北品川",
    "town_kana": "キタシナガワ",
    "street": "６丁目７−３５",
    "office_name": "ソニー　株式会社　本社",
    "office_name_kana": "ソニ- カブシキガイシヤ ホンシヤ"
  },
  "8684": {
    "postcode": "1418684",
    "prefecture": "東京都",
    "prefecture_kana": "トウキョウト",
    "prefecture_code": 13,
    "city": "品川区",
    "city_kana": "シナガワク",
    "town": "北品川",
    "town_kana": "キタシナガワ",
    "street": "６−７−２９ガーデンシティ品川御殿山ビル",
    "office_name": "スリーエム　ジャパン　株式会社",
    "office_name_kana": "スリ-エム ジヤパン カブシキガイシヤ"
  },
  "8688": {
    "postcode": "1418688",
    "prefecture": "東京都",
    "prefecture_kana": "トウキョウト",
    "prefecture_code": 13,
    "city": "品川区",
    "city_kana": "シナガワク",
    "town": "北品川",
    "town_kana": "キタシナガワ",
    "street": "５丁目９−１２神戸製鋼東京本社ビル",
    "office_name": "株式会社　神戸製鋼所　東京本社",
    "office_name_kana": "カブシキガイシヤ コウベセイコウシヨ トウキヨウホンシヤ"
  },
  "8701": {
    "postcode": "1418701",
    "prefecture": "東京都",
    "prefecture_kana": "トウキョウト",
    "prefecture_code": 13,
    "city": "品川区",
    "city_kana": "シナガワク",
    "town": "北品川",
    "town_kana": "キタシナガワ",
    "street": "５丁目５−２６",
    "office_name": "株式会社　第一興商",
    "office_name_kana": "カブシキガイシヤ ダイイチコウシヨウ"
  },
  "8707": {
    "postcode": "1418707",
    "prefecture": "東京都",
    "prefecture_kana": "トウキョウト",
    "prefecture_code": 13,
    "city": "品川区",
    "city_kana": "シナガワク",
    "town": "西品川",
    "town_kana": "ニシシナガワ",
    "street": "３丁目１９−６",
    "office_name": "グラフテック　株式会社",
    "office_name_kana": "グラフテツク (カ)"
  },
  "8710": {
    "postcode": "1418710",
    "prefecture": "東京都",
    "prefecture_kana": "トウキョウト",
    "prefecture_code": 13,
    "city": "品川区",
    "city_kana": "シナガワク",
    "town": "西五反田",
    "town_kana": "ニシゴタンダ",
    "street": "７丁目２−３（大崎郵便局私書箱第４４号）",
    "office_name": "城南信用金庫",
    "office_name_kana": "ジヨウナンシンヨウキンコ"
  },
  "8715": {
    "postcode": "1418715",
    "prefecture": "東京都",
    "prefecture_kana": "トウキョウト",
    "prefecture_code": 13,
    "city": "品川区",
    "city_kana": "シナガワク",
    "town": "東五反田",
    "town_kana": "ヒガシゴタンダ",
    "street": "１丁目１１−１５（大崎郵便局私書箱第４５号）",
    "office_name": "（株）　電波新聞社",
    "office_name_kana": "(カブ) デンパシンブンシヤ"
  },
  "8716": {
    "postcode": "1418716",
    "prefecture": "東京都",
    "prefecture_kana": "トウキョウト",
    "prefecture_code": 13,
    "city": "品川区",
    "city_kana": "シナガワク",
    "town": "大崎",
    "town_kana": "オオサキ",
    "street": "２丁目１１番１号大崎ウィズタワー（大崎郵便局私書箱第１２号）",
    "office_name": "ネオファースト生命保険　株式会社",
    "office_name_kana": "ネオフア-ストセイメイホケン カブシキガイシヤ"
  },
  "8924": {
    "postcode": "1418924",
    "prefecture": "東京都",
    "prefecture_kana": "トウキョウト",
    "prefecture_code": 13,
    "city": "品川区",
    "city_kana": "シナガワク",
    "town": "西五反田",
    "town_kana": "ニシゴタンダ",
    "street": "２−２０−４",
    "office_name": "パーク２４　株式会社",
    "office_name_kana": "パ-クニジユウヨン カブシキガイシヤ"
  }
}