{
  "0081": {
    "postcode": "1460081",
    "prefecture": "東京都",
    "prefecture_kana": "トウキョウト",
    "prefecture_code": 13,
    "city": "大田区",
    "city_kana": "オオタク",
    "town": "仲池上",
    "town_kana": "ナカイケガミ",
    "street": null,
    "office_name": null,
    "office_name_kana": null
  },
  "0082": {
    "postcode": "1460082",
    "prefecture": "東京都",
    "prefecture_kana": "トウキョウト",
    "prefecture_code": 13,
    "city": "大田区",
    "city_kana": "オオタク",
    "town": "池上",
    "town_kana": "イケガミ",
    "street": null,
    "office_name": null,
    "office_name_kana": null
  },
  "0083": {
    "postcode": "1460083",
    "prefecture": "東京都",
    "prefecture_kana": "トウキョウト",
    "prefecture_code": 13,
    "city": "大田区",
    "city_kana": "オオタク",
    "town": "千鳥",
    "town_kana": "チドリ",
    "street": null,
    "office_name": null,
    "office_name_kana": null
  },
  "0084": {
    "postcode": "1460084",
    "prefecture": "東京都",
    "prefecture_kana": "トウキョウト",
    "prefecture_code": 13,
    "city": "大田区",
    "city_kana": "オオタク",
    "town": "南久が原",
    "town_kana": "ミナミクガハラ",
    "street": null,
    "office_name": null,
    "office_name_kana": null
  },
  "0085": {
    "postcode": "1460085",
    "prefecture": "東京都",
    "prefecture_kana": "トウキョウト",
    "prefecture_code": 13,
    "city": "大田区",
    "city_kana": "オオタク",
    "town": "久が原",
    "town_kana": "クガハラ",
    "street": null,
    "office_name": null,
    "office_name_kana": null
  },
  "0091": {
    "postcode": "1460091",
    "prefecture": "東京都",
    "prefecture_kana": "トウキョウト",
    "prefecture_code": 13,
    "city": "大田区",
    "city_kana": "オオタク",
    "town": "鵜の木",
    "town_kana": "ウノキ",
    "street": null,
    "office_name": null,
    "office_name_kana": null
  },
  "0092": {
    "postcode": "1460092",
    "prefecture": "東京都",
    "prefecture_kana": "トウキョウト",
    "prefecture_code": 13,
    "city": "大田区",
    "city_kana": "オオタク",
    "town": "下丸子",
    "town_kana": "シモマルコ",
    "street": null,
    "office_name": null,
    "office_name_kana": null
  },
  "0093": {
    "postcode": "1460093",
    "prefecture": "東京都",
    "prefecture_kana": "トウキョウト",
    "prefecture_code": 13,
    "city": "大田区",
    "city_kana": "オオタク",
    "town": "矢口",
    "town_kana": "ヤグチ",
    "street": null,
    "office_name": null,
    "office_name_kana": null
  },
  "0094": {
    "postcode": "1460094",
    "prefecture": "東京都",
    "prefecture_kana": "トウキョウト",
    "prefecture_code": 13,
    "city": "大田区",
    "city_kana": "オオタク",
    "town": "東矢口",
    "town_kana": "ヒガシヤグチ",
    "street": null,
    "office_name": null,
    "office_name_kana": null
  },
  "0095": {
    "postcode": "1460095",
    "prefecture": "東京都",
    "prefecture_kana": "トウキョウト",
    "prefecture_code": 13,
    "city": "大田区",
    "city_kana": "オオタク",
    "town": "多摩川",
    "town_kana": "タマガワ",
    "street": null,
    "office_name": null,
    "office_name_kana": null
  },
  "8501": {
    "postcode": "1468501",
    "prefecture": "東京都",
    "prefecture_kana": "トウキョウト",
    "prefecture_code": 13,
    "city": "大田区",
    "city_kana": "オオタク",
    "town": "下丸子",
    "town_kana": "シモマルコ",
    "street": "３丁目３０−２",
    "office_name": "キヤノン　株式会社",
    "office_name_kana": "キヤノン カブシキガイシヤ"
  },
  "8503": {
    "postcode": "1468503",
    "prefecture": "東京都",
    "prefecture_kana": "トウキョウト",
    "prefecture_code": 13,
    "city": "大田区",
    "city_kana": "オオタク",
    "town": "下丸子",
    "town_kana": "シモマルコ",
    "street": "３−３０−２",
    "office_name": "キヤノン健康保険組合",
    "office_name_kana": "キヤノンケンコウホケンクミアイ"
  },
  "8505": {
    "postcode": "1468505",
    "prefecture": "東京都",
    "prefecture_kana": "トウキョウト",
    "prefecture_code": 13,
    "city": "大田区",
    "city_kana": "オオタク",
    "town": "矢口",
    "town_kana": "ヤグチ",
    "street": "２丁目３３−６",
    "office_name": "旭計器　株式会社",
    "office_name_kana": "アサヒケイキ カブシキガイシヤ"
  },
  "8510": {
    "postcode": "1468510",
    "prefecture": "東京都",
    "prefecture_kana": "トウキョウト",
    "prefecture_code": 13,
    "city": "大田区",
    "city_kana": "オオタク",
    "town": "千鳥",
    "town_kana": "チドリ",
    "street": "２丁目３４−１６",
    "office_name": "ユシロ化学工業　株式会社",
    "office_name_kana": "ユシロカガクコウギヨウ カブシキガイシヤ"
  },
  "8511": {
    "postcode": "1468511",
    "prefecture": "東京都",
    "prefecture_kana": "トウキョウト",
    "prefecture_code": 13,
    "city": "大田区",
    "city_kana": "オオタク",
    "town": "矢口",
    "town_kana": "ヤグチ",
    "street": "１丁目２７−４",
    "office_name": "株式会社　小野測器",
    "office_name_kana": "カブシキガイシヤ オノソツキ"
  },
  "8512": {
    "postcode": "1468512",
    "prefecture": "東京都",
    "prefecture_kana": "トウキョウト",
    "prefecture_code": 13,
    "city": "大田区",
    "city_kana": "オオタク",
    "town": "下丸子",
    "town_kana": "シモマルコ",
    "street": "２丁目９−４",
    "office_name": "キヤノン　（株）　本社別館１．２",
    "office_name_kana": "キヤノン (カブ) ホンシヤベツカン1.2"
  },
  "8515": {
    "postcode": "1468515",
    "prefecture": "東京都",
    "prefecture_kana": "トウキョウト",
    "prefecture_code": 13,
    "city": "大田区",
    "city_kana": "オオタク",
    "town": "久が原",
    "town_kana": "クガハラ",
    "street": "５丁目１６−６",
    "office_name": "理化工業　株式会社",
    "office_name_kana": "リカコウギヨウ カブシキガイシヤ"
  },
  "8522": {
    "postcode": "1468522",
    "prefecture": "東京都",
    "prefecture_kana": "トウキョウト",
    "prefecture_code": 13,
    "city": "大田区",
    "city_kana": "オオタク",
    "town": "矢口",
    "town_kana": "ヤグチ",
    "street": "３丁目２４−１",
    "office_name": "株式会社　桂川精螺製作所",
    "office_name_kana": "カブシキガイシヤ カツラガワセイラセイサクシヨ"
  },
  "8531": {
    "postcode": "1468531",
    "prefecture": "東京都",
    "prefecture_kana": "トウキョウト",
    "prefecture_code": 13,
    "city": "大田区",
    "city_kana": "オオタク",
    "town": "池上",
    "town_kana": "イケガミ",
    "street": "６丁目１−１９",
    "office_name": "医療法人　社団松和会　池上総合病院",
    "office_name_kana": "イリヨウホウジン シヤダンシヨウワカイ イケガミソウゴウビヨウイン"
  },
  "8540": {
    "postcode": "1468540",
    "prefecture": "東京都",
    "prefecture_kana": "トウキョウト",
    "prefecture_code": 13,
    "city": "大田区",
    "city_kana": "オオタク",
    "town": "千鳥",
    "town_kana": "チドリ",
    "street": "２丁目９ー１８",
    "office_name": "松下電工制御テクノ　株式会社",
    "office_name_kana": "マツシタデンコウセイギヨテクノ カブシキガイシヤ"
  },
  "8543": {
    "postcode": "1468543",
    "prefecture": "東京都",
    "prefecture_kana": "トウキョウト",
    "prefecture_code": 13,
    "city": "大田区",
    "city_kana": "オオタク",
    "town": "矢口",
    "town_kana": "ヤグチ",
    "street": "２丁目５−２５",
    "office_name": "株式会社　稲葉製作所",
    "office_name_kana": "カブシキガイシヤ イナバセイサクシヨ"
  },
  "8544": {
    "postcode": "1468544",
    "prefecture": "東京都",
    "prefecture_kana": "トウキョウト",
    "prefecture_code": 13,
    "city": "大田区",
    "city_kana": "オオタク",
    "town": "池上",
    "town_kana": "イケガミ",
    "street": "１丁目３２−１５",
    "office_name": "宗教法人　日蓮宗宗務院",
    "office_name_kana": "シユウキヨウホウジン ニチレンシユウシユウムイン"
  },
  "8551": {
    "postcode": "1468551",
    "prefecture": "東京都",
    "prefecture_kana": "トウキョウト",
    "prefecture_code": 13,
    "city": "大田区",
    "city_kana": "オオタク",
    "town": "下丸子",
    "town_kana": "シモマルコ",
    "street": "２丁目２７−１",
    "office_name": "日本電熱計器　株式会社",
    "office_name_kana": "ニホンデンネツケイキ カブシキガイシヤ"
  },
  "8555": {
    "postcode": "1468555",
    "prefecture": "東京都",
    "prefecture_kana": "トウキョウト",
    "prefecture_code": 13,
    "city": "大田区",
    "city_kana": "オオタク",
    "town": "仲池上",
    "town_kana": "ナカイケガミ",
    "street": "２丁目９−４",
    "office_name": "日東工器　株式会社",
    "office_name_kana": "ニツトウコウキ カブシキガイシヤ"
  },
  "8558": {
    "postcode": "1468558",
    "prefecture": "東京都",
    "prefecture_kana": "トウキョウト",
    "prefecture_code": 13,
    "city": "大田区",
    "city_kana": "オオタク",
    "town": "下丸子",
    "town_kana": "シモマルコ",
    "street": "２丁目１３−１",
    "office_name": "三井精機工業　株式会社",
    "office_name_kana": "ミツイセイキコウギヨウ カブシキガイシヤ"
  },
  "8567": {
    "postcode": "1468567",
    "prefecture": "東京都",
    "prefecture_kana": "トウキョウト",
    "prefecture_code": 13,
    "city": "大田区",
    "city_kana": "オオタク",
    "town": "池上",
    "town_kana": "イケガミ",
    "street": "５丁目６−１６",
    "office_name": "池上通信機　株式会社",
    "office_name_kana": "イケガミツウシンキ カブシキガイシヤ"
  },
  "8576": {
    "postcode": "1468576",
    "prefecture": "東京都",
    "prefecture_kana": "トウキョウト",
    "prefecture_code": 13,
    "city": "大田区",
    "city_kana": "オオタク",
    "town": "池上",
    "town_kana": "イケガミ",
    "street": "１丁目１−１",
    "office_name": "池上　本門寺",
    "office_name_kana": "イケガミ ホンモンジ"
  },
  "8577": {
    "postcode": "1468577",
    "prefecture": "東京都",
    "prefecture_kana": "トウキョウト",
    "prefecture_code": 13,
    "city": "大田区",
    "city_kana": "オオタク",
    "town": "鵜の木",
    "town_kana": "ウノキ",
    "street": "２丁目８−４",
    "office_name": "株式会社　金羊社",
    "office_name_kana": "カブシキガイシヤ キンヨウシヤ"
  },
  "8580": {
    "postcode": "1468580",
    "prefecture": "東京都",
    "prefecture_kana": "トウキョウト",
    "prefecture_code": 13,
    "city": "大田区",
    "city_kana": "オオタク",
    "town": "久が原",
    "town_kana": "クガハラ",
    "street": "５丁目１３−１２",
    "office_name": "株式会社　寺岡精工",
    "office_name_kana": "カブシキガイシヤ テラオカセイコウ"
  },
  "8585": {
    "postcode": "1468585",
    "prefecture": "東京都",
    "prefecture_kana": "トウキョウト",
    "prefecture_code": 13,
    "city": "大田区",
    "city_kana": "オオタク",
    "town": "下丸子",
    "town_kana": "シモマルコ",
    "street": "４丁目２１−１",
    "office_name": "株式会社　三桂製作所",
    "office_name_kana": "カブシキガイシヤ サンケイセイサクシヨ"
  },
  "8588": {
    "postcode": "1468588",
    "prefecture": "東京都",
    "prefecture_kana": "トウキョウト",
    "prefecture_code": 13,
    "city": "大田区",
    "city_kana": "オオタク",
    "town": "池上",
    "town_kana": "イケガミ",
    "street": "８丁目２６−１",
    "office_name": "日体荏原高等学校",
    "office_name_kana": "ニツタイエバラコウトウガツコウ"
  },
  "8601": {
    "postcode": "1468601",
    "prefecture": "東京都",
    "prefecture_kana": "トウキョウト",
    "prefecture_code": 13,
    "city": "大田区",
    "city_kana": "オオタク",
    "town": "多摩川",
    "town_kana": "タマガワ",
    "street": "２丁目１９−３",
    "office_name": "株式会社　ＴＫＲ",
    "office_name_kana": "カブシキガイシヤ テ-ケイア-ル"
  },
  "8610": {
    "postcode": "1468610",
    "prefecture": "東京都",
    "prefecture_kana": "トウキョウト",
    "prefecture_code": 13,
    "city": "大田区",
    "city_kana": "オオタク",
    "town": "池上",
    "town_kana": "イケガミ",
    "street": "５丁目１２−１７",
    "office_name": "東京電力パワーグリッド　株式会社　品川支社　大田事務所",
    "office_name_kana": "トウキヨウデンリヨクパワ-グリツド カブシキカイシヤ シナガワシシヤ オオタジムシヨ"
  },
  "8620": {
    "postcode": "1468620",
    "prefecture": "東京都",
    "prefecture_kana": "トウキョウト",
    "prefecture_code": 13,
    "city": "大田区",
    "city_kana": "オオタク",
    "town": "下丸子",
    "town_kana": "シモマルコ",
    "street": "２丁目１１−１",
    "office_name": "株式会社　白洋舎　東京支店",
    "office_name_kana": "カブシキガイシヤ ハクヨウシヤ トウキヨウシテン"
  },
  "8623": {
    "postcode": "1468623",
    "prefecture": "東京都",
    "prefecture_kana": "トウキョウト",
    "prefecture_code": 13,
    "city": "大田区",
    "city_kana": "オオタク",
    "town": "千鳥",
    "town_kana": "チドリ",
    "street": "２丁目３９−２８",
    "office_name": "日産部品東京神奈川販売　株式会社",
    "office_name_kana": "ニツサンブヒントウキヨウカナガワハンバイ カブシキガイシヤ"
  },
  "8631": {
    "postcode": "1468631",
    "prefecture": "東京都",
    "prefecture_kana": "トウキョウト",
    "prefecture_code": 13,
    "city": "大田区",
    "city_kana": "オオタク",
    "town": "池上",
    "town_kana": "イケガミ",
    "street": "７丁目１７−２３",
    "office_name": "篠田商事　株式会社",
    "office_name_kana": "シノダシヨウジ カブシキガイシヤ"
  },
  "8650": {
    "postcode": "1468650",
    "prefecture": "東京都",
    "prefecture_kana": "トウキョウト",
    "prefecture_code": 13,
    "city": "大田区",
    "city_kana": "オオタク",
    "town": "鵜の木",
    "town_kana": "ウノキ",
    "street": "１丁目５−１２",
    "office_name": "日本プリメックス　（株）",
    "office_name_kana": "ニホンプリメツクス (カブ)"
  },
  "8655": {
    "postcode": "1468655",
    "prefecture": "東京都",
    "prefecture_kana": "トウキョウト",
    "prefecture_code": 13,
    "city": "大田区",
    "city_kana": "オオタク",
    "town": "矢口",
    "town_kana": "ヤグチ",
    "street": "２丁目１−２１",
    "office_name": "株式会社　バンダイナムコゲームス",
    "office_name_kana": "カブシキガイシヤ バンダイナムコゲ-ムス"
  },
  "8656": {
    "postcode": "1468656",
    "prefecture": "東京都",
    "prefecture_kana": "トウキョウト",
    "prefecture_code": 13,
    "city": "大田区",
    "city_kana": "オオタク",
    "town": "多摩川",
    "town_kana": "タマガワ",
    "street": "２丁目８−５",
    "office_name": "株式会社　ナムコ",
    "office_name_kana": "カブシキガイシヤ ナムコ"
  },
  "8666": {
    "postcode": "1468666",
    "prefecture": "東京都",
    "prefecture_kana": "トウキョウト",
    "prefecture_code": 13,
    "city": "大田区",
    "city_kana": "オオタク",
    "town": "池上",
    "town_kana": "イケガミ",
    "street": "５丁目２３−１３",
    "office_name": "太産工業　株式会社",
    "office_name_kana": "タイサンコウギヨウ カブシキガイシヤ"
  },
  "8668": {
    "postcode": "1468668",
    "prefecture": "東京都",
    "prefecture_kana": "トウキョウト",
    "prefecture_code": 13,
    "city": "大田区",
    "city_kana": "オオタク",
    "town": "矢口",
    "town_kana": "ヤグチ",
    "street": "３丁目７−３",
    "office_name": "大宏電機　株式会社",
    "office_name_kana": "ダイコウデンキ カブシキガイシヤ"
  },
  "8677": {
    "postcode": "1468677",
    "prefecture": "東京都",
    "prefecture_kana": "トウキョウト",
    "prefecture_code": 13,
    "city": "大田区",
    "city_kana": "オオタク",
    "town": "下丸子",
    "town_kana": "シモマルコ",
    "street": "３丁目２８−４",
    "office_name": "日本オートマチックマシン",
    "office_name_kana": "ニホンオ-トマチツクマシン"
  }
}