{
  "0000": {
    "postcode": "1520000",
    "prefecture": "東京都",
    "prefecture_kana": "トウキョウト",
    "prefecture_code": 13,
    "city": "目黒区",
    "city_kana": "メグロク",
    "town": "",
    "town_kana": "",
    "street": null,
    "office_name": null,
    "office_name_kana": null
  },
  "0001": {
    "postcode": "1520001",
    "prefecture": "東京都",
    "prefecture_kana": "トウキョウト",
    "prefecture_code": 13,
    "city": "目黒区",
    "city_kana": "メグロク",
    "town": "中央町",
    "town_kana": "チュウオウチョウ",
    "street": null,
    "office_name": null,
    "office_name_kana": null
  },
  "0002": {
    "postcode": "1520002",
    "prefecture": "東京都",
    "prefecture_kana": "トウキョウト",
    "prefecture_code": 13,
    "city": "目黒区",
    "city_kana": "メグロク",
    "town": "目黒本町",
    "town_kana": "メグロホンチョウ",
    "street": null,
    "office_name": null,
    "office_name_kana": null
  },
  "0003": {
    "postcode": "1520003",
    "prefecture": "東京都",
    "prefecture_kana": "トウキョウト",
    "prefecture_code": 13,
    "city": "目黒区",
    "city_kana": "メグロク",
    "town": "碑文谷",
    "town_kana": "ヒモンヤ",
    "street": null,
    "office_name": null,
    "office_name_kana": null
  },
  "0004": {
    "postcode": "1520004",
    "prefecture": "東京都",
    "prefecture_kana": "トウキョウト",
    "prefecture_code": 13,
    "city": "目黒区",
    "city_kana": "メグロク",
    "town": "鷹番",
    "town_kana": "タカバン",
    "street": null,
    "office_name": null,
    "office_name_kana": null
  },
  "0011": {
    "postcode": "1520011",
    "prefecture": "東京都",
    "prefecture_kana": "トウキョウト",
    "prefecture_code": 13,
    "city": "目黒区",
    "city_kana": "メグロク",
    "town": "原町",
    "town_kana": "ハラマチ",
    "street": null,
    "office_name": null,
    "office_name_kana": null
  },
  "0012": {
    "postcode": "1520012",
    "prefecture": "東京都",
    "prefecture_kana": "トウキョウト",
    "prefecture_code": 13,
    "city": "目黒区",
    "city_kana": "メグロク",
    "town": "洗足",
    "town_kana": "センゾク",
    "street": null,
    "office_name": null,
    "office_name_kana": null
  },
  "0013": {
    "postcode": "1520013",
    "prefecture": "東京都",
    "prefecture_kana": "トウキョウト",
    "prefecture_code": 13,
    "city": "目黒区",
    "city_kana": "メグロク",
    "town": "南",
    "town_kana": "ミナミ",
    "street": null,
    "office_name": null,
    "office_name_kana": null
  },
  "0021": {
    "postcode": "1520021",
    "prefecture": "東京都",
    "prefecture_kana": "トウキョウト",
    "prefecture_code": 13,
    "city": "目黒区",
    "city_kana": "メグロク",
    "town": "東が丘",
    "town_kana": "ヒガシガオカ",
    "street": null,
    "office_name": null,
    "office_name_kana": null
  },
  "0022": {
    "postcode": "1520022",
    "prefecture": "東京都",
    "prefecture_kana": "トウキョウト",
    "prefecture_code": 13,
    "city": "目黒区",
    "city_kana": "メグロク",
    "town": "柿の木坂",
    "town_kana": "カキノキザカ",
    "street": null,
    "office_name": null,
    "office_name_kana": null
  },
  "0023": {
    "postcode": "1520023",
    "prefecture": "東京都",
    "prefecture_kana": "トウキョウト",
    "prefecture_code": 13,
    "city": "目黒区",
    "city_kana": "メグロク",
    "town": "八雲",
    "town_kana": "ヤクモ",
    "street": null,
    "office_name": null,
    "office_name_kana": null
  },
  "0031": {
    "postcode": "1520031",
    "prefecture": "東京都",
    "prefecture_kana": "トウキョウト",
    "prefecture_code": 13,
    "city": "目黒区",
    "city_kana": "メグロク",
    "town": "中根",
    "town_kana": "ナカネ",
    "street": null,
    "office_name": null,
    "office_name_kana": null
  },
  "0032": {
    "postcode": "1520032",
    "prefecture": "東京都",
    "prefecture_kana": "トウキョウト",
    "prefecture_code": 13,
    "city": "目黒区",
    "city_kana": "メグロク",
    "town": "平町",
    "town_kana": "タイラマチ",
    "street": null,
    "office_name": null,
    "office_name_kana": null
  },
  "0033": {
    "postcode": "1520033",
    "prefecture": "東京都",
    "prefecture_kana": "トウキョウト",
    "prefecture_code": 13,
    "city": "目黒区",
    "city_kana": "メグロク",
    "town": "大岡山",
    "town_kana": "オオオカヤマ",
    "street": null,
    "office_name": null,
    "office_name_kana": null
  },
  "0034": {
    "postcode": "1520034",
    "prefecture": "東京都",
    "prefecture_kana": "トウキョウト",
    "prefecture_code": 13,
    "city": "目黒区",
    "city_kana": "メグロク",
    "town": "緑が丘",
    "town_kana": "ミドリガオカ",
    "street": null,
    "office_name": null,
    "office_name_kana": null
  },
  "0035": {
    "postcode": "1520035",
    "prefecture": "東京都",
    "prefecture_kana": "トウキョウト",
    "prefecture_code": 13,
    "city": "目黒区",
    "city_kana": "メグロク",
    "town": "自由が丘",
    "town_kana": "ジユウガオカ",
    "street": null,
    "office_name": null,
    "office_name_kana": null
  },
  "8503": {
    "postcode": "1528503",
    "prefecture": "東京都",
    "prefecture_kana": "トウキョウト",
    "prefecture_code": 13,
    "city": "目黒区",
    "city_kana": "メグロク",
    "town": "中央町",
    "town_kana": "チュウオウチョウ",
    "street": "１丁目８−２４",
    "office_name": "光明理化学工業　株式会社",
    "office_name_kana": "コウミヨウリカガクコウギヨウ カブシキガイシヤ"
  },
  "8506": {
    "postcode": "1528506",
    "prefecture": "東京都",
    "prefecture_kana": "トウキョウト",
    "prefecture_code": 13,
    "city": "目黒区",
    "city_kana": "メグロク",
    "town": "中央町",
    "town_kana": "チュウオウチョウ",
    "street": "１丁目５−２",
    "office_name": "エーアイ出版　株式会社",
    "office_name_kana": "エ-アイシユツパン カブシキガイシヤ"
  },
  "8507": {
    "postcode": "1528507",
    "prefecture": "東京都",
    "prefecture_kana": "トウキョウト",
    "prefecture_code": 13,
    "city": "目黒区",
    "city_kana": "メグロク",
    "town": "中央町",
    "town_kana": "チュウオウチョウ",
    "street": "１丁目５−１２",
    "office_name": "株式会社　小笠原計器制作所",
    "office_name_kana": "カブシキガイシヤ オガサワラケイキセイサクジヨ"
  },
  "8508": {
    "postcode": "1528508",
    "prefecture": "東京都",
    "prefecture_kana": "トウキョウト",
    "prefecture_code": 13,
    "city": "目黒区",
    "city_kana": "メグロク",
    "town": "中央町",
    "town_kana": "チュウオウチョウ",
    "street": "１丁目５−１２",
    "office_name": "（株）　日本エレクトリック・インスルメント",
    "office_name_kana": "(カブ) ニホンエレクトリツク・インスルメント"
  },
  "8510": {
    "postcode": "1528510",
    "prefecture": "東京都",
    "prefecture_kana": "トウキョウト",
    "prefecture_code": 13,
    "city": "目黒区",
    "city_kana": "メグロク",
    "town": "鷹番",
    "town_kana": "タカバン",
    "street": "２丁目１４番４号",
    "office_name": "前澤給装工業　株式会社",
    "office_name_kana": "マエザワキユウソウコウギヨウ カブシキガイシヤ"
  },
  "8511": {
    "postcode": "1528511",
    "prefecture": "東京都",
    "prefecture_kana": "トウキョウト",
    "prefecture_code": 13,
    "city": "目黒区",
    "city_kana": "メグロク",
    "town": "鷹番",
    "town_kana": "タカバン",
    "street": "２丁目１４−２",
    "office_name": "株式会社　創育",
    "office_name_kana": "カブシキガイシヤ ソウイク"
  },
  "8520": {
    "postcode": "1528520",
    "prefecture": "東京都",
    "prefecture_kana": "トウキョウト",
    "prefecture_code": 13,
    "city": "目黒区",
    "city_kana": "メグロク",
    "town": "目黒本町",
    "town_kana": "メグロホンチョウ",
    "street": "６丁目１８−１２",
    "office_name": "本多通信工業　株式会社",
    "office_name_kana": "ホンダツウシンコウギヨウ カブシキガイシヤ"
  },
  "8521": {
    "postcode": "1528521",
    "prefecture": "東京都",
    "prefecture_kana": "トウキョウト",
    "prefecture_code": 13,
    "city": "目黒区",
    "city_kana": "メグロク",
    "town": "目黒本町",
    "town_kana": "メグロホンチョウ",
    "street": "１丁目１６−１７",
    "office_name": "東京法務局　目黒出張所",
    "office_name_kana": "トウキヨウホウムキヨク メグロシユツチヨウジヨ"
  },
  "8522": {
    "postcode": "1528522",
    "prefecture": "東京都",
    "prefecture_kana": "トウキョウト",
    "prefecture_code": 13,
    "city": "目黒区",
    "city_kana": "メグロク",
    "town": "目黒本町",
    "town_kana": "メグロホンチョウ",
    "street": "１丁目１６−１７",
    "office_name": "アイア　株式会社",
    "office_name_kana": "アイア カブシキガイシヤ"
  },
  "8525": {
    "postcode": "1528525",
    "prefecture": "東京都",
    "prefecture_kana": "トウキョウト",
    "prefecture_code": 13,
    "city": "目黒区",
    "city_kana": "メグロク",
    "town": "目黒本町",
    "town_kana": "メグロホンチョウ",
    "street": "２丁目１−１２",
    "office_name": "敷島製パン　株式会社　東京事業部",
    "office_name_kana": "シキジマセイパン カブシキガイシヤ トウキヨウジギヨウブ"
  },
  "8527": {
    "postcode": "1528527",
    "prefecture": "東京都",
    "prefecture_kana": "トウキョウト",
    "prefecture_code": 13,
    "city": "目黒区",
    "city_kana": "メグロク",
    "town": "目黒本町",
    "town_kana": "メグロホンチョウ",
    "street": "２丁目２６−１４",
    "office_name": "東京地方裁判所　民事執行センター",
    "office_name_kana": "トウキヨウチホウサイバンシヨ ミンジシツコウセンタ-"
  },
  "8531": {
    "postcode": "1528531",
    "prefecture": "東京都",
    "prefecture_kana": "トウキョウト",
    "prefecture_code": 13,
    "city": "目黒区",
    "city_kana": "メグロク",
    "town": "南",
    "town_kana": "ミナミ",
    "street": "３丁目１３−４",
    "office_name": "プリマハム　株式会社",
    "office_name_kana": "プリマハム カブシキガイシヤ"
  },
  "8532": {
    "postcode": "1528532",
    "prefecture": "東京都",
    "prefecture_kana": "トウキョウト",
    "prefecture_code": 13,
    "city": "目黒区",
    "city_kana": "メグロク",
    "town": "原町",
    "town_kana": "ハラマチ",
    "street": "１丁目３１−９",
    "office_name": "株式会社　ランナーズ",
    "office_name_kana": "カブシキガイシヤ ランナ-ズ"
  },
  "8533": {
    "postcode": "1528533",
    "prefecture": "東京都",
    "prefecture_kana": "トウキョウト",
    "prefecture_code": 13,
    "city": "目黒区",
    "city_kana": "メグロク",
    "town": "原町",
    "town_kana": "ハラマチ",
    "street": "１丁目３１−９",
    "office_name": "株式会社　レックス",
    "office_name_kana": "カブシキガイシヤ レツクス"
  },
  "8535": {
    "postcode": "1528535",
    "prefecture": "東京都",
    "prefecture_kana": "トウキョウト",
    "prefecture_code": 13,
    "city": "目黒区",
    "city_kana": "メグロク",
    "town": "南",
    "town_kana": "ミナミ",
    "street": "２丁目１４−１０",
    "office_name": "東京物産　株式会社",
    "office_name_kana": "トウキヨウブツサン カブシキガイシヤ"
  },
  "8541": {
    "postcode": "1528541",
    "prefecture": "東京都",
    "prefecture_kana": "トウキョウト",
    "prefecture_code": 13,
    "city": "目黒区",
    "city_kana": "メグロク",
    "town": "碑文谷",
    "town_kana": "ヒモンヤ",
    "street": "３丁目１８−９",
    "office_name": "泰榮商工　株式会社",
    "office_name_kana": "タイエイシヨウコウ カブシキガイシヤ"
  },
  "8544": {
    "postcode": "1528544",
    "prefecture": "東京都",
    "prefecture_kana": "トウキョウト",
    "prefecture_code": 13,
    "city": "目黒区",
    "city_kana": "メグロク",
    "town": "碑文谷",
    "town_kana": "ヒモンヤ",
    "street": "４丁目２１−１３Ｍ２Ｆ",
    "office_name": "株式会社　ジャップス",
    "office_name_kana": "カブシキガイシヤ ジヤツプス"
  },
  "8549": {
    "postcode": "1528549",
    "prefecture": "東京都",
    "prefecture_kana": "トウキョウト",
    "prefecture_code": 13,
    "city": "目黒区",
    "city_kana": "メグロク",
    "town": "碑文谷",
    "town_kana": "ヒモンヤ",
    "street": "４丁目２１−１３",
    "office_name": "（株）　エディトリアル・クリッパー",
    "office_name_kana": "(カブ) エデイトリアル・クリツパ-"
  },
  "8550": {
    "postcode": "1528550",
    "prefecture": "東京都",
    "prefecture_kana": "トウキョウト",
    "prefecture_code": 13,
    "city": "目黒区",
    "city_kana": "メグロク",
    "town": "大岡山",
    "town_kana": "オオオカヤマ",
    "street": "２丁目１２−１",
    "office_name": "東京工業大学",
    "office_name_kana": "トウキヨウコウギヨウダイガク"
  },
  "8551": {
    "postcode": "1528551",
    "prefecture": "東京都",
    "prefecture_kana": "トウキョウト",
    "prefecture_code": 13,
    "city": "目黒区",
    "city_kana": "メグロク",
    "town": "大岡山",
    "town_kana": "オオオカヤマ",
    "street": "２丁目１２−１",
    "office_name": "東京工業大学　理学部",
    "office_name_kana": "トウキヨウコウギヨウダイガク リガクブ"
  },
  "8552": {
    "postcode": "1528552",
    "prefecture": "東京都",
    "prefecture_kana": "トウキョウト",
    "prefecture_code": 13,
    "city": "目黒区",
    "city_kana": "メグロク",
    "town": "大岡山",
    "town_kana": "オオオカヤマ",
    "street": "２丁目１２−１",
    "office_name": "東京工業大学　工学部",
    "office_name_kana": "トウキヨウコウギヨウダイガク コウガクブ"
  },
  "8558": {
    "postcode": "1528558",
    "prefecture": "東京都",
    "prefecture_kana": "トウキョウト",
    "prefecture_code": 13,
    "city": "目黒区",
    "city_kana": "メグロク",
    "town": "東が丘",
    "town_kana": "ヒガシガオカ",
    "street": "２−５−２３",
    "office_name": "東京医療保健大学　東が丘看護学部",
    "office_name_kana": "トウキヨウイリヨウホケンダイガク ヒガシガオカカンゴガクブ"
  },
  "8561": {
    "postcode": "1528561",
    "prefecture": "東京都",
    "prefecture_kana": "トウキョウト",
    "prefecture_code": 13,
    "city": "目黒区",
    "city_kana": "メグロク",
    "town": "自由が丘",
    "town_kana": "ジユウガオカ",
    "street": "２丁目１２−１５",
    "office_name": "大和証券　株式会社　自由が丘支店",
    "office_name_kana": "ダイワシヨウケン カブシキカイシヤ ジユウガオカシテン"
  },
  "8570": {
    "postcode": "1528570",
    "prefecture": "東京都",
    "prefecture_kana": "トウキョウト",
    "prefecture_code": 13,
    "city": "目黒区",
    "city_kana": "メグロク",
    "town": "中根",
    "town_kana": "ナカネ",
    "street": "２丁目２−１３",
    "office_name": "キヤノンプレシジョン　株式会社",
    "office_name_kana": "キヤノンプレシジヨン カブシキガイシヤ"
  },
  "8578": {
    "postcode": "1528578",
    "prefecture": "東京都",
    "prefecture_kana": "トウキョウト",
    "prefecture_code": 13,
    "city": "目黒区",
    "city_kana": "メグロク",
    "town": "中根",
    "town_kana": "ナカネ",
    "street": "２丁目３−１９",
    "office_name": "株式会社　牧野フライス製作所",
    "office_name_kana": "カブシキガイシヤ マキノフライスセイサクシヨ"
  },
  "8601": {
    "postcode": "1528601",
    "prefecture": "東京都",
    "prefecture_kana": "トウキョウト",
    "prefecture_code": 13,
    "city": "目黒区",
    "city_kana": "メグロク",
    "town": "碑文谷",
    "town_kana": "ヒモンヤ",
    "street": "５丁目１６−１９（目黒郵便局私書箱第８号）",
    "office_name": "株式会社　平凡社",
    "office_name_kana": "カブシキガイシヤ ヘイボンシヤ"
  },
  "8621": {
    "postcode": "1528621",
    "prefecture": "東京都",
    "prefecture_kana": "トウキョウト",
    "prefecture_code": 13,
    "city": "目黒区",
    "city_kana": "メグロク",
    "town": "東が丘",
    "town_kana": "ヒガシガオカ",
    "street": "２丁目５−２１",
    "office_name": "独立行政法人　国立病院機構本部",
    "office_name_kana": "ドクリツギヨウセイホウジン コクリツビヨウインキコウホンブ"
  },
  "8902": {
    "postcode": "1528902",
    "prefecture": "東京都",
    "prefecture_kana": "トウキョウト",
    "prefecture_code": 13,
    "city": "目黒区",
    "city_kana": "メグロク",
    "town": "東が丘",
    "town_kana": "ヒガシガオカ",
    "street": "２丁目５−１",
    "office_name": "独立行政法人　国立病院機構　東京医療センター",
    "office_name_kana": "ドクリツギヨウセイホウジン コクリツビヨウインキコウ トウキヨウイリヨウセンタ-"
  },
  "8904": [
    {
      "postcode": "1528904",
      "prefecture": "東京都",
      "prefecture_kana": "トウキョウト",
      "prefecture_code": 13,
      "city": "目黒区",
      "city_kana": "メグロク",
      "town": "自由が丘",
      "town_kana": "ジユウガオカ",
      "street": "１丁目１５番１２号",
      "office_name": "株式会社　ａｎｏｖａｎ",
      "office_name_kana": "カブシキガイシヤ アノヴアン"
    },
    {
      "postcode": "1528904",
      "prefecture": "東京都",
      "prefecture_kana": "トウキョウト",
      "prefecture_code": 13,
      "city": "目黒区",
      "city_kana": "メグロク",
      "town": "自由が丘",
      "town_kana": "ジユウガオカ",
      "street": "１丁目１５番１２号",
      "office_name": "株式会社　亀万",
      "office_name_kana": "カブシキガイシヤ カメマン"
    },
    {
      "postcode": "1528904",
      "prefecture": "東京都",
      "prefecture_kana": "トウキョウト",
      "prefecture_code": 13,
      "city": "目黒区",
      "city_kana": "メグロク",
      "town": "自由が丘",
      "town_kana": "ジユウガオカ",
      "street": "１丁目１５−１２",
      "office_name": "株式会社　亀屋万年堂",
      "office_name_kana": "カブシキガイシヤ カメヤマンネンドウ"
    },
    {
      "postcode": "1528904",
      "prefecture": "東京都",
      "prefecture_kana": "トウキョウト",
      "prefecture_code": 13,
      "city": "目黒区",
      "city_kana": "メグロク",
      "town": "自由が丘",
      "town_kana": "ジユウガオカ",
      "street": "１丁目１５−１２",
      "office_name": "亀屋万年堂製菓　株式会社",
      "office_name_kana": "カメヤマンネンドウセイカ カブシキガイシヤ"
    }
  ],
  "8905": {
    "postcode": "1528905",
    "prefecture": "東京都",
    "prefecture_kana": "トウキョウト",
    "prefecture_code": 13,
    "city": "目黒区",
    "city_kana": "メグロク",
    "town": "自由が丘",
    "town_kana": "ジユウガオカ",
    "street": "１丁目２４−１７",
    "office_name": "株式会社　私の部屋リビング",
    "office_name_kana": "カブシキガイシヤ ワタシノヘヤリビング"
  },
  "8907": {
    "postcode": "1528907",
    "prefecture": "東京都",
    "prefecture_kana": "トウキョウト",
    "prefecture_code": 13,
    "city": "目黒区",
    "city_kana": "メグロク",
    "town": "大岡山",
    "town_kana": "オオオカヤマ",
    "street": "１丁目３５−２２",
    "office_name": "ニッカン工業　株式会社",
    "office_name_kana": "ニツカンコウギヨウ カブシキガイシヤ"
  },
  "8909": {
    "postcode": "1528909",
    "prefecture": "東京都",
    "prefecture_kana": "トウキョウト",
    "prefecture_code": 13,
    "city": "目黒区",
    "city_kana": "メグロク",
    "town": "碑文谷",
    "town_kana": "ヒモンヤ",
    "street": "６丁目７−２２",
    "office_name": "株式会社　東急ストア",
    "office_name_kana": "カ) トウキユウストア"
  },
  "8910": {
    "postcode": "1528910",
    "prefecture": "東京都",
    "prefecture_kana": "トウキョウト",
    "prefecture_code": 13,
    "city": "目黒区",
    "city_kana": "メグロク",
    "town": "中根",
    "town_kana": "ナカネ",
    "street": "１丁目７−２３",
    "office_name": "日本オンライン整備　株式会社",
    "office_name_kana": "ニツポンオンラインセイビ カブシキガイシヤ"
  },
  "8913": {
    "postcode": "1528913",
    "prefecture": "東京都",
    "prefecture_kana": "トウキョウト",
    "prefecture_code": 13,
    "city": "目黒区",
    "city_kana": "メグロク",
    "town": "目黒本町",
    "town_kana": "メグロホンチョウ",
    "street": "２丁目９−８",
    "office_name": "六桜商事　株式会社",
    "office_name_kana": "ロクオウシヨウジ カブシキガイシヤ"
  }
}