{
  "0041": {
    "postcode": "1560041",
    "prefecture": "東京都",
    "prefecture_kana": "トウキョウト",
    "prefecture_code": 13,
    "city": "世田谷区",
    "city_kana": "セタガヤク",
    "town": "大原",
    "town_kana": "オオハラ",
    "street": null,
    "office_name": null,
    "office_name_kana": null
  },
  "0042": {
    "postcode": "1560042",
    "prefecture": "東京都",
    "prefecture_kana": "トウキョウト",
    "prefecture_code": 13,
    "city": "世田谷区",
    "city_kana": "セタガヤク",
    "town": "羽根木",
    "town_kana": "ハネギ",
    "street": null,
    "office_name": null,
    "office_name_kana": null
  },
  "0043": {
    "postcode": "1560043",
    "prefecture": "東京都",
    "prefecture_kana": "トウキョウト",
    "prefecture_code": 13,
    "city": "世田谷区",
    "city_kana": "セタガヤク",
    "town": "松原",
    "town_kana": "マツバラ",
    "street": null,
    "office_name": null,
    "office_name_kana": null
  },
  "0044": {
    "postcode": "1560044",
    "prefecture": "東京都",
    "prefecture_kana": "トウキョウト",
    "prefecture_code": 13,
    "city": "世田谷区",
    "city_kana": "セタガヤク",
    "town": "赤堤",
    "town_kana": "アカツツミ",
    "street": null,
    "office_name": null,
    "office_name_kana": null
  },
  "0045": {
    "postcode": "1560045",
    "prefecture": "東京都",
    "prefecture_kana": "トウキョウト",
    "prefecture_code": 13,
    "city": "世田谷区",
    "city_kana": "セタガヤク",
    "town": "桜上水",
    "town_kana": "サクラジョウスイ",
    "street": null,
    "office_name": null,
    "office_name_kana": null
  },
  "0051": {
    "postcode": "1560051",
    "prefecture": "東京都",
    "prefecture_kana": "トウキョウト",
    "prefecture_code": 13,
    "city": "世田谷区",
    "city_kana": "セタガヤク",
    "town": "宮坂",
    "town_kana": "ミヤサカ",
    "street": null,
    "office_name": null,
    "office_name_kana": null
  },
  "0052": {
    "postcode": "1560052",
    "prefecture": "東京都",
    "prefecture_kana": "トウキョウト",
    "prefecture_code": 13,
    "city": "世田谷区",
    "city_kana": "セタガヤク",
    "town": "経堂",
    "town_kana": "キョウドウ",
    "street": null,
    "office_name": null,
    "office_name_kana": null
  },
  "0053": {
    "postcode": "1560053",
    "prefecture": "東京都",
    "prefecture_kana": "トウキョウト",
    "prefecture_code": 13,
    "city": "世田谷区",
    "city_kana": "セタガヤク",
    "town": "桜",
    "town_kana": "サクラ",
    "street": null,
    "office_name": null,
    "office_name_kana": null
  },
  "0054": {
    "postcode": "1560054",
    "prefecture": "東京都",
    "prefecture_kana": "トウキョウト",
    "prefecture_code": 13,
    "city": "世田谷区",
    "city_kana": "セタガヤク",
    "town": "桜丘",
    "town_kana": "サクラガオカ",
    "street": null,
    "office_name": null,
    "office_name_kana": null
  },
  "0055": {
    "postcode": "1560055",
    "prefecture": "東京都",
    "prefecture_kana": "トウキョウト",
    "prefecture_code": 13,
    "city": "世田谷区",
    "city_kana": "セタガヤク",
    "town": "船橋",
    "town_kana": "フナバシ",
    "street": null,
    "office_name": null,
    "office_name_kana": null
  },
  "0056": {
    "postcode": "1560056",
    "prefecture": "東京都",
    "prefecture_kana": "トウキョウト",
    "prefecture_code": 13,
    "city": "世田谷区",
    "city_kana": "セタガヤク",
    "town": "八幡山",
    "town_kana": "ハチマンヤマ",
    "street": null,
    "office_name": null,
    "office_name_kana": null
  },
  "0057": {
    "postcode": "1560057",
    "prefecture": "東京都",
    "prefecture_kana": "トウキョウト",
    "prefecture_code": 13,
    "city": "世田谷区",
    "city_kana": "セタガヤク",
    "town": "上北沢",
    "town_kana": "カミキタザワ",
    "street": null,
    "office_name": null,
    "office_name_kana": null
  },
  "8502": {
    "postcode": "1568502",
    "prefecture": "東京都",
    "prefecture_kana": "トウキョウト",
    "prefecture_code": 13,
    "city": "世田谷区",
    "city_kana": "セタガヤク",
    "town": "桜丘",
    "town_kana": "サクラガオカ",
    "street": "１丁目１−１",
    "office_name": "学校法人　東京農業大学",
    "office_name_kana": "ガツコウホウジン トウキヨウノウギヨウダイガク"
  },
  "8504": {
    "postcode": "1568504",
    "prefecture": "東京都",
    "prefecture_kana": "トウキョウト",
    "prefecture_code": 13,
    "city": "世田谷区",
    "city_kana": "セタガヤク",
    "town": "桜丘",
    "town_kana": "サクラガオカ",
    "street": "１丁目１−１",
    "office_name": "東京農業大学　常磐松学生会館",
    "office_name_kana": "トウキヨウノウギヨウダイガク トキワマツガクセイカイカン"
  },
  "8506": {
    "postcode": "1568506",
    "prefecture": "東京都",
    "prefecture_kana": "トウキョウト",
    "prefecture_code": 13,
    "city": "世田谷区",
    "city_kana": "セタガヤク",
    "town": "上北沢",
    "town_kana": "カミキタザワ",
    "street": "２−１−６",
    "office_name": "財団法人　東京都医学総合研究所",
    "office_name_kana": "ザイダンホウジン トウキヨウトイガクソウゴウケンキユウジヨ"
  },
  "8510": {
    "postcode": "1568510",
    "prefecture": "東京都",
    "prefecture_kana": "トウキョウト",
    "prefecture_code": 13,
    "city": "世田谷区",
    "city_kana": "セタガヤク",
    "town": "松原",
    "town_kana": "マツバラ",
    "street": "３丁目４０−７パインフィールドビル６０１",
    "office_name": "株式会社　玉川繊維工業所",
    "office_name_kana": "カブシキガイシヤ タマガワセンイコウギヨウジヨ"
  },
  "8511": {
    "postcode": "1568511",
    "prefecture": "東京都",
    "prefecture_kana": "トウキョウト",
    "prefecture_code": 13,
    "city": "世田谷区",
    "city_kana": "セタガヤク",
    "town": "上北沢",
    "town_kana": "カミキタザワ",
    "street": "５丁目１１−１",
    "office_name": "東京いすゞ自動車　株式会社",
    "office_name_kana": "トウキヨウイスズジドウシヤ カブシキガイシヤ"
  },
  "8520": {
    "postcode": "1568520",
    "prefecture": "東京都",
    "prefecture_kana": "トウキョウト",
    "prefecture_code": 13,
    "city": "世田谷区",
    "city_kana": "セタガヤク",
    "town": "船橋",
    "town_kana": "フナバシ",
    "street": "５丁目８番１号",
    "office_name": "学校法人　恵泉女学園",
    "office_name_kana": "ガツコウホウジン ケイセンジヨガクエン"
  },
  "8522": {
    "postcode": "1568522",
    "prefecture": "東京都",
    "prefecture_kana": "トウキョウト",
    "prefecture_code": 13,
    "city": "世田谷区",
    "city_kana": "セタガヤク",
    "town": "桜丘",
    "town_kana": "サクラガオカ",
    "street": "５丁目５０−１６",
    "office_name": "東京都水道局　世田谷西営業所",
    "office_name_kana": "トウキヨウトスイドウキヨク セタガヤニシエイギヨウシヨ"
  },
  "8533": {
    "postcode": "1568533",
    "prefecture": "東京都",
    "prefecture_kana": "トウキョウト",
    "prefecture_code": 13,
    "city": "世田谷区",
    "city_kana": "セタガヤク",
    "town": "経堂",
    "town_kana": "キョウドウ",
    "street": "１丁目４１−１６",
    "office_name": "日本アイ・ビー・エム・ビズインテック　株式会社",
    "office_name_kana": "ニホンアイ・ビ-・エム・ビズインテツク カブシキガイシヤ"
  },
  "8555": {
    "postcode": "1568555",
    "prefecture": "東京都",
    "prefecture_kana": "トウキョウト",
    "prefecture_code": 13,
    "city": "世田谷区",
    "city_kana": "セタガヤク",
    "town": "松原",
    "town_kana": "マツバラ",
    "street": "６丁目１３−１０",
    "office_name": "北沢税務署",
    "office_name_kana": "キタザワゼイムシヨ"
  },
  "8588": {
    "postcode": "1568588",
    "prefecture": "東京都",
    "prefecture_kana": "トウキョウト",
    "prefecture_code": 13,
    "city": "世田谷区",
    "city_kana": "セタガヤク",
    "town": "上北沢",
    "town_kana": "カミキタザワ",
    "street": "５丁目３７−１８",
    "office_name": "キーウェアソリューションズ　（株）",
    "office_name_kana": "キ-ウエアソリユ-シヨンズ (カブ)"
  },
  "8666": {
    "postcode": "1568666",
    "prefecture": "東京都",
    "prefecture_kana": "トウキョウト",
    "prefecture_code": 13,
    "city": "世田谷区",
    "city_kana": "セタガヤク",
    "town": "経堂",
    "town_kana": "キョウドウ",
    "street": "５丁目３８−２０",
    "office_name": "株式会社　美好屋商店",
    "office_name_kana": "カブシキガイシヤ ミヨシヤシヨウテン"
  }
}