{
  "0014": {
    "postcode": "1710014",
    "prefecture": "東京都",
    "prefecture_kana": "トウキョウト",
    "prefecture_code": 13,
    "city": "豊島区",
    "city_kana": "トシマク",
    "town": "池袋",
    "town_kana": "イケブクロ",
    "street": null,
    "office_name": null,
    "office_name_kana": null
  },
  "0021": {
    "postcode": "1710021",
    "prefecture": "東京都",
    "prefecture_kana": "トウキョウト",
    "prefecture_code": 13,
    "city": "豊島区",
    "city_kana": "トシマク",
    "town": "西池袋",
    "town_kana": "ニシイケブクロ",
    "street": null,
    "office_name": null,
    "office_name_kana": null
  },
  "0022": {
    "postcode": "1710022",
    "prefecture": "東京都",
    "prefecture_kana": "トウキョウト",
    "prefecture_code": 13,
    "city": "豊島区",
    "city_kana": "トシマク",
    "town": "南池袋",
    "town_kana": "ミナミイケブクロ",
    "street": null,
    "office_name": null,
    "office_name_kana": null
  },
  "0031": {
    "postcode": "1710031",
    "prefecture": "東京都",
    "prefecture_kana": "トウキョウト",
    "prefecture_code": 13,
    "city": "豊島区",
    "city_kana": "トシマク",
    "town": "目白",
    "town_kana": "メジロ",
    "street": null,
    "office_name": null,
    "office_name_kana": null
  },
  "0032": {
    "postcode": "1710032",
    "prefecture": "東京都",
    "prefecture_kana": "トウキョウト",
    "prefecture_code": 13,
    "city": "豊島区",
    "city_kana": "トシマク",
    "town": "雑司が谷",
    "town_kana": "ゾウシガヤ",
    "street": null,
    "office_name": null,
    "office_name_kana": null
  },
  "0033": {
    "postcode": "1710033",
    "prefecture": "東京都",
    "prefecture_kana": "トウキョウト",
    "prefecture_code": 13,
    "city": "豊島区",
    "city_kana": "トシマク",
    "town": "高田",
    "town_kana": "タカダ",
    "street": null,
    "office_name": null,
    "office_name_kana": null
  },
  "0041": {
    "postcode": "1710041",
    "prefecture": "東京都",
    "prefecture_kana": "トウキョウト",
    "prefecture_code": 13,
    "city": "豊島区",
    "city_kana": "トシマク",
    "town": "千川",
    "town_kana": "センカワ",
    "street": null,
    "office_name": null,
    "office_name_kana": null
  },
  "0042": {
    "postcode": "1710042",
    "prefecture": "東京都",
    "prefecture_kana": "トウキョウト",
    "prefecture_code": 13,
    "city": "豊島区",
    "city_kana": "トシマク",
    "town": "高松",
    "town_kana": "タカマツ",
    "street": null,
    "office_name": null,
    "office_name_kana": null
  },
  "0043": {
    "postcode": "1710043",
    "prefecture": "東京都",
    "prefecture_kana": "トウキョウト",
    "prefecture_code": 13,
    "city": "豊島区",
    "city_kana": "トシマク",
    "town": "要町",
    "town_kana": "カナメチョウ",
    "street": null,
    "office_name": null,
    "office_name_kana": null
  },
  "0044": {
    "postcode": "1710044",
    "prefecture": "東京都",
    "prefecture_kana": "トウキョウト",
    "prefecture_code": 13,
    "city": "豊島区",
    "city_kana": "トシマク",
    "town": "千早",
    "town_kana": "チハヤ",
    "street": null,
    "office_name": null,
    "office_name_kana": null
  },
  "0051": {
    "postcode": "1710051",
    "prefecture": "東京都",
    "prefecture_kana": "トウキョウト",
    "prefecture_code": 13,
    "city": "豊島区",
    "city_kana": "トシマク",
    "town": "長崎",
    "town_kana": "ナガサキ",
    "street": null,
    "office_name": null,
    "office_name_kana": null
  },
  "0052": {
    "postcode": "1710052",
    "prefecture": "東京都",
    "prefecture_kana": "トウキョウト",
    "prefecture_code": 13,
    "city": "豊島区",
    "city_kana": "トシマク",
    "town": "南長崎",
    "town_kana": "ミナミナガサキ",
    "street": null,
    "office_name": null,
    "office_name_kana": null
  },
  "8422": {
    "postcode": "1718422",
    "prefecture": "東京都",
    "prefecture_kana": "トウキョウト",
    "prefecture_code": 13,
    "city": "豊島区",
    "city_kana": "トシマク",
    "town": "南池袋",
    "town_kana": "ミナミイケブクロ",
    "street": "２丁目４５−１",
    "office_name": "豊島区役所",
    "office_name_kana": "トシマクヤクシヨ"
  },
  "8501": {
    "postcode": "1718501",
    "prefecture": "東京都",
    "prefecture_kana": "トウキョウト",
    "prefecture_code": 13,
    "city": "豊島区",
    "city_kana": "トシマク",
    "town": "西池袋",
    "town_kana": "ニシイケブクロ",
    "street": "３丁目３４−１",
    "office_name": "立教大学",
    "office_name_kana": "リツキヨウダイガク"
  },
  "8502": {
    "postcode": "1718502",
    "prefecture": "東京都",
    "prefecture_kana": "トウキョウト",
    "prefecture_code": 13,
    "city": "豊島区",
    "city_kana": "トシマク",
    "town": "池袋",
    "town_kana": "イケブクロ",
    "street": "４丁目３０−２０",
    "office_name": "池袋労働基準監督署",
    "office_name_kana": "イケブクロロウドウキジユンカントクシヨ"
  },
  "8503": {
    "postcode": "1718503",
    "prefecture": "東京都",
    "prefecture_kana": "トウキョウト",
    "prefecture_code": 13,
    "city": "豊島区",
    "city_kana": "トシマク",
    "town": "池袋",
    "town_kana": "イケブクロ",
    "street": "３丁目１−２",
    "office_name": "財団法人　関東電気保安協会",
    "office_name_kana": "ザイダンホウジン カントウデンキホアンキヨウカイ"
  },
  "8505": {
    "postcode": "1718505",
    "prefecture": "東京都",
    "prefecture_kana": "トウキョウト",
    "prefecture_code": 13,
    "city": "豊島区",
    "city_kana": "トシマク",
    "town": "西池袋",
    "town_kana": "ニシイケブクロ",
    "street": "１丁目６−１",
    "office_name": "ホテルメトロポリタン",
    "office_name_kana": "ホテルメトロポリタン"
  },
  "8507": {
    "postcode": "1718507",
    "prefecture": "東京都",
    "prefecture_kana": "トウキョウト",
    "prefecture_code": 13,
    "city": "豊島区",
    "city_kana": "トシマク",
    "town": "池袋",
    "town_kana": "イケブクロ",
    "street": "４丁目３０−２０",
    "office_name": "東京法務局　豊島出張所",
    "office_name_kana": "トウキヨウホウムキヨク トシマシユツチヨウシヨ"
  },
  "8508": {
    "postcode": "1718508",
    "prefecture": "東京都",
    "prefecture_kana": "トウキョウト",
    "prefecture_code": 13,
    "city": "豊島区",
    "city_kana": "トシマク",
    "town": "西池袋",
    "town_kana": "ニシイケブクロ",
    "street": "１丁目７−７",
    "office_name": "三菱信託銀行　株式会社　証券代行部",
    "office_name_kana": "ミツビシシンタクギンコウ カブシキガイシヤ シヨウケンダイコウブ"
  },
  "8510": {
    "postcode": "1718510",
    "prefecture": "東京都",
    "prefecture_kana": "トウキョウト",
    "prefecture_code": 13,
    "city": "豊島区",
    "city_kana": "トシマク",
    "town": "西池袋",
    "town_kana": "ニシイケブクロ",
    "street": "２丁目２０−１６",
    "office_name": "株式会社　婦人之友社",
    "office_name_kana": "カブシキガイシヤ フジンノトモシヤ"
  },
  "8511": {
    "postcode": "1718511",
    "prefecture": "東京都",
    "prefecture_kana": "トウキョウト",
    "prefecture_code": 13,
    "city": "豊島区",
    "city_kana": "トシマク",
    "town": "西池袋",
    "town_kana": "ニシイケブクロ",
    "street": "１丁目１５−７",
    "office_name": "株式会社　建築資料研究社",
    "office_name_kana": "カブシキガイシヤ ケンチクシリヨウケンキユウシヤ"
  },
  "8512": {
    "postcode": "1718512",
    "prefecture": "東京都",
    "prefecture_kana": "トウキョウト",
    "prefecture_code": 13,
    "city": "豊島区",
    "city_kana": "トシマク",
    "town": "西池袋",
    "town_kana": "ニシイケブクロ",
    "street": "１丁目１−２５",
    "office_name": "株式会社　東武百貨店　池袋店",
    "office_name_kana": "カブシキガイシヤ トウブヒヤツカテン イケブクロテン"
  },
  "8514": {
    "postcode": "1718514",
    "prefecture": "東京都",
    "prefecture_kana": "トウキョウト",
    "prefecture_code": 13,
    "city": "豊島区",
    "city_kana": "トシマク",
    "town": "高田",
    "town_kana": "タカダ",
    "street": "３丁目１９−１０明治安田生命高田馬場第２ビル５階",
    "office_name": "株式会社　日立国際電気サービス",
    "office_name_kana": "カブシキガイシヤ ヒタチコクサイデンキサ-ビス"
  },
  "8516": {
    "postcode": "1718516",
    "prefecture": "東京都",
    "prefecture_kana": "トウキョウト",
    "prefecture_code": 13,
    "city": "豊島区",
    "city_kana": "トシマク",
    "town": "南長崎",
    "town_kana": "ミナミナガサキ",
    "street": "３丁目１６−６",
    "office_name": "日本加除出版　株式会社",
    "office_name_kana": "ニホンカジヨシユツパン カブシキガイシヤ"
  },
  "8518": {
    "postcode": "1718518",
    "prefecture": "東京都",
    "prefecture_kana": "トウキョウト",
    "prefecture_code": 13,
    "city": "豊島区",
    "city_kana": "トシマク",
    "town": "西池袋",
    "town_kana": "ニシイケブクロ",
    "street": "１丁目１１番１号メトロポリタンプラザ１２階",
    "office_name": "（株）　アップルホテルズ",
    "office_name_kana": "カブシキガイシヤ アツプルホテルズ"
  },
  "8520": {
    "postcode": "1718520",
    "prefecture": "東京都",
    "prefecture_kana": "トウキョウト",
    "prefecture_code": 13,
    "city": "豊島区",
    "city_kana": "トシマク",
    "town": "西池袋",
    "town_kana": "ニシイケブクロ",
    "street": "５丁目１７−１４",
    "office_name": "ハナシン　株式会社",
    "office_name_kana": "ハナシン カブシキガイシヤ"
  },
  "8521": {
    "postcode": "1718521",
    "prefecture": "東京都",
    "prefecture_kana": "トウキョウト",
    "prefecture_code": 13,
    "city": "豊島区",
    "city_kana": "トシマク",
    "town": "西池袋",
    "town_kana": "ニシイケブクロ",
    "street": "３丁目３３−２２",
    "office_name": "豊島税務署",
    "office_name_kana": "トシマゼイムシヨ"
  },
  "8522": {
    "postcode": "1718522",
    "prefecture": "東京都",
    "prefecture_kana": "トウキョウト",
    "prefecture_code": 13,
    "city": "豊島区",
    "city_kana": "トシマク",
    "town": "池袋",
    "town_kana": "イケブクロ",
    "street": "４丁目２−１１",
    "office_name": "オリヒロ　株式会社　東京支店",
    "office_name_kana": "オリヒロ カブシキガイシヤ トウキヨウシテン"
  },
  "8523": {
    "postcode": "1718523",
    "prefecture": "東京都",
    "prefecture_kana": "トウキョウト",
    "prefecture_code": 13,
    "city": "豊島区",
    "city_kana": "トシマク",
    "town": "西池袋",
    "town_kana": "ニシイケブクロ",
    "street": "１丁目７−５",
    "office_name": "警視庁　池袋通告センター",
    "office_name_kana": "ケイシチヨウ イケブクロツウコクセンタ-"
  },
  "8524": {
    "postcode": "1718524",
    "prefecture": "東京都",
    "prefecture_kana": "トウキョウト",
    "prefecture_code": 13,
    "city": "豊島区",
    "city_kana": "トシマク",
    "town": "西池袋",
    "town_kana": "ニシイケブクロ",
    "street": "１丁目７−７東京西池袋ビルディング２階",
    "office_name": "東京都水道局　豊島営業所",
    "office_name_kana": "トウキヨウトスイドウキヨク トシマエイギヨウシヨ"
  },
  "8525": {
    "postcode": "1718525",
    "prefecture": "東京都",
    "prefecture_kana": "トウキョウト",
    "prefecture_code": 13,
    "city": "豊島区",
    "city_kana": "トシマク",
    "town": "池袋",
    "town_kana": "イケブクロ",
    "street": "４丁目３２−８",
    "office_name": "リコーエレメックス　株式会社",
    "office_name_kana": "リコ-エレメツクス カブシキガイシヤ"
  },
  "8526": {
    "postcode": "1718526",
    "prefecture": "東京都",
    "prefecture_kana": "トウキョウト",
    "prefecture_code": 13,
    "city": "豊島区",
    "city_kana": "トシマク",
    "town": "西池袋",
    "town_kana": "ニシイケブクロ",
    "street": "１丁目１０−１５",
    "office_name": "養老乃瀧　株式会社",
    "office_name_kana": "ヨウロウノタキ カブシキガイシヤ"
  },
  "8527": {
    "postcode": "1718527",
    "prefecture": "東京都",
    "prefecture_kana": "トウキョウト",
    "prefecture_code": 13,
    "city": "豊島区",
    "city_kana": "トシマク",
    "town": "西池袋",
    "town_kana": "ニシイケブクロ",
    "street": "２丁目２９−１８",
    "office_name": "株式会社　ジェムスタージャパン",
    "office_name_kana": "カブシキガイシヤ ジエムスタ-ジヤパン"
  },
  "8531": {
    "postcode": "1718531",
    "prefecture": "東京都",
    "prefecture_kana": "トウキョウト",
    "prefecture_code": 13,
    "city": "豊島区",
    "city_kana": "トシマク",
    "town": "高田",
    "town_kana": "タカダ",
    "street": "３丁目２９−５",
    "office_name": "綜研化学　株式会社",
    "office_name_kana": "ソウケンカガク カブシキガイシヤ"
  },
  "8539": {
    "postcode": "1718539",
    "prefecture": "東京都",
    "prefecture_kana": "トウキョウト",
    "prefecture_code": 13,
    "city": "豊島区",
    "city_kana": "トシマク",
    "town": "南池袋",
    "town_kana": "ミナミイケブクロ",
    "street": "１丁目１１−２２",
    "office_name": "ワールドファミリー　株式会社",
    "office_name_kana": "ワ-ルドフアミリ- カブシキガイシヤ"
  },
  "8540": {
    "postcode": "1718540",
    "prefecture": "東京都",
    "prefecture_kana": "トウキョウト",
    "prefecture_code": 13,
    "city": "豊島区",
    "city_kana": "トシマク",
    "town": "南池袋",
    "town_kana": "ミナミイケブクロ",
    "street": "３丁目４−５",
    "office_name": "東京音楽大学",
    "office_name_kana": "トウキヨウオンガクダイガク"
  },
  "8544": {
    "postcode": "1718544",
    "prefecture": "東京都",
    "prefecture_kana": "トウキョウト",
    "prefecture_code": 13,
    "city": "豊島区",
    "city_kana": "トシマク",
    "town": "高田",
    "town_kana": "タカダ",
    "street": "２丁目１７−２２",
    "office_name": "東洋ゴム工業　株式会社　東京本社",
    "office_name_kana": "トウヨウゴムコウギヨウ カブシキガイシヤ トウキヨウホンシヤ"
  },
  "8545": {
    "postcode": "1718545",
    "prefecture": "東京都",
    "prefecture_kana": "トウキョウト",
    "prefecture_code": 13,
    "city": "豊島区",
    "city_kana": "トシマク",
    "town": "高田",
    "town_kana": "タカダ",
    "street": "３丁目４１−８",
    "office_name": "中外製薬　株式会社　中央研究所",
    "office_name_kana": "チユウガイセイヤク カブシキガイシヤ チユウオウケンキユウジヨ"
  },
  "8552": {
    "postcode": "1718552",
    "prefecture": "東京都",
    "prefecture_kana": "トウキョウト",
    "prefecture_code": 13,
    "city": "豊島区",
    "city_kana": "トシマク",
    "town": "高田",
    "town_kana": "タカダ",
    "street": "３丁目２３−１２",
    "office_name": "白十字　株式会社",
    "office_name_kana": "ハクジユウジ カブシキガイシヤ"
  },
  "8553": {
    "postcode": "1718553",
    "prefecture": "東京都",
    "prefecture_kana": "トウキョウト",
    "prefecture_code": 13,
    "city": "豊島区",
    "city_kana": "トシマク",
    "town": "高田",
    "town_kana": "タカダ",
    "street": "３丁目７番１１号",
    "office_name": "株式会社　コアマガジン",
    "office_name_kana": "カブシキガイシヤ コアマガジン"
  },
  "8555": {
    "postcode": "1718555",
    "prefecture": "東京都",
    "prefecture_kana": "トウキョウト",
    "prefecture_code": 13,
    "city": "豊島区",
    "city_kana": "トシマク",
    "town": "高田",
    "town_kana": "タカダ",
    "street": "１丁目１８−１",
    "office_name": "オリジン電気　株式会社",
    "office_name_kana": "オリジンデンキ カブシキガイシヤ"
  },
  "8557": {
    "postcode": "1718557",
    "prefecture": "東京都",
    "prefecture_kana": "トウキョウト",
    "prefecture_code": 13,
    "city": "豊島区",
    "city_kana": "トシマク",
    "town": "南池袋",
    "town_kana": "ミナミイケブクロ",
    "street": "１丁目２８−２",
    "office_name": "株式会社　パルコ",
    "office_name_kana": "カブシキガイシヤ パルコ"
  },
  "8558": {
    "postcode": "1718558",
    "prefecture": "東京都",
    "prefecture_kana": "トウキョウト",
    "prefecture_code": 13,
    "city": "豊島区",
    "city_kana": "トシマク",
    "town": "南池袋",
    "town_kana": "ミナミイケブクロ",
    "street": "３丁目８−４",
    "office_name": "エヌピー通信社",
    "office_name_kana": "エヌピ-ツウシンシヤ"
  },
  "8560": {
    "postcode": "1718560",
    "prefecture": "東京都",
    "prefecture_kana": "トウキョウト",
    "prefecture_code": 13,
    "city": "豊島区",
    "city_kana": "トシマク",
    "town": "高田",
    "town_kana": "タカダ",
    "street": "３丁目３１−５",
    "office_name": "株木建設　株式会社　本社",
    "office_name_kana": "カブキケンセツ カブシキガイシヤ ホンシヤ"
  },
  "8561": {
    "postcode": "1718561",
    "prefecture": "東京都",
    "prefecture_kana": "トウキョウト",
    "prefecture_code": 13,
    "city": "豊島区",
    "city_kana": "トシマク",
    "town": "高田",
    "town_kana": "タカダ",
    "street": "３丁目３１−５",
    "office_name": "株木建設　株式会社　東京支店",
    "office_name_kana": "カブキケンセツ カブシキガイシヤ トウキヨウシテン"
  },
  "8568": {
    "postcode": "1718568",
    "prefecture": "東京都",
    "prefecture_kana": "トウキョウト",
    "prefecture_code": 13,
    "city": "豊島区",
    "city_kana": "トシマク",
    "town": "南池袋",
    "town_kana": "ミナミイケブクロ",
    "street": "１−１３−２３池袋ＹＳビル４Ｆ",
    "office_name": "株式会社　清和ライフサービス",
    "office_name_kana": "カブシキガイシヤ セイワライフサ-ビス"
  },
  "8569": {
    "postcode": "1718569",
    "prefecture": "東京都",
    "prefecture_kana": "トウキョウト",
    "prefecture_code": 13,
    "city": "豊島区",
    "city_kana": "トシマク",
    "town": "南池袋",
    "town_kana": "ミナミイケブクロ",
    "street": "１丁目２８−１",
    "office_name": "株式会社　西武百貨店　池袋店",
    "office_name_kana": "カブシキガイシヤ セイブヒヤツカテン イケブクロテン"
  },
  "8570": {
    "postcode": "1718570",
    "prefecture": "東京都",
    "prefecture_kana": "トウキョウト",
    "prefecture_code": 13,
    "city": "豊島区",
    "city_kana": "トシマク",
    "town": "高田",
    "town_kana": "タカダ",
    "street": "３丁目１０番１２号",
    "office_name": "株式会社　白夜書房",
    "office_name_kana": "カブシキカイシヤ ビヤクヤシヨボウ"
  },
  "8572": {
    "postcode": "1718572",
    "prefecture": "東京都",
    "prefecture_kana": "トウキョウト",
    "prefecture_code": 13,
    "city": "豊島区",
    "city_kana": "トシマク",
    "town": "高田",
    "town_kana": "タカダ",
    "street": "２丁目１７−２２−１Ｆ",
    "office_name": "鉱研工業　株式会社",
    "office_name_kana": "コウケンコウギヨウ カブシキガイシヤ"
  },
  "8577": {
    "postcode": "1718577",
    "prefecture": "東京都",
    "prefecture_kana": "トウキョウト",
    "prefecture_code": 13,
    "city": "豊島区",
    "city_kana": "トシマク",
    "town": "南長崎",
    "town_kana": "ミナミナガサキ",
    "street": "６丁目１３−１１",
    "office_name": "（有）　オートショップ馬力屋",
    "office_name_kana": "(ユウ) オ-トシヨツプバリキヤ"
  },
  "8580": {
    "postcode": "1718580",
    "prefecture": "東京都",
    "prefecture_kana": "トウキョウト",
    "prefecture_code": 13,
    "city": "豊島区",
    "city_kana": "トシマク",
    "town": "目白",
    "town_kana": "メジロ",
    "street": "１丁目４番８号",
    "office_name": "株式会社　デサント東京オフィス",
    "office_name_kana": "カブシキガイシヤ デサントトウキヨウオフイス"
  },
  "8582": {
    "postcode": "1718582",
    "prefecture": "東京都",
    "prefecture_kana": "トウキョウト",
    "prefecture_code": 13,
    "city": "豊島区",
    "city_kana": "トシマク",
    "town": "高田",
    "town_kana": "タカダ",
    "street": "２丁目１７番２２号目白中野ビル５Ｆ",
    "office_name": "株式会社　日本ドリコム",
    "office_name_kana": "カブシキガイシヤ ニホンドリコム"
  },
  "8586": {
    "postcode": "1718586",
    "prefecture": "東京都",
    "prefecture_kana": "トウキョウト",
    "prefecture_code": 13,
    "city": "豊島区",
    "city_kana": "トシマク",
    "town": "高田",
    "town_kana": "タカダ",
    "street": "３丁目１１番１７号",
    "office_name": "（財）　実務技能検定協会",
    "office_name_kana": "ザイダンホウジン ジツムギノウケンテイキヨウカイ"
  },
  "8588": {
    "postcode": "1718588",
    "prefecture": "東京都",
    "prefecture_kana": "トウキョウト",
    "prefecture_code": 13,
    "city": "豊島区",
    "city_kana": "トシマク",
    "town": "目白",
    "town_kana": "メジロ",
    "street": "１丁目５番１号",
    "office_name": "学校法人　学習院・学習院大学・学習院幼稚園",
    "office_name_kana": "ガツコウホウジン ガクシユウイン・ガクシユウインダイガク・ガクシユウインヨウチエン"
  }
}