{
  "0000": {
    "postcode": "1940000",
    "prefecture": "東京都",
    "prefecture_kana": "トウキョウト",
    "prefecture_code": 13,
    "city": "町田市",
    "city_kana": "マチダシ",
    "town": "",
    "town_kana": "",
    "street": null,
    "office_name": null,
    "office_name_kana": null
  },
  "0001": {
    "postcode": "1940001",
    "prefecture": "東京都",
    "prefecture_kana": "トウキョウト",
    "prefecture_code": 13,
    "city": "町田市",
    "city_kana": "マチダシ",
    "town": "つくし野",
    "town_kana": "ツクシノ",
    "street": null,
    "office_name": null,
    "office_name_kana": null
  },
  "0002": {
    "postcode": "1940002",
    "prefecture": "東京都",
    "prefecture_kana": "トウキョウト",
    "prefecture_code": 13,
    "city": "町田市",
    "city_kana": "マチダシ",
    "town": "南つくし野",
    "town_kana": "ミナミツクシノ",
    "street": null,
    "office_name": null,
    "office_name_kana": null
  },
  "0003": {
    "postcode": "1940003",
    "prefecture": "東京都",
    "prefecture_kana": "トウキョウト",
    "prefecture_code": 13,
    "city": "町田市",
    "city_kana": "マチダシ",
    "town": "小川",
    "town_kana": "オガワ",
    "street": null,
    "office_name": null,
    "office_name_kana": null
  },
  "0004": {
    "postcode": "1940004",
    "prefecture": "東京都",
    "prefecture_kana": "トウキョウト",
    "prefecture_code": 13,
    "city": "町田市",
    "city_kana": "マチダシ",
    "town": "鶴間",
    "town_kana": "ツルマ",
    "street": null,
    "office_name": null,
    "office_name_kana": null
  },
  "0005": {
    "postcode": "1940005",
    "prefecture": "東京都",
    "prefecture_kana": "トウキョウト",
    "prefecture_code": 13,
    "city": "町田市",
    "city_kana": "マチダシ",
    "town": "南町田",
    "town_kana": "ミナミマチダ",
    "street": null,
    "office_name": null,
    "office_name_kana": null
  },
  "0011": {
    "postcode": "1940011",
    "prefecture": "東京都",
    "prefecture_kana": "トウキョウト",
    "prefecture_code": 13,
    "city": "町田市",
    "city_kana": "マチダシ",
    "town": "成瀬が丘",
    "town_kana": "ナルセガオカ",
    "street": null,
    "office_name": null,
    "office_name_kana": null
  },
  "0012": {
    "postcode": "1940012",
    "prefecture": "東京都",
    "prefecture_kana": "トウキョウト",
    "prefecture_code": 13,
    "city": "町田市",
    "city_kana": "マチダシ",
    "town": "金森",
    "town_kana": "カナモリ",
    "street": null,
    "office_name": null,
    "office_name_kana": null
  },
  "0013": {
    "postcode": "1940013",
    "prefecture": "東京都",
    "prefecture_kana": "トウキョウト",
    "prefecture_code": 13,
    "city": "町田市",
    "city_kana": "マチダシ",
    "town": "原町田",
    "town_kana": "ハラマチダ",
    "street": null,
    "office_name": null,
    "office_name_kana": null
  },
  "0014": {
    "postcode": "1940014",
    "prefecture": "東京都",
    "prefecture_kana": "トウキョウト",
    "prefecture_code": 13,
    "city": "町田市",
    "city_kana": "マチダシ",
    "town": "高ヶ坂",
    "town_kana": "コガサカ",
    "street": null,
    "office_name": null,
    "office_name_kana": null
  },
  "0015": {
    "postcode": "1940015",
    "prefecture": "東京都",
    "prefecture_kana": "トウキョウト",
    "prefecture_code": 13,
    "city": "町田市",
    "city_kana": "マチダシ",
    "town": "金森東",
    "town_kana": "カナモリヒガシ",
    "street": null,
    "office_name": null,
    "office_name_kana": null
  },
  "0021": {
    "postcode": "1940021",
    "prefecture": "東京都",
    "prefecture_kana": "トウキョウト",
    "prefecture_code": 13,
    "city": "町田市",
    "city_kana": "マチダシ",
    "town": "中町",
    "town_kana": "ナカマチ",
    "street": null,
    "office_name": null,
    "office_name_kana": null
  },
  "0022": {
    "postcode": "1940022",
    "prefecture": "東京都",
    "prefecture_kana": "トウキョウト",
    "prefecture_code": 13,
    "city": "町田市",
    "city_kana": "マチダシ",
    "town": "森野",
    "town_kana": "モリノ",
    "street": null,
    "office_name": null,
    "office_name_kana": null
  },
  "0023": {
    "postcode": "1940023",
    "prefecture": "東京都",
    "prefecture_kana": "トウキョウト",
    "prefecture_code": 13,
    "city": "町田市",
    "city_kana": "マチダシ",
    "town": "旭町",
    "town_kana": "アサヒマチ",
    "street": null,
    "office_name": null,
    "office_name_kana": null
  },
  "0031": {
    "postcode": "1940031",
    "prefecture": "東京都",
    "prefecture_kana": "トウキョウト",
    "prefecture_code": 13,
    "city": "町田市",
    "city_kana": "マチダシ",
    "town": "南大谷",
    "town_kana": "ミナミオオヤ",
    "street": null,
    "office_name": null,
    "office_name_kana": null
  },
  "0032": {
    "postcode": "1940032",
    "prefecture": "東京都",
    "prefecture_kana": "トウキョウト",
    "prefecture_code": 13,
    "city": "町田市",
    "city_kana": "マチダシ",
    "town": "本町田",
    "town_kana": "ホンマチダ",
    "street": null,
    "office_name": null,
    "office_name_kana": null
  },
  "0033": {
    "postcode": "1940033",
    "prefecture": "東京都",
    "prefecture_kana": "トウキョウト",
    "prefecture_code": 13,
    "city": "町田市",
    "city_kana": "マチダシ",
    "town": "木曽町",
    "town_kana": "キソマチ",
    "street": null,
    "office_name": null,
    "office_name_kana": null
  },
  "0034": {
    "postcode": "1940034",
    "prefecture": "東京都",
    "prefecture_kana": "トウキョウト",
    "prefecture_code": 13,
    "city": "町田市",
    "city_kana": "マチダシ",
    "town": "根岸町",
    "town_kana": "ネギシマチ",
    "street": null,
    "office_name": null,
    "office_name_kana": null
  },
  "0035": {
    "postcode": "1940035",
    "prefecture": "東京都",
    "prefecture_kana": "トウキョウト",
    "prefecture_code": 13,
    "city": "町田市",
    "city_kana": "マチダシ",
    "town": "忠生",
    "town_kana": "タダオ",
    "street": null,
    "office_name": null,
    "office_name_kana": null
  },
  "0036": {
    "postcode": "1940036",
    "prefecture": "東京都",
    "prefecture_kana": "トウキョウト",
    "prefecture_code": 13,
    "city": "町田市",
    "city_kana": "マチダシ",
    "town": "木曽東",
    "town_kana": "キソヒガシ",
    "street": null,
    "office_name": null,
    "office_name_kana": null
  },
  "0037": {
    "postcode": "1940037",
    "prefecture": "東京都",
    "prefecture_kana": "トウキョウト",
    "prefecture_code": 13,
    "city": "町田市",
    "city_kana": "マチダシ",
    "town": "木曽西",
    "town_kana": "キソニシ",
    "street": null,
    "office_name": null,
    "office_name_kana": null
  },
  "0038": {
    "postcode": "1940038",
    "prefecture": "東京都",
    "prefecture_kana": "トウキョウト",
    "prefecture_code": 13,
    "city": "町田市",
    "city_kana": "マチダシ",
    "town": "根岸",
    "town_kana": "ネギシ",
    "street": null,
    "office_name": null,
    "office_name_kana": null
  },
  "0039": {
    "postcode": "1940039",
    "prefecture": "東京都",
    "prefecture_kana": "トウキョウト",
    "prefecture_code": 13,
    "city": "町田市",
    "city_kana": "マチダシ",
    "town": "藤の台",
    "town_kana": "フジノダイ",
    "street": null,
    "office_name": null,
    "office_name_kana": null
  },
  "0041": {
    "postcode": "1940041",
    "prefecture": "東京都",
    "prefecture_kana": "トウキョウト",
    "prefecture_code": 13,
    "city": "町田市",
    "city_kana": "マチダシ",
    "town": "玉川学園",
    "town_kana": "タマガワガクエン",
    "street": null,
    "office_name": null,
    "office_name_kana": null
  },
  "0042": {
    "postcode": "1940042",
    "prefecture": "東京都",
    "prefecture_kana": "トウキョウト",
    "prefecture_code": 13,
    "city": "町田市",
    "city_kana": "マチダシ",
    "town": "東玉川学園",
    "town_kana": "ヒガシタマガワガクエン",
    "street": null,
    "office_name": null,
    "office_name_kana": null
  },
  "0043": {
    "postcode": "1940043",
    "prefecture": "東京都",
    "prefecture_kana": "トウキョウト",
    "prefecture_code": 13,
    "city": "町田市",
    "city_kana": "マチダシ",
    "town": "成瀬台",
    "town_kana": "ナルセダイ",
    "street": null,
    "office_name": null,
    "office_name_kana": null
  },
  "0044": {
    "postcode": "1940044",
    "prefecture": "東京都",
    "prefecture_kana": "トウキョウト",
    "prefecture_code": 13,
    "city": "町田市",
    "city_kana": "マチダシ",
    "town": "成瀬",
    "town_kana": "ナルセ",
    "street": null,
    "office_name": null,
    "office_name_kana": null
  },
  "0045": {
    "postcode": "1940045",
    "prefecture": "東京都",
    "prefecture_kana": "トウキョウト",
    "prefecture_code": 13,
    "city": "町田市",
    "city_kana": "マチダシ",
    "town": "南成瀬",
    "town_kana": "ミナミナルセ",
    "street": null,
    "office_name": null,
    "office_name_kana": null
  },
  "0046": {
    "postcode": "1940046",
    "prefecture": "東京都",
    "prefecture_kana": "トウキョウト",
    "prefecture_code": 13,
    "city": "町田市",
    "city_kana": "マチダシ",
    "town": "西成瀬",
    "town_kana": "ニシナルセ",
    "street": null,
    "office_name": null,
    "office_name_kana": null
  },
  "0201": {
    "postcode": "1940201",
    "prefecture": "東京都",
    "prefecture_kana": "トウキョウト",
    "prefecture_code": 13,
    "city": "町田市",
    "city_kana": "マチダシ",
    "town": "上小山田町",
    "town_kana": "カミオヤマダマチ",
    "street": null,
    "office_name": null,
    "office_name_kana": null
  },
  "0202": {
    "postcode": "1940202",
    "prefecture": "東京都",
    "prefecture_kana": "トウキョウト",
    "prefecture_code": 13,
    "city": "町田市",
    "city_kana": "マチダシ",
    "town": "下小山田町",
    "town_kana": "シモオヤマダマチ",
    "street": null,
    "office_name": null,
    "office_name_kana": null
  },
  "0203": {
    "postcode": "1940203",
    "prefecture": "東京都",
    "prefecture_kana": "トウキョウト",
    "prefecture_code": 13,
    "city": "町田市",
    "city_kana": "マチダシ",
    "town": "図師町",
    "town_kana": "ズシマチ",
    "street": null,
    "office_name": null,
    "office_name_kana": null
  },
  "0204": {
    "postcode": "1940204",
    "prefecture": "東京都",
    "prefecture_kana": "トウキョウト",
    "prefecture_code": 13,
    "city": "町田市",
    "city_kana": "マチダシ",
    "town": "小山田桜台",
    "town_kana": "オヤマダサクラダイ",
    "street": null,
    "office_name": null,
    "office_name_kana": null
  },
  "0211": {
    "postcode": "1940211",
    "prefecture": "東京都",
    "prefecture_kana": "トウキョウト",
    "prefecture_code": 13,
    "city": "町田市",
    "city_kana": "マチダシ",
    "town": "相原町",
    "town_kana": "アイハラマチ",
    "street": null,
    "office_name": null,
    "office_name_kana": null
  },
  "0212": {
    "postcode": "1940212",
    "prefecture": "東京都",
    "prefecture_kana": "トウキョウト",
    "prefecture_code": 13,
    "city": "町田市",
    "city_kana": "マチダシ",
    "town": "小山町",
    "town_kana": "オヤママチ",
    "street": null,
    "office_name": null,
    "office_name_kana": null
  },
  "0213": {
    "postcode": "1940213",
    "prefecture": "東京都",
    "prefecture_kana": "トウキョウト",
    "prefecture_code": 13,
    "city": "町田市",
    "city_kana": "マチダシ",
    "town": "常盤町",
    "town_kana": "トキワマチ",
    "street": null,
    "office_name": null,
    "office_name_kana": null
  },
  "0214": {
    "postcode": "1940214",
    "prefecture": "東京都",
    "prefecture_kana": "トウキョウト",
    "prefecture_code": 13,
    "city": "町田市",
    "city_kana": "マチダシ",
    "town": "矢部町",
    "town_kana": "ヤベマチ",
    "street": null,
    "office_name": null,
    "office_name_kana": null
  },
  "0215": {
    "postcode": "1940215",
    "prefecture": "東京都",
    "prefecture_kana": "トウキョウト",
    "prefecture_code": 13,
    "city": "町田市",
    "city_kana": "マチダシ",
    "town": "小山ヶ丘",
    "town_kana": "オヤマガオカ",
    "street": null,
    "office_name": null,
    "office_name_kana": null
  },
  "0292": {
    "postcode": "1940292",
    "prefecture": "東京都",
    "prefecture_kana": "トウキョウト",
    "prefecture_code": 13,
    "city": "町田市",
    "city_kana": "マチダシ",
    "town": "相原町",
    "town_kana": "アイハラマチ",
    "street": "２６００",
    "office_name": "東京家政学院大学",
    "office_name_kana": "トウキヨウカセイガクインダイガク"
  },
  "0294": {
    "postcode": "1940294",
    "prefecture": "東京都",
    "prefecture_kana": "トウキョウト",
    "prefecture_code": 13,
    "city": "町田市",
    "city_kana": "マチダシ",
    "town": "常盤町",
    "town_kana": "トキワマチ",
    "street": "３７５８",
    "office_name": "桜美林学園",
    "office_name_kana": "オウビリンガクエン"
  },
  "0295": {
    "postcode": "1940295",
    "prefecture": "東京都",
    "prefecture_kana": "トウキョウト",
    "prefecture_code": 13,
    "city": "町田市",
    "city_kana": "マチダシ",
    "town": "小山ケ丘",
    "town_kana": null,
    "street": "３丁目９−６",
    "office_name": "株式会社　オーク製作所",
    "office_name_kana": "カブシキガイシヤ オ-クセイサクシヨ"
  },
  "0296": {
    "postcode": "1940296",
    "prefecture": "東京都",
    "prefecture_kana": "トウキョウト",
    "prefecture_code": 13,
    "city": "町田市",
    "city_kana": "マチダシ",
    "town": "小山ヶ丘",
    "town_kana": "オヤマガオカ",
    "street": "２丁目２番６号",
    "office_name": "東京航空計器　株式会社",
    "office_name_kana": "トウキヨウコウクウケイキ カブシキガイシヤ"
  },
  "0297": {
    "postcode": "1940297",
    "prefecture": "東京都",
    "prefecture_kana": "トウキョウト",
    "prefecture_code": 13,
    "city": "町田市",
    "city_kana": "マチダシ",
    "town": "下小山田町",
    "town_kana": "シモオヤマダマチ",
    "street": "１４９１",
    "office_name": "医療法人社団　幸隆会　多摩丘陵リハビリテーション病院",
    "office_name_kana": "イリヨウホウジンシヤダン コウリユウカイ タマキユウリヨウリハビリテ-シヨンビヨウイン"
  },
  "0298": {
    "postcode": "1940298",
    "prefecture": "東京都",
    "prefecture_kana": "トウキョウト",
    "prefecture_code": 13,
    "city": "町田市",
    "city_kana": "マチダシ",
    "town": "相原町",
    "town_kana": "アイハラマチ",
    "street": "４３４２",
    "office_name": "法政大学",
    "office_name_kana": "ホウセイダイガク"
  },
  "8501": {
    "postcode": "1948501",
    "prefecture": "東京都",
    "prefecture_kana": "トウキョウト",
    "prefecture_code": 13,
    "city": "町田市",
    "city_kana": "マチダシ",
    "town": "原町田",
    "town_kana": "ハラマチダ",
    "street": "６丁目４番１号",
    "office_name": "町田東急ツインズ",
    "office_name_kana": "マチダトウキユウツインズ"
  },
  "8502": {
    "postcode": "1948502",
    "prefecture": "東京都",
    "prefecture_kana": "トウキョウト",
    "prefecture_code": 13,
    "city": "町田市",
    "city_kana": "マチダシ",
    "town": "森野",
    "town_kana": "モリノ",
    "street": "１−３４−１０",
    "office_name": "株式会社　スクールパートナーズ",
    "office_name_kana": "カブシキガイシヤ スク-ルパ-トナ-ズ"
  },
  "8503": {
    "postcode": "1948503",
    "prefecture": "東京都",
    "prefecture_kana": "トウキョウト",
    "prefecture_code": 13,
    "city": "町田市",
    "city_kana": "マチダシ",
    "town": "鶴間",
    "town_kana": "ツルマ",
    "street": "１７−１７１６",
    "office_name": "株式会社　エルハート　横浜店",
    "office_name_kana": "カブシキガイシヤ エルハ-ト ヨコハマテン"
  },
  "8505": {
    "postcode": "1948505",
    "prefecture": "東京都",
    "prefecture_kana": "トウキョウト",
    "prefecture_code": 13,
    "city": "町田市",
    "city_kana": "マチダシ",
    "town": "原町田",
    "town_kana": "ハラマチダ",
    "street": "４丁目１−１７",
    "office_name": "株式会社　東急ハンズ　町田店",
    "office_name_kana": "カブシキガイシヤ トウキユウハンズ マチダテン"
  },
  "8507": {
    "postcode": "1948507",
    "prefecture": "東京都",
    "prefecture_kana": "トウキョウト",
    "prefecture_code": 13,
    "city": "町田市",
    "city_kana": "マチダシ",
    "town": "森野",
    "town_kana": "モリノ",
    "street": "１丁目１３−１４",
    "office_name": "株式会社　家具の大正堂",
    "office_name_kana": "カブシキガイシヤ カグノタイシヨウドウ"
  },
  "8508": {
    "postcode": "1948508",
    "prefecture": "東京都",
    "prefecture_kana": "トウキョウト",
    "prefecture_code": 13,
    "city": "町田市",
    "city_kana": "マチダシ",
    "town": "忠生",
    "town_kana": "タダオ",
    "street": "１丁目４−１",
    "office_name": "株式会社　高速道路総合技術研究所",
    "office_name_kana": "カブシキガイシヤ コウソクドウロソウゴウギジユツケンキユウシヨ"
  },
  "8510": {
    "postcode": "1948510",
    "prefecture": "東京都",
    "prefecture_kana": "トウキョウト",
    "prefecture_code": 13,
    "city": "町田市",
    "city_kana": "マチダシ",
    "town": "鶴間",
    "town_kana": "ツルマ",
    "street": "６５８−１",
    "office_name": "株式会社　ＰＦＵ",
    "office_name_kana": "カブシキガイシヤ ピ-エフユ-"
  },
  "8511": {
    "postcode": "1948511",
    "prefecture": "東京都",
    "prefecture_kana": "トウキョウト",
    "prefecture_code": 13,
    "city": "町田市",
    "city_kana": "マチダシ",
    "town": "南大谷",
    "town_kana": "ミナミオオヤ",
    "street": "１１号",
    "office_name": "三菱化学生命科学研究所",
    "office_name_kana": "ミツビシカガクセイメイカガクケンキユウジヨ"
  },
  "8515": {
    "postcode": "1948515",
    "prefecture": "東京都",
    "prefecture_kana": "トウキョウト",
    "prefecture_code": 13,
    "city": "町田市",
    "city_kana": "マチダシ",
    "town": "原町田",
    "town_kana": "ハラマチダ",
    "street": "６丁目１５−２",
    "office_name": "株式会社　サマディ",
    "office_name_kana": "カブシキガイシヤ サマデイ"
  },
  "8520": {
    "postcode": "1948520",
    "prefecture": "東京都",
    "prefecture_kana": "トウキョウト",
    "prefecture_code": 13,
    "city": "町田市",
    "city_kana": "マチダシ",
    "town": "森野",
    "town_kana": "モリノ",
    "street": "２−２−２２",
    "office_name": "町田市役所",
    "office_name_kana": "マチダシヤクシヨ"
  },
  "8530": {
    "postcode": "1948530",
    "prefecture": "東京都",
    "prefecture_kana": "トウキョウト",
    "prefecture_code": 13,
    "city": "町田市",
    "city_kana": "マチダシ",
    "town": "金森",
    "town_kana": "カナモリ",
    "street": "４丁目１番２号",
    "office_name": "株式会社　三和",
    "office_name_kana": "カブシキガイシヤ サンワ"
  },
  "8533": {
    "postcode": "1948533",
    "prefecture": "東京都",
    "prefecture_kana": "トウキョウト",
    "prefecture_code": 13,
    "city": "町田市",
    "city_kana": "マチダシ",
    "town": "旭町",
    "town_kana": "アサヒマチ",
    "street": "３丁目６番６号",
    "office_name": "協和キリン　株式会社　東京リサーチパーク",
    "office_name_kana": "キヨウワキリン カブシキガイシヤ トウキヨウリサ-チパ-ク"
  },
  "8538": {
    "postcode": "1948538",
    "prefecture": "東京都",
    "prefecture_kana": "トウキョウト",
    "prefecture_code": 13,
    "city": "町田市",
    "city_kana": "マチダシ",
    "town": "原町田",
    "town_kana": "ハラマチダ",
    "street": "６丁目１３−２１",
    "office_name": "株式会社　長崎屋　町田店",
    "office_name_kana": "カブシキガイシヤ ナガサキヤ マチダテン"
  },
  "8540": {
    "postcode": "1948540",
    "prefecture": "東京都",
    "prefecture_kana": "トウキョウト",
    "prefecture_code": 13,
    "city": "町田市",
    "city_kana": "マチダシ",
    "town": "中町",
    "town_kana": "ナカマチ",
    "street": "１丁目３１−１２",
    "office_name": "東京都　町田都税事務所",
    "office_name_kana": "トウキヨウト マチダトゼイジムシヨ"
  },
  "8543": {
    "postcode": "1948543",
    "prefecture": "東京都",
    "prefecture_kana": "トウキョウト",
    "prefecture_code": 13,
    "city": "町田市",
    "city_kana": "マチダシ",
    "town": "東玉川学園",
    "town_kana": "ヒガシタマガワガクエン",
    "street": "３丁目３１６５番地",
    "office_name": "学校法人　昭和薬科大学",
    "office_name_kana": "ガツコウホウジン シヨウワヤツカダイガク"
  },
  "8550": {
    "postcode": "1948550",
    "prefecture": "東京都",
    "prefecture_kana": "トウキョウト",
    "prefecture_code": 13,
    "city": "町田市",
    "city_kana": "マチダシ",
    "town": "原町田",
    "town_kana": "ハラマチダ",
    "street": "６丁目１２−２０",
    "office_name": "小田急百貨店　町田店",
    "office_name_kana": "オダキユウヒヤツカテン マチダテン"
  },
  "8551": {
    "postcode": "1948551",
    "prefecture": "東京都",
    "prefecture_kana": "トウキョウト",
    "prefecture_code": 13,
    "city": "町田市",
    "city_kana": "マチダシ",
    "town": "原町田",
    "town_kana": "ハラマチダ",
    "street": "３丁目２−２第２タストンビル４Ｆ",
    "office_name": "サンケイリビング新聞社　まちだ・さがみ本部",
    "office_name_kana": "サンケイリビングシンブンシヤ マチダ・サガミホンブ"
  },
  "8555": {
    "postcode": "1948555",
    "prefecture": "東京都",
    "prefecture_kana": "トウキョウト",
    "prefecture_code": 13,
    "city": "町田市",
    "city_kana": "マチダシ",
    "town": "鶴間",
    "town_kana": "ツルマ",
    "street": "８丁目１７−１",
    "office_name": "株式会社　ケーユー",
    "office_name_kana": "カブシキガイシヤ ケ-ユ-"
  },
  "8560": {
    "postcode": "1948560",
    "prefecture": "東京都",
    "prefecture_kana": "トウキョウト",
    "prefecture_code": 13,
    "city": "町田市",
    "city_kana": "マチダシ",
    "town": "旭町",
    "town_kana": "アサヒマチ",
    "street": "３丁目５−１",
    "office_name": "電気化学工業　株式会社　総合研究所",
    "office_name_kana": "デンキカガクコウギヨウ カブシキガイシヤ ソウゴウケンキユウシヨ"
  },
  "8566": {
    "postcode": "1948566",
    "prefecture": "東京都",
    "prefecture_kana": "トウキョウト",
    "prefecture_code": 13,
    "city": "町田市",
    "city_kana": "マチダシ",
    "town": "成瀬",
    "town_kana": "ナルセ",
    "street": "７−２−１",
    "office_name": "株式会社　オーディオテクニカ　成瀬事業所",
    "office_name_kana": "カブシキカイシヤ オ-デイオテクニカ ナルセジギヨウシヨ"
  },
  "8567": {
    "postcode": "1948567",
    "prefecture": "東京都",
    "prefecture_kana": "トウキョウト",
    "prefecture_code": 13,
    "city": "町田市",
    "city_kana": "マチダシ",
    "town": "中町",
    "town_kana": "ナカマチ",
    "street": "３丁目３−６",
    "office_name": "町田税務署",
    "office_name_kana": "マチダゼイムシヨ"
  },
  "8570": {
    "postcode": "1948570",
    "prefecture": "東京都",
    "prefecture_kana": "トウキョウト",
    "prefecture_code": 13,
    "city": "町田市",
    "city_kana": "マチダシ",
    "town": "南町田",
    "town_kana": "ミナミマチダ",
    "street": "５丁目２−１",
    "office_name": "株式会社　ジャックス",
    "office_name_kana": "カブシキガイシヤ ジヤツクス"
  },
  "8577": {
    "postcode": "1948577",
    "prefecture": "東京都",
    "prefecture_kana": "トウキョウト",
    "prefecture_code": 13,
    "city": "町田市",
    "city_kana": "マチダシ",
    "town": "南町田",
    "town_kana": "ミナミマチダ",
    "street": "３丁目７番１号",
    "office_name": "ホーチキ　株式会社　町田事業所",
    "office_name_kana": "ホ-チキ カブシキガイシヤ マチダジギヨウシヨ"
  },
  "8580": {
    "postcode": "1948580",
    "prefecture": "東京都",
    "prefecture_kana": "トウキョウト",
    "prefecture_code": 13,
    "city": "町田市",
    "city_kana": "マチダシ",
    "town": "森野",
    "town_kana": "モリノ",
    "street": "２丁目２番２２号",
    "office_name": "町田市役所　市民課",
    "office_name_kana": "マチダシヤクシヨ シミンカ"
  },
  "8585": {
    "postcode": "1948585",
    "prefecture": "東京都",
    "prefecture_kana": "トウキョウト",
    "prefecture_code": 13,
    "city": "町田市",
    "city_kana": "マチダシ",
    "town": "金森",
    "town_kana": "カナモリ",
    "street": "１１６１",
    "office_name": "オリックス・レンテック　株式会社",
    "office_name_kana": "オリツクス・レンテツク カブシキガイシヤ"
  },
  "8586": {
    "postcode": "1948586",
    "prefecture": "東京都",
    "prefecture_kana": "トウキョウト",
    "prefecture_code": 13,
    "city": "町田市",
    "city_kana": "マチダシ",
    "town": "原町田",
    "town_kana": "ハラマチダ",
    "street": "４丁目１−１４",
    "office_name": "町田郵便貯金地域文化活動支援施設",
    "office_name_kana": "マチダユウビンチヨキンチイキブンカカツドウシエンシセツ"
  },
  "8588": {
    "postcode": "1948588",
    "prefecture": "東京都",
    "prefecture_kana": "トウキョウト",
    "prefecture_code": 13,
    "city": "町田市",
    "city_kana": "マチダシ",
    "town": "忠生",
    "town_kana": "タダオ",
    "street": "３丁目２２−１８",
    "office_name": "協栄電気　株式会社",
    "office_name_kana": "キヨウエイデンキ カブシキガイシヤ"
  },
  "8589": {
    "postcode": "1948589",
    "prefecture": "東京都",
    "prefecture_kana": "トウキョウト",
    "prefecture_code": 13,
    "city": "町田市",
    "city_kana": "マチダシ",
    "town": "鶴間",
    "town_kana": "ツルマ",
    "street": "３−４−１",
    "office_name": "グランベリーパーク",
    "office_name_kana": "グランベリ-パ-ク"
  },
  "8610": {
    "postcode": "1948610",
    "prefecture": "東京都",
    "prefecture_kana": "トウキョウト",
    "prefecture_code": 13,
    "city": "町田市",
    "city_kana": "マチダシ",
    "town": "玉川学園",
    "town_kana": "タマガワガクエン",
    "street": "６丁目１番１号",
    "office_name": "学校法人　玉川学園",
    "office_name_kana": "ガツコウホウジン タマガワガクエン"
  },
  "8611": {
    "postcode": "1948611",
    "prefecture": "東京都",
    "prefecture_kana": "トウキョウト",
    "prefecture_code": 13,
    "city": "町田市",
    "city_kana": "マチダシ",
    "town": "玉川学園",
    "town_kana": "タマガワガクエン",
    "street": "６丁目１番１号",
    "office_name": "玉川大学　通信教育部",
    "office_name_kana": "タマガワダイガク ツウシンキヨウイクブ"
  },
  "8612": {
    "postcode": "1948612",
    "prefecture": "東京都",
    "prefecture_kana": "トウキョウト",
    "prefecture_code": 13,
    "city": "町田市",
    "city_kana": "マチダシ",
    "town": "玉川学園",
    "town_kana": "タマガワガクエン",
    "street": "６丁目１番１号",
    "office_name": "玉川大学　入試広報部",
    "office_name_kana": "タマガワダイガク ニユウシコウホウブ"
  },
  "8666": {
    "postcode": "1948666",
    "prefecture": "東京都",
    "prefecture_kana": "トウキョウト",
    "prefecture_code": 13,
    "city": "町田市",
    "city_kana": "マチダシ",
    "town": "西成瀬",
    "town_kana": "ニシナルセ",
    "street": "２−４６−１（町田郵便局私書箱第４８号）",
    "office_name": "株式会社　オーディオテクニカ",
    "office_name_kana": "カブシキカイシヤ オ-デイオテクニカ"
  }
}