{
  "0000": {
    "postcode": "2050000",
    "prefecture": "東京都",
    "prefecture_kana": "トウキョウト",
    "prefecture_code": 13,
    "city": "羽村市",
    "city_kana": "ハムラシ",
    "town": "",
    "town_kana": "",
    "street": null,
    "office_name": null,
    "office_name_kana": null
  },
  "0001": {
    "postcode": "2050001",
    "prefecture": "東京都",
    "prefecture_kana": "トウキョウト",
    "prefecture_code": 13,
    "city": "羽村市",
    "city_kana": "ハムラシ",
    "town": "小作台",
    "town_kana": "オザクダイ",
    "street": null,
    "office_name": null,
    "office_name_kana": null
  },
  "0002": {
    "postcode": "2050002",
    "prefecture": "東京都",
    "prefecture_kana": "トウキョウト",
    "prefecture_code": 13,
    "city": "羽村市",
    "city_kana": "ハムラシ",
    "town": "栄町",
    "town_kana": "サカエチョウ",
    "street": null,
    "office_name": null,
    "office_name_kana": null
  },
  "0003": {
    "postcode": "2050003",
    "prefecture": "東京都",
    "prefecture_kana": "トウキョウト",
    "prefecture_code": 13,
    "city": "羽村市",
    "city_kana": "ハムラシ",
    "town": "緑ケ丘",
    "town_kana": "ミドリガオカ",
    "street": null,
    "office_name": null,
    "office_name_kana": null
  },
  "0011": {
    "postcode": "2050011",
    "prefecture": "東京都",
    "prefecture_kana": "トウキョウト",
    "prefecture_code": 13,
    "city": "羽村市",
    "city_kana": "ハムラシ",
    "town": "五ノ神",
    "town_kana": "ゴノカミ",
    "street": null,
    "office_name": null,
    "office_name_kana": null
  },
  "0012": {
    "postcode": "2050012",
    "prefecture": "東京都",
    "prefecture_kana": "トウキョウト",
    "prefecture_code": 13,
    "city": "羽村市",
    "city_kana": "ハムラシ",
    "town": "羽",
    "town_kana": "ハネ",
    "street": null,
    "office_name": null,
    "office_name_kana": null
  },
  "0013": {
    "postcode": "2050013",
    "prefecture": "東京都",
    "prefecture_kana": "トウキョウト",
    "prefecture_code": 13,
    "city": "羽村市",
    "city_kana": "ハムラシ",
    "town": "富士見平",
    "town_kana": "フジミダイラ",
    "street": null,
    "office_name": null,
    "office_name_kana": null
  },
  "0014": {
    "postcode": "2050014",
    "prefecture": "東京都",
    "prefecture_kana": "トウキョウト",
    "prefecture_code": 13,
    "city": "羽村市",
    "city_kana": "ハムラシ",
    "town": "羽東",
    "town_kana": "ハネヒガシ",
    "street": null,
    "office_name": null,
    "office_name_kana": null
  },
  "0015": {
    "postcode": "2050015",
    "prefecture": "東京都",
    "prefecture_kana": "トウキョウト",
    "prefecture_code": 13,
    "city": "羽村市",
    "city_kana": "ハムラシ",
    "town": "羽中",
    "town_kana": "ハネナカ",
    "street": null,
    "office_name": null,
    "office_name_kana": null
  },
  "0016": {
    "postcode": "2050016",
    "prefecture": "東京都",
    "prefecture_kana": "トウキョウト",
    "prefecture_code": 13,
    "city": "羽村市",
    "city_kana": "ハムラシ",
    "town": "羽加美",
    "town_kana": "ハネカミ",
    "street": null,
    "office_name": null,
    "office_name_kana": null
  },
  "0017": {
    "postcode": "2050017",
    "prefecture": "東京都",
    "prefecture_kana": "トウキョウト",
    "prefecture_code": 13,
    "city": "羽村市",
    "city_kana": "ハムラシ",
    "town": "羽西",
    "town_kana": "ハネニシ",
    "street": null,
    "office_name": null,
    "office_name_kana": null
  },
  "0021": {
    "postcode": "2050021",
    "prefecture": "東京都",
    "prefecture_kana": "トウキョウト",
    "prefecture_code": 13,
    "city": "羽村市",
    "city_kana": "ハムラシ",
    "town": "川崎",
    "town_kana": "カワサキ",
    "street": null,
    "office_name": null,
    "office_name_kana": null
  },
  "0022": {
    "postcode": "2050022",
    "prefecture": "東京都",
    "prefecture_kana": "トウキョウト",
    "prefecture_code": 13,
    "city": "羽村市",
    "city_kana": "ハムラシ",
    "town": "双葉町",
    "town_kana": "フタバチョウ",
    "street": null,
    "office_name": null,
    "office_name_kana": null
  },
  "0023": {
    "postcode": "2050023",
    "prefecture": "東京都",
    "prefecture_kana": "トウキョウト",
    "prefecture_code": 13,
    "city": "羽村市",
    "city_kana": "ハムラシ",
    "town": "神明台",
    "town_kana": "シンメイダイ",
    "street": null,
    "office_name": null,
    "office_name_kana": null
  },
  "0024": {
    "postcode": "2050024",
    "prefecture": "東京都",
    "prefecture_kana": "トウキョウト",
    "prefecture_code": 13,
    "city": "羽村市",
    "city_kana": "ハムラシ",
    "town": "玉川",
    "town_kana": "タマガワ",
    "street": null,
    "office_name": null,
    "office_name_kana": null
  },
  "8501": {
    "postcode": "2058501",
    "prefecture": "東京都",
    "prefecture_kana": "トウキョウト",
    "prefecture_code": 13,
    "city": "羽村市",
    "city_kana": "ハムラシ",
    "town": "栄町",
    "town_kana": "サカエチョウ",
    "street": "３丁目４−３",
    "office_name": "あすか製薬　株式会社",
    "office_name_kana": "アスカセイヤク カブシキガイシヤ"
  },
  "8503": {
    "postcode": "2058503",
    "prefecture": "東京都",
    "prefecture_kana": "トウキョウト",
    "prefecture_code": 13,
    "city": "羽村市",
    "city_kana": "ハムラシ",
    "town": "緑ケ丘",
    "town_kana": "ミドリガオカ",
    "street": "３丁目５−８",
    "office_name": "富士フレーバー　株式会社",
    "office_name_kana": "フジフレ-バ- カブシキガイシヤ"
  },
  "8511": {
    "postcode": "2058511",
    "prefecture": "東京都",
    "prefecture_kana": "トウキョウト",
    "prefecture_code": 13,
    "city": "羽村市",
    "city_kana": "ハムラシ",
    "town": "栄町",
    "town_kana": "サカエチョウ",
    "street": "３丁目４",
    "office_name": "日本フィルター工業　株式会社",
    "office_name_kana": "ニホンフイルタ-コウギヨウ カブシキガイシヤ"
  },
  "8555": {
    "postcode": "2058555",
    "prefecture": "東京都",
    "prefecture_kana": "トウキョウト",
    "prefecture_code": 13,
    "city": "羽村市",
    "city_kana": "ハムラシ",
    "town": "栄町",
    "town_kana": "サカエチョウ",
    "street": "３丁目２−１",
    "office_name": "カシオ計算機　株式会社　羽村技術センター",
    "office_name_kana": "カシオケイサンキ カブシキガイシヤ ハムラギジユツセンタ-"
  },
  "8601": {
    "postcode": "2058601",
    "prefecture": "東京都",
    "prefecture_kana": "トウキョウト",
    "prefecture_code": 13,
    "city": "羽村市",
    "city_kana": "ハムラシ",
    "town": "緑ケ丘",
    "town_kana": "ミドリガオカ",
    "street": "５丁目２−１",
    "office_name": "羽村市役所",
    "office_name_kana": "ハムラシヤクシヨ"
  },
  "8604": {
    "postcode": "2058604",
    "prefecture": "東京都",
    "prefecture_kana": "トウキョウト",
    "prefecture_code": 13,
    "city": "羽村市",
    "city_kana": "ハムラシ",
    "town": "神明台",
    "town_kana": "シンメイダイ",
    "street": "４−７−１５",
    "office_name": "三和電気計器　株式会社・羽村工場",
    "office_name_kana": "サンワデンキケイキ カブシキガイシヤ・ハムラコウジヨウ"
  },
  "8606": {
    "postcode": "2058606",
    "prefecture": "東京都",
    "prefecture_kana": "トウキョウト",
    "prefecture_code": 13,
    "city": "羽村市",
    "city_kana": "ハムラシ",
    "town": "神明台",
    "town_kana": "シンメイダイ",
    "street": "２丁目１−１",
    "office_name": "株式会社　日立国際電気　羽村工場",
    "office_name_kana": "カブシキガイシヤ ヒタチコクサイデンキ ハムラコウジヨウ"
  },
  "8607": {
    "postcode": "2058607",
    "prefecture": "東京都",
    "prefecture_kana": "トウキョウト",
    "prefecture_code": 13,
    "city": "羽村市",
    "city_kana": "ハムラシ",
    "town": "栄町",
    "town_kana": "サカエチョウ",
    "street": "３丁目１−５",
    "office_name": "株式会社　カイジョー",
    "office_name_kana": "カブシキガイシヤ カイジヨ-"
  },
  "8660": {
    "postcode": "2058660",
    "prefecture": "東京都",
    "prefecture_kana": "トウキョウト",
    "prefecture_code": 13,
    "city": "羽村市",
    "city_kana": "ハムラシ",
    "town": "緑ケ丘",
    "town_kana": "ミドリガオカ",
    "street": "３丁目１−１",
    "office_name": "日野自動車工業　株式会社　羽村工場",
    "office_name_kana": "ヒノジドウシヤコウギヨウ カブシキガイシヤ ハムラコウジヨウ"
  }
}