{
  "0000": {
    "postcode": "2130000",
    "prefecture": "神奈川県",
    "prefecture_kana": "カナガワケン",
    "prefecture_code": 14,
    "city": "川崎市高津区",
    "city_kana": "カワサキシタカツク",
    "town": "",
    "town_kana": "",
    "street": null,
    "office_name": null,
    "office_name_kana": null
  },
  "0001": {
    "postcode": "2130001",
    "prefecture": "神奈川県",
    "prefecture_kana": "カナガワケン",
    "prefecture_code": 14,
    "city": "川崎市高津区",
    "city_kana": "カワサキシタカツク",
    "town": "溝口",
    "town_kana": "ミゾノクチ",
    "street": null,
    "office_name": null,
    "office_name_kana": null
  },
  "0002": {
    "postcode": "2130002",
    "prefecture": "神奈川県",
    "prefecture_kana": "カナガワケン",
    "prefecture_code": 14,
    "city": "川崎市高津区",
    "city_kana": "カワサキシタカツク",
    "town": "二子",
    "town_kana": "フタゴ",
    "street": null,
    "office_name": null,
    "office_name_kana": null
  },
  "0003": {
    "postcode": "2130003",
    "prefecture": "神奈川県",
    "prefecture_kana": "カナガワケン",
    "prefecture_code": 14,
    "city": "川崎市高津区",
    "city_kana": "カワサキシタカツク",
    "town": "瀬田",
    "town_kana": "セタ",
    "street": null,
    "office_name": null,
    "office_name_kana": null
  },
  "0004": {
    "postcode": "2130004",
    "prefecture": "神奈川県",
    "prefecture_kana": "カナガワケン",
    "prefecture_code": 14,
    "city": "川崎市高津区",
    "city_kana": "カワサキシタカツク",
    "town": "諏訪",
    "town_kana": "スワ",
    "street": null,
    "office_name": null,
    "office_name_kana": null
  },
  "0005": {
    "postcode": "2130005",
    "prefecture": "神奈川県",
    "prefecture_kana": "カナガワケン",
    "prefecture_code": 14,
    "city": "川崎市高津区",
    "city_kana": "カワサキシタカツク",
    "town": "北見方",
    "town_kana": "キタミガタ",
    "street": null,
    "office_name": null,
    "office_name_kana": null
  },
  "0006": {
    "postcode": "2130006",
    "prefecture": "神奈川県",
    "prefecture_kana": "カナガワケン",
    "prefecture_code": 14,
    "city": "川崎市高津区",
    "city_kana": "カワサキシタカツク",
    "town": "下野毛",
    "town_kana": "シモノゲ",
    "street": null,
    "office_name": null,
    "office_name_kana": null
  },
  "0011": {
    "postcode": "2130011",
    "prefecture": "神奈川県",
    "prefecture_kana": "カナガワケン",
    "prefecture_code": 14,
    "city": "川崎市高津区",
    "city_kana": "カワサキシタカツク",
    "town": "久本",
    "town_kana": "ヒサモト",
    "street": null,
    "office_name": null,
    "office_name_kana": null
  },
  "0012": {
    "postcode": "2130012",
    "prefecture": "神奈川県",
    "prefecture_kana": "カナガワケン",
    "prefecture_code": 14,
    "city": "川崎市高津区",
    "city_kana": "カワサキシタカツク",
    "town": "坂戸",
    "town_kana": "サカド",
    "street": null,
    "office_name": null,
    "office_name_kana": null
  },
  "0013": {
    "postcode": "2130013",
    "prefecture": "神奈川県",
    "prefecture_kana": "カナガワケン",
    "prefecture_code": 14,
    "city": "川崎市高津区",
    "city_kana": "カワサキシタカツク",
    "town": "末長",
    "town_kana": "スエナガ",
    "street": null,
    "office_name": null,
    "office_name_kana": null
  },
  "0014": {
    "postcode": "2130014",
    "prefecture": "神奈川県",
    "prefecture_kana": "カナガワケン",
    "prefecture_code": 14,
    "city": "川崎市高津区",
    "city_kana": "カワサキシタカツク",
    "town": "新作",
    "town_kana": "シンサク",
    "street": null,
    "office_name": null,
    "office_name_kana": null
  },
  "0015": {
    "postcode": "2130015",
    "prefecture": "神奈川県",
    "prefecture_kana": "カナガワケン",
    "prefecture_code": 14,
    "city": "川崎市高津区",
    "city_kana": "カワサキシタカツク",
    "town": "梶ケ谷",
    "town_kana": "カジガヤ",
    "street": null,
    "office_name": null,
    "office_name_kana": null
  },
  "0021": {
    "postcode": "2130021",
    "prefecture": "神奈川県",
    "prefecture_kana": "カナガワケン",
    "prefecture_code": 14,
    "city": "川崎市高津区",
    "city_kana": "カワサキシタカツク",
    "town": "千年新町",
    "town_kana": "チトセシンチョウ",
    "street": null,
    "office_name": null,
    "office_name_kana": null
  },
  "0022": {
    "postcode": "2130022",
    "prefecture": "神奈川県",
    "prefecture_kana": "カナガワケン",
    "prefecture_code": 14,
    "city": "川崎市高津区",
    "city_kana": "カワサキシタカツク",
    "town": "千年",
    "town_kana": "チトセ",
    "street": null,
    "office_name": null,
    "office_name_kana": null
  },
  "0023": {
    "postcode": "2130023",
    "prefecture": "神奈川県",
    "prefecture_kana": "カナガワケン",
    "prefecture_code": 14,
    "city": "川崎市高津区",
    "city_kana": "カワサキシタカツク",
    "town": "子母口",
    "town_kana": "シボクチ",
    "street": null,
    "office_name": null,
    "office_name_kana": null
  },
  "0024": {
    "postcode": "2130024",
    "prefecture": "神奈川県",
    "prefecture_kana": "カナガワケン",
    "prefecture_code": 14,
    "city": "川崎市高津区",
    "city_kana": "カワサキシタカツク",
    "town": "明津",
    "town_kana": "アクツ",
    "street": null,
    "office_name": null,
    "office_name_kana": null
  },
  "0025": {
    "postcode": "2130025",
    "prefecture": "神奈川県",
    "prefecture_kana": "カナガワケン",
    "prefecture_code": 14,
    "city": "川崎市高津区",
    "city_kana": "カワサキシタカツク",
    "town": "蟹ケ谷",
    "town_kana": "カニガヤ",
    "street": null,
    "office_name": null,
    "office_name_kana": null
  },
  "0026": {
    "postcode": "2130026",
    "prefecture": "神奈川県",
    "prefecture_kana": "カナガワケン",
    "prefecture_code": 14,
    "city": "川崎市高津区",
    "city_kana": "カワサキシタカツク",
    "town": "久末",
    "town_kana": "ヒサスエ",
    "street": null,
    "office_name": null,
    "office_name_kana": null
  },
  "0028": {
    "postcode": "2130028",
    "prefecture": "神奈川県",
    "prefecture_kana": "カナガワケン",
    "prefecture_code": 14,
    "city": "川崎市高津区",
    "city_kana": "カワサキシタカツク",
    "town": "北野川",
    "town_kana": "キタノガワ",
    "street": null,
    "office_name": null,
    "office_name_kana": null
  },
  "0029": {
    "postcode": "2130029",
    "prefecture": "神奈川県",
    "prefecture_kana": "カナガワケン",
    "prefecture_code": 14,
    "city": "川崎市高津区",
    "city_kana": "カワサキシタカツク",
    "town": "東野川",
    "town_kana": "ヒガシノガワ",
    "street": null,
    "office_name": null,
    "office_name_kana": null
  },
  "0031": {
    "postcode": "2130031",
    "prefecture": "神奈川県",
    "prefecture_kana": "カナガワケン",
    "prefecture_code": 14,
    "city": "川崎市高津区",
    "city_kana": "カワサキシタカツク",
    "town": "宇奈根",
    "town_kana": "ウナネ",
    "street": null,
    "office_name": null,
    "office_name_kana": null
  },
  "0032": {
    "postcode": "2130032",
    "prefecture": "神奈川県",
    "prefecture_kana": "カナガワケン",
    "prefecture_code": 14,
    "city": "川崎市高津区",
    "city_kana": "カワサキシタカツク",
    "town": "久地",
    "town_kana": "クジ",
    "street": null,
    "office_name": null,
    "office_name_kana": null
  },
  "0033": {
    "postcode": "2130033",
    "prefecture": "神奈川県",
    "prefecture_kana": "カナガワケン",
    "prefecture_code": 14,
    "city": "川崎市高津区",
    "city_kana": "カワサキシタカツク",
    "town": "下作延",
    "town_kana": "シモサクノベ",
    "street": null,
    "office_name": null,
    "office_name_kana": null
  },
  "0034": {
    "postcode": "2130034",
    "prefecture": "神奈川県",
    "prefecture_kana": "カナガワケン",
    "prefecture_code": 14,
    "city": "川崎市高津区",
    "city_kana": "カワサキシタカツク",
    "town": "上作延",
    "town_kana": "カミサクノベ",
    "street": null,
    "office_name": null,
    "office_name_kana": null
  },
  "0035": {
    "postcode": "2130035",
    "prefecture": "神奈川県",
    "prefecture_kana": "カナガワケン",
    "prefecture_code": 14,
    "city": "川崎市高津区",
    "city_kana": "カワサキシタカツク",
    "town": "向ケ丘",
    "town_kana": "ムカイガオカ",
    "street": null,
    "office_name": null,
    "office_name_kana": null
  },
  "8502": {
    "postcode": "2138502",
    "prefecture": "神奈川県",
    "prefecture_kana": "カナガワケン",
    "prefecture_code": 14,
    "city": "川崎市高津区",
    "city_kana": "カワサキシタカツク",
    "town": "末長",
    "town_kana": "スエナガ",
    "street": "３−３−１７",
    "office_name": "株式会社　富士通ゼネラル",
    "office_name_kana": "カブシキガイシヤ フジツウゼネラル"
  },
  "8503": {
    "postcode": "2138503",
    "prefecture": "神奈川県",
    "prefecture_kana": "カナガワケン",
    "prefecture_code": 14,
    "city": "川崎市高津区",
    "city_kana": "カワサキシタカツク",
    "town": "久本",
    "town_kana": "ヒサモト",
    "street": "２丁目４−３",
    "office_name": "川崎北税務署",
    "office_name_kana": "カワサキキタゼイムシヨ"
  },
  "8505": {
    "postcode": "2138505",
    "prefecture": "神奈川県",
    "prefecture_kana": "カナガワケン",
    "prefecture_code": 14,
    "city": "川崎市高津区",
    "city_kana": "カワサキシタカツク",
    "town": "下野毛",
    "town_kana": "シモノゲ",
    "street": "２丁目１２−１",
    "office_name": "クノール食品　株式会社",
    "office_name_kana": "クノ-ルシヨクヒン カブシキガイシヤ"
  },
  "8507": {
    "postcode": "2138507",
    "prefecture": "神奈川県",
    "prefecture_kana": "カナガワケン",
    "prefecture_code": 14,
    "city": "川崎市高津区",
    "city_kana": "カワサキシタカツク",
    "town": "二子",
    "town_kana": "フタゴ",
    "street": "５−１−１",
    "office_name": "帝京大学　医学部　付属溝口病院",
    "office_name_kana": "テイキヨウダイガク イガクブ フゾクミゾノクチビヨウイン"
  },
  "8511": {
    "postcode": "2138511",
    "prefecture": "神奈川県",
    "prefecture_kana": "カナガワケン",
    "prefecture_code": 14,
    "city": "川崎市高津区",
    "city_kana": "カワサキシタカツク",
    "town": "北見方",
    "town_kana": "キタミガタ",
    "street": "２丁目６−１",
    "office_name": "ＮＥＣプラットフォームズ　株式会社",
    "office_name_kana": "エヌイ-シ-プラツトフオ-ムズ カブシキカイシヤ"
  },
  "8512": {
    "postcode": "2138512",
    "prefecture": "神奈川県",
    "prefecture_kana": "カナガワケン",
    "prefecture_code": 14,
    "city": "川崎市高津区",
    "city_kana": "カワサキシタカツク",
    "town": "下野毛",
    "town_kana": "シモノゲ",
    "street": "３丁目１６−１",
    "office_name": "キヤノン　株式会社",
    "office_name_kana": "キヤノン カブシキガイシヤ"
  },
  "8515": {
    "postcode": "2138515",
    "prefecture": "神奈川県",
    "prefecture_kana": "カナガワケン",
    "prefecture_code": 14,
    "city": "川崎市高津区",
    "city_kana": "カワサキシタカツク",
    "town": "溝口",
    "town_kana": "ミゾノクチ",
    "street": "１丁目６−１２",
    "office_name": "神奈川県高津県税事務所",
    "office_name_kana": "カナガワケンタカツケンゼイジムシヨ"
  },
  "8516": {
    "postcode": "2138516",
    "prefecture": "神奈川県",
    "prefecture_kana": "カナガワケン",
    "prefecture_code": 14,
    "city": "川崎市高津区",
    "city_kana": "カワサキシタカツク",
    "town": "北見方",
    "town_kana": "キタミガタ",
    "street": "３−１４−１ＨＮＤ６",
    "office_name": "アマゾン川崎ＦＣ　ＨＮＤ６",
    "office_name_kana": "アマゾンカワサキエフシ- エイチエヌデイ-シツクス"
  },
  "8517": {
    "postcode": "2138517",
    "prefecture": "神奈川県",
    "prefecture_kana": "カナガワケン",
    "prefecture_code": 14,
    "city": "川崎市高津区",
    "city_kana": "カワサキシタカツク",
    "town": "北見方",
    "town_kana": "キタミガタ",
    "street": "３−１４−１ＨＮＤ９",
    "office_name": "アマゾン川崎ＦＣ　ＨＮＤ９",
    "office_name_kana": "アマゾンカワサキエフシ- エイチエヌデイ-ナイン"
  },
  "8520": {
    "postcode": "2138520",
    "prefecture": "神奈川県",
    "prefecture_kana": "カナガワケン",
    "prefecture_code": 14,
    "city": "川崎市高津区",
    "city_kana": "カワサキシタカツク",
    "town": "野川",
    "town_kana": null,
    "street": "３６９６",
    "office_name": "エヌフーズ　株式会社",
    "office_name_kana": "エヌフ-ズ カブシキガイシヤ"
  },
  "8521": {
    "postcode": "2138521",
    "prefecture": "神奈川県",
    "prefecture_kana": "カナガワケン",
    "prefecture_code": 14,
    "city": "川崎市高津区",
    "city_kana": "カワサキシタカツク",
    "town": "二子",
    "town_kana": "フタゴ",
    "street": "４丁目９−１",
    "office_name": "株式会社　日立システムズ",
    "office_name_kana": "カブシキガイシヤ ヒタチシステムズ"
  },
  "8522": {
    "postcode": "2138522",
    "prefecture": "神奈川県",
    "prefecture_kana": "カナガワケン",
    "prefecture_code": 14,
    "city": "川崎市高津区",
    "city_kana": "カワサキシタカツク",
    "town": "下作延",
    "town_kana": "シモサクノベ",
    "street": "５−３６−１",
    "office_name": "あすか製薬　株式会社　川崎研究所",
    "office_name_kana": "アスカセイヤク カブシキガイシヤ カワサキケンキユウジヨ"
  },
  "8525": {
    "postcode": "2138525",
    "prefecture": "神奈川県",
    "prefecture_kana": "カナガワケン",
    "prefecture_code": 14,
    "city": "川崎市高津区",
    "city_kana": "カワサキシタカツク",
    "town": "久本",
    "town_kana": "ヒサモト",
    "street": "３丁目３−１７",
    "office_name": "株式会社　文教堂",
    "office_name_kana": "カブシキガイシヤ ブンキヨウドウ"
  },
  "8533": {
    "postcode": "2138533",
    "prefecture": "神奈川県",
    "prefecture_kana": "カナガワケン",
    "prefecture_code": 14,
    "city": "川崎市高津区",
    "city_kana": "カワサキシタカツク",
    "town": "坂戸",
    "town_kana": "サカド",
    "street": "１丁目２０−１",
    "office_name": "株式会社　ミツトヨ",
    "office_name_kana": "カブシキガイシヤ ミツトヨ"
  },
  "8535": {
    "postcode": "2138535",
    "prefecture": "神奈川県",
    "prefecture_kana": "カナガワケン",
    "prefecture_code": 14,
    "city": "川崎市高津区",
    "city_kana": "カワサキシタカツク",
    "town": "久本",
    "town_kana": "ヒサモト",
    "street": "３丁目５−８",
    "office_name": "ＴＥ　Ｃｏｎｎｅｃｔｉｖｉｔｙ　Ｊａｐａｎ　合同会社",
    "office_name_kana": "テイ-イ- コネクテイビテイ ジヤパン ゴウドウカイシヤ"
  },
  "8550": {
    "postcode": "2138550",
    "prefecture": "神奈川県",
    "prefecture_kana": "カナガワケン",
    "prefecture_code": 14,
    "city": "川崎市高津区",
    "city_kana": "カワサキシタカツク",
    "town": "坂戸",
    "town_kana": "サカド",
    "street": "１丁目１３−３",
    "office_name": "川崎電線　株式会社",
    "office_name_kana": "カワサキデンセン カブシキガイシヤ"
  },
  "8551": {
    "postcode": "2138551",
    "prefecture": "神奈川県",
    "prefecture_kana": "カナガワケン",
    "prefecture_code": 14,
    "city": "川崎市高津区",
    "city_kana": "カワサキシタカツク",
    "town": "下野毛",
    "town_kana": "シモノゲ",
    "street": "３丁目１３−１",
    "office_name": "昭和薬品　株式会社",
    "office_name_kana": "シヨウワヤクヒン カブシキガイシヤ"
  },
  "8553": {
    "postcode": "2138553",
    "prefecture": "神奈川県",
    "prefecture_kana": "カナガワケン",
    "prefecture_code": 14,
    "city": "川崎市高津区",
    "city_kana": "カワサキシタカツク",
    "town": "宇奈根",
    "town_kana": "ウナネ",
    "street": "７１５−１",
    "office_name": "ＮＫＫスイッチズ　株式会社",
    "office_name_kana": "エヌケ-ケ-スイツチズ カブシキガイシヤ"
  },
  "8558": {
    "postcode": "2138558",
    "prefecture": "神奈川県",
    "prefecture_kana": "カナガワケン",
    "prefecture_code": 14,
    "city": "川崎市高津区",
    "city_kana": "カワサキシタカツク",
    "town": "溝口",
    "town_kana": "ミゾノクチ",
    "street": "１丁目２４−１６",
    "office_name": "株式会社　高砂製作所",
    "office_name_kana": "カブシキガイシヤ タカサゴセイサクシヨ"
  },
  "8566": {
    "postcode": "2138566",
    "prefecture": "神奈川県",
    "prefecture_kana": "カナガワケン",
    "prefecture_code": 14,
    "city": "川崎市高津区",
    "city_kana": "カワサキシタカツク",
    "town": "坂戸",
    "town_kana": "サカド",
    "street": "３丁目２番１号ＫＳＰ西棟２０５号",
    "office_name": "株式会社　磐城無線研究所",
    "office_name_kana": "カブシキガイシヤ イワキムセンケンキユウジヨ"
  },
  "8570": {
    "postcode": "2138570",
    "prefecture": "神奈川県",
    "prefecture_kana": "カナガワケン",
    "prefecture_code": 14,
    "city": "川崎市高津区",
    "city_kana": "カワサキシタカツク",
    "town": "下作延",
    "town_kana": "シモサクノベ",
    "street": "２−８−１",
    "office_name": "高津区役所",
    "office_name_kana": "タカツクヤクシヨ"
  },
  "8573": {
    "postcode": "2138573",
    "prefecture": "神奈川県",
    "prefecture_kana": "カナガワケン",
    "prefecture_code": 14,
    "city": "川崎市高津区",
    "city_kana": "カワサキシタカツク",
    "town": "千年",
    "town_kana": "チトセ",
    "street": "６９８−１",
    "office_name": "川崎北　公共職業安定所",
    "office_name_kana": "カワサキキタ コウキヨウシヨクギヨウアンテイシヨ"
  },
  "8576": {
    "postcode": "2138576",
    "prefecture": "神奈川県",
    "prefecture_kana": "カナガワケン",
    "prefecture_code": 14,
    "city": "川崎市高津区",
    "city_kana": "カワサキシタカツク",
    "town": "下作延",
    "town_kana": "シモサクノベ",
    "street": "２丁目７番６０号",
    "office_name": "川崎市　みぞのくち市税事務所",
    "office_name_kana": "カワサキシ ミゾノクチシゼイジムシヨ"
  },
  "8577": {
    "postcode": "2138577",
    "prefecture": "神奈川県",
    "prefecture_kana": "カナガワケン",
    "prefecture_code": 14,
    "city": "川崎市高津区",
    "city_kana": "カワサキシタカツク",
    "town": "梶ケ谷",
    "town_kana": "カジガヤ",
    "street": "２丁目３−３",
    "office_name": "関東地方整備局　川崎国道事務所",
    "office_name_kana": "カントウチホウセイビキヨク カワサキコクドウジムシヨ"
  },
  "8580": {
    "postcode": "2138580",
    "prefecture": "神奈川県",
    "prefecture_kana": "カナガワケン",
    "prefecture_code": 14,
    "city": "川崎市高津区",
    "city_kana": "カワサキシタカツク",
    "town": "久本",
    "town_kana": "ヒサモト",
    "street": "２丁目３−１",
    "office_name": "学校法人　洗足学園",
    "office_name_kana": "ガツコウホウジン センゾクガクエン"
  },
  "8587": {
    "postcode": "2138587",
    "prefecture": "神奈川県",
    "prefecture_kana": "カナガワケン",
    "prefecture_code": 14,
    "city": "川崎市高津区",
    "city_kana": "カワサキシタカツク",
    "town": "梶ケ谷",
    "town_kana": "カジガヤ",
    "street": "１丁目３−１",
    "office_name": "虎の門病院　分院",
    "office_name_kana": "トラノモンビヨウイン ブンイン"
  },
  "8588": {
    "postcode": "2138588",
    "prefecture": "神奈川県",
    "prefecture_kana": "カナガワケン",
    "prefecture_code": 14,
    "city": "川崎市高津区",
    "city_kana": "カワサキシタカツク",
    "town": "宇奈根",
    "town_kana": "ウナネ",
    "street": "７３１−１",
    "office_name": "株式会社　常光",
    "office_name_kana": "カブシキガイシヤ ジヨウコウ"
  },
  "8589": {
    "postcode": "2138589",
    "prefecture": "神奈川県",
    "prefecture_kana": "カナガワケン",
    "prefecture_code": 14,
    "city": "川崎市高津区",
    "city_kana": "カワサキシタカツク",
    "town": "下作延",
    "town_kana": "シモサクノベ",
    "street": "４−２６−１",
    "office_name": "宗教法人　大明王院",
    "office_name_kana": "シユウキヨウホウジン ダイミヨウオウイン"
  }
}