{
  "0000": {
    "postcode": "2530000",
    "prefecture": "神奈川県",
    "prefecture_kana": "カナガワケン",
    "prefecture_code": 14,
    "city": "茅ヶ崎市",
    "city_kana": "チガサキシ",
    "town": "",
    "town_kana": "",
    "street": null,
    "office_name": null,
    "office_name_kana": null
  },
  "0001": {
    "postcode": "2530001",
    "prefecture": "神奈川県",
    "prefecture_kana": "カナガワケン",
    "prefecture_code": 14,
    "city": "茅ヶ崎市",
    "city_kana": "チガサキシ",
    "town": "赤羽根",
    "town_kana": "アカバネ",
    "street": null,
    "office_name": null,
    "office_name_kana": null
  },
  "0002": {
    "postcode": "2530002",
    "prefecture": "神奈川県",
    "prefecture_kana": "カナガワケン",
    "prefecture_code": 14,
    "city": "茅ヶ崎市",
    "city_kana": "チガサキシ",
    "town": "高田",
    "town_kana": "タカタ",
    "street": null,
    "office_name": null,
    "office_name_kana": null
  },
  "0003": {
    "postcode": "2530003",
    "prefecture": "神奈川県",
    "prefecture_kana": "カナガワケン",
    "prefecture_code": 14,
    "city": "茅ヶ崎市",
    "city_kana": "チガサキシ",
    "town": "鶴が台",
    "town_kana": "ツルガダイ",
    "street": null,
    "office_name": null,
    "office_name_kana": null
  },
  "0004": {
    "postcode": "2530004",
    "prefecture": "神奈川県",
    "prefecture_kana": "カナガワケン",
    "prefecture_code": 14,
    "city": "茅ヶ崎市",
    "city_kana": "チガサキシ",
    "town": "甘沼",
    "town_kana": "アマヌマ",
    "street": null,
    "office_name": null,
    "office_name_kana": null
  },
  "0005": {
    "postcode": "2530005",
    "prefecture": "神奈川県",
    "prefecture_kana": "カナガワケン",
    "prefecture_code": 14,
    "city": "茅ヶ崎市",
    "city_kana": "チガサキシ",
    "town": "松風台",
    "town_kana": "マツカゼダイ",
    "street": null,
    "office_name": null,
    "office_name_kana": null
  },
  "0006": {
    "postcode": "2530006",
    "prefecture": "神奈川県",
    "prefecture_kana": "カナガワケン",
    "prefecture_code": 14,
    "city": "茅ヶ崎市",
    "city_kana": "チガサキシ",
    "town": "堤",
    "town_kana": "ツツミ",
    "street": null,
    "office_name": null,
    "office_name_kana": null
  },
  "0007": {
    "postcode": "2530007",
    "prefecture": "神奈川県",
    "prefecture_kana": "カナガワケン",
    "prefecture_code": 14,
    "city": "茅ヶ崎市",
    "city_kana": "チガサキシ",
    "town": "行谷",
    "town_kana": "ナメガヤ",
    "street": null,
    "office_name": null,
    "office_name_kana": null
  },
  "0008": {
    "postcode": "2530008",
    "prefecture": "神奈川県",
    "prefecture_kana": "カナガワケン",
    "prefecture_code": 14,
    "city": "茅ヶ崎市",
    "city_kana": "チガサキシ",
    "town": "芹沢",
    "town_kana": "セリザワ",
    "street": null,
    "office_name": null,
    "office_name_kana": null
  },
  "0011": {
    "postcode": "2530011",
    "prefecture": "神奈川県",
    "prefecture_kana": "カナガワケン",
    "prefecture_code": 14,
    "city": "茅ヶ崎市",
    "city_kana": "チガサキシ",
    "town": "菱沼",
    "town_kana": "ヒシヌマ",
    "street": null,
    "office_name": null,
    "office_name_kana": null
  },
  "0012": {
    "postcode": "2530012",
    "prefecture": "神奈川県",
    "prefecture_kana": "カナガワケン",
    "prefecture_code": 14,
    "city": "茅ヶ崎市",
    "city_kana": "チガサキシ",
    "town": "小和田",
    "town_kana": "コワダ",
    "street": null,
    "office_name": null,
    "office_name_kana": null
  },
  "0013": {
    "postcode": "2530013",
    "prefecture": "神奈川県",
    "prefecture_kana": "カナガワケン",
    "prefecture_code": 14,
    "city": "茅ヶ崎市",
    "city_kana": "チガサキシ",
    "town": "赤松町",
    "town_kana": "アカマツチョウ",
    "street": null,
    "office_name": null,
    "office_name_kana": null
  },
  "0014": {
    "postcode": "2530014",
    "prefecture": "神奈川県",
    "prefecture_kana": "カナガワケン",
    "prefecture_code": 14,
    "city": "茅ヶ崎市",
    "city_kana": "チガサキシ",
    "town": "本宿町",
    "town_kana": "ホンジュクチョウ",
    "street": null,
    "office_name": null,
    "office_name_kana": null
  },
  "0015": {
    "postcode": "2530015",
    "prefecture": "神奈川県",
    "prefecture_kana": "カナガワケン",
    "prefecture_code": 14,
    "city": "茅ヶ崎市",
    "city_kana": "チガサキシ",
    "town": "代官町",
    "town_kana": "ダイカンチョウ",
    "street": null,
    "office_name": null,
    "office_name_kana": null
  },
  "0016": {
    "postcode": "2530016",
    "prefecture": "神奈川県",
    "prefecture_kana": "カナガワケン",
    "prefecture_code": 14,
    "city": "茅ヶ崎市",
    "city_kana": "チガサキシ",
    "town": "小桜町",
    "town_kana": "コザクラチョウ",
    "street": null,
    "office_name": null,
    "office_name_kana": null
  },
  "0017": {
    "postcode": "2530017",
    "prefecture": "神奈川県",
    "prefecture_kana": "カナガワケン",
    "prefecture_code": 14,
    "city": "茅ヶ崎市",
    "city_kana": "チガサキシ",
    "town": "松林",
    "town_kana": "ショウリン",
    "street": null,
    "office_name": null,
    "office_name_kana": null
  },
  "0018": {
    "postcode": "2530018",
    "prefecture": "神奈川県",
    "prefecture_kana": "カナガワケン",
    "prefecture_code": 14,
    "city": "茅ヶ崎市",
    "city_kana": "チガサキシ",
    "town": "室田",
    "town_kana": "ムロタ",
    "street": null,
    "office_name": null,
    "office_name_kana": null
  },
  "0021": {
    "postcode": "2530021",
    "prefecture": "神奈川県",
    "prefecture_kana": "カナガワケン",
    "prefecture_code": 14,
    "city": "茅ヶ崎市",
    "city_kana": "チガサキシ",
    "town": "浜竹",
    "town_kana": "ハマタケ",
    "street": null,
    "office_name": null,
    "office_name_kana": null
  },
  "0022": {
    "postcode": "2530022",
    "prefecture": "神奈川県",
    "prefecture_kana": "カナガワケン",
    "prefecture_code": 14,
    "city": "茅ヶ崎市",
    "city_kana": "チガサキシ",
    "town": "松浪",
    "town_kana": "マツナミ",
    "street": null,
    "office_name": null,
    "office_name_kana": null
  },
  "0023": {
    "postcode": "2530023",
    "prefecture": "神奈川県",
    "prefecture_kana": "カナガワケン",
    "prefecture_code": 14,
    "city": "茅ヶ崎市",
    "city_kana": "チガサキシ",
    "town": "美住町",
    "town_kana": "ミスミチョウ",
    "street": null,
    "office_name": null,
    "office_name_kana": null
  },
  "0024": {
    "postcode": "2530024",
    "prefecture": "神奈川県",
    "prefecture_kana": "カナガワケン",
    "prefecture_code": 14,
    "city": "茅ヶ崎市",
    "city_kana": "チガサキシ",
    "town": "平和町",
    "town_kana": "ヘイワチョウ",
    "street": null,
    "office_name": null,
    "office_name_kana": null
  },
  "0025": {
    "postcode": "2530025",
    "prefecture": "神奈川県",
    "prefecture_kana": "カナガワケン",
    "prefecture_code": 14,
    "city": "茅ヶ崎市",
    "city_kana": "チガサキシ",
    "town": "松が丘",
    "town_kana": "マツガオカ",
    "street": null,
    "office_name": null,
    "office_name_kana": null
  },
  "0026": {
    "postcode": "2530026",
    "prefecture": "神奈川県",
    "prefecture_kana": "カナガワケン",
    "prefecture_code": 14,
    "city": "茅ヶ崎市",
    "city_kana": "チガサキシ",
    "town": "旭が丘",
    "town_kana": "アサヒガオカ",
    "street": null,
    "office_name": null,
    "office_name_kana": null
  },
  "0027": {
    "postcode": "2530027",
    "prefecture": "神奈川県",
    "prefecture_kana": "カナガワケン",
    "prefecture_code": 14,
    "city": "茅ヶ崎市",
    "city_kana": "チガサキシ",
    "town": "ひばりが丘",
    "town_kana": "ヒバリガオカ",
    "street": null,
    "office_name": null,
    "office_name_kana": null
  },
  "0028": {
    "postcode": "2530028",
    "prefecture": "神奈川県",
    "prefecture_kana": "カナガワケン",
    "prefecture_code": 14,
    "city": "茅ヶ崎市",
    "city_kana": "チガサキシ",
    "town": "出口町",
    "town_kana": "デグチチョウ",
    "street": null,
    "office_name": null,
    "office_name_kana": null
  },
  "0031": {
    "postcode": "2530031",
    "prefecture": "神奈川県",
    "prefecture_kana": "カナガワケン",
    "prefecture_code": 14,
    "city": "茅ヶ崎市",
    "city_kana": "チガサキシ",
    "town": "富士見町",
    "town_kana": "フジミチョウ",
    "street": null,
    "office_name": null,
    "office_name_kana": null
  },
  "0032": {
    "postcode": "2530032",
    "prefecture": "神奈川県",
    "prefecture_kana": "カナガワケン",
    "prefecture_code": 14,
    "city": "茅ヶ崎市",
    "city_kana": "チガサキシ",
    "town": "常盤町",
    "town_kana": "トキワチョウ",
    "street": null,
    "office_name": null,
    "office_name_kana": null
  },
  "0033": {
    "postcode": "2530033",
    "prefecture": "神奈川県",
    "prefecture_kana": "カナガワケン",
    "prefecture_code": 14,
    "city": "茅ヶ崎市",
    "city_kana": "チガサキシ",
    "town": "汐見台",
    "town_kana": "シオミダイ",
    "street": null,
    "office_name": null,
    "office_name_kana": null
  },
  "0034": {
    "postcode": "2530034",
    "prefecture": "神奈川県",
    "prefecture_kana": "カナガワケン",
    "prefecture_code": 14,
    "city": "茅ヶ崎市",
    "city_kana": "チガサキシ",
    "town": "緑が浜",
    "town_kana": "ミドリガハマ",
    "street": null,
    "office_name": null,
    "office_name_kana": null
  },
  "0035": {
    "postcode": "2530035",
    "prefecture": "神奈川県",
    "prefecture_kana": "カナガワケン",
    "prefecture_code": 14,
    "city": "茅ヶ崎市",
    "city_kana": "チガサキシ",
    "town": "浜須賀",
    "town_kana": "ハマスカ",
    "street": null,
    "office_name": null,
    "office_name_kana": null
  },
  "0036": {
    "postcode": "2530036",
    "prefecture": "神奈川県",
    "prefecture_kana": "カナガワケン",
    "prefecture_code": 14,
    "city": "茅ヶ崎市",
    "city_kana": "チガサキシ",
    "town": "白浜町",
    "town_kana": "シラハマチョウ",
    "street": null,
    "office_name": null,
    "office_name_kana": null
  },
  "0037": {
    "postcode": "2530037",
    "prefecture": "神奈川県",
    "prefecture_kana": "カナガワケン",
    "prefecture_code": 14,
    "city": "茅ヶ崎市",
    "city_kana": "チガサキシ",
    "town": "菱沼海岸",
    "town_kana": "ヒシヌマカイガン",
    "street": null,
    "office_name": null,
    "office_name_kana": null
  },
  "0041": {
    "postcode": "2530041",
    "prefecture": "神奈川県",
    "prefecture_kana": "カナガワケン",
    "prefecture_code": 14,
    "city": "茅ヶ崎市",
    "city_kana": "チガサキシ",
    "town": "茅ヶ崎",
    "town_kana": "チガサキ",
    "street": null,
    "office_name": null,
    "office_name_kana": null
  },
  "0042": {
    "postcode": "2530042",
    "prefecture": "神奈川県",
    "prefecture_kana": "カナガワケン",
    "prefecture_code": 14,
    "city": "茅ヶ崎市",
    "city_kana": "チガサキシ",
    "town": "本村",
    "town_kana": "ホンソン",
    "street": null,
    "office_name": null,
    "office_name_kana": null
  },
  "0043": {
    "postcode": "2530043",
    "prefecture": "神奈川県",
    "prefecture_kana": "カナガワケン",
    "prefecture_code": 14,
    "city": "茅ヶ崎市",
    "city_kana": "チガサキシ",
    "town": "元町",
    "town_kana": "モトマチ",
    "street": null,
    "office_name": null,
    "office_name_kana": null
  },
  "0044": {
    "postcode": "2530044",
    "prefecture": "神奈川県",
    "prefecture_kana": "カナガワケン",
    "prefecture_code": 14,
    "city": "茅ヶ崎市",
    "city_kana": "チガサキシ",
    "town": "新栄町",
    "town_kana": "シンエイチョウ",
    "street": null,
    "office_name": null,
    "office_name_kana": null
  },
  "0045": {
    "postcode": "2530045",
    "prefecture": "神奈川県",
    "prefecture_kana": "カナガワケン",
    "prefecture_code": 14,
    "city": "茅ヶ崎市",
    "city_kana": "チガサキシ",
    "town": "十間坂",
    "town_kana": "ジュッケンザカ",
    "street": null,
    "office_name": null,
    "office_name_kana": null
  },
  "0051": {
    "postcode": "2530051",
    "prefecture": "神奈川県",
    "prefecture_kana": "カナガワケン",
    "prefecture_code": 14,
    "city": "茅ヶ崎市",
    "city_kana": "チガサキシ",
    "town": "若松町",
    "town_kana": "ワカマツチョウ",
    "street": null,
    "office_name": null,
    "office_name_kana": null
  },
  "0052": {
    "postcode": "2530052",
    "prefecture": "神奈川県",
    "prefecture_kana": "カナガワケン",
    "prefecture_code": 14,
    "city": "茅ヶ崎市",
    "city_kana": "チガサキシ",
    "town": "幸町",
    "town_kana": "サイワイチョウ",
    "street": null,
    "office_name": null,
    "office_name_kana": null
  },
  "0053": {
    "postcode": "2530053",
    "prefecture": "神奈川県",
    "prefecture_kana": "カナガワケン",
    "prefecture_code": 14,
    "city": "茅ヶ崎市",
    "city_kana": "チガサキシ",
    "town": "東海岸北",
    "town_kana": "ヒガシカイガンキタ",
    "street": null,
    "office_name": null,
    "office_name_kana": null
  },
  "0054": {
    "postcode": "2530054",
    "prefecture": "神奈川県",
    "prefecture_kana": "カナガワケン",
    "prefecture_code": 14,
    "city": "茅ヶ崎市",
    "city_kana": "チガサキシ",
    "town": "東海岸南",
    "town_kana": "ヒガシカイガンミナミ",
    "street": null,
    "office_name": null,
    "office_name_kana": null
  },
  "0055": {
    "postcode": "2530055",
    "prefecture": "神奈川県",
    "prefecture_kana": "カナガワケン",
    "prefecture_code": 14,
    "city": "茅ヶ崎市",
    "city_kana": "チガサキシ",
    "town": "中海岸",
    "town_kana": "ナカカイガン",
    "street": null,
    "office_name": null,
    "office_name_kana": null
  },
  "0056": {
    "postcode": "2530056",
    "prefecture": "神奈川県",
    "prefecture_kana": "カナガワケン",
    "prefecture_code": 14,
    "city": "茅ヶ崎市",
    "city_kana": "チガサキシ",
    "town": "共恵",
    "town_kana": "トモエ",
    "street": null,
    "office_name": null,
    "office_name_kana": null
  },
  "0061": {
    "postcode": "2530061",
    "prefecture": "神奈川県",
    "prefecture_kana": "カナガワケン",
    "prefecture_code": 14,
    "city": "茅ヶ崎市",
    "city_kana": "チガサキシ",
    "town": "南湖",
    "town_kana": "ナンゴ",
    "street": null,
    "office_name": null,
    "office_name_kana": null
  },
  "0062": {
    "postcode": "2530062",
    "prefecture": "神奈川県",
    "prefecture_kana": "カナガワケン",
    "prefecture_code": 14,
    "city": "茅ヶ崎市",
    "city_kana": "チガサキシ",
    "town": "浜見平",
    "town_kana": "ハマミダイラ",
    "street": null,
    "office_name": null,
    "office_name_kana": null
  },
  "0063": {
    "postcode": "2530063",
    "prefecture": "神奈川県",
    "prefecture_kana": "カナガワケン",
    "prefecture_code": 14,
    "city": "茅ヶ崎市",
    "city_kana": "チガサキシ",
    "town": "柳島海岸",
    "town_kana": "ヤナギシマカイガン",
    "street": null,
    "office_name": null,
    "office_name_kana": null
  },
  "0064": {
    "postcode": "2530064",
    "prefecture": "神奈川県",
    "prefecture_kana": "カナガワケン",
    "prefecture_code": 14,
    "city": "茅ヶ崎市",
    "city_kana": "チガサキシ",
    "town": "柳島",
    "town_kana": "ヤナギシマ",
    "street": null,
    "office_name": null,
    "office_name_kana": null
  },
  "0065": {
    "postcode": "2530065",
    "prefecture": "神奈川県",
    "prefecture_kana": "カナガワケン",
    "prefecture_code": 14,
    "city": "茅ヶ崎市",
    "city_kana": "チガサキシ",
    "town": "松尾",
    "town_kana": "マツオ",
    "street": null,
    "office_name": null,
    "office_name_kana": null
  },
  "0071": {
    "postcode": "2530071",
    "prefecture": "神奈川県",
    "prefecture_kana": "カナガワケン",
    "prefecture_code": 14,
    "city": "茅ヶ崎市",
    "city_kana": "チガサキシ",
    "town": "萩園",
    "town_kana": "ハギソノ",
    "street": null,
    "office_name": null,
    "office_name_kana": null
  },
  "0072": {
    "postcode": "2530072",
    "prefecture": "神奈川県",
    "prefecture_kana": "カナガワケン",
    "prefecture_code": 14,
    "city": "茅ヶ崎市",
    "city_kana": "チガサキシ",
    "town": "今宿",
    "town_kana": "イマジュク",
    "street": null,
    "office_name": null,
    "office_name_kana": null
  },
  "0073": {
    "postcode": "2530073",
    "prefecture": "神奈川県",
    "prefecture_kana": "カナガワケン",
    "prefecture_code": 14,
    "city": "茅ヶ崎市",
    "city_kana": "チガサキシ",
    "town": "中島",
    "town_kana": "ナカジマ",
    "street": null,
    "office_name": null,
    "office_name_kana": null
  },
  "0074": {
    "postcode": "2530074",
    "prefecture": "神奈川県",
    "prefecture_kana": "カナガワケン",
    "prefecture_code": 14,
    "city": "茅ヶ崎市",
    "city_kana": "チガサキシ",
    "town": "平太夫新田",
    "town_kana": "ヘイダユウシンデン",
    "street": null,
    "office_name": null,
    "office_name_kana": null
  },
  "0081": {
    "postcode": "2530081",
    "prefecture": "神奈川県",
    "prefecture_kana": "カナガワケン",
    "prefecture_code": 14,
    "city": "茅ヶ崎市",
    "city_kana": "チガサキシ",
    "town": "下寺尾",
    "town_kana": "シモテラオ",
    "street": null,
    "office_name": null,
    "office_name_kana": null
  },
  "0082": {
    "postcode": "2530082",
    "prefecture": "神奈川県",
    "prefecture_kana": "カナガワケン",
    "prefecture_code": 14,
    "city": "茅ヶ崎市",
    "city_kana": "チガサキシ",
    "town": "香川",
    "town_kana": "カガワ",
    "street": null,
    "office_name": null,
    "office_name_kana": null
  },
  "0083": {
    "postcode": "2530083",
    "prefecture": "神奈川県",
    "prefecture_kana": "カナガワケン",
    "prefecture_code": 14,
    "city": "茅ヶ崎市",
    "city_kana": "チガサキシ",
    "town": "西久保",
    "town_kana": "ニシクボ",
    "street": null,
    "office_name": null,
    "office_name_kana": null
  },
  "0084": {
    "postcode": "2530084",
    "prefecture": "神奈川県",
    "prefecture_kana": "カナガワケン",
    "prefecture_code": 14,
    "city": "茅ヶ崎市",
    "city_kana": "チガサキシ",
    "town": "円蔵",
    "town_kana": "エンゾウ",
    "street": null,
    "office_name": null,
    "office_name_kana": null
  },
  "0085": {
    "postcode": "2530085",
    "prefecture": "神奈川県",
    "prefecture_kana": "カナガワケン",
    "prefecture_code": 14,
    "city": "茅ヶ崎市",
    "city_kana": "チガサキシ",
    "town": "矢畑",
    "town_kana": "ヤバタ",
    "street": null,
    "office_name": null,
    "office_name_kana": null
  },
  "0086": {
    "postcode": "2530086",
    "prefecture": "神奈川県",
    "prefecture_kana": "カナガワケン",
    "prefecture_code": 14,
    "city": "茅ヶ崎市",
    "city_kana": "チガサキシ",
    "town": "浜之郷",
    "town_kana": "ハマノゴウ",
    "street": null,
    "office_name": null,
    "office_name_kana": null
  },
  "0087": {
    "postcode": "2530087",
    "prefecture": "神奈川県",
    "prefecture_kana": "カナガワケン",
    "prefecture_code": 14,
    "city": "茅ヶ崎市",
    "city_kana": "チガサキシ",
    "town": "下町屋",
    "town_kana": "シモマチヤ",
    "street": null,
    "office_name": null,
    "office_name_kana": null
  },
  "0088": {
    "postcode": "2530088",
    "prefecture": "神奈川県",
    "prefecture_kana": "カナガワケン",
    "prefecture_code": 14,
    "city": "茅ヶ崎市",
    "city_kana": "チガサキシ",
    "town": "みずき",
    "town_kana": "ミズキ",
    "street": null,
    "office_name": null,
    "office_name_kana": null
  },
  "0100": {
    "postcode": "2530100",
    "prefecture": "神奈川県",
    "prefecture_kana": "カナガワケン",
    "prefecture_code": 14,
    "city": "高座郡寒川町",
    "city_kana": "コウザグンサムカワマチ",
    "town": "",
    "town_kana": "",
    "street": null,
    "office_name": null,
    "office_name_kana": null
  },
  "0101": {
    "postcode": "2530101",
    "prefecture": "神奈川県",
    "prefecture_kana": "カナガワケン",
    "prefecture_code": 14,
    "city": "高座郡寒川町",
    "city_kana": "コウザグンサムカワマチ",
    "town": "倉見",
    "town_kana": "クラミ",
    "street": null,
    "office_name": null,
    "office_name_kana": null
  },
  "0102": {
    "postcode": "2530102",
    "prefecture": "神奈川県",
    "prefecture_kana": "カナガワケン",
    "prefecture_code": 14,
    "city": "高座郡寒川町",
    "city_kana": "コウザグンサムカワマチ",
    "town": "小動",
    "town_kana": "コユルギ",
    "street": null,
    "office_name": null,
    "office_name_kana": null
  },
  "0103": {
    "postcode": "2530103",
    "prefecture": "神奈川県",
    "prefecture_kana": "カナガワケン",
    "prefecture_code": 14,
    "city": "高座郡寒川町",
    "city_kana": "コウザグンサムカワマチ",
    "town": "小谷",
    "town_kana": "コヤト",
    "street": null,
    "office_name": null,
    "office_name_kana": null
  },
  "0104": {
    "postcode": "2530104",
    "prefecture": "神奈川県",
    "prefecture_kana": "カナガワケン",
    "prefecture_code": 14,
    "city": "高座郡寒川町",
    "city_kana": "コウザグンサムカワマチ",
    "town": "大蔵",
    "town_kana": "オオゾウ",
    "street": null,
    "office_name": null,
    "office_name_kana": null
  },
  "0105": {
    "postcode": "2530105",
    "prefecture": "神奈川県",
    "prefecture_kana": "カナガワケン",
    "prefecture_code": 14,
    "city": "高座郡寒川町",
    "city_kana": "コウザグンサムカワマチ",
    "town": "岡田",
    "town_kana": "オカダ",
    "street": null,
    "office_name": null,
    "office_name_kana": null
  },
  "0106": {
    "postcode": "2530106",
    "prefecture": "神奈川県",
    "prefecture_kana": "カナガワケン",
    "prefecture_code": 14,
    "city": "高座郡寒川町",
    "city_kana": "コウザグンサムカワマチ",
    "town": "宮山",
    "town_kana": "ミヤヤマ",
    "street": null,
    "office_name": null,
    "office_name_kana": null
  },
  "0111": {
    "postcode": "2530111",
    "prefecture": "神奈川県",
    "prefecture_kana": "カナガワケン",
    "prefecture_code": 14,
    "city": "高座郡寒川町",
    "city_kana": "コウザグンサムカワマチ",
    "town": "一之宮",
    "town_kana": "イチノミヤ",
    "street": null,
    "office_name": null,
    "office_name_kana": null
  },
  "0112": {
    "postcode": "2530112",
    "prefecture": "神奈川県",
    "prefecture_kana": "カナガワケン",
    "prefecture_code": 14,
    "city": "高座郡寒川町",
    "city_kana": "コウザグンサムカワマチ",
    "town": "中瀬",
    "town_kana": "ナカゼ",
    "street": null,
    "office_name": null,
    "office_name_kana": null
  },
  "0113": {
    "postcode": "2530113",
    "prefecture": "神奈川県",
    "prefecture_kana": "カナガワケン",
    "prefecture_code": 14,
    "city": "高座郡寒川町",
    "city_kana": "コウザグンサムカワマチ",
    "town": "大曲",
    "town_kana": "オオマガリ",
    "street": null,
    "office_name": null,
    "office_name_kana": null
  },
  "0114": {
    "postcode": "2530114",
    "prefecture": "神奈川県",
    "prefecture_kana": "カナガワケン",
    "prefecture_code": 14,
    "city": "高座郡寒川町",
    "city_kana": "コウザグンサムカワマチ",
    "town": "田端",
    "town_kana": "タバタ",
    "street": null,
    "office_name": null,
    "office_name_kana": null
  },
  "0193": {
    "postcode": "2530193",
    "prefecture": "神奈川県",
    "prefecture_kana": "カナガワケン",
    "prefecture_code": 14,
    "city": "高座郡寒川町",
    "city_kana": "コウザグンサムカワマチ",
    "town": "田端",
    "town_kana": "タバタ",
    "street": "１５８０番地",
    "office_name": "ユシロ化学工業　株式会社　テクニカルセンター",
    "office_name_kana": "ユシロカガクコウギヨウ カブシキガイシヤ テクニカルセンタ-"
  },
  "0195": {
    "postcode": "2530195",
    "prefecture": "神奈川県",
    "prefecture_kana": "カナガワケン",
    "prefecture_code": 14,
    "city": "高座郡寒川町",
    "city_kana": "コウザグンサムカワマチ",
    "town": "宮山",
    "town_kana": "ミヤヤマ",
    "street": "３９１６",
    "office_name": "寒川神社",
    "office_name_kana": "サムカワジンジヤ"
  },
  "0196": {
    "postcode": "2530196",
    "prefecture": "神奈川県",
    "prefecture_kana": "カナガワケン",
    "prefecture_code": 14,
    "city": "高座郡寒川町",
    "city_kana": "コウザグンサムカワマチ",
    "town": "宮山",
    "town_kana": "ミヤヤマ",
    "street": "１６５",
    "office_name": "寒川町役場",
    "office_name_kana": "サムカワマチヤクバ"
  },
  "8510": {
    "postcode": "2538510",
    "prefecture": "神奈川県",
    "prefecture_kana": "カナガワケン",
    "prefecture_code": 14,
    "city": "茅ヶ崎市",
    "city_kana": "チガサキシ",
    "town": "茅ヶ崎",
    "town_kana": "チガサキ",
    "street": "３丁目３−５",
    "office_name": "東邦チタニウム　株式会社",
    "office_name_kana": "トウホウチタニウム カブシキガイシヤ"
  },
  "8522": {
    "postcode": "2538522",
    "prefecture": "神奈川県",
    "prefecture_kana": "カナガワケン",
    "prefecture_code": 14,
    "city": "茅ヶ崎市",
    "city_kana": "チガサキシ",
    "town": "萩園",
    "town_kana": "ハギソノ",
    "street": "２５００",
    "office_name": "アルバック・ファイ　株式会社",
    "office_name_kana": "アルバツク・フアイ カブシキガイシヤ"
  },
  "8530": {
    "postcode": "2538530",
    "prefecture": "神奈川県",
    "prefecture_kana": "カナガワケン",
    "prefecture_code": 14,
    "city": "茅ヶ崎市",
    "city_kana": "チガサキシ",
    "town": "東海岸南",
    "town_kana": "ヒガシカイガンミナミ",
    "street": "４−３−３",
    "office_name": "株式会社　寿恵会ネオ・サミット　茅ヶ崎",
    "office_name_kana": "カブシキガイシヤ ジユケイカイネオ・サミツト チガサキ"
  },
  "8531": {
    "postcode": "2538531",
    "prefecture": "神奈川県",
    "prefecture_kana": "カナガワケン",
    "prefecture_code": 14,
    "city": "茅ヶ崎市",
    "city_kana": "チガサキシ",
    "town": "茅ヶ崎",
    "town_kana": "チガサキ",
    "street": "２丁目７−７１",
    "office_name": "イオンリテール　株式会社　イオンスタイル湘南茅ヶ崎",
    "office_name_kana": "イオンリテ-ル カブシキガイシヤ イオンスタイルシヨウナンチガサキ"
  },
  "8543": {
    "postcode": "2538543",
    "prefecture": "神奈川県",
    "prefecture_kana": "カナガワケン",
    "prefecture_code": 14,
    "city": "茅ヶ崎市",
    "city_kana": "チガサキシ",
    "town": "萩園",
    "town_kana": "ハギソノ",
    "street": "２５００",
    "office_name": "株式会社　アルバック",
    "office_name_kana": "カブシキカイシヤ アルバツク"
  },
  "8550": {
    "postcode": "2538550",
    "prefecture": "神奈川県",
    "prefecture_kana": "カナガワケン",
    "prefecture_code": 14,
    "city": "茅ヶ崎市",
    "city_kana": "チガサキシ",
    "town": "行谷",
    "town_kana": "ナメガヤ",
    "street": "１１００",
    "office_name": "文教大学　湘南校舎　文教大学　女子短期大学部",
    "office_name_kana": "ブンキヨウダイガク シヨウナンコウシヤ ブンキヨウダイガク ジヨシタンキダイガクブ"
  },
  "8555": {
    "postcode": "2538555",
    "prefecture": "神奈川県",
    "prefecture_kana": "カナガワケン",
    "prefecture_code": 14,
    "city": "茅ヶ崎市",
    "city_kana": "チガサキシ",
    "town": "萩園",
    "town_kana": "ハギソノ",
    "street": "２６０９−５",
    "office_name": "アルバックテクノ　株式会社",
    "office_name_kana": "アルバツクテクノ カブシキガイシヤ"
  },
  "8571": {
    "postcode": "2538571",
    "prefecture": "神奈川県",
    "prefecture_kana": "カナガワケン",
    "prefecture_code": 14,
    "city": "茅ヶ崎市",
    "city_kana": "チガサキシ",
    "town": "萩園",
    "town_kana": "ハギソノ",
    "street": "８２４−２",
    "office_name": "株式会社　オーテックジャパン",
    "office_name_kana": "カブシキガイシヤ オ-テツクジヤパン"
  },
  "8577": {
    "postcode": "2538577",
    "prefecture": "神奈川県",
    "prefecture_kana": "カナガワケン",
    "prefecture_code": 14,
    "city": "茅ヶ崎市",
    "city_kana": "チガサキシ",
    "town": "本村",
    "town_kana": "ホンソン",
    "street": "２丁目８−１",
    "office_name": "ＴＯＴＯ株式会社　茅ヶ崎工場",
    "office_name_kana": "ト-ト- カブシキガイシヤ チガサキコウジヨウ"
  },
  "8585": {
    "postcode": "2538585",
    "prefecture": "神奈川県",
    "prefecture_kana": "カナガワケン",
    "prefecture_code": 14,
    "city": "茅ヶ崎市",
    "city_kana": "チガサキシ",
    "town": "茅ヶ崎",
    "town_kana": "チガサキ",
    "street": "３丁目２−１０",
    "office_name": "セイミケミカル　株式会社",
    "office_name_kana": "セイミケミカル カブシキガイシヤ"
  },
  "8588": {
    "postcode": "2538588",
    "prefecture": "神奈川県",
    "prefecture_kana": "カナガワケン",
    "prefecture_code": 14,
    "city": "茅ヶ崎市",
    "city_kana": "チガサキシ",
    "town": "下町屋",
    "town_kana": "シモマチヤ",
    "street": "１丁目１−１",
    "office_name": "モリタ宮田工業　株式会社　茅ヶ崎工場",
    "office_name_kana": "モリタミヤタコウギヨウ カブシキガイシヤ チガサキコウジヨウ"
  },
  "8660": {
    "postcode": "2538660",
    "prefecture": "神奈川県",
    "prefecture_kana": "カナガワケン",
    "prefecture_code": 14,
    "city": "茅ヶ崎市",
    "city_kana": "チガサキシ",
    "town": "茅ヶ崎",
    "town_kana": "チガサキ",
    "street": "一丁目８番７号",
    "office_name": "茅ヶ崎市保健所",
    "office_name_kana": "チガサキシホケンジヨ"
  },
  "8686": {
    "postcode": "2538686",
    "prefecture": "神奈川県",
    "prefecture_kana": "カナガワケン",
    "prefecture_code": 14,
    "city": "茅ヶ崎市",
    "city_kana": "チガサキシ",
    "town": "茅ヶ崎",
    "town_kana": "チガサキ",
    "street": "１丁目１−１（茅ヶ崎郵便局私書箱第６号）",
    "office_name": "茅ヶ崎市役所",
    "office_name_kana": "チガサキシヤクシヨ"
  }
}