{
  "0000": {
    "postcode": "2730000",
    "prefecture": "千葉県",
    "prefecture_kana": "チバケン",
    "prefecture_code": 12,
    "city": "船橋市",
    "city_kana": "フナバシシ",
    "town": "",
    "town_kana": "",
    "street": null,
    "office_name": null,
    "office_name_kana": null
  },
  "0001": {
    "postcode": "2730001",
    "prefecture": "千葉県",
    "prefecture_kana": "チバケン",
    "prefecture_code": 12,
    "city": "船橋市",
    "city_kana": "フナバシシ",
    "town": "市場",
    "town_kana": "イチバ",
    "street": null,
    "office_name": null,
    "office_name_kana": null
  },
  "0002": {
    "postcode": "2730002",
    "prefecture": "千葉県",
    "prefecture_kana": "チバケン",
    "prefecture_code": 12,
    "city": "船橋市",
    "city_kana": "フナバシシ",
    "town": "東船橋",
    "town_kana": "ヒガシフナバシ",
    "street": null,
    "office_name": null,
    "office_name_kana": null
  },
  "0003": {
    "postcode": "2730003",
    "prefecture": "千葉県",
    "prefecture_kana": "チバケン",
    "prefecture_code": 12,
    "city": "船橋市",
    "city_kana": "フナバシシ",
    "town": "宮本",
    "town_kana": "ミヤモト",
    "street": null,
    "office_name": null,
    "office_name_kana": null
  },
  "0004": {
    "postcode": "2730004",
    "prefecture": "千葉県",
    "prefecture_kana": "チバケン",
    "prefecture_code": 12,
    "city": "船橋市",
    "city_kana": "フナバシシ",
    "town": "南本町",
    "town_kana": "ミナミホンチョウ",
    "street": null,
    "office_name": null,
    "office_name_kana": null
  },
  "0005": {
    "postcode": "2730005",
    "prefecture": "千葉県",
    "prefecture_kana": "チバケン",
    "prefecture_code": 12,
    "city": "船橋市",
    "city_kana": "フナバシシ",
    "town": "本町",
    "town_kana": "ホンチョウ",
    "street": null,
    "office_name": null,
    "office_name_kana": null
  },
  "0011": {
    "postcode": "2730011",
    "prefecture": "千葉県",
    "prefecture_kana": "チバケン",
    "prefecture_code": 12,
    "city": "船橋市",
    "city_kana": "フナバシシ",
    "town": "湊町",
    "town_kana": "ミナトチョウ",
    "street": null,
    "office_name": null,
    "office_name_kana": null
  },
  "0012": {
    "postcode": "2730012",
    "prefecture": "千葉県",
    "prefecture_kana": "チバケン",
    "prefecture_code": 12,
    "city": "船橋市",
    "city_kana": "フナバシシ",
    "town": "浜町",
    "town_kana": "ハマチョウ",
    "street": null,
    "office_name": null,
    "office_name_kana": null
  },
  "0013": {
    "postcode": "2730013",
    "prefecture": "千葉県",
    "prefecture_kana": "チバケン",
    "prefecture_code": 12,
    "city": "船橋市",
    "city_kana": "フナバシシ",
    "town": "若松",
    "town_kana": "ワカマツ",
    "street": null,
    "office_name": null,
    "office_name_kana": null
  },
  "0014": {
    "postcode": "2730014",
    "prefecture": "千葉県",
    "prefecture_kana": "チバケン",
    "prefecture_code": 12,
    "city": "船橋市",
    "city_kana": "フナバシシ",
    "town": "高瀬町",
    "town_kana": "タカセチョウ",
    "street": null,
    "office_name": null,
    "office_name_kana": null
  },
  "0015": {
    "postcode": "2730015",
    "prefecture": "千葉県",
    "prefecture_kana": "チバケン",
    "prefecture_code": 12,
    "city": "船橋市",
    "city_kana": "フナバシシ",
    "town": "日の出",
    "town_kana": "ヒノデ",
    "street": null,
    "office_name": null,
    "office_name_kana": null
  },
  "0016": {
    "postcode": "2730016",
    "prefecture": "千葉県",
    "prefecture_kana": "チバケン",
    "prefecture_code": 12,
    "city": "船橋市",
    "city_kana": "フナバシシ",
    "town": "潮見町",
    "town_kana": "シオミチョウ",
    "street": null,
    "office_name": null,
    "office_name_kana": null
  },
  "0017": {
    "postcode": "2730017",
    "prefecture": "千葉県",
    "prefecture_kana": "チバケン",
    "prefecture_code": 12,
    "city": "船橋市",
    "city_kana": "フナバシシ",
    "town": "西浦",
    "town_kana": "ニシウラ",
    "street": null,
    "office_name": null,
    "office_name_kana": null
  },
  "0018": {
    "postcode": "2730018",
    "prefecture": "千葉県",
    "prefecture_kana": "チバケン",
    "prefecture_code": 12,
    "city": "船橋市",
    "city_kana": "フナバシシ",
    "town": "栄町",
    "town_kana": "サカエチョウ",
    "street": null,
    "office_name": null,
    "office_name_kana": null
  },
  "0021": {
    "postcode": "2730021",
    "prefecture": "千葉県",
    "prefecture_kana": "チバケン",
    "prefecture_code": 12,
    "city": "船橋市",
    "city_kana": "フナバシシ",
    "town": "海神",
    "town_kana": "カイジン",
    "street": null,
    "office_name": null,
    "office_name_kana": null
  },
  "0022": {
    "postcode": "2730022",
    "prefecture": "千葉県",
    "prefecture_kana": "チバケン",
    "prefecture_code": 12,
    "city": "船橋市",
    "city_kana": "フナバシシ",
    "town": "海神町",
    "town_kana": "カイジンチョウ",
    "street": null,
    "office_name": null,
    "office_name_kana": null
  },
  "0023": {
    "postcode": "2730023",
    "prefecture": "千葉県",
    "prefecture_kana": "チバケン",
    "prefecture_code": 12,
    "city": "船橋市",
    "city_kana": "フナバシシ",
    "town": "南海神",
    "town_kana": "ミナミカイジン",
    "street": null,
    "office_name": null,
    "office_name_kana": null
  },
  "0024": {
    "postcode": "2730024",
    "prefecture": "千葉県",
    "prefecture_kana": "チバケン",
    "prefecture_code": 12,
    "city": "船橋市",
    "city_kana": "フナバシシ",
    "town": "海神町南",
    "town_kana": "カイジンチョウミナミ",
    "street": null,
    "office_name": null,
    "office_name_kana": null
  },
  "0025": {
    "postcode": "2730025",
    "prefecture": "千葉県",
    "prefecture_kana": "チバケン",
    "prefecture_code": 12,
    "city": "船橋市",
    "city_kana": "フナバシシ",
    "town": "印内町",
    "town_kana": "インナイチョウ",
    "street": null,
    "office_name": null,
    "office_name_kana": null
  },
  "0026": {
    "postcode": "2730026",
    "prefecture": "千葉県",
    "prefecture_kana": "チバケン",
    "prefecture_code": 12,
    "city": "船橋市",
    "city_kana": "フナバシシ",
    "town": "山野町",
    "town_kana": "ヤマノチョウ",
    "street": null,
    "office_name": null,
    "office_name_kana": null
  },
  "0027": {
    "postcode": "2730027",
    "prefecture": "千葉県",
    "prefecture_kana": "チバケン",
    "prefecture_code": 12,
    "city": "船橋市",
    "city_kana": "フナバシシ",
    "town": "海神町西",
    "town_kana": "カイジンチョウニシ",
    "street": null,
    "office_name": null,
    "office_name_kana": null
  },
  "0028": {
    "postcode": "2730028",
    "prefecture": "千葉県",
    "prefecture_kana": "チバケン",
    "prefecture_code": 12,
    "city": "船橋市",
    "city_kana": "フナバシシ",
    "town": "海神町東",
    "town_kana": "カイジンチョウヒガシ",
    "street": null,
    "office_name": null,
    "office_name_kana": null
  },
  "0031": {
    "postcode": "2730031",
    "prefecture": "千葉県",
    "prefecture_kana": "チバケン",
    "prefecture_code": 12,
    "city": "船橋市",
    "city_kana": "フナバシシ",
    "town": "西船",
    "town_kana": "ニシフナ",
    "street": null,
    "office_name": null,
    "office_name_kana": null
  },
  "0032": {
    "postcode": "2730032",
    "prefecture": "千葉県",
    "prefecture_kana": "チバケン",
    "prefecture_code": 12,
    "city": "船橋市",
    "city_kana": "フナバシシ",
    "town": "葛飾町",
    "town_kana": "カツシカチョウ",
    "street": null,
    "office_name": null,
    "office_name_kana": null
  },
  "0033": {
    "postcode": "2730033",
    "prefecture": "千葉県",
    "prefecture_kana": "チバケン",
    "prefecture_code": 12,
    "city": "船橋市",
    "city_kana": "フナバシシ",
    "town": "本郷町",
    "town_kana": "ホンゴウチョウ",
    "street": null,
    "office_name": null,
    "office_name_kana": null
  },
  "0034": {
    "postcode": "2730034",
    "prefecture": "千葉県",
    "prefecture_kana": "チバケン",
    "prefecture_code": 12,
    "city": "船橋市",
    "city_kana": "フナバシシ",
    "town": "二子町",
    "town_kana": "フタゴチョウ",
    "street": null,
    "office_name": null,
    "office_name_kana": null
  },
  "0035": {
    "postcode": "2730035",
    "prefecture": "千葉県",
    "prefecture_kana": "チバケン",
    "prefecture_code": 12,
    "city": "船橋市",
    "city_kana": "フナバシシ",
    "town": "本中山",
    "town_kana": "モトナカヤマ",
    "street": null,
    "office_name": null,
    "office_name_kana": null
  },
  "0036": {
    "postcode": "2730036",
    "prefecture": "千葉県",
    "prefecture_kana": "チバケン",
    "prefecture_code": 12,
    "city": "船橋市",
    "city_kana": "フナバシシ",
    "town": "東中山",
    "town_kana": "ヒガシナカヤマ",
    "street": null,
    "office_name": null,
    "office_name_kana": null
  },
  "0037": {
    "postcode": "2730037",
    "prefecture": "千葉県",
    "prefecture_kana": "チバケン",
    "prefecture_code": 12,
    "city": "船橋市",
    "city_kana": "フナバシシ",
    "town": "古作",
    "town_kana": "コサク",
    "street": null,
    "office_name": null,
    "office_name_kana": null
  },
  "0038": {
    "postcode": "2730038",
    "prefecture": "千葉県",
    "prefecture_kana": "チバケン",
    "prefecture_code": 12,
    "city": "船橋市",
    "city_kana": "フナバシシ",
    "town": "古作町",
    "town_kana": "コサクチョウ",
    "street": null,
    "office_name": null,
    "office_name_kana": null
  },
  "0039": {
    "postcode": "2730039",
    "prefecture": "千葉県",
    "prefecture_kana": "チバケン",
    "prefecture_code": 12,
    "city": "船橋市",
    "city_kana": "フナバシシ",
    "town": "印内",
    "town_kana": "インナイ",
    "street": null,
    "office_name": null,
    "office_name_kana": null
  },
  "0041": {
    "postcode": "2730041",
    "prefecture": "千葉県",
    "prefecture_kana": "チバケン",
    "prefecture_code": 12,
    "city": "船橋市",
    "city_kana": "フナバシシ",
    "town": "旭町",
    "town_kana": "アサヒチョウ",
    "street": null,
    "office_name": null,
    "office_name_kana": null
  },
  "0042": {
    "postcode": "2730042",
    "prefecture": "千葉県",
    "prefecture_kana": "チバケン",
    "prefecture_code": 12,
    "city": "船橋市",
    "city_kana": "フナバシシ",
    "town": "前貝塚町",
    "town_kana": "マエカイヅカチョウ",
    "street": null,
    "office_name": null,
    "office_name_kana": null
  },
  "0043": {
    "postcode": "2730043",
    "prefecture": "千葉県",
    "prefecture_kana": "チバケン",
    "prefecture_code": 12,
    "city": "船橋市",
    "city_kana": "フナバシシ",
    "town": "行田町",
    "town_kana": "ギョウダチョウ",
    "street": null,
    "office_name": null,
    "office_name_kana": null
  },
  "0044": {
    "postcode": "2730044",
    "prefecture": "千葉県",
    "prefecture_kana": "チバケン",
    "prefecture_code": 12,
    "city": "船橋市",
    "city_kana": "フナバシシ",
    "town": "行田",
    "town_kana": "ギョウダ",
    "street": null,
    "office_name": null,
    "office_name_kana": null
  },
  "0045": {
    "postcode": "2730045",
    "prefecture": "千葉県",
    "prefecture_kana": "チバケン",
    "prefecture_code": 12,
    "city": "船橋市",
    "city_kana": "フナバシシ",
    "town": "山手",
    "town_kana": "ヤマテ",
    "street": null,
    "office_name": null,
    "office_name_kana": null
  },
  "0046": {
    "postcode": "2730046",
    "prefecture": "千葉県",
    "prefecture_kana": "チバケン",
    "prefecture_code": 12,
    "city": "船橋市",
    "city_kana": "フナバシシ",
    "town": "上山町",
    "town_kana": "カミヤマチョウ",
    "street": null,
    "office_name": null,
    "office_name_kana": null
  },
  "0047": {
    "postcode": "2730047",
    "prefecture": "千葉県",
    "prefecture_kana": "チバケン",
    "prefecture_code": 12,
    "city": "船橋市",
    "city_kana": "フナバシシ",
    "town": "藤原",
    "town_kana": "フジワラ",
    "street": null,
    "office_name": null,
    "office_name_kana": null
  },
  "0048": {
    "postcode": "2730048",
    "prefecture": "千葉県",
    "prefecture_kana": "チバケン",
    "prefecture_code": 12,
    "city": "船橋市",
    "city_kana": "フナバシシ",
    "town": "丸山",
    "town_kana": "マルヤマ",
    "street": null,
    "office_name": null,
    "office_name_kana": null
  },
  "0100": {
    "postcode": "2730100",
    "prefecture": "千葉県",
    "prefecture_kana": "チバケン",
    "prefecture_code": 12,
    "city": "鎌ケ谷市",
    "city_kana": "カマガヤシ",
    "town": "",
    "town_kana": "",
    "street": null,
    "office_name": null,
    "office_name_kana": null
  },
  "0101": {
    "postcode": "2730101",
    "prefecture": "千葉県",
    "prefecture_kana": "チバケン",
    "prefecture_code": 12,
    "city": "鎌ケ谷市",
    "city_kana": "カマガヤシ",
    "town": "富岡",
    "town_kana": "トミオカ",
    "street": null,
    "office_name": null,
    "office_name_kana": null
  },
  "0102": {
    "postcode": "2730102",
    "prefecture": "千葉県",
    "prefecture_kana": "チバケン",
    "prefecture_code": 12,
    "city": "鎌ケ谷市",
    "city_kana": "カマガヤシ",
    "town": "右京塚",
    "town_kana": "ウキョウヅカ",
    "street": null,
    "office_name": null,
    "office_name_kana": null
  },
  "0103": {
    "postcode": "2730103",
    "prefecture": "千葉県",
    "prefecture_kana": "チバケン",
    "prefecture_code": 12,
    "city": "鎌ケ谷市",
    "city_kana": "カマガヤシ",
    "town": "丸山",
    "town_kana": "マルヤマ",
    "street": null,
    "office_name": null,
    "office_name_kana": null
  },
  "0104": {
    "postcode": "2730104",
    "prefecture": "千葉県",
    "prefecture_kana": "チバケン",
    "prefecture_code": 12,
    "city": "鎌ケ谷市",
    "city_kana": "カマガヤシ",
    "town": "東鎌ケ谷",
    "town_kana": "ヒガシカマガヤ",
    "street": null,
    "office_name": null,
    "office_name_kana": null
  },
  "0105": {
    "postcode": "2730105",
    "prefecture": "千葉県",
    "prefecture_kana": "チバケン",
    "prefecture_code": 12,
    "city": "鎌ケ谷市",
    "city_kana": "カマガヤシ",
    "town": "鎌ケ谷",
    "town_kana": "カマガヤ",
    "street": null,
    "office_name": null,
    "office_name_kana": null
  },
  "0106": {
    "postcode": "2730106",
    "prefecture": "千葉県",
    "prefecture_kana": "チバケン",
    "prefecture_code": 12,
    "city": "鎌ケ谷市",
    "city_kana": "カマガヤシ",
    "town": "南鎌ケ谷",
    "town_kana": "ミナミカマガヤ",
    "street": null,
    "office_name": null,
    "office_name_kana": null
  },
  "0107": {
    "postcode": "2730107",
    "prefecture": "千葉県",
    "prefecture_kana": "チバケン",
    "prefecture_code": 12,
    "city": "鎌ケ谷市",
    "city_kana": "カマガヤシ",
    "town": "新鎌ケ谷",
    "town_kana": "シンカマガヤ",
    "street": null,
    "office_name": null,
    "office_name_kana": null
  },
  "0111": {
    "postcode": "2730111",
    "prefecture": "千葉県",
    "prefecture_kana": "チバケン",
    "prefecture_code": 12,
    "city": "鎌ケ谷市",
    "city_kana": "カマガヤシ",
    "town": "北中沢",
    "town_kana": "キタナカザワ",
    "street": null,
    "office_name": null,
    "office_name_kana": null
  },
  "0112": {
    "postcode": "2730112",
    "prefecture": "千葉県",
    "prefecture_kana": "チバケン",
    "prefecture_code": 12,
    "city": "鎌ケ谷市",
    "city_kana": "カマガヤシ",
    "town": "東中沢",
    "town_kana": "ヒガシナカザワ",
    "street": null,
    "office_name": null,
    "office_name_kana": null
  },
  "0113": {
    "postcode": "2730113",
    "prefecture": "千葉県",
    "prefecture_kana": "チバケン",
    "prefecture_code": 12,
    "city": "鎌ケ谷市",
    "city_kana": "カマガヤシ",
    "town": "道野辺中央",
    "town_kana": "ミチノベチュウオウ",
    "street": null,
    "office_name": null,
    "office_name_kana": null
  },
  "0114": {
    "postcode": "2730114",
    "prefecture": "千葉県",
    "prefecture_kana": "チバケン",
    "prefecture_code": 12,
    "city": "鎌ケ谷市",
    "city_kana": "カマガヤシ",
    "town": "道野辺",
    "town_kana": "ミチノベ",
    "street": null,
    "office_name": null,
    "office_name_kana": null
  },
  "0115": {
    "postcode": "2730115",
    "prefecture": "千葉県",
    "prefecture_kana": "チバケン",
    "prefecture_code": 12,
    "city": "鎌ケ谷市",
    "city_kana": "カマガヤシ",
    "town": "東道野辺",
    "town_kana": "ヒガシミチノベ",
    "street": null,
    "office_name": null,
    "office_name_kana": null
  },
  "0116": {
    "postcode": "2730116",
    "prefecture": "千葉県",
    "prefecture_kana": "チバケン",
    "prefecture_code": 12,
    "city": "鎌ケ谷市",
    "city_kana": "カマガヤシ",
    "town": "馬込沢",
    "town_kana": "マゴメザワ",
    "street": null,
    "office_name": null,
    "office_name_kana": null
  },
  "0117": {
    "postcode": "2730117",
    "prefecture": "千葉県",
    "prefecture_kana": "チバケン",
    "prefecture_code": 12,
    "city": "鎌ケ谷市",
    "city_kana": "カマガヤシ",
    "town": "西道野辺",
    "town_kana": "ニシミチノベ",
    "street": null,
    "office_name": null,
    "office_name_kana": null
  },
  "0118": {
    "postcode": "2730118",
    "prefecture": "千葉県",
    "prefecture_kana": "チバケン",
    "prefecture_code": 12,
    "city": "鎌ケ谷市",
    "city_kana": "カマガヤシ",
    "town": "中沢",
    "town_kana": "ナカザワ",
    "street": null,
    "office_name": null,
    "office_name_kana": null
  },
  "0119": {
    "postcode": "2730119",
    "prefecture": "千葉県",
    "prefecture_kana": "チバケン",
    "prefecture_code": 12,
    "city": "鎌ケ谷市",
    "city_kana": "カマガヤシ",
    "town": "中沢新町",
    "town_kana": "ナカザワシンマチ",
    "street": null,
    "office_name": null,
    "office_name_kana": null
  },
  "0121": {
    "postcode": "2730121",
    "prefecture": "千葉県",
    "prefecture_kana": "チバケン",
    "prefecture_code": 12,
    "city": "鎌ケ谷市",
    "city_kana": "カマガヤシ",
    "town": "初富",
    "town_kana": "ハツトミ",
    "street": null,
    "office_name": null,
    "office_name_kana": null
  },
  "0122": {
    "postcode": "2730122",
    "prefecture": "千葉県",
    "prefecture_kana": "チバケン",
    "prefecture_code": 12,
    "city": "鎌ケ谷市",
    "city_kana": "カマガヤシ",
    "town": "東初富",
    "town_kana": "ヒガシハツトミ",
    "street": null,
    "office_name": null,
    "office_name_kana": null
  },
  "0123": {
    "postcode": "2730123",
    "prefecture": "千葉県",
    "prefecture_kana": "チバケン",
    "prefecture_code": 12,
    "city": "鎌ケ谷市",
    "city_kana": "カマガヤシ",
    "town": "南初富",
    "town_kana": "ミナミハツトミ",
    "street": null,
    "office_name": null,
    "office_name_kana": null
  },
  "0124": {
    "postcode": "2730124",
    "prefecture": "千葉県",
    "prefecture_kana": "チバケン",
    "prefecture_code": 12,
    "city": "鎌ケ谷市",
    "city_kana": "カマガヤシ",
    "town": "中央",
    "town_kana": "チュウオウ",
    "street": null,
    "office_name": null,
    "office_name_kana": null
  },
  "0125": {
    "postcode": "2730125",
    "prefecture": "千葉県",
    "prefecture_kana": "チバケン",
    "prefecture_code": 12,
    "city": "鎌ケ谷市",
    "city_kana": "カマガヤシ",
    "town": "初富本町",
    "town_kana": "ハツトミホンチョウ",
    "street": null,
    "office_name": null,
    "office_name_kana": null
  },
  "0126": {
    "postcode": "2730126",
    "prefecture": "千葉県",
    "prefecture_kana": "チバケン",
    "prefecture_code": 12,
    "city": "鎌ケ谷市",
    "city_kana": "カマガヤシ",
    "town": "北初富",
    "town_kana": "キタハツトミ",
    "street": null,
    "office_name": null,
    "office_name_kana": null
  },
  "0127": {
    "postcode": "2730127",
    "prefecture": "千葉県",
    "prefecture_kana": "チバケン",
    "prefecture_code": 12,
    "city": "鎌ケ谷市",
    "city_kana": "カマガヤシ",
    "town": "串崎新田",
    "town_kana": "クシザキシンデン",
    "street": null,
    "office_name": null,
    "office_name_kana": null
  },
  "0128": {
    "postcode": "2730128",
    "prefecture": "千葉県",
    "prefecture_kana": "チバケン",
    "prefecture_code": 12,
    "city": "鎌ケ谷市",
    "city_kana": "カマガヤシ",
    "town": "くぬぎ山",
    "town_kana": "クヌギヤマ",
    "street": null,
    "office_name": null,
    "office_name_kana": null
  },
  "0131": {
    "postcode": "2730131",
    "prefecture": "千葉県",
    "prefecture_kana": "チバケン",
    "prefecture_code": 12,
    "city": "鎌ケ谷市",
    "city_kana": "カマガヤシ",
    "town": "軽井沢",
    "town_kana": "カルイザワ",
    "street": null,
    "office_name": null,
    "office_name_kana": null
  },
  "0132": {
    "postcode": "2730132",
    "prefecture": "千葉県",
    "prefecture_kana": "チバケン",
    "prefecture_code": 12,
    "city": "鎌ケ谷市",
    "city_kana": "カマガヤシ",
    "town": "粟野",
    "town_kana": "アワノ",
    "street": null,
    "office_name": null,
    "office_name_kana": null
  },
  "0133": {
    "postcode": "2730133",
    "prefecture": "千葉県",
    "prefecture_kana": "チバケン",
    "prefecture_code": 12,
    "city": "鎌ケ谷市",
    "city_kana": "カマガヤシ",
    "town": "南佐津間",
    "town_kana": "ミナミサツマ",
    "street": null,
    "office_name": null,
    "office_name_kana": null
  },
  "0134": {
    "postcode": "2730134",
    "prefecture": "千葉県",
    "prefecture_kana": "チバケン",
    "prefecture_code": 12,
    "city": "鎌ケ谷市",
    "city_kana": "カマガヤシ",
    "town": "西佐津間",
    "town_kana": "ニシサツマ",
    "street": null,
    "office_name": null,
    "office_name_kana": null
  },
  "0135": {
    "postcode": "2730135",
    "prefecture": "千葉県",
    "prefecture_kana": "チバケン",
    "prefecture_code": 12,
    "city": "鎌ケ谷市",
    "city_kana": "カマガヤシ",
    "town": "中佐津間",
    "town_kana": "ナカサツマ",
    "street": null,
    "office_name": null,
    "office_name_kana": null
  },
  "0136": {
    "postcode": "2730136",
    "prefecture": "千葉県",
    "prefecture_kana": "チバケン",
    "prefecture_code": 12,
    "city": "鎌ケ谷市",
    "city_kana": "カマガヤシ",
    "town": "佐津間",
    "town_kana": "サツマ",
    "street": null,
    "office_name": null,
    "office_name_kana": null
  },
  "0137": {
    "postcode": "2730137",
    "prefecture": "千葉県",
    "prefecture_kana": "チバケン",
    "prefecture_code": 12,
    "city": "鎌ケ谷市",
    "city_kana": "カマガヤシ",
    "town": "道野辺本町",
    "town_kana": "ミチノベホンチョウ",
    "street": null,
    "office_name": null,
    "office_name_kana": null
  },
  "0192": {
    "postcode": "2730192",
    "prefecture": "千葉県",
    "prefecture_kana": "チバケン",
    "prefecture_code": 12,
    "city": "鎌ケ谷市",
    "city_kana": "カマガヤシ",
    "town": "くぬぎ山",
    "town_kana": "クヌギヤマ",
    "street": "４丁目１−１２",
    "office_name": "新京成電鉄　株式会社",
    "office_name_kana": "シンケイセイデンテツ カブシキガイシヤ"
  },
  "0193": {
    "postcode": "2730193",
    "prefecture": "千葉県",
    "prefecture_kana": "チバケン",
    "prefecture_code": 12,
    "city": "鎌ケ谷市",
    "city_kana": "カマガヤシ",
    "town": "南初富",
    "town_kana": "ミナミハツトミ",
    "street": "６丁目２−１２",
    "office_name": "茂野製麺",
    "office_name_kana": "シゲノセイメン"
  },
  "0195": {
    "postcode": "2730195",
    "prefecture": "千葉県",
    "prefecture_kana": "チバケン",
    "prefecture_code": 12,
    "city": "鎌ケ谷市",
    "city_kana": "カマガヤシ",
    "town": "新鎌ケ谷",
    "town_kana": "シンカマガヤ",
    "street": "２−６−１",
    "office_name": "鎌ケ谷市役所",
    "office_name_kana": "カマガヤシヤクシヨ"
  },
  "0197": {
    "postcode": "2730197",
    "prefecture": "千葉県",
    "prefecture_kana": "チバケン",
    "prefecture_code": 12,
    "city": "鎌ケ谷市",
    "city_kana": "カマガヤシ",
    "town": "新鎌ケ谷",
    "town_kana": "シンカマガヤ",
    "street": "２−７−１",
    "office_name": "イオン　鎌ヶ谷店",
    "office_name_kana": "イオン カマガヤテン"
  },
  "0851": {
    "postcode": "2730851",
    "prefecture": "千葉県",
    "prefecture_kana": "チバケン",
    "prefecture_code": 12,
    "city": "船橋市",
    "city_kana": "フナバシシ",
    "town": "馬込町",
    "town_kana": "マゴメチョウ",
    "street": null,
    "office_name": null,
    "office_name_kana": null
  },
  "0852": {
    "postcode": "2730852",
    "prefecture": "千葉県",
    "prefecture_kana": "チバケン",
    "prefecture_code": 12,
    "city": "船橋市",
    "city_kana": "フナバシシ",
    "town": "金杉台",
    "town_kana": "カナスギダイ",
    "street": null,
    "office_name": null,
    "office_name_kana": null
  },
  "0853": {
    "postcode": "2730853",
    "prefecture": "千葉県",
    "prefecture_kana": "チバケン",
    "prefecture_code": 12,
    "city": "船橋市",
    "city_kana": "フナバシシ",
    "town": "金杉",
    "town_kana": "カナスギ",
    "street": null,
    "office_name": null,
    "office_name_kana": null
  },
  "0854": {
    "postcode": "2730854",
    "prefecture": "千葉県",
    "prefecture_kana": "チバケン",
    "prefecture_code": 12,
    "city": "船橋市",
    "city_kana": "フナバシシ",
    "town": "金杉町",
    "town_kana": "カナスギチョウ",
    "street": null,
    "office_name": null,
    "office_name_kana": null
  },
  "0855": {
    "postcode": "2730855",
    "prefecture": "千葉県",
    "prefecture_kana": "チバケン",
    "prefecture_code": 12,
    "city": "船橋市",
    "city_kana": "フナバシシ",
    "town": "馬込西",
    "town_kana": "マゴメニシ",
    "street": null,
    "office_name": null,
    "office_name_kana": null
  },
  "0861": {
    "postcode": "2730861",
    "prefecture": "千葉県",
    "prefecture_kana": "チバケン",
    "prefecture_code": 12,
    "city": "船橋市",
    "city_kana": "フナバシシ",
    "town": "米ケ崎町",
    "town_kana": "コメガサキチョウ",
    "street": null,
    "office_name": null,
    "office_name_kana": null
  },
  "0862": {
    "postcode": "2730862",
    "prefecture": "千葉県",
    "prefecture_kana": "チバケン",
    "prefecture_code": 12,
    "city": "船橋市",
    "city_kana": "フナバシシ",
    "town": "駿河台",
    "town_kana": "スルガダイ",
    "street": null,
    "office_name": null,
    "office_name_kana": null
  },
  "0863": {
    "postcode": "2730863",
    "prefecture": "千葉県",
    "prefecture_kana": "チバケン",
    "prefecture_code": 12,
    "city": "船橋市",
    "city_kana": "フナバシシ",
    "town": "東町",
    "town_kana": "アズマチョウ",
    "street": null,
    "office_name": null,
    "office_name_kana": null
  },
  "0864": {
    "postcode": "2730864",
    "prefecture": "千葉県",
    "prefecture_kana": "チバケン",
    "prefecture_code": 12,
    "city": "船橋市",
    "city_kana": "フナバシシ",
    "town": "北本町",
    "town_kana": "キタホンチョウ",
    "street": null,
    "office_name": null,
    "office_name_kana": null
  },
  "0865": {
    "postcode": "2730865",
    "prefecture": "千葉県",
    "prefecture_kana": "チバケン",
    "prefecture_code": 12,
    "city": "船橋市",
    "city_kana": "フナバシシ",
    "town": "夏見",
    "town_kana": "ナツミ",
    "street": null,
    "office_name": null,
    "office_name_kana": null
  },
  "0866": {
    "postcode": "2730866",
    "prefecture": "千葉県",
    "prefecture_kana": "チバケン",
    "prefecture_code": 12,
    "city": "船橋市",
    "city_kana": "フナバシシ",
    "town": "夏見台",
    "town_kana": "ナツミダイ",
    "street": null,
    "office_name": null,
    "office_name_kana": null
  },
  "0867": {
    "postcode": "2730867",
    "prefecture": "千葉県",
    "prefecture_kana": "チバケン",
    "prefecture_code": 12,
    "city": "船橋市",
    "city_kana": "フナバシシ",
    "town": "夏見町",
    "town_kana": "ナツミチョウ",
    "street": null,
    "office_name": null,
    "office_name_kana": null
  },
  "8501": {
    "postcode": "2738501",
    "prefecture": "千葉県",
    "prefecture_kana": "チバケン",
    "prefecture_code": 12,
    "city": "船橋市",
    "city_kana": "フナバシシ",
    "town": "湊町",
    "town_kana": "ミナトチョウ",
    "street": "２丁目１０番２５号",
    "office_name": "船橋市役所",
    "office_name_kana": "フナバシシヤクシヨ"
  },
  "8502": {
    "postcode": "2738502",
    "prefecture": "千葉県",
    "prefecture_kana": "チバケン",
    "prefecture_code": 12,
    "city": "船橋市",
    "city_kana": "フナバシシ",
    "town": "西浦",
    "town_kana": "ニシウラ",
    "street": "１丁目１番１号",
    "office_name": "日鉄鋼板　株式会社　船橋製造所",
    "office_name_kana": "ニツテツコウバン カブシキガイシヤ フナバシセイゾウシヨ"
  },
  "8503": {
    "postcode": "2738503",
    "prefecture": "千葉県",
    "prefecture_kana": "チバケン",
    "prefecture_code": 12,
    "city": "船橋市",
    "city_kana": "フナバシシ",
    "town": "浜町",
    "town_kana": "ハマチョウ",
    "street": "２丁目１６−１",
    "office_name": "東京都生コンクリート工業組合",
    "office_name_kana": "トウキヨウトナマコンクリ-トコウギヨウクミアイ"
  },
  "8504": {
    "postcode": "2738504",
    "prefecture": "千葉県",
    "prefecture_kana": "チバケン",
    "prefecture_code": 12,
    "city": "船橋市",
    "city_kana": "フナバシシ",
    "town": "湊町",
    "town_kana": "ミナトチョウ",
    "street": "２丁目１−４",
    "office_name": "船橋市役所　分庁舎",
    "office_name_kana": "フナバシシヤクシヨ ブンチヨウシヤ"
  },
  "8505": {
    "postcode": "2738505",
    "prefecture": "千葉県",
    "prefecture_kana": "チバケン",
    "prefecture_code": 12,
    "city": "船橋市",
    "city_kana": "フナバシシ",
    "town": "浜町",
    "town_kana": "ハマチョウ",
    "street": "二丁目１番１号ららぽーとビルディング",
    "office_name": "株式会社　ジェイコム千葉　ＹＹ船橋習志野局",
    "office_name_kana": "カブシキガイシヤ ジエイコムチバ ワイワイフナバシナラシノキヨク"
  },
  "8506": {
    "postcode": "2738506",
    "prefecture": "千葉県",
    "prefecture_kana": "チバケン",
    "prefecture_code": 12,
    "city": "船橋市",
    "city_kana": "フナバシシ",
    "town": "北本町",
    "town_kana": "キタホンチョウ",
    "street": "１丁目１６番５５号",
    "office_name": "船橋市保健福祉センター",
    "office_name_kana": "フナバシシホケンフクシセンタ-"
  },
  "8508": {
    "postcode": "2738508",
    "prefecture": "千葉県",
    "prefecture_kana": "チバケン",
    "prefecture_code": 12,
    "city": "船橋市",
    "city_kana": "フナバシシ",
    "town": "本町",
    "town_kana": "ホンチョウ",
    "street": "３丁目３２−２０−２Ｆ",
    "office_name": "株式会社　ぱど　船橋営業所",
    "office_name_kana": "カブシキガイシヤ パド フナバシエイギヨウシヨ"
  },
  "8510": {
    "postcode": "2738510",
    "prefecture": "千葉県",
    "prefecture_kana": "チバケン",
    "prefecture_code": 12,
    "city": "船橋市",
    "city_kana": "フナバシシ",
    "town": "浜町",
    "town_kana": "ハマチョウ",
    "street": "３丁目３−２フードピア船橋６Ｆ",
    "office_name": "伊藤ハムフードソリューション",
    "office_name_kana": "イトウハムフ-ドソリユ-シヨン"
  },
  "8511": {
    "postcode": "2738511",
    "prefecture": "千葉県",
    "prefecture_kana": "チバケン",
    "prefecture_code": 12,
    "city": "船橋市",
    "city_kana": "フナバシシ",
    "town": "本町",
    "town_kana": "ホンチョウ",
    "street": "１丁目１０−１０",
    "office_name": "船橋商工会議所",
    "office_name_kana": "フナバシシヨウコウカイギシヨ"
  },
  "8512": {
    "postcode": "2738512",
    "prefecture": "千葉県",
    "prefecture_kana": "チバケン",
    "prefecture_code": 12,
    "city": "船橋市",
    "city_kana": "フナバシシ",
    "town": "宮本",
    "town_kana": "ミヤモト",
    "street": "９丁目９−６",
    "office_name": "渡辺パイプ　株式会社",
    "office_name_kana": "ワタナベパイプ カブシキガイシヤ"
  },
  "8515": {
    "postcode": "2738515",
    "prefecture": "千葉県",
    "prefecture_kana": "チバケン",
    "prefecture_code": 12,
    "city": "船橋市",
    "city_kana": "フナバシシ",
    "town": "浜町",
    "town_kana": "ハマチョウ",
    "street": "２丁目２−７ビビットスクエア",
    "office_name": "株式会社　東京スター銀行　船橋支店",
    "office_name_kana": "カブシキガイシヤ トウキヨウスタ-ギンコウ フナバシシテン"
  },
  "8520": {
    "postcode": "2738520",
    "prefecture": "千葉県",
    "prefecture_kana": "チバケン",
    "prefecture_code": 12,
    "city": "船橋市",
    "city_kana": "フナバシシ",
    "town": "海神町西",
    "town_kana": "カイジンチョウニシ",
    "street": "１丁目１０４２−２",
    "office_name": "社会保険　船橋保健看護専門学校",
    "office_name_kana": "シヤカイホケン フナバシホケンカンゴセンモンガツコウ"
  },
  "8521": {
    "postcode": "2738521",
    "prefecture": "千葉県",
    "prefecture_kana": "チバケン",
    "prefecture_code": 12,
    "city": "船橋市",
    "city_kana": "フナバシシ",
    "town": "湊町",
    "town_kana": "ミナトチョウ",
    "street": "２丁目１２−１三井生命船橋第２ビル５階",
    "office_name": "ニツスイ工業　株式会社",
    "office_name_kana": "ニツスイコウギヨウ カブシキガイシヤ"
  },
  "8522": {
    "postcode": "2738522",
    "prefecture": "千葉県",
    "prefecture_kana": "チバケン",
    "prefecture_code": 12,
    "city": "船橋市",
    "city_kana": "フナバシシ",
    "town": "高瀬町",
    "town_kana": "タカセチョウ",
    "street": "２４−３",
    "office_name": "フジフーズ　株式会社",
    "office_name_kana": "フジフ-ズ カブシキガイシヤ"
  },
  "8523": {
    "postcode": "2738523",
    "prefecture": "千葉県",
    "prefecture_kana": "チバケン",
    "prefecture_code": 12,
    "city": "船橋市",
    "city_kana": "フナバシシ",
    "town": "本町",
    "town_kana": "ホンチョウ",
    "street": "２−１−３４船橋スカイビル４階",
    "office_name": "サンケイリビング新聞社",
    "office_name_kana": "サンケイリビングシンブンシヤ"
  },
  "8530": {
    "postcode": "2738530",
    "prefecture": "千葉県",
    "prefecture_kana": "チバケン",
    "prefecture_code": 12,
    "city": "船橋市",
    "city_kana": "フナバシシ",
    "town": "浜町",
    "town_kana": "ハマチョウ",
    "street": "２丁目１番１号",
    "office_name": "ららぽーと　ＴＯＫＹＯ−ＢＡＹ",
    "office_name_kana": "ララポ-ト トウキヨウベイ"
  },
  "8533": {
    "postcode": "2738533",
    "prefecture": "千葉県",
    "prefecture_kana": "チバケン",
    "prefecture_code": 12,
    "city": "船橋市",
    "city_kana": "フナバシシ",
    "town": "市場",
    "town_kana": "イチバ",
    "street": "５丁目１６−１８",
    "office_name": "京葉瓦斯　株式会社　船橋支社",
    "office_name_kana": "ケイヨウガス カブシキガイシヤ フナバシシシヤ"
  },
  "8540": {
    "postcode": "2738540",
    "prefecture": "千葉県",
    "prefecture_kana": "チバケン",
    "prefecture_code": 12,
    "city": "船橋市",
    "city_kana": "フナバシシ",
    "town": "市場",
    "town_kana": "イチバ",
    "street": "３丁目３−１",
    "office_name": "財団法人　復光会総武病院",
    "office_name_kana": "ザイダンホウジン フツコウカイソウブビヨウイン"
  },
  "8542": {
    "postcode": "2738542",
    "prefecture": "千葉県",
    "prefecture_kana": "チバケン",
    "prefecture_code": 12,
    "city": "船橋市",
    "city_kana": "フナバシシ",
    "town": "藤原",
    "town_kana": "フジワラ",
    "street": "４丁目８−５",
    "office_name": "杉山金属印刷　株式会社",
    "office_name_kana": "スギヤマキンゾクインサツ カブシキガイシヤ"
  },
  "8543": {
    "postcode": "2738543",
    "prefecture": "千葉県",
    "prefecture_kana": "チバケン",
    "prefecture_code": 12,
    "city": "船橋市",
    "city_kana": "フナバシシ",
    "town": "印内町",
    "town_kana": "インナイチョウ",
    "street": "６５２−２",
    "office_name": "岡本　株式会社",
    "office_name_kana": "オカモト カブシキガイシヤ"
  },
  "8550": {
    "postcode": "2738550",
    "prefecture": "千葉県",
    "prefecture_kana": "チバケン",
    "prefecture_code": 12,
    "city": "船橋市",
    "city_kana": "フナバシシ",
    "town": "本町",
    "town_kana": "ホンチョウ",
    "street": "１丁目２−１",
    "office_name": "西武百貨店　船橋店",
    "office_name_kana": "セイブヒヤツカテン フナバシテン"
  },
  "8551": {
    "postcode": "2738551",
    "prefecture": "千葉県",
    "prefecture_kana": "チバケン",
    "prefecture_code": 12,
    "city": "船橋市",
    "city_kana": "フナバシシ",
    "town": "宮本",
    "town_kana": "ミヤモト",
    "street": "４丁目１８−６",
    "office_name": "ユアサ・フナショク　株式会社",
    "office_name_kana": "ユアサ・フナシヨク カブシキガイシヤ"
  },
  "8555": {
    "postcode": "2738555",
    "prefecture": "千葉県",
    "prefecture_kana": "チバケン",
    "prefecture_code": 12,
    "city": "船橋市",
    "city_kana": "フナバシシ",
    "town": "市場",
    "town_kana": "イチバ",
    "street": "３丁目１７−１",
    "office_name": "京葉住設　株式会社",
    "office_name_kana": "ケイヨウジユウセツ カブシキガイシヤ"
  },
  "8556": {
    "postcode": "2738556",
    "prefecture": "千葉県",
    "prefecture_kana": "チバケン",
    "prefecture_code": 12,
    "city": "船橋市",
    "city_kana": "フナバシシ",
    "town": "海神",
    "town_kana": "カイジン",
    "street": "６丁目１３−１０",
    "office_name": "社会保険船橋中央病院",
    "office_name_kana": "シヤカイホケンフナバシチユウオウビヨウイン"
  },
  "8558": {
    "postcode": "2738558",
    "prefecture": "千葉県",
    "prefecture_kana": "チバケン",
    "prefecture_code": 12,
    "city": "船橋市",
    "city_kana": "フナバシシ",
    "town": "海神町",
    "town_kana": "カイジンチョウ",
    "street": "二丁目２８４番地１",
    "office_name": "千葉地方法務局　船橋支局",
    "office_name_kana": "チバチホウホウムキヨク フナバシシキヨク"
  },
  "8560": {
    "postcode": "2738560",
    "prefecture": "千葉県",
    "prefecture_kana": "チバケン",
    "prefecture_code": 12,
    "city": "船橋市",
    "city_kana": "フナバシシ",
    "town": "本町",
    "town_kana": "ホンチョウ",
    "street": "１丁目３−１フェイス７階",
    "office_name": "葛南県民センター",
    "office_name_kana": "カツナンケンミンセンタ-"
  },
  "8566": {
    "postcode": "2738566",
    "prefecture": "千葉県",
    "prefecture_kana": "チバケン",
    "prefecture_code": 12,
    "city": "船橋市",
    "city_kana": "フナバシシ",
    "town": "海神町西",
    "town_kana": "カイジンチョウニシ",
    "street": "１丁目１０４２−２",
    "office_name": "社会保険看護研修センター",
    "office_name_kana": "シヤカイホケンカンゴケンシユウセンタ-"
  },
  "8567": {
    "postcode": "2738567",
    "prefecture": "千葉県",
    "prefecture_kana": "チバケン",
    "prefecture_code": 12,
    "city": "船橋市",
    "city_kana": "フナバシシ",
    "town": "本町",
    "town_kana": "ホンチョウ",
    "street": "７丁目１−１",
    "office_name": "株式会社　東武百貨店　船橋店",
    "office_name_kana": "カブシキガイシヤ トウブヒヤツカテン フナバシテン"
  },
  "8570": {
    "postcode": "2738570",
    "prefecture": "千葉県",
    "prefecture_kana": "チバケン",
    "prefecture_code": 12,
    "city": "船橋市",
    "city_kana": "フナバシシ",
    "town": "古作",
    "town_kana": "コサク",
    "street": "１丁目１−１",
    "office_name": "日本中央競馬会　中山競馬場",
    "office_name_kana": "ニホンチユウオウケイバカイ ナカヤマケイバジヨウ"
  },
  "8574": {
    "postcode": "2738574",
    "prefecture": "千葉県",
    "prefecture_kana": "チバケン",
    "prefecture_code": 12,
    "city": "船橋市",
    "city_kana": "フナバシシ",
    "town": "東船橋",
    "town_kana": "ヒガシフナバシ",
    "street": "５丁目７−７",
    "office_name": "船橋税務署",
    "office_name_kana": "フナバシゼイムシヨ"
  },
  "8578": {
    "postcode": "2738578",
    "prefecture": "千葉県",
    "prefecture_kana": "チバケン",
    "prefecture_code": 12,
    "city": "船橋市",
    "city_kana": "フナバシシ",
    "town": "浜町",
    "town_kana": "ハマチョウ",
    "street": "２−５−７ＭＦＬＰ船橋１階〜３階",
    "office_name": "ビックカメラ船橋センター",
    "office_name_kana": "ビツクカメラフナバシセンタ-"
  },
  "8584": {
    "postcode": "2738584",
    "prefecture": "千葉県",
    "prefecture_kana": "チバケン",
    "prefecture_code": 12,
    "city": "船橋市",
    "city_kana": "フナバシシ",
    "town": "高瀬町",
    "town_kana": "タカセチョウ",
    "street": "１９",
    "office_name": "ロイヤル　株式会社",
    "office_name_kana": "ロイヤル カブシキガイシヤ"
  },
  "8585": {
    "postcode": "2738585",
    "prefecture": "千葉県",
    "prefecture_kana": "チバケン",
    "prefecture_code": 12,
    "city": "船橋市",
    "city_kana": "フナバシシ",
    "town": "浜町",
    "town_kana": "ハマチョウ",
    "street": "２丁目５番７号三井不動産ロジスティクスパーク船橋Ⅰ−４Ｆ",
    "office_name": "南船橋　ＷＤＣ",
    "office_name_kana": "ミナミフナバシ ダブルデイ-シ-"
  },
  "8588": {
    "postcode": "2738588",
    "prefecture": "千葉県",
    "prefecture_kana": "チバケン",
    "prefecture_code": 12,
    "city": "船橋市",
    "city_kana": "フナバシシ",
    "town": "金杉",
    "town_kana": "カナスギ",
    "street": "１丁目２１−１",
    "office_name": "船橋市立医療センター",
    "office_name_kana": "フナバシシリツイリヨウセンタ-"
  },
  "8601": {
    "postcode": "2738601",
    "prefecture": "千葉県",
    "prefecture_kana": "チバケン",
    "prefecture_code": 12,
    "city": "船橋市",
    "city_kana": "フナバシシ",
    "town": "本町",
    "town_kana": "ホンチョウ",
    "street": "２丁目７−１７",
    "office_name": "石井食品　株式会社",
    "office_name_kana": "イシイシヨクヒン カブシキガイシヤ"
  },
  "8610": {
    "postcode": "2738610",
    "prefecture": "千葉県",
    "prefecture_kana": "チバケン",
    "prefecture_code": 12,
    "city": "船橋市",
    "city_kana": "フナバシシ",
    "town": "浜町",
    "town_kana": "ハマチョウ",
    "street": "２−４−７ＭＦＬＰⅢ",
    "office_name": "ショップチャンネル南船橋物流センター",
    "office_name_kana": "シヨツプチヤンネルミナミフナバシブツリユウセンタ-"
  },
  "8627": {
    "postcode": "2738627",
    "prefecture": "千葉県",
    "prefecture_kana": "チバケン",
    "prefecture_code": 12,
    "city": "船橋市",
    "city_kana": "フナバシシ",
    "town": "本町",
    "town_kana": "ホンチョウ",
    "street": "１丁目５−１",
    "office_name": "ネクスト船橋",
    "office_name_kana": "ネクストフナバシ"
  },
  "8710": {
    "postcode": "2738710",
    "prefecture": "千葉県",
    "prefecture_kana": "チバケン",
    "prefecture_code": 12,
    "city": "船橋市",
    "city_kana": "フナバシシ",
    "town": "海神町西",
    "town_kana": "カイジンチョウニシ",
    "street": "１−１０４２−２",
    "office_name": "東京医療保健大学　千葉看護学部",
    "office_name_kana": "トウキヨウイリヨウホケンダイガク チバカンゴガクブ"
  },
  "8733": {
    "postcode": "2738733",
    "prefecture": "千葉県",
    "prefecture_kana": "チバケン",
    "prefecture_code": 12,
    "city": "船橋市",
    "city_kana": "フナバシシ",
    "town": "西浦",
    "town_kana": "ニシウラ",
    "street": "２丁目５−３",
    "office_name": "ティーエルトレーディング",
    "office_name_kana": "テイ-エルトレ-デイング"
  }
}