{
  "0000": {
    "postcode": "2750000",
    "prefecture": "千葉県",
    "prefecture_kana": "チバケン",
    "prefecture_code": 12,
    "city": "習志野市",
    "city_kana": "ナラシノシ",
    "town": "",
    "town_kana": "",
    "street": null,
    "office_name": null,
    "office_name_kana": null
  },
  "0001": {
    "postcode": "2750001",
    "prefecture": "千葉県",
    "prefecture_kana": "チバケン",
    "prefecture_code": 12,
    "city": "習志野市",
    "city_kana": "ナラシノシ",
    "town": "東習志野",
    "town_kana": "ヒガシナラシノ",
    "street": null,
    "office_name": null,
    "office_name_kana": null
  },
  "0002": {
    "postcode": "2750002",
    "prefecture": "千葉県",
    "prefecture_kana": "チバケン",
    "prefecture_code": 12,
    "city": "習志野市",
    "city_kana": "ナラシノシ",
    "town": "実籾",
    "town_kana": "ミモミ",
    "street": null,
    "office_name": null,
    "office_name_kana": null
  },
  "0003": {
    "postcode": "2750003",
    "prefecture": "千葉県",
    "prefecture_kana": "チバケン",
    "prefecture_code": 12,
    "city": "習志野市",
    "city_kana": "ナラシノシ",
    "town": "実籾本郷",
    "town_kana": "ミモミホンゴウ",
    "street": null,
    "office_name": null,
    "office_name_kana": null
  },
  "0004": {
    "postcode": "2750004",
    "prefecture": "千葉県",
    "prefecture_kana": "チバケン",
    "prefecture_code": 12,
    "city": "習志野市",
    "city_kana": "ナラシノシ",
    "town": "屋敷",
    "town_kana": "ヤシキ",
    "street": null,
    "office_name": null,
    "office_name_kana": null
  },
  "0005": {
    "postcode": "2750005",
    "prefecture": "千葉県",
    "prefecture_kana": "チバケン",
    "prefecture_code": 12,
    "city": "習志野市",
    "city_kana": "ナラシノシ",
    "town": "新栄",
    "town_kana": "シンエイ",
    "street": null,
    "office_name": null,
    "office_name_kana": null
  },
  "0006": {
    "postcode": "2750006",
    "prefecture": "千葉県",
    "prefecture_kana": "チバケン",
    "prefecture_code": 12,
    "city": "習志野市",
    "city_kana": "ナラシノシ",
    "town": "泉町",
    "town_kana": "イズミチョウ",
    "street": null,
    "office_name": null,
    "office_name_kana": null
  },
  "0011": {
    "postcode": "2750011",
    "prefecture": "千葉県",
    "prefecture_kana": "チバケン",
    "prefecture_code": 12,
    "city": "習志野市",
    "city_kana": "ナラシノシ",
    "town": "大久保",
    "town_kana": "オオクボ",
    "street": null,
    "office_name": null,
    "office_name_kana": null
  },
  "0012": {
    "postcode": "2750012",
    "prefecture": "千葉県",
    "prefecture_kana": "チバケン",
    "prefecture_code": 12,
    "city": "習志野市",
    "city_kana": "ナラシノシ",
    "town": "本大久保",
    "town_kana": "モトオオクボ",
    "street": null,
    "office_name": null,
    "office_name_kana": null
  },
  "0013": {
    "postcode": "2750013",
    "prefecture": "千葉県",
    "prefecture_kana": "チバケン",
    "prefecture_code": 12,
    "city": "習志野市",
    "city_kana": "ナラシノシ",
    "town": "花咲",
    "town_kana": "ハナサキ",
    "street": null,
    "office_name": null,
    "office_name_kana": null
  },
  "0014": {
    "postcode": "2750014",
    "prefecture": "千葉県",
    "prefecture_kana": "チバケン",
    "prefecture_code": 12,
    "city": "習志野市",
    "city_kana": "ナラシノシ",
    "town": "鷺沼",
    "town_kana": "サギヌマ",
    "street": null,
    "office_name": null,
    "office_name_kana": null
  },
  "0015": {
    "postcode": "2750015",
    "prefecture": "千葉県",
    "prefecture_kana": "チバケン",
    "prefecture_code": 12,
    "city": "習志野市",
    "city_kana": "ナラシノシ",
    "town": "鷺沼台",
    "town_kana": "サギヌマダイ",
    "street": null,
    "office_name": null,
    "office_name_kana": null
  },
  "0016": {
    "postcode": "2750016",
    "prefecture": "千葉県",
    "prefecture_kana": "チバケン",
    "prefecture_code": 12,
    "city": "習志野市",
    "city_kana": "ナラシノシ",
    "town": "津田沼",
    "town_kana": "ツダヌマ",
    "street": null,
    "office_name": null,
    "office_name_kana": null
  },
  "0017": {
    "postcode": "2750017",
    "prefecture": "千葉県",
    "prefecture_kana": "チバケン",
    "prefecture_code": 12,
    "city": "習志野市",
    "city_kana": "ナラシノシ",
    "town": "藤崎",
    "town_kana": "フジサキ",
    "street": null,
    "office_name": null,
    "office_name_kana": null
  },
  "0021": {
    "postcode": "2750021",
    "prefecture": "千葉県",
    "prefecture_kana": "チバケン",
    "prefecture_code": 12,
    "city": "習志野市",
    "city_kana": "ナラシノシ",
    "town": "袖ケ浦",
    "town_kana": "ソデガウラ",
    "street": null,
    "office_name": null,
    "office_name_kana": null
  },
  "0022": {
    "postcode": "2750022",
    "prefecture": "千葉県",
    "prefecture_kana": "チバケン",
    "prefecture_code": 12,
    "city": "習志野市",
    "city_kana": "ナラシノシ",
    "town": "香澄",
    "town_kana": "カスミ",
    "street": null,
    "office_name": null,
    "office_name_kana": null
  },
  "0023": {
    "postcode": "2750023",
    "prefecture": "千葉県",
    "prefecture_kana": "チバケン",
    "prefecture_code": 12,
    "city": "習志野市",
    "city_kana": "ナラシノシ",
    "town": "芝園",
    "town_kana": "シバゾノ",
    "street": null,
    "office_name": null,
    "office_name_kana": null
  },
  "0024": {
    "postcode": "2750024",
    "prefecture": "千葉県",
    "prefecture_kana": "チバケン",
    "prefecture_code": 12,
    "city": "習志野市",
    "city_kana": "ナラシノシ",
    "town": "茜浜",
    "town_kana": "アカネハマ",
    "street": null,
    "office_name": null,
    "office_name_kana": null
  },
  "0025": {
    "postcode": "2750025",
    "prefecture": "千葉県",
    "prefecture_kana": "チバケン",
    "prefecture_code": 12,
    "city": "習志野市",
    "city_kana": "ナラシノシ",
    "town": "秋津",
    "town_kana": "アキツ",
    "street": null,
    "office_name": null,
    "office_name_kana": null
  },
  "0026": {
    "postcode": "2750026",
    "prefecture": "千葉県",
    "prefecture_kana": "チバケン",
    "prefecture_code": 12,
    "city": "習志野市",
    "city_kana": "ナラシノシ",
    "town": "谷津",
    "town_kana": "ヤツ",
    "street": null,
    "office_name": null,
    "office_name_kana": null
  },
  "0027": {
    "postcode": "2750027",
    "prefecture": "千葉県",
    "prefecture_kana": "チバケン",
    "prefecture_code": 12,
    "city": "習志野市",
    "city_kana": "ナラシノシ",
    "town": "谷津町",
    "town_kana": "ヤツマチ",
    "street": null,
    "office_name": null,
    "office_name_kana": null
  },
  "0028": {
    "postcode": "2750028",
    "prefecture": "千葉県",
    "prefecture_kana": "チバケン",
    "prefecture_code": 12,
    "city": "習志野市",
    "city_kana": "ナラシノシ",
    "town": "奏の杜",
    "town_kana": "カナデノモリ",
    "street": null,
    "office_name": null,
    "office_name_kana": null
  },
  "8502": {
    "postcode": "2758502",
    "prefecture": "千葉県",
    "prefecture_kana": "チバケン",
    "prefecture_code": 12,
    "city": "習志野市",
    "city_kana": "ナラシノシ",
    "town": "東習志野",
    "town_kana": "ヒガシナラシノ",
    "street": "７−３−１Ｌａｎｄｐｏｒｔ東習志野",
    "office_name": "ＪＰ楽天ロジスティクス　株式会社　楽天フルフィルメントセンター習志野",
    "office_name_kana": "ジエイピ-ラクテンロジステイクス カブシキガイシヤ ラクテンフルフイルメントセンタ-ナラシノ"
  },
  "8511": {
    "postcode": "2758511",
    "prefecture": "千葉県",
    "prefecture_kana": "チバケン",
    "prefecture_code": 12,
    "city": "習志野市",
    "city_kana": "ナラシノシ",
    "town": "泉町",
    "town_kana": "イズミチョウ",
    "street": "２丁目１−３７",
    "office_name": "東邦大学付属東邦中学校・高等学校",
    "office_name_kana": "トウホウダイガクフゾクトウホウチユウガツコウ・コウトウガツコウ"
  },
  "8520": {
    "postcode": "2758520",
    "prefecture": "千葉県",
    "prefecture_kana": "チバケン",
    "prefecture_code": 12,
    "city": "習志野市",
    "city_kana": "ナラシノシ",
    "town": "茜浜",
    "town_kana": "アカネハマ",
    "street": "３−１−２",
    "office_name": "株式会社　日立産機システム",
    "office_name_kana": "カブシキガイシヤ ヒタチサンキシステム"
  },
  "8525": {
    "postcode": "2758525",
    "prefecture": "千葉県",
    "prefecture_kana": "チバケン",
    "prefecture_code": 12,
    "city": "習志野市",
    "city_kana": "ナラシノシ",
    "town": "茜浜",
    "town_kana": "アカネハマ",
    "street": "３−７−１０ＺＯＺＯＢＡＳＥ習志野１",
    "office_name": "株式会社　ＺＯＺＯ",
    "office_name_kana": "カブシキガイシヤ ゾゾ"
  },
  "8528": {
    "postcode": "2758528",
    "prefecture": "千葉県",
    "prefecture_kana": "チバケン",
    "prefecture_code": 12,
    "city": "習志野市",
    "city_kana": "ナラシノシ",
    "town": "東習志野",
    "town_kana": "ヒガシナラシノ",
    "street": "７丁目５−２",
    "office_name": "大平洋機工　株式会社",
    "office_name_kana": "タイヘイヨウキコウ カブシキガイシヤ"
  },
  "8533": {
    "postcode": "2758533",
    "prefecture": "千葉県",
    "prefecture_kana": "チバケン",
    "prefecture_code": 12,
    "city": "習志野市",
    "city_kana": "ナラシノシ",
    "town": "芝園",
    "town_kana": "シバゾノ",
    "street": "２丁目１−１６",
    "office_name": "天龍　株式会社",
    "office_name_kana": "テンリユウ カブシキガイシヤ"
  },
  "8550": {
    "postcode": "2758550",
    "prefecture": "千葉県",
    "prefecture_kana": "チバケン",
    "prefecture_code": 12,
    "city": "習志野市",
    "city_kana": "ナラシノシ",
    "town": "茜浜",
    "town_kana": "アカネハマ",
    "street": "３−６−２",
    "office_name": "住商グローバル・ロジスティクス　株式会社　茜浜センター",
    "office_name_kana": "スミシヨウグロ-バル・ロジステイクス カブシキガイシヤ アカネハマセンタ-"
  },
  "8551": {
    "postcode": "2758551",
    "prefecture": "千葉県",
    "prefecture_kana": "チバケン",
    "prefecture_code": 12,
    "city": "習志野市",
    "city_kana": "ナラシノシ",
    "town": "東習志野",
    "town_kana": "ヒガシナラシノ",
    "street": "６−１８−９プロロジスパーク習志野５内",
    "office_name": "住商グローバル・ロジスティクス　株式会社　東習志野センター",
    "office_name_kana": "スミシヨウグロ-バル・ロジステイクス カブシキガイシヤ ヒガシナラシノセンタ-"
  },
  "8560": {
    "postcode": "2758560",
    "prefecture": "千葉県",
    "prefecture_kana": "チバケン",
    "prefecture_code": 12,
    "city": "習志野市",
    "city_kana": "ナラシノシ",
    "town": "茜浜",
    "town_kana": "アカネハマ",
    "street": "１丁目１−１",
    "office_name": "セイコークロック　株式会社",
    "office_name_kana": "セイコ-クロツク カブシキガイシヤ"
  },
  "8565": {
    "postcode": "2758565",
    "prefecture": "千葉県",
    "prefecture_kana": "チバケン",
    "prefecture_code": 12,
    "city": "習志野市",
    "city_kana": "ナラシノシ",
    "town": "茜浜",
    "town_kana": "アカネハマ",
    "street": "３−７−２ＺＯＺＯＢＡＳＥ習志野２",
    "office_name": "株式会社　ＺＯＺＯ",
    "office_name_kana": "カブシキガイシヤ ゾゾ"
  },
  "8572": {
    "postcode": "2758572",
    "prefecture": "千葉県",
    "prefecture_kana": "チバケン",
    "prefecture_code": 12,
    "city": "習志野市",
    "city_kana": "ナラシノシ",
    "town": "茜浜",
    "town_kana": "アカネハマ",
    "street": "１丁目４−２",
    "office_name": "アシザワ・ファインテック　株式会社",
    "office_name_kana": "アシザワ・フアインテツク カブシキガイシヤ"
  },
  "8575": {
    "postcode": "2758575",
    "prefecture": "千葉県",
    "prefecture_kana": "チバケン",
    "prefecture_code": 12,
    "city": "習志野市",
    "city_kana": "ナラシノシ",
    "town": "泉町",
    "town_kana": "イズミチョウ",
    "street": "１丁目２−１",
    "office_name": "日本大学　生産工学部",
    "office_name_kana": "ニホンダイガク セイサンコウガクブ"
  },
  "8576": {
    "postcode": "2758576",
    "prefecture": "千葉県",
    "prefecture_kana": "チバケン",
    "prefecture_code": 12,
    "city": "習志野市",
    "city_kana": "ナラシノシ",
    "town": "新栄",
    "town_kana": "シンエイ",
    "street": "２丁目１１−１",
    "office_name": "日本大学　生産工学部　実籾校舎",
    "office_name_kana": "ニホンダイガク セイサンコウガクブ ミモミコウシヤ"
  },
  "8577": {
    "postcode": "2758577",
    "prefecture": "千葉県",
    "prefecture_kana": "チバケン",
    "prefecture_code": 12,
    "city": "習志野市",
    "city_kana": "ナラシノシ",
    "town": "東習志野",
    "town_kana": "ヒガシナラシノ",
    "street": "７丁目５−１",
    "office_name": "鈴木金属工業　株式会社",
    "office_name_kana": "スズキキンゾクコウギヨウ カブシキガイシヤ"
  },
  "8580": {
    "postcode": "2758580",
    "prefecture": "千葉県",
    "prefecture_kana": "チバケン",
    "prefecture_code": 12,
    "city": "習志野市",
    "city_kana": "ナラシノシ",
    "town": "泉町",
    "town_kana": "イズミチョウ",
    "street": "１−１−１",
    "office_name": "社会福祉法人　恩賜財団　済生会　千葉県済生会習志野病院",
    "office_name_kana": "シヤカイフクシホウジン オンシザイダン サイセイカイ チバケンサイセイカイナラシノビヨウイン"
  },
  "8585": {
    "postcode": "2758585",
    "prefecture": "千葉県",
    "prefecture_kana": "チバケン",
    "prefecture_code": 12,
    "city": "習志野市",
    "city_kana": "ナラシノシ",
    "town": "茜浜",
    "town_kana": "アカネハマ",
    "street": "２丁目３−１",
    "office_name": "株式会社　ダーバン　物流東京センター",
    "office_name_kana": "カブシキガイシヤ ダ-バン ブツリユウトウキヨウセンタ-"
  },
  "8588": {
    "postcode": "2758588",
    "prefecture": "千葉県",
    "prefecture_kana": "チバケン",
    "prefecture_code": 12,
    "city": "習志野市",
    "city_kana": "ナラシノシ",
    "town": "津田沼",
    "town_kana": "ツダヌマ",
    "street": "２丁目１７−１",
    "office_name": "学校法人　千葉工業大学　津田沼校舎",
    "office_name_kana": "ガツコウホウジン チバコウギヨウダイガク ツダヌマコウシヤ"
  },
  "8601": {
    "postcode": "2758601",
    "prefecture": "千葉県",
    "prefecture_kana": "チバケン",
    "prefecture_code": 12,
    "city": "習志野市",
    "city_kana": "ナラシノシ",
    "town": "鷺沼",
    "town_kana": "サギヌマ",
    "street": "２丁目１番１号",
    "office_name": "習志野市役所",
    "office_name_kana": "ナラシノシヤクシヨ"
  },
  "8611": {
    "postcode": "2758611",
    "prefecture": "千葉県",
    "prefecture_kana": "チバケン",
    "prefecture_code": 12,
    "city": "習志野市",
    "city_kana": "ナラシノシ",
    "town": "東習志野",
    "town_kana": "ヒガシナラシノ",
    "street": "７丁目１−１",
    "office_name": "株式会社　日立産機システム　習志野事業所",
    "office_name_kana": "カブシキガイシヤ ヒタチサンキシステム ナラシノジギヨウシヨ"
  },
  "8666": {
    "postcode": "2758666",
    "prefecture": "千葉県",
    "prefecture_kana": "チバケン",
    "prefecture_code": 12,
    "city": "習志野市",
    "city_kana": "ナラシノシ",
    "town": "藤崎",
    "town_kana": "フジサキ",
    "street": "１−１−１３（習志野郵便局私書箱第６号）",
    "office_name": "習志野市企業局",
    "office_name_kana": "ナラシノシキギヨウキヨク"
  }
}