{
  "0000": {
    "postcode": "2980000",
    "prefecture": "千葉県",
    "prefecture_kana": "チバケン",
    "prefecture_code": 12,
    "city": "いすみ市",
    "city_kana": "イスミシ",
    "town": "",
    "town_kana": "",
    "street": null,
    "office_name": null,
    "office_name_kana": null
  },
  "0001": {
    "postcode": "2980001",
    "prefecture": "千葉県",
    "prefecture_kana": "チバケン",
    "prefecture_code": 12,
    "city": "いすみ市",
    "city_kana": "イスミシ",
    "town": "若山",
    "town_kana": "ワカヤマ",
    "street": null,
    "office_name": null,
    "office_name_kana": null
  },
  "0002": {
    "postcode": "2980002",
    "prefecture": "千葉県",
    "prefecture_kana": "チバケン",
    "prefecture_code": 12,
    "city": "いすみ市",
    "city_kana": "イスミシ",
    "town": "日在",
    "town_kana": "ヒアリ",
    "street": null,
    "office_name": null,
    "office_name_kana": null
  },
  "0003": {
    "postcode": "2980003",
    "prefecture": "千葉県",
    "prefecture_kana": "チバケン",
    "prefecture_code": 12,
    "city": "いすみ市",
    "city_kana": "イスミシ",
    "town": "深堀",
    "town_kana": "フカホリ",
    "street": null,
    "office_name": null,
    "office_name_kana": null
  },
  "0004": {
    "postcode": "2980004",
    "prefecture": "千葉県",
    "prefecture_kana": "チバケン",
    "prefecture_code": 12,
    "city": "いすみ市",
    "city_kana": "イスミシ",
    "town": "大原",
    "town_kana": "オオハラ",
    "street": null,
    "office_name": null,
    "office_name_kana": null
  },
  "0005": {
    "postcode": "2980005",
    "prefecture": "千葉県",
    "prefecture_kana": "チバケン",
    "prefecture_code": 12,
    "city": "いすみ市",
    "city_kana": "イスミシ",
    "town": "新田",
    "town_kana": "ニッタ",
    "street": null,
    "office_name": null,
    "office_name_kana": null
  },
  "0006": {
    "postcode": "2980006",
    "prefecture": "千葉県",
    "prefecture_kana": "チバケン",
    "prefecture_code": 12,
    "city": "いすみ市",
    "city_kana": "イスミシ",
    "town": "大原最上台",
    "town_kana": "オオハラモガミダイ",
    "street": null,
    "office_name": null,
    "office_name_kana": null
  },
  "0011": {
    "postcode": "2980011",
    "prefecture": "千葉県",
    "prefecture_kana": "チバケン",
    "prefecture_code": 12,
    "city": "いすみ市",
    "city_kana": "イスミシ",
    "town": "岩船",
    "town_kana": "イワフネ",
    "street": null,
    "office_name": null,
    "office_name_kana": null
  },
  "0012": {
    "postcode": "2980012",
    "prefecture": "千葉県",
    "prefecture_kana": "チバケン",
    "prefecture_code": 12,
    "city": "いすみ市",
    "city_kana": "イスミシ",
    "town": "小沢",
    "town_kana": "オザワ",
    "street": null,
    "office_name": null,
    "office_name_kana": null
  },
  "0013": {
    "postcode": "2980013",
    "prefecture": "千葉県",
    "prefecture_kana": "チバケン",
    "prefecture_code": 12,
    "city": "いすみ市",
    "city_kana": "イスミシ",
    "town": "小池",
    "town_kana": "オイケ",
    "street": null,
    "office_name": null,
    "office_name_kana": null
  },
  "0014": {
    "postcode": "2980014",
    "prefecture": "千葉県",
    "prefecture_kana": "チバケン",
    "prefecture_code": 12,
    "city": "いすみ市",
    "city_kana": "イスミシ",
    "town": "大原台",
    "town_kana": "オオハラダイ",
    "street": null,
    "office_name": null,
    "office_name_kana": null
  },
  "0015": {
    "postcode": "2980015",
    "prefecture": "千葉県",
    "prefecture_kana": "チバケン",
    "prefecture_code": 12,
    "city": "いすみ市",
    "city_kana": "イスミシ",
    "town": "釈迦谷",
    "town_kana": "シャカヤツ",
    "street": null,
    "office_name": null,
    "office_name_kana": null
  },
  "0016": {
    "postcode": "2980016",
    "prefecture": "千葉県",
    "prefecture_kana": "チバケン",
    "prefecture_code": 12,
    "city": "いすみ市",
    "city_kana": "イスミシ",
    "town": "新田若山深堀入会地",
    "town_kana": "ニッタワカヤマフカホリイリアイチ",
    "street": null,
    "office_name": null,
    "office_name_kana": null
  },
  "0017": {
    "postcode": "2980017",
    "prefecture": "千葉県",
    "prefecture_kana": "チバケン",
    "prefecture_code": 12,
    "city": "いすみ市",
    "city_kana": "イスミシ",
    "town": "下布施",
    "town_kana": "シモブセ",
    "street": null,
    "office_name": null,
    "office_name_kana": null
  },
  "0018": {
    "postcode": "2980018",
    "prefecture": "千葉県",
    "prefecture_kana": "チバケン",
    "prefecture_code": 12,
    "city": "いすみ市",
    "city_kana": "イスミシ",
    "town": "上布施",
    "town_kana": "カミブセ",
    "street": null,
    "office_name": null,
    "office_name_kana": null
  },
  "0021": {
    "postcode": "2980021",
    "prefecture": "千葉県",
    "prefecture_kana": "チバケン",
    "prefecture_code": 12,
    "city": "いすみ市",
    "city_kana": "イスミシ",
    "town": "高谷",
    "town_kana": "タカダニ",
    "street": null,
    "office_name": null,
    "office_name_kana": null
  },
  "0022": {
    "postcode": "2980022",
    "prefecture": "千葉県",
    "prefecture_kana": "チバケン",
    "prefecture_code": 12,
    "city": "いすみ市",
    "city_kana": "イスミシ",
    "town": "佐室",
    "town_kana": "サムロ",
    "street": null,
    "office_name": null,
    "office_name_kana": null
  },
  "0023": {
    "postcode": "2980023",
    "prefecture": "千葉県",
    "prefecture_kana": "チバケン",
    "prefecture_code": 12,
    "city": "いすみ市",
    "city_kana": "イスミシ",
    "town": "沢部",
    "town_kana": "サワベ",
    "street": null,
    "office_name": null,
    "office_name_kana": null
  },
  "0024": {
    "postcode": "2980024",
    "prefecture": "千葉県",
    "prefecture_kana": "チバケン",
    "prefecture_code": 12,
    "city": "いすみ市",
    "city_kana": "イスミシ",
    "town": "長志",
    "town_kana": "ナガシ",
    "street": null,
    "office_name": null,
    "office_name_kana": null
  },
  "0025": {
    "postcode": "2980025",
    "prefecture": "千葉県",
    "prefecture_kana": "チバケン",
    "prefecture_code": 12,
    "city": "いすみ市",
    "city_kana": "イスミシ",
    "town": "山田",
    "town_kana": "ヤマダ",
    "street": null,
    "office_name": null,
    "office_name_kana": null
  },
  "0026": {
    "postcode": "2980026",
    "prefecture": "千葉県",
    "prefecture_kana": "チバケン",
    "prefecture_code": 12,
    "city": "いすみ市",
    "city_kana": "イスミシ",
    "town": "新田野",
    "town_kana": "ニッタノ",
    "street": null,
    "office_name": null,
    "office_name_kana": null
  },
  "0027": {
    "postcode": "2980027",
    "prefecture": "千葉県",
    "prefecture_kana": "チバケン",
    "prefecture_code": 12,
    "city": "いすみ市",
    "city_kana": "イスミシ",
    "town": "下原",
    "town_kana": "シモハラ",
    "street": null,
    "office_name": null,
    "office_name_kana": null
  },
  "0028": {
    "postcode": "2980028",
    "prefecture": "千葉県",
    "prefecture_kana": "チバケン",
    "prefecture_code": 12,
    "city": "いすみ市",
    "city_kana": "イスミシ",
    "town": "細尾",
    "town_kana": "ホソオ",
    "street": null,
    "office_name": null,
    "office_name_kana": null
  },
  "0029": {
    "postcode": "2980029",
    "prefecture": "千葉県",
    "prefecture_kana": "チバケン",
    "prefecture_code": 12,
    "city": "いすみ市",
    "city_kana": "イスミシ",
    "town": "大和田",
    "town_kana": "オオワダ",
    "street": null,
    "office_name": null,
    "office_name_kana": null
  },
  "0101": {
    "postcode": "2980101",
    "prefecture": "千葉県",
    "prefecture_kana": "チバケン",
    "prefecture_code": 12,
    "city": "いすみ市",
    "city_kana": "イスミシ",
    "town": "小又井",
    "town_kana": "コマタイ",
    "street": null,
    "office_name": null,
    "office_name_kana": null
  },
  "0102": {
    "postcode": "2980102",
    "prefecture": "千葉県",
    "prefecture_kana": "チバケン",
    "prefecture_code": 12,
    "city": "いすみ市",
    "city_kana": "イスミシ",
    "town": "小高",
    "town_kana": "オダカ",
    "street": null,
    "office_name": null,
    "office_name_kana": null
  },
  "0103": {
    "postcode": "2980103",
    "prefecture": "千葉県",
    "prefecture_kana": "チバケン",
    "prefecture_code": 12,
    "city": "いすみ市",
    "city_kana": "イスミシ",
    "town": "神置",
    "town_kana": "カミオキ",
    "street": null,
    "office_name": null,
    "office_name_kana": null
  },
  "0104": {
    "postcode": "2980104",
    "prefecture": "千葉県",
    "prefecture_kana": "チバケン",
    "prefecture_code": 12,
    "city": "いすみ市",
    "city_kana": "イスミシ",
    "town": "松丸",
    "town_kana": "マツマル",
    "street": null,
    "office_name": null,
    "office_name_kana": null
  },
  "0105": {
    "postcode": "2980105",
    "prefecture": "千葉県",
    "prefecture_kana": "チバケン",
    "prefecture_code": 12,
    "city": "いすみ市",
    "city_kana": "イスミシ",
    "town": "能実",
    "town_kana": "ノウジツ",
    "street": null,
    "office_name": null,
    "office_name_kana": null
  },
  "0106": {
    "postcode": "2980106",
    "prefecture": "千葉県",
    "prefecture_kana": "チバケン",
    "prefecture_code": 12,
    "city": "いすみ市",
    "city_kana": "イスミシ",
    "town": "須賀谷",
    "town_kana": "スガヤ",
    "street": null,
    "office_name": null,
    "office_name_kana": null
  },
  "0111": {
    "postcode": "2980111",
    "prefecture": "千葉県",
    "prefecture_kana": "チバケン",
    "prefecture_code": 12,
    "city": "いすみ市",
    "city_kana": "イスミシ",
    "town": "万木",
    "town_kana": "マンギ",
    "street": null,
    "office_name": null,
    "office_name_kana": null
  },
  "0112": {
    "postcode": "2980112",
    "prefecture": "千葉県",
    "prefecture_kana": "チバケン",
    "prefecture_code": 12,
    "city": "いすみ市",
    "city_kana": "イスミシ",
    "town": "国府台",
    "town_kana": "コウノダイ",
    "street": null,
    "office_name": null,
    "office_name_kana": null
  },
  "0113": {
    "postcode": "2980113",
    "prefecture": "千葉県",
    "prefecture_kana": "チバケン",
    "prefecture_code": 12,
    "city": "いすみ市",
    "city_kana": "イスミシ",
    "town": "大野",
    "town_kana": "オオノ",
    "street": null,
    "office_name": null,
    "office_name_kana": null
  },
  "0114": {
    "postcode": "2980114",
    "prefecture": "千葉県",
    "prefecture_kana": "チバケン",
    "prefecture_code": 12,
    "city": "いすみ市",
    "city_kana": "イスミシ",
    "town": "札森",
    "town_kana": "サツモリ",
    "street": null,
    "office_name": null,
    "office_name_kana": null
  },
  "0115": {
    "postcode": "2980115",
    "prefecture": "千葉県",
    "prefecture_kana": "チバケン",
    "prefecture_code": 12,
    "city": "いすみ市",
    "city_kana": "イスミシ",
    "town": "柿和田",
    "town_kana": "カキワダ",
    "street": null,
    "office_name": null,
    "office_name_kana": null
  },
  "0116": {
    "postcode": "2980116",
    "prefecture": "千葉県",
    "prefecture_kana": "チバケン",
    "prefecture_code": 12,
    "city": "いすみ市",
    "city_kana": "イスミシ",
    "town": "正立寺",
    "town_kana": "ショウリュウジ",
    "street": null,
    "office_name": null,
    "office_name_kana": null
  },
  "0117": {
    "postcode": "2980117",
    "prefecture": "千葉県",
    "prefecture_kana": "チバケン",
    "prefecture_code": 12,
    "city": "いすみ市",
    "city_kana": "イスミシ",
    "town": "増田",
    "town_kana": "マスダ",
    "street": null,
    "office_name": null,
    "office_name_kana": null
  },
  "0121": {
    "postcode": "2980121",
    "prefecture": "千葉県",
    "prefecture_kana": "チバケン",
    "prefecture_code": 12,
    "city": "いすみ市",
    "city_kana": "イスミシ",
    "town": "島",
    "town_kana": "シマ",
    "street": null,
    "office_name": null,
    "office_name_kana": null
  },
  "0122": {
    "postcode": "2980122",
    "prefecture": "千葉県",
    "prefecture_kana": "チバケン",
    "prefecture_code": 12,
    "city": "いすみ市",
    "city_kana": "イスミシ",
    "town": "楽町",
    "town_kana": "ラクマチ",
    "street": null,
    "office_name": null,
    "office_name_kana": null
  },
  "0123": {
    "postcode": "2980123",
    "prefecture": "千葉県",
    "prefecture_kana": "チバケン",
    "prefecture_code": 12,
    "city": "いすみ市",
    "city_kana": "イスミシ",
    "town": "苅谷",
    "town_kana": "カリヤ",
    "street": null,
    "office_name": null,
    "office_name_kana": null
  },
  "0124": {
    "postcode": "2980124",
    "prefecture": "千葉県",
    "prefecture_kana": "チバケン",
    "prefecture_code": 12,
    "city": "いすみ市",
    "city_kana": "イスミシ",
    "town": "弥正",
    "town_kana": "ヤマサ",
    "street": null,
    "office_name": null,
    "office_name_kana": null
  },
  "0125": {
    "postcode": "2980125",
    "prefecture": "千葉県",
    "prefecture_kana": "チバケン",
    "prefecture_code": 12,
    "city": "いすみ市",
    "city_kana": "イスミシ",
    "town": "深谷",
    "town_kana": "フカヤ",
    "street": null,
    "office_name": null,
    "office_name_kana": null
  },
  "0126": {
    "postcode": "2980126",
    "prefecture": "千葉県",
    "prefecture_kana": "チバケン",
    "prefecture_code": 12,
    "city": "いすみ市",
    "city_kana": "イスミシ",
    "town": "今関",
    "town_kana": "イマゼキ",
    "street": null,
    "office_name": null,
    "office_name_kana": null
  },
  "0131": {
    "postcode": "2980131",
    "prefecture": "千葉県",
    "prefecture_kana": "チバケン",
    "prefecture_code": 12,
    "city": "いすみ市",
    "city_kana": "イスミシ",
    "town": "荻原",
    "town_kana": "オギワラ",
    "street": null,
    "office_name": null,
    "office_name_kana": null
  },
  "0132": {
    "postcode": "2980132",
    "prefecture": "千葉県",
    "prefecture_kana": "チバケン",
    "prefecture_code": 12,
    "city": "いすみ市",
    "city_kana": "イスミシ",
    "town": "八乙女",
    "town_kana": "ヤオトメ",
    "street": null,
    "office_name": null,
    "office_name_kana": null
  },
  "0133": {
    "postcode": "2980133",
    "prefecture": "千葉県",
    "prefecture_kana": "チバケン",
    "prefecture_code": 12,
    "city": "いすみ市",
    "city_kana": "イスミシ",
    "town": "引田",
    "town_kana": "ヒキダ",
    "street": null,
    "office_name": null,
    "office_name_kana": null
  },
  "0134": {
    "postcode": "2980134",
    "prefecture": "千葉県",
    "prefecture_kana": "チバケン",
    "prefecture_code": 12,
    "city": "いすみ市",
    "city_kana": "イスミシ",
    "town": "行川",
    "town_kana": "ナメガワ",
    "street": null,
    "office_name": null,
    "office_name_kana": null
  },
  "0135": {
    "postcode": "2980135",
    "prefecture": "千葉県",
    "prefecture_kana": "チバケン",
    "prefecture_code": 12,
    "city": "いすみ市",
    "city_kana": "イスミシ",
    "town": "作田",
    "town_kana": "サクダ",
    "street": null,
    "office_name": null,
    "office_name_kana": null
  },
  "0200": {
    "postcode": "2980200",
    "prefecture": "千葉県",
    "prefecture_kana": "チバケン",
    "prefecture_code": 12,
    "city": "夷隅郡大多喜町",
    "city_kana": "イスミグンオオタキマチ",
    "town": "",
    "town_kana": "",
    "street": null,
    "office_name": null,
    "office_name_kana": null
  },
  "0201": {
    "postcode": "2980201",
    "prefecture": "千葉県",
    "prefecture_kana": "チバケン",
    "prefecture_code": 12,
    "city": "夷隅郡大多喜町",
    "city_kana": "イスミグンオオタキマチ",
    "town": "小土呂",
    "town_kana": "オドロ",
    "street": null,
    "office_name": null,
    "office_name_kana": null
  },
  "0202": {
    "postcode": "2980202",
    "prefecture": "千葉県",
    "prefecture_kana": "チバケン",
    "prefecture_code": 12,
    "city": "夷隅郡大多喜町",
    "city_kana": "イスミグンオオタキマチ",
    "town": "下大多喜",
    "town_kana": "シモオオタキ",
    "street": null,
    "office_name": null,
    "office_name_kana": null
  },
  "0203": {
    "postcode": "2980203",
    "prefecture": "千葉県",
    "prefecture_kana": "チバケン",
    "prefecture_code": 12,
    "city": "夷隅郡大多喜町",
    "city_kana": "イスミグンオオタキマチ",
    "town": "森宮",
    "town_kana": "モリミヤ",
    "street": null,
    "office_name": null,
    "office_name_kana": null
  },
  "0204": {
    "postcode": "2980204",
    "prefecture": "千葉県",
    "prefecture_kana": "チバケン",
    "prefecture_code": 12,
    "city": "夷隅郡大多喜町",
    "city_kana": "イスミグンオオタキマチ",
    "town": "船子",
    "town_kana": "フナコ",
    "street": null,
    "office_name": null,
    "office_name_kana": null
  },
  "0205": {
    "postcode": "2980205",
    "prefecture": "千葉県",
    "prefecture_kana": "チバケン",
    "prefecture_code": 12,
    "city": "夷隅郡大多喜町",
    "city_kana": "イスミグンオオタキマチ",
    "town": "上原西部田柳原入会",
    "town_kana": "ウエバラニシベタヤナバライリアイ",
    "street": null,
    "office_name": null,
    "office_name_kana": null
  },
  "0206": {
    "postcode": "2980206",
    "prefecture": "千葉県",
    "prefecture_kana": "チバケン",
    "prefecture_code": 12,
    "city": "夷隅郡大多喜町",
    "city_kana": "イスミグンオオタキマチ",
    "town": "横山",
    "town_kana": "ヨコヤマ",
    "street": null,
    "office_name": null,
    "office_name_kana": null
  },
  "0207": {
    "postcode": "2980207",
    "prefecture": "千葉県",
    "prefecture_kana": "チバケン",
    "prefecture_code": 12,
    "city": "夷隅郡大多喜町",
    "city_kana": "イスミグンオオタキマチ",
    "town": "泉水",
    "town_kana": "センズイ",
    "street": null,
    "office_name": null,
    "office_name_kana": null
  },
  "0211": {
    "postcode": "2980211",
    "prefecture": "千葉県",
    "prefecture_kana": "チバケン",
    "prefecture_code": 12,
    "city": "夷隅郡大多喜町",
    "city_kana": "イスミグンオオタキマチ",
    "town": "紺屋",
    "town_kana": "コウヤ",
    "street": null,
    "office_name": null,
    "office_name_kana": null
  },
  "0212": {
    "postcode": "2980212",
    "prefecture": "千葉県",
    "prefecture_kana": "チバケン",
    "prefecture_code": 12,
    "city": "夷隅郡大多喜町",
    "city_kana": "イスミグンオオタキマチ",
    "town": "猿稲",
    "town_kana": "サルイネ",
    "street": null,
    "office_name": null,
    "office_name_kana": null
  },
  "0213": {
    "postcode": "2980213",
    "prefecture": "千葉県",
    "prefecture_kana": "チバケン",
    "prefecture_code": 12,
    "city": "夷隅郡大多喜町",
    "city_kana": "イスミグンオオタキマチ",
    "town": "桜台",
    "town_kana": "サクラダイ",
    "street": null,
    "office_name": null,
    "office_name_kana": null
  },
  "0214": {
    "postcode": "2980214",
    "prefecture": "千葉県",
    "prefecture_kana": "チバケン",
    "prefecture_code": 12,
    "city": "夷隅郡大多喜町",
    "city_kana": "イスミグンオオタキマチ",
    "town": "新丁",
    "town_kana": "シンマチ",
    "street": null,
    "office_name": null,
    "office_name_kana": null
  },
  "0215": {
    "postcode": "2980215",
    "prefecture": "千葉県",
    "prefecture_kana": "チバケン",
    "prefecture_code": 12,
    "city": "夷隅郡大多喜町",
    "city_kana": "イスミグンオオタキマチ",
    "town": "久保",
    "town_kana": "クボ",
    "street": null,
    "office_name": null,
    "office_name_kana": null
  },
  "0216": {
    "postcode": "2980216",
    "prefecture": "千葉県",
    "prefecture_kana": "チバケン",
    "prefecture_code": 12,
    "city": "夷隅郡大多喜町",
    "city_kana": "イスミグンオオタキマチ",
    "town": "大多喜",
    "town_kana": "オオタキ",
    "street": null,
    "office_name": null,
    "office_name_kana": null
  },
  "0217": {
    "postcode": "2980217",
    "prefecture": "千葉県",
    "prefecture_kana": "チバケン",
    "prefecture_code": 12,
    "city": "夷隅郡大多喜町",
    "city_kana": "イスミグンオオタキマチ",
    "town": "田丁",
    "town_kana": "タマチ",
    "street": null,
    "office_name": null,
    "office_name_kana": null
  },
  "0221": {
    "postcode": "2980221",
    "prefecture": "千葉県",
    "prefecture_kana": "チバケン",
    "prefecture_code": 12,
    "city": "夷隅郡大多喜町",
    "city_kana": "イスミグンオオタキマチ",
    "town": "柳原",
    "town_kana": "ヤナバラ",
    "street": null,
    "office_name": null,
    "office_name_kana": null
  },
  "0222": {
    "postcode": "2980222",
    "prefecture": "千葉県",
    "prefecture_kana": "チバケン",
    "prefecture_code": 12,
    "city": "夷隅郡大多喜町",
    "city_kana": "イスミグンオオタキマチ",
    "town": "八声",
    "town_kana": "ヤコエ",
    "street": null,
    "office_name": null,
    "office_name_kana": null
  },
  "0223": {
    "postcode": "2980223",
    "prefecture": "千葉県",
    "prefecture_kana": "チバケン",
    "prefecture_code": 12,
    "city": "夷隅郡大多喜町",
    "city_kana": "イスミグンオオタキマチ",
    "town": "上原",
    "town_kana": "ウエバラ",
    "street": null,
    "office_name": null,
    "office_name_kana": null
  },
  "0224": {
    "postcode": "2980224",
    "prefecture": "千葉県",
    "prefecture_kana": "チバケン",
    "prefecture_code": 12,
    "city": "夷隅郡大多喜町",
    "city_kana": "イスミグンオオタキマチ",
    "town": "堀之内",
    "town_kana": "ホリノウチ",
    "street": null,
    "office_name": null,
    "office_name_kana": null
  },
  "0225": {
    "postcode": "2980225",
    "prefecture": "千葉県",
    "prefecture_kana": "チバケン",
    "prefecture_code": 12,
    "city": "夷隅郡大多喜町",
    "city_kana": "イスミグンオオタキマチ",
    "town": "大戸",
    "town_kana": "オオト",
    "street": null,
    "office_name": null,
    "office_name_kana": null
  },
  "0226": {
    "postcode": "2980226",
    "prefecture": "千葉県",
    "prefecture_kana": "チバケン",
    "prefecture_code": 12,
    "city": "夷隅郡大多喜町",
    "city_kana": "イスミグンオオタキマチ",
    "town": "部田",
    "town_kana": "ヘタ",
    "street": null,
    "office_name": null,
    "office_name_kana": null
  },
  "0227": {
    "postcode": "2980227",
    "prefecture": "千葉県",
    "prefecture_kana": "チバケン",
    "prefecture_code": 12,
    "city": "夷隅郡大多喜町",
    "city_kana": "イスミグンオオタキマチ",
    "town": "西部田",
    "town_kana": "ニシベタ",
    "street": null,
    "office_name": null,
    "office_name_kana": null
  },
  "0228": {
    "postcode": "2980228",
    "prefecture": "千葉県",
    "prefecture_kana": "チバケン",
    "prefecture_code": 12,
    "city": "夷隅郡大多喜町",
    "city_kana": "イスミグンオオタキマチ",
    "town": "小谷松",
    "town_kana": "コヤマツ",
    "street": null,
    "office_name": null,
    "office_name_kana": null
  },
  "0231": {
    "postcode": "2980231",
    "prefecture": "千葉県",
    "prefecture_kana": "チバケン",
    "prefecture_code": 12,
    "city": "夷隅郡大多喜町",
    "city_kana": "イスミグンオオタキマチ",
    "town": "馬場内",
    "town_kana": "ババウチ",
    "street": null,
    "office_name": null,
    "office_name_kana": null
  },
  "0232": {
    "postcode": "2980232",
    "prefecture": "千葉県",
    "prefecture_kana": "チバケン",
    "prefecture_code": 12,
    "city": "夷隅郡大多喜町",
    "city_kana": "イスミグンオオタキマチ",
    "town": "小内",
    "town_kana": "コウチ",
    "street": null,
    "office_name": null,
    "office_name_kana": null
  },
  "0233": {
    "postcode": "2980233",
    "prefecture": "千葉県",
    "prefecture_kana": "チバケン",
    "prefecture_code": 12,
    "city": "夷隅郡大多喜町",
    "city_kana": "イスミグンオオタキマチ",
    "town": "笛倉",
    "town_kana": "フエグラ",
    "street": null,
    "office_name": null,
    "office_name_kana": null
  },
  "0234": {
    "postcode": "2980234",
    "prefecture": "千葉県",
    "prefecture_kana": "チバケン",
    "prefecture_code": 12,
    "city": "夷隅郡大多喜町",
    "city_kana": "イスミグンオオタキマチ",
    "town": "押沼",
    "town_kana": "オシヌマ",
    "street": null,
    "office_name": null,
    "office_name_kana": null
  },
  "0235": {
    "postcode": "2980235",
    "prefecture": "千葉県",
    "prefecture_kana": "チバケン",
    "prefecture_code": 12,
    "city": "夷隅郡大多喜町",
    "city_kana": "イスミグンオオタキマチ",
    "town": "宇筒原",
    "town_kana": "ウトウバラ",
    "street": null,
    "office_name": null,
    "office_name_kana": null
  },
  "0236": {
    "postcode": "2980236",
    "prefecture": "千葉県",
    "prefecture_kana": "チバケン",
    "prefecture_code": 12,
    "city": "夷隅郡大多喜町",
    "city_kana": "イスミグンオオタキマチ",
    "town": "百鉾",
    "town_kana": "モフク",
    "street": null,
    "office_name": null,
    "office_name_kana": null
  },
  "0237": {
    "postcode": "2980237",
    "prefecture": "千葉県",
    "prefecture_kana": "チバケン",
    "prefecture_code": 12,
    "city": "夷隅郡大多喜町",
    "city_kana": "イスミグンオオタキマチ",
    "town": "原内",
    "town_kana": "ハラウチ",
    "street": null,
    "office_name": null,
    "office_name_kana": null
  },
  "0238": {
    "postcode": "2980238",
    "prefecture": "千葉県",
    "prefecture_kana": "チバケン",
    "prefecture_code": 12,
    "city": "夷隅郡大多喜町",
    "city_kana": "イスミグンオオタキマチ",
    "town": "小内笛倉入会",
    "town_kana": "コウチフエグライリアイ",
    "street": null,
    "office_name": null,
    "office_name_kana": null
  },
  "0241": {
    "postcode": "2980241",
    "prefecture": "千葉県",
    "prefecture_kana": "チバケン",
    "prefecture_code": 12,
    "city": "夷隅郡大多喜町",
    "city_kana": "イスミグンオオタキマチ",
    "town": "紙敷",
    "town_kana": "カミシキ",
    "street": null,
    "office_name": null,
    "office_name_kana": null
  },
  "0242": {
    "postcode": "2980242",
    "prefecture": "千葉県",
    "prefecture_kana": "チバケン",
    "prefecture_code": 12,
    "city": "夷隅郡大多喜町",
    "city_kana": "イスミグンオオタキマチ",
    "town": "小苗",
    "town_kana": "コミョウ",
    "street": null,
    "office_name": null,
    "office_name_kana": null
  },
  "0243": {
    "postcode": "2980243",
    "prefecture": "千葉県",
    "prefecture_kana": "チバケン",
    "prefecture_code": 12,
    "city": "夷隅郡大多喜町",
    "city_kana": "イスミグンオオタキマチ",
    "town": "湯倉",
    "town_kana": "ユグラ",
    "street": null,
    "office_name": null,
    "office_name_kana": null
  },
  "0244": {
    "postcode": "2980244",
    "prefecture": "千葉県",
    "prefecture_kana": "チバケン",
    "prefecture_code": 12,
    "city": "夷隅郡大多喜町",
    "city_kana": "イスミグンオオタキマチ",
    "town": "松尾",
    "town_kana": "マツオ",
    "street": null,
    "office_name": null,
    "office_name_kana": null
  },
  "0245": {
    "postcode": "2980245",
    "prefecture": "千葉県",
    "prefecture_kana": "チバケン",
    "prefecture_code": 12,
    "city": "夷隅郡大多喜町",
    "city_kana": "イスミグンオオタキマチ",
    "town": "弥喜用",
    "town_kana": "ヤキヨウ",
    "street": null,
    "office_name": null,
    "office_name_kana": null
  },
  "0246": {
    "postcode": "2980246",
    "prefecture": "千葉県",
    "prefecture_kana": "チバケン",
    "prefecture_code": 12,
    "city": "夷隅郡大多喜町",
    "city_kana": "イスミグンオオタキマチ",
    "town": "庄司",
    "town_kana": "ショウジ",
    "street": null,
    "office_name": null,
    "office_name_kana": null
  },
  "0251": {
    "postcode": "2980251",
    "prefecture": "千葉県",
    "prefecture_kana": "チバケン",
    "prefecture_code": 12,
    "city": "夷隅郡大多喜町",
    "city_kana": "イスミグンオオタキマチ",
    "town": "久我原",
    "town_kana": "クガハラ",
    "street": null,
    "office_name": null,
    "office_name_kana": null
  },
  "0252": {
    "postcode": "2980252",
    "prefecture": "千葉県",
    "prefecture_kana": "チバケン",
    "prefecture_code": 12,
    "city": "夷隅郡大多喜町",
    "city_kana": "イスミグンオオタキマチ",
    "town": "三又",
    "town_kana": "ミマタ",
    "street": null,
    "office_name": null,
    "office_name_kana": null
  },
  "0253": {
    "postcode": "2980253",
    "prefecture": "千葉県",
    "prefecture_kana": "チバケン",
    "prefecture_code": 12,
    "city": "夷隅郡大多喜町",
    "city_kana": "イスミグンオオタキマチ",
    "town": "川畑",
    "town_kana": "カワハタ",
    "street": null,
    "office_name": null,
    "office_name_kana": null
  },
  "0254": {
    "postcode": "2980254",
    "prefecture": "千葉県",
    "prefecture_kana": "チバケン",
    "prefecture_code": 12,
    "city": "夷隅郡大多喜町",
    "city_kana": "イスミグンオオタキマチ",
    "town": "平沢",
    "town_kana": "ヒラサワ",
    "street": null,
    "office_name": null,
    "office_name_kana": null
  },
  "0255": {
    "postcode": "2980255",
    "prefecture": "千葉県",
    "prefecture_kana": "チバケン",
    "prefecture_code": 12,
    "city": "夷隅郡大多喜町",
    "city_kana": "イスミグンオオタキマチ",
    "town": "黒原",
    "town_kana": "クロハラ",
    "street": null,
    "office_name": null,
    "office_name_kana": null
  },
  "0256": {
    "postcode": "2980256",
    "prefecture": "千葉県",
    "prefecture_kana": "チバケン",
    "prefecture_code": 12,
    "city": "夷隅郡大多喜町",
    "city_kana": "イスミグンオオタキマチ",
    "town": "石神",
    "town_kana": "イシガミ",
    "street": null,
    "office_name": null,
    "office_name_kana": null
  },
  "0261": {
    "postcode": "2980261",
    "prefecture": "千葉県",
    "prefecture_kana": "チバケン",
    "prefecture_code": 12,
    "city": "夷隅郡大多喜町",
    "city_kana": "イスミグンオオタキマチ",
    "town": "板谷",
    "town_kana": "イタヤ",
    "street": null,
    "office_name": null,
    "office_name_kana": null
  },
  "0262": {
    "postcode": "2980262",
    "prefecture": "千葉県",
    "prefecture_kana": "チバケン",
    "prefecture_code": 12,
    "city": "夷隅郡大多喜町",
    "city_kana": "イスミグンオオタキマチ",
    "town": "堀切",
    "town_kana": "ホリキリ",
    "street": null,
    "office_name": null,
    "office_name_kana": null
  },
  "0263": {
    "postcode": "2980263",
    "prefecture": "千葉県",
    "prefecture_kana": "チバケン",
    "prefecture_code": 12,
    "city": "夷隅郡大多喜町",
    "city_kana": "イスミグンオオタキマチ",
    "town": "伊保田",
    "town_kana": "イホタ",
    "street": null,
    "office_name": null,
    "office_name_kana": null
  },
  "0264": {
    "postcode": "2980264",
    "prefecture": "千葉県",
    "prefecture_kana": "チバケン",
    "prefecture_code": 12,
    "city": "夷隅郡大多喜町",
    "city_kana": "イスミグンオオタキマチ",
    "town": "大田代",
    "town_kana": "オオタダイ",
    "street": null,
    "office_name": null,
    "office_name_kana": null
  },
  "0265": {
    "postcode": "2980265",
    "prefecture": "千葉県",
    "prefecture_kana": "チバケン",
    "prefecture_code": 12,
    "city": "夷隅郡大多喜町",
    "city_kana": "イスミグンオオタキマチ",
    "town": "小田代",
    "town_kana": "コタダイ",
    "street": null,
    "office_name": null,
    "office_name_kana": null
  },
  "0266": {
    "postcode": "2980266",
    "prefecture": "千葉県",
    "prefecture_kana": "チバケン",
    "prefecture_code": 12,
    "city": "夷隅郡大多喜町",
    "city_kana": "イスミグンオオタキマチ",
    "town": "筒森",
    "town_kana": "ツツモリ",
    "street": null,
    "office_name": null,
    "office_name_kana": null
  },
  "0267": {
    "postcode": "2980267",
    "prefecture": "千葉県",
    "prefecture_kana": "チバケン",
    "prefecture_code": 12,
    "city": "夷隅郡大多喜町",
    "city_kana": "イスミグンオオタキマチ",
    "town": "葛藤",
    "town_kana": "クズフジ",
    "street": null,
    "office_name": null,
    "office_name_kana": null
  },
  "0271": {
    "postcode": "2980271",
    "prefecture": "千葉県",
    "prefecture_kana": "チバケン",
    "prefecture_code": 12,
    "city": "夷隅郡大多喜町",
    "city_kana": "イスミグンオオタキマチ",
    "town": "中野",
    "town_kana": "ナカノ",
    "street": null,
    "office_name": null,
    "office_name_kana": null
  },
  "0272": {
    "postcode": "2980272",
    "prefecture": "千葉県",
    "prefecture_kana": "チバケン",
    "prefecture_code": 12,
    "city": "夷隅郡大多喜町",
    "city_kana": "イスミグンオオタキマチ",
    "town": "市川",
    "town_kana": "イチカワ",
    "street": null,
    "office_name": null,
    "office_name_kana": null
  },
  "0273": {
    "postcode": "2980273",
    "prefecture": "千葉県",
    "prefecture_kana": "チバケン",
    "prefecture_code": 12,
    "city": "夷隅郡大多喜町",
    "city_kana": "イスミグンオオタキマチ",
    "town": "三条",
    "town_kana": "サンジョウ",
    "street": null,
    "office_name": null,
    "office_name_kana": null
  },
  "0274": {
    "postcode": "2980274",
    "prefecture": "千葉県",
    "prefecture_kana": "チバケン",
    "prefecture_code": 12,
    "city": "夷隅郡大多喜町",
    "city_kana": "イスミグンオオタキマチ",
    "town": "田代",
    "town_kana": "タシロ",
    "street": null,
    "office_name": null,
    "office_name_kana": null
  },
  "0275": {
    "postcode": "2980275",
    "prefecture": "千葉県",
    "prefecture_kana": "チバケン",
    "prefecture_code": 12,
    "city": "夷隅郡大多喜町",
    "city_kana": "イスミグンオオタキマチ",
    "town": "弓木",
    "town_kana": "ユミギ",
    "street": null,
    "office_name": null,
    "office_name_kana": null
  },
  "0276": {
    "postcode": "2980276",
    "prefecture": "千葉県",
    "prefecture_kana": "チバケン",
    "prefecture_code": 12,
    "city": "夷隅郡大多喜町",
    "city_kana": "イスミグンオオタキマチ",
    "town": "会所",
    "town_kana": "カイショ",
    "street": null,
    "office_name": null,
    "office_name_kana": null
  },
  "0277": {
    "postcode": "2980277",
    "prefecture": "千葉県",
    "prefecture_kana": "チバケン",
    "prefecture_code": 12,
    "city": "夷隅郡大多喜町",
    "city_kana": "イスミグンオオタキマチ",
    "town": "粟又",
    "town_kana": "アワマタ",
    "street": null,
    "office_name": null,
    "office_name_kana": null
  },
  "0278": {
    "postcode": "2980278",
    "prefecture": "千葉県",
    "prefecture_kana": "チバケン",
    "prefecture_code": 12,
    "city": "夷隅郡大多喜町",
    "city_kana": "イスミグンオオタキマチ",
    "town": "小沢又",
    "town_kana": "コザワマタ",
    "street": null,
    "office_name": null,
    "office_name_kana": null
  },
  "0279": {
    "postcode": "2980279",
    "prefecture": "千葉県",
    "prefecture_kana": "チバケン",
    "prefecture_code": 12,
    "city": "夷隅郡大多喜町",
    "city_kana": "イスミグンオオタキマチ",
    "town": "面白",
    "town_kana": "オモジロ",
    "street": null,
    "office_name": null,
    "office_name_kana": null
  },
  "0292": {
    "postcode": "2980292",
    "prefecture": "千葉県",
    "prefecture_kana": "チバケン",
    "prefecture_code": 12,
    "city": "夷隅郡大多喜町",
    "city_kana": "イスミグンオオタキマチ",
    "town": "大多喜",
    "town_kana": "オオタキ",
    "street": "９３",
    "office_name": "大多喜町役場",
    "office_name_kana": "オオタキマチヤクバ"
  },
  "0295": {
    "postcode": "2980295",
    "prefecture": "千葉県",
    "prefecture_kana": "チバケン",
    "prefecture_code": 12,
    "city": "夷隅郡大多喜町",
    "city_kana": "イスミグンオオタキマチ",
    "town": "森宮",
    "town_kana": "モリミヤ",
    "street": "１３８",
    "office_name": "平林物産　株式会社",
    "office_name_kana": "ヒラバヤシブツサン カブシキガイシヤ"
  },
  "0296": {
    "postcode": "2980296",
    "prefecture": "千葉県",
    "prefecture_kana": "チバケン",
    "prefecture_code": 12,
    "city": "夷隅郡大多喜町",
    "city_kana": "イスミグンオオタキマチ",
    "town": "小土呂",
    "town_kana": "オドロ",
    "street": "２５５",
    "office_name": "サンファーム　株式会社",
    "office_name_kana": "サンフア-ム カブシキガイシヤ"
  },
  "0297": {
    "postcode": "2980297",
    "prefecture": "千葉県",
    "prefecture_kana": "チバケン",
    "prefecture_code": 12,
    "city": "夷隅郡大多喜町",
    "city_kana": "イスミグンオオタキマチ",
    "town": "久我原",
    "town_kana": "クガハラ",
    "street": "１５００",
    "office_name": "三育学院大学",
    "office_name_kana": "サンイクガクインダイガク"
  },
  "8501": {
    "postcode": "2988501",
    "prefecture": "千葉県",
    "prefecture_kana": "チバケン",
    "prefecture_code": 12,
    "city": "いすみ市",
    "city_kana": "イスミシ",
    "town": "大原",
    "town_kana": "オオハラ",
    "street": "７４００−１",
    "office_name": "いすみ市役所",
    "office_name_kana": "イスミシヤクシヨ"
  }
}