{
  "0000": {
    "postcode": "3050000",
    "prefecture": "茨城県",
    "prefecture_kana": "イバラキケン",
    "prefecture_code": 8,
    "city": "つくば市",
    "city_kana": "ツクバシ",
    "town": "",
    "town_kana": "",
    "street": null,
    "office_name": null,
    "office_name_kana": null
  },
  "0001": {
    "postcode": "3050001",
    "prefecture": "茨城県",
    "prefecture_kana": "イバラキケン",
    "prefecture_code": 8,
    "city": "つくば市",
    "city_kana": "ツクバシ",
    "town": "栗原",
    "town_kana": "クリハラ",
    "street": null,
    "office_name": null,
    "office_name_kana": null
  },
  "0002": {
    "postcode": "3050002",
    "prefecture": "茨城県",
    "prefecture_kana": "イバラキケン",
    "prefecture_code": 8,
    "city": "つくば市",
    "city_kana": "ツクバシ",
    "town": "上野",
    "town_kana": "ウエノ",
    "street": null,
    "office_name": null,
    "office_name_kana": null
  },
  "0003": {
    "postcode": "3050003",
    "prefecture": "茨城県",
    "prefecture_kana": "イバラキケン",
    "prefecture_code": 8,
    "city": "つくば市",
    "city_kana": "ツクバシ",
    "town": "桜",
    "town_kana": "サクラ",
    "street": null,
    "office_name": null,
    "office_name_kana": null
  },
  "0004": {
    "postcode": "3050004",
    "prefecture": "茨城県",
    "prefecture_kana": "イバラキケン",
    "prefecture_code": 8,
    "city": "つくば市",
    "city_kana": "ツクバシ",
    "town": "柴崎",
    "town_kana": "シバサキ",
    "street": null,
    "office_name": null,
    "office_name_kana": null
  },
  "0005": {
    "postcode": "3050005",
    "prefecture": "茨城県",
    "prefecture_kana": "イバラキケン",
    "prefecture_code": 8,
    "city": "つくば市",
    "city_kana": "ツクバシ",
    "town": "天久保",
    "town_kana": "アマクボ",
    "street": null,
    "office_name": null,
    "office_name_kana": null
  },
  "0006": {
    "postcode": "3050006",
    "prefecture": "茨城県",
    "prefecture_kana": "イバラキケン",
    "prefecture_code": 8,
    "city": "つくば市",
    "city_kana": "ツクバシ",
    "town": "天王台",
    "town_kana": "テンノウダイ",
    "street": null,
    "office_name": null,
    "office_name_kana": null
  },
  "0007": {
    "postcode": "3050007",
    "prefecture": "茨城県",
    "prefecture_kana": "イバラキケン",
    "prefecture_code": 8,
    "city": "つくば市",
    "city_kana": "ツクバシ",
    "town": "春風台",
    "town_kana": "ハルカゼダイ",
    "street": null,
    "office_name": null,
    "office_name_kana": null
  },
  "0008": {
    "postcode": "3050008",
    "prefecture": "茨城県",
    "prefecture_kana": "イバラキケン",
    "prefecture_code": 8,
    "city": "つくば市",
    "city_kana": "ツクバシ",
    "town": "流星台",
    "town_kana": "リュウセイダイ",
    "street": null,
    "office_name": null,
    "office_name_kana": null
  },
  "0011": {
    "postcode": "3050011",
    "prefecture": "茨城県",
    "prefecture_kana": "イバラキケン",
    "prefecture_code": 8,
    "city": "つくば市",
    "city_kana": "ツクバシ",
    "town": "上境",
    "town_kana": "カミザカイ",
    "street": null,
    "office_name": null,
    "office_name_kana": null
  },
  "0012": {
    "postcode": "3050012",
    "prefecture": "茨城県",
    "prefecture_kana": "イバラキケン",
    "prefecture_code": 8,
    "city": "つくば市",
    "city_kana": "ツクバシ",
    "town": "中根",
    "town_kana": "ナカネ",
    "street": null,
    "office_name": null,
    "office_name_kana": null
  },
  "0013": {
    "postcode": "3050013",
    "prefecture": "茨城県",
    "prefecture_kana": "イバラキケン",
    "prefecture_code": 8,
    "city": "つくば市",
    "city_kana": "ツクバシ",
    "town": "栄",
    "town_kana": "サカエ",
    "street": null,
    "office_name": null,
    "office_name_kana": null
  },
  "0014": {
    "postcode": "3050014",
    "prefecture": "茨城県",
    "prefecture_kana": "イバラキケン",
    "prefecture_code": 8,
    "city": "つくば市",
    "city_kana": "ツクバシ",
    "town": "松栄",
    "town_kana": "ショウエイ",
    "street": null,
    "office_name": null,
    "office_name_kana": null
  },
  "0015": {
    "postcode": "3050015",
    "prefecture": "茨城県",
    "prefecture_kana": "イバラキケン",
    "prefecture_code": 8,
    "city": "つくば市",
    "city_kana": "ツクバシ",
    "town": "松塚",
    "town_kana": "マツヅカ",
    "street": null,
    "office_name": null,
    "office_name_kana": null
  },
  "0016": {
    "postcode": "3050016",
    "prefecture": "茨城県",
    "prefecture_kana": "イバラキケン",
    "prefecture_code": 8,
    "city": "つくば市",
    "city_kana": "ツクバシ",
    "town": "大",
    "town_kana": "オオ",
    "street": null,
    "office_name": null,
    "office_name_kana": null
  },
  "0017": {
    "postcode": "3050017",
    "prefecture": "茨城県",
    "prefecture_kana": "イバラキケン",
    "prefecture_code": 8,
    "city": "つくば市",
    "city_kana": "ツクバシ",
    "town": "横町",
    "town_kana": "ヨコマチ",
    "street": null,
    "office_name": null,
    "office_name_kana": null
  },
  "0018": {
    "postcode": "3050018",
    "prefecture": "茨城県",
    "prefecture_kana": "イバラキケン",
    "prefecture_code": 8,
    "city": "つくば市",
    "city_kana": "ツクバシ",
    "town": "金田",
    "town_kana": "コンダ",
    "street": null,
    "office_name": null,
    "office_name_kana": null
  },
  "0019": {
    "postcode": "3050019",
    "prefecture": "茨城県",
    "prefecture_kana": "イバラキケン",
    "prefecture_code": 8,
    "city": "つくば市",
    "city_kana": "ツクバシ",
    "town": "さくらの森",
    "town_kana": "サクラノモリ",
    "street": null,
    "office_name": null,
    "office_name_kana": null
  },
  "0021": {
    "postcode": "3050021",
    "prefecture": "茨城県",
    "prefecture_kana": "イバラキケン",
    "prefecture_code": 8,
    "city": "つくば市",
    "city_kana": "ツクバシ",
    "town": "古来",
    "town_kana": "フルク",
    "street": null,
    "office_name": null,
    "office_name_kana": null
  },
  "0022": {
    "postcode": "3050022",
    "prefecture": "茨城県",
    "prefecture_kana": "イバラキケン",
    "prefecture_code": 8,
    "city": "つくば市",
    "city_kana": "ツクバシ",
    "town": "吉瀬",
    "town_kana": "キセ",
    "street": null,
    "office_name": null,
    "office_name_kana": null
  },
  "0023": {
    "postcode": "3050023",
    "prefecture": "茨城県",
    "prefecture_kana": "イバラキケン",
    "prefecture_code": 8,
    "city": "つくば市",
    "city_kana": "ツクバシ",
    "town": "上ノ室",
    "town_kana": "ウエノムロ",
    "street": null,
    "office_name": null,
    "office_name_kana": null
  },
  "0024": {
    "postcode": "3050024",
    "prefecture": "茨城県",
    "prefecture_kana": "イバラキケン",
    "prefecture_code": 8,
    "city": "つくば市",
    "city_kana": "ツクバシ",
    "town": "倉掛",
    "town_kana": "クラカケ",
    "street": null,
    "office_name": null,
    "office_name_kana": null
  },
  "0025": {
    "postcode": "3050025",
    "prefecture": "茨城県",
    "prefecture_kana": "イバラキケン",
    "prefecture_code": 8,
    "city": "つくば市",
    "city_kana": "ツクバシ",
    "town": "花室",
    "town_kana": "ハナムロ",
    "street": null,
    "office_name": null,
    "office_name_kana": null
  },
  "0026": {
    "postcode": "3050026",
    "prefecture": "茨城県",
    "prefecture_kana": "イバラキケン",
    "prefecture_code": 8,
    "city": "つくば市",
    "city_kana": "ツクバシ",
    "town": "岡村新田",
    "town_kana": "オカムラシンデン",
    "street": null,
    "office_name": null,
    "office_name_kana": null
  },
  "0027": {
    "postcode": "3050027",
    "prefecture": "茨城県",
    "prefecture_kana": "イバラキケン",
    "prefecture_code": 8,
    "city": "つくば市",
    "city_kana": "ツクバシ",
    "town": "東岡",
    "town_kana": "ヒガシオカ",
    "street": null,
    "office_name": null,
    "office_name_kana": null
  },
  "0028": {
    "postcode": "3050028",
    "prefecture": "茨城県",
    "prefecture_kana": "イバラキケン",
    "prefecture_code": 8,
    "city": "つくば市",
    "city_kana": "ツクバシ",
    "town": "妻木",
    "town_kana": "サイキ",
    "street": null,
    "office_name": null,
    "office_name_kana": null
  },
  "0029": {
    "postcode": "3050029",
    "prefecture": "茨城県",
    "prefecture_kana": "イバラキケン",
    "prefecture_code": 8,
    "city": "つくば市",
    "city_kana": "ツクバシ",
    "town": "花園",
    "town_kana": "ハナゾノ",
    "street": null,
    "office_name": null,
    "office_name_kana": null
  },
  "0031": {
    "postcode": "3050031",
    "prefecture": "茨城県",
    "prefecture_kana": "イバラキケン",
    "prefecture_code": 8,
    "city": "つくば市",
    "city_kana": "ツクバシ",
    "town": "吾妻",
    "town_kana": "アヅマ",
    "street": null,
    "office_name": null,
    "office_name_kana": null
  },
  "0032": {
    "postcode": "3050032",
    "prefecture": "茨城県",
    "prefecture_kana": "イバラキケン",
    "prefecture_code": 8,
    "city": "つくば市",
    "city_kana": "ツクバシ",
    "town": "竹園",
    "town_kana": "タケゾノ",
    "street": null,
    "office_name": null,
    "office_name_kana": null
  },
  "0033": {
    "postcode": "3050033",
    "prefecture": "茨城県",
    "prefecture_kana": "イバラキケン",
    "prefecture_code": 8,
    "city": "つくば市",
    "city_kana": "ツクバシ",
    "town": "東新井",
    "town_kana": "ヒガシアライ",
    "street": null,
    "office_name": null,
    "office_name_kana": null
  },
  "0034": {
    "postcode": "3050034",
    "prefecture": "茨城県",
    "prefecture_kana": "イバラキケン",
    "prefecture_code": 8,
    "city": "つくば市",
    "city_kana": "ツクバシ",
    "town": "小野崎",
    "town_kana": "オノザキ",
    "street": null,
    "office_name": null,
    "office_name_kana": null
  },
  "0035": {
    "postcode": "3050035",
    "prefecture": "茨城県",
    "prefecture_kana": "イバラキケン",
    "prefecture_code": 8,
    "city": "つくば市",
    "city_kana": "ツクバシ",
    "town": "松代",
    "town_kana": "マツシロ",
    "street": null,
    "office_name": null,
    "office_name_kana": null
  },
  "0036": {
    "postcode": "3050036",
    "prefecture": "茨城県",
    "prefecture_kana": "イバラキケン",
    "prefecture_code": 8,
    "city": "つくば市",
    "city_kana": "ツクバシ",
    "town": "西郷",
    "town_kana": "サイゴウ",
    "street": null,
    "office_name": null,
    "office_name_kana": null
  },
  "0041": {
    "postcode": "3050041",
    "prefecture": "茨城県",
    "prefecture_kana": "イバラキケン",
    "prefecture_code": 8,
    "city": "つくば市",
    "city_kana": "ツクバシ",
    "town": "上広岡",
    "town_kana": "カミヒロオカ",
    "street": null,
    "office_name": null,
    "office_name_kana": null
  },
  "0042": {
    "postcode": "3050042",
    "prefecture": "茨城県",
    "prefecture_kana": "イバラキケン",
    "prefecture_code": 8,
    "city": "つくば市",
    "city_kana": "ツクバシ",
    "town": "下広岡",
    "town_kana": "シモヒロオカ",
    "street": null,
    "office_name": null,
    "office_name_kana": null
  },
  "0043": {
    "postcode": "3050043",
    "prefecture": "茨城県",
    "prefecture_kana": "イバラキケン",
    "prefecture_code": 8,
    "city": "つくば市",
    "city_kana": "ツクバシ",
    "town": "大角豆",
    "town_kana": "ササギ",
    "street": null,
    "office_name": null,
    "office_name_kana": null
  },
  "0044": {
    "postcode": "3050044",
    "prefecture": "茨城県",
    "prefecture_kana": "イバラキケン",
    "prefecture_code": 8,
    "city": "つくば市",
    "city_kana": "ツクバシ",
    "town": "並木",
    "town_kana": "ナミキ",
    "street": null,
    "office_name": null,
    "office_name_kana": null
  },
  "0045": {
    "postcode": "3050045",
    "prefecture": "茨城県",
    "prefecture_kana": "イバラキケン",
    "prefecture_code": 8,
    "city": "つくば市",
    "city_kana": "ツクバシ",
    "town": "梅園",
    "town_kana": "ウメゾノ",
    "street": null,
    "office_name": null,
    "office_name_kana": null
  },
  "0046": {
    "postcode": "3050046",
    "prefecture": "茨城県",
    "prefecture_kana": "イバラキケン",
    "prefecture_code": 8,
    "city": "つくば市",
    "city_kana": "ツクバシ",
    "town": "東",
    "town_kana": "ヒガシ",
    "street": null,
    "office_name": null,
    "office_name_kana": null
  },
  "0047": {
    "postcode": "3050047",
    "prefecture": "茨城県",
    "prefecture_kana": "イバラキケン",
    "prefecture_code": 8,
    "city": "つくば市",
    "city_kana": "ツクバシ",
    "town": "千現",
    "town_kana": "センゲン",
    "street": null,
    "office_name": null,
    "office_name_kana": null
  },
  "0051": {
    "postcode": "3050051",
    "prefecture": "茨城県",
    "prefecture_kana": "イバラキケン",
    "prefecture_code": 8,
    "city": "つくば市",
    "city_kana": "ツクバシ",
    "town": "二の宮",
    "town_kana": "ニノミヤ",
    "street": null,
    "office_name": null,
    "office_name_kana": null
  },
  "0052": {
    "postcode": "3050052",
    "prefecture": "茨城県",
    "prefecture_kana": "イバラキケン",
    "prefecture_code": 8,
    "city": "つくば市",
    "city_kana": "ツクバシ",
    "town": "長峰",
    "town_kana": "ナガミネ",
    "street": null,
    "office_name": null,
    "office_name_kana": null
  },
  "0053": {
    "postcode": "3050053",
    "prefecture": "茨城県",
    "prefecture_kana": "イバラキケン",
    "prefecture_code": 8,
    "city": "つくば市",
    "city_kana": "ツクバシ",
    "town": "小野川",
    "town_kana": "オノガワ",
    "street": null,
    "office_name": null,
    "office_name_kana": null
  },
  "0054": {
    "postcode": "3050054",
    "prefecture": "茨城県",
    "prefecture_kana": "イバラキケン",
    "prefecture_code": 8,
    "city": "つくば市",
    "city_kana": "ツクバシ",
    "town": "西大沼",
    "town_kana": "ニシオオヌマ",
    "street": null,
    "office_name": null,
    "office_name_kana": null
  },
  "0055": {
    "postcode": "3050055",
    "prefecture": "茨城県",
    "prefecture_kana": "イバラキケン",
    "prefecture_code": 8,
    "city": "つくば市",
    "city_kana": "ツクバシ",
    "town": "上原",
    "town_kana": "カミハラ",
    "street": null,
    "office_name": null,
    "office_name_kana": null
  },
  "0056": {
    "postcode": "3050056",
    "prefecture": "茨城県",
    "prefecture_kana": "イバラキケン",
    "prefecture_code": 8,
    "city": "つくば市",
    "city_kana": "ツクバシ",
    "town": "松野木",
    "town_kana": "マツノキ",
    "street": null,
    "office_name": null,
    "office_name_kana": null
  },
  "0061": {
    "postcode": "3050061",
    "prefecture": "茨城県",
    "prefecture_kana": "イバラキケン",
    "prefecture_code": 8,
    "city": "つくば市",
    "city_kana": "ツクバシ",
    "town": "稲荷前",
    "town_kana": "イナリマエ",
    "street": null,
    "office_name": null,
    "office_name_kana": null
  },
  "0062": {
    "postcode": "3050062",
    "prefecture": "茨城県",
    "prefecture_kana": "イバラキケン",
    "prefecture_code": 8,
    "city": "つくば市",
    "city_kana": "ツクバシ",
    "town": "赤塚",
    "town_kana": "アカツカ",
    "street": null,
    "office_name": null,
    "office_name_kana": null
  },
  "0063": {
    "postcode": "3050063",
    "prefecture": "茨城県",
    "prefecture_kana": "イバラキケン",
    "prefecture_code": 8,
    "city": "つくば市",
    "city_kana": "ツクバシ",
    "town": "下原",
    "town_kana": "シモハラ",
    "street": null,
    "office_name": null,
    "office_name_kana": null
  },
  "0064": {
    "postcode": "3050064",
    "prefecture": "茨城県",
    "prefecture_kana": "イバラキケン",
    "prefecture_code": 8,
    "city": "つくば市",
    "city_kana": "ツクバシ",
    "town": "梶内",
    "town_kana": "カジウチ",
    "street": null,
    "office_name": null,
    "office_name_kana": null
  },
  "0065": {
    "postcode": "3050065",
    "prefecture": "茨城県",
    "prefecture_kana": "イバラキケン",
    "prefecture_code": 8,
    "city": "つくば市",
    "city_kana": "ツクバシ",
    "town": "南中妻",
    "town_kana": "ミナミナカヅマ",
    "street": null,
    "office_name": null,
    "office_name_kana": null
  },
  "0066": {
    "postcode": "3050066",
    "prefecture": "茨城県",
    "prefecture_kana": "イバラキケン",
    "prefecture_code": 8,
    "city": "つくば市",
    "city_kana": "ツクバシ",
    "town": "北中妻",
    "town_kana": "キタナカヅマ",
    "street": null,
    "office_name": null,
    "office_name_kana": null
  },
  "0067": {
    "postcode": "3050067",
    "prefecture": "茨城県",
    "prefecture_kana": "イバラキケン",
    "prefecture_code": 8,
    "city": "つくば市",
    "city_kana": "ツクバシ",
    "town": "館野",
    "town_kana": "タテノ",
    "street": null,
    "office_name": null,
    "office_name_kana": null
  },
  "0068": {
    "postcode": "3050068",
    "prefecture": "茨城県",
    "prefecture_kana": "イバラキケン",
    "prefecture_code": 8,
    "city": "つくば市",
    "city_kana": "ツクバシ",
    "town": "中内",
    "town_kana": "ナカウチ",
    "street": null,
    "office_name": null,
    "office_name_kana": null
  },
  "0071": {
    "postcode": "3050071",
    "prefecture": "茨城県",
    "prefecture_kana": "イバラキケン",
    "prefecture_code": 8,
    "city": "つくば市",
    "city_kana": "ツクバシ",
    "town": "稲岡",
    "town_kana": "イナオカ",
    "street": null,
    "office_name": null,
    "office_name_kana": null
  },
  "0072": {
    "postcode": "3050072",
    "prefecture": "茨城県",
    "prefecture_kana": "イバラキケン",
    "prefecture_code": 8,
    "city": "つくば市",
    "city_kana": "ツクバシ",
    "town": "北中島",
    "town_kana": "キタナカジマ",
    "street": null,
    "office_name": null,
    "office_name_kana": null
  },
  "0073": {
    "postcode": "3050073",
    "prefecture": "茨城県",
    "prefecture_kana": "イバラキケン",
    "prefecture_code": 8,
    "city": "つくば市",
    "city_kana": "ツクバシ",
    "town": "市之台",
    "town_kana": "イチノダイ",
    "street": null,
    "office_name": null,
    "office_name_kana": null
  },
  "0074": {
    "postcode": "3050074",
    "prefecture": "茨城県",
    "prefecture_kana": "イバラキケン",
    "prefecture_code": 8,
    "city": "つくば市",
    "city_kana": "ツクバシ",
    "town": "高野台",
    "town_kana": "コウヤダイ",
    "street": null,
    "office_name": null,
    "office_name_kana": null
  },
  "0075": {
    "postcode": "3050075",
    "prefecture": "茨城県",
    "prefecture_kana": "イバラキケン",
    "prefecture_code": 8,
    "city": "つくば市",
    "city_kana": "ツクバシ",
    "town": "下横場",
    "town_kana": "シモヨコバ",
    "street": null,
    "office_name": null,
    "office_name_kana": null
  },
  "0076": {
    "postcode": "3050076",
    "prefecture": "茨城県",
    "prefecture_kana": "イバラキケン",
    "prefecture_code": 8,
    "city": "つくば市",
    "city_kana": "ツクバシ",
    "town": "新牧田",
    "town_kana": "アラマキダ",
    "street": null,
    "office_name": null,
    "office_name_kana": null
  },
  "0077": {
    "postcode": "3050077",
    "prefecture": "茨城県",
    "prefecture_kana": "イバラキケン",
    "prefecture_code": 8,
    "city": "つくば市",
    "city_kana": "ツクバシ",
    "town": "鷹野原",
    "town_kana": "タカノハラ",
    "street": null,
    "office_name": null,
    "office_name_kana": null
  },
  "0801": {
    "postcode": "3050801",
    "prefecture": "茨城県",
    "prefecture_kana": "イバラキケン",
    "prefecture_code": 8,
    "city": "つくば市",
    "city_kana": "ツクバシ",
    "town": "大穂",
    "town_kana": "オオホ",
    "street": null,
    "office_name": null,
    "office_name_kana": null
  },
  "0802": {
    "postcode": "3050802",
    "prefecture": "茨城県",
    "prefecture_kana": "イバラキケン",
    "prefecture_code": 8,
    "city": "つくば市",
    "city_kana": "ツクバシ",
    "town": "立原",
    "town_kana": "タチハラ",
    "street": null,
    "office_name": null,
    "office_name_kana": null
  },
  "0803": {
    "postcode": "3050803",
    "prefecture": "茨城県",
    "prefecture_kana": "イバラキケン",
    "prefecture_code": 8,
    "city": "つくば市",
    "city_kana": "ツクバシ",
    "town": "南原",
    "town_kana": "ミナミハラ",
    "street": null,
    "office_name": null,
    "office_name_kana": null
  },
  "0804": {
    "postcode": "3050804",
    "prefecture": "茨城県",
    "prefecture_kana": "イバラキケン",
    "prefecture_code": 8,
    "city": "つくば市",
    "city_kana": "ツクバシ",
    "town": "旭",
    "town_kana": "アサヒ",
    "street": null,
    "office_name": null,
    "office_name_kana": null
  },
  "0805": {
    "postcode": "3050805",
    "prefecture": "茨城県",
    "prefecture_kana": "イバラキケン",
    "prefecture_code": 8,
    "city": "つくば市",
    "city_kana": "ツクバシ",
    "town": "花畑",
    "town_kana": "ハナバタケ",
    "street": null,
    "office_name": null,
    "office_name_kana": null
  },
  "0811": {
    "postcode": "3050811",
    "prefecture": "茨城県",
    "prefecture_kana": "イバラキケン",
    "prefecture_code": 8,
    "city": "つくば市",
    "city_kana": "ツクバシ",
    "town": "北郷",
    "town_kana": "キタサト",
    "street": null,
    "office_name": null,
    "office_name_kana": null
  },
  "0812": {
    "postcode": "3050812",
    "prefecture": "茨城県",
    "prefecture_kana": "イバラキケン",
    "prefecture_code": 8,
    "city": "つくば市",
    "city_kana": "ツクバシ",
    "town": "東平塚",
    "town_kana": "ヒガシヒラツカ",
    "street": null,
    "office_name": null,
    "office_name_kana": null
  },
  "0813": {
    "postcode": "3050813",
    "prefecture": "茨城県",
    "prefecture_kana": "イバラキケン",
    "prefecture_code": 8,
    "city": "つくば市",
    "city_kana": "ツクバシ",
    "town": "下平塚",
    "town_kana": "シモヒラツカ",
    "street": null,
    "office_name": null,
    "office_name_kana": null
  },
  "0814": {
    "postcode": "3050814",
    "prefecture": "茨城県",
    "prefecture_kana": "イバラキケン",
    "prefecture_code": 8,
    "city": "つくば市",
    "city_kana": "ツクバシ",
    "town": "西平塚",
    "town_kana": "ニシヒラツカ",
    "street": null,
    "office_name": null,
    "office_name_kana": null
  },
  "0815": {
    "postcode": "3050815",
    "prefecture": "茨城県",
    "prefecture_kana": "イバラキケン",
    "prefecture_code": 8,
    "city": "つくば市",
    "city_kana": "ツクバシ",
    "town": "西原",
    "town_kana": "ニシハラ",
    "street": null,
    "office_name": null,
    "office_name_kana": null
  },
  "0816": {
    "postcode": "3050816",
    "prefecture": "茨城県",
    "prefecture_kana": "イバラキケン",
    "prefecture_code": 8,
    "city": "つくば市",
    "city_kana": "ツクバシ",
    "town": "学園の森",
    "town_kana": "ガクエンノモリ",
    "street": null,
    "office_name": null,
    "office_name_kana": null
  },
  "0817": {
    "postcode": "3050817",
    "prefecture": "茨城県",
    "prefecture_kana": "イバラキケン",
    "prefecture_code": 8,
    "city": "つくば市",
    "city_kana": "ツクバシ",
    "town": "研究学園",
    "town_kana": "ケンキュウガクエン",
    "street": null,
    "office_name": null,
    "office_name_kana": null
  },
  "0818": {
    "postcode": "3050818",
    "prefecture": "茨城県",
    "prefecture_kana": "イバラキケン",
    "prefecture_code": 8,
    "city": "つくば市",
    "city_kana": "ツクバシ",
    "town": "学園南",
    "town_kana": "ガクエンミナミ",
    "street": null,
    "office_name": null,
    "office_name_kana": null
  },
  "0821": {
    "postcode": "3050821",
    "prefecture": "茨城県",
    "prefecture_kana": "イバラキケン",
    "prefecture_code": 8,
    "city": "つくば市",
    "city_kana": "ツクバシ",
    "town": "春日",
    "town_kana": "カスガ",
    "street": null,
    "office_name": null,
    "office_name_kana": null
  },
  "0822": {
    "postcode": "3050822",
    "prefecture": "茨城県",
    "prefecture_kana": "イバラキケン",
    "prefecture_code": 8,
    "city": "つくば市",
    "city_kana": "ツクバシ",
    "town": "苅間",
    "town_kana": "カリマ",
    "street": null,
    "office_name": null,
    "office_name_kana": null
  },
  "0823": {
    "postcode": "3050823",
    "prefecture": "茨城県",
    "prefecture_kana": "イバラキケン",
    "prefecture_code": 8,
    "city": "つくば市",
    "city_kana": "ツクバシ",
    "town": "原",
    "town_kana": "ハラ",
    "street": null,
    "office_name": null,
    "office_name_kana": null
  },
  "0824": {
    "postcode": "3050824",
    "prefecture": "茨城県",
    "prefecture_kana": "イバラキケン",
    "prefecture_code": 8,
    "city": "つくば市",
    "city_kana": "ツクバシ",
    "town": "葛城根崎",
    "town_kana": "カツラギネサキ",
    "street": null,
    "office_name": null,
    "office_name_kana": null
  },
  "0831": {
    "postcode": "3050831",
    "prefecture": "茨城県",
    "prefecture_kana": "イバラキケン",
    "prefecture_code": 8,
    "city": "つくば市",
    "city_kana": "ツクバシ",
    "town": "西大橋",
    "town_kana": "ニシオオハシ",
    "street": null,
    "office_name": null,
    "office_name_kana": null
  },
  "0832": {
    "postcode": "3050832",
    "prefecture": "茨城県",
    "prefecture_kana": "イバラキケン",
    "prefecture_code": 8,
    "city": "つくば市",
    "city_kana": "ツクバシ",
    "town": "西岡",
    "town_kana": "ニシオカ",
    "street": null,
    "office_name": null,
    "office_name_kana": null
  },
  "0833": {
    "postcode": "3050833",
    "prefecture": "茨城県",
    "prefecture_kana": "イバラキケン",
    "prefecture_code": 8,
    "city": "つくば市",
    "city_kana": "ツクバシ",
    "town": "島",
    "town_kana": "シマ",
    "street": null,
    "office_name": null,
    "office_name_kana": null
  },
  "0834": {
    "postcode": "3050834",
    "prefecture": "茨城県",
    "prefecture_kana": "イバラキケン",
    "prefecture_code": 8,
    "city": "つくば市",
    "city_kana": "ツクバシ",
    "town": "手代木",
    "town_kana": "テシロギ",
    "street": null,
    "office_name": null,
    "office_name_kana": null
  },
  "0835": {
    "postcode": "3050835",
    "prefecture": "茨城県",
    "prefecture_kana": "イバラキケン",
    "prefecture_code": 8,
    "city": "つくば市",
    "city_kana": "ツクバシ",
    "town": "新井",
    "town_kana": "アライ",
    "street": null,
    "office_name": null,
    "office_name_kana": null
  },
  "0836": {
    "postcode": "3050836",
    "prefecture": "茨城県",
    "prefecture_kana": "イバラキケン",
    "prefecture_code": 8,
    "city": "つくば市",
    "city_kana": "ツクバシ",
    "town": "山中",
    "town_kana": "ヤマナカ",
    "street": null,
    "office_name": null,
    "office_name_kana": null
  },
  "0841": {
    "postcode": "3050841",
    "prefecture": "茨城県",
    "prefecture_kana": "イバラキケン",
    "prefecture_code": 8,
    "city": "つくば市",
    "city_kana": "ツクバシ",
    "town": "御幸が丘",
    "town_kana": "ミユキガオカ",
    "street": null,
    "office_name": null,
    "office_name_kana": null
  },
  "0842": {
    "postcode": "3050842",
    "prefecture": "茨城県",
    "prefecture_kana": "イバラキケン",
    "prefecture_code": 8,
    "city": "つくば市",
    "city_kana": "ツクバシ",
    "town": "柳橋",
    "town_kana": "ヤギハシ",
    "street": null,
    "office_name": null,
    "office_name_kana": null
  },
  "0843": {
    "postcode": "3050843",
    "prefecture": "茨城県",
    "prefecture_kana": "イバラキケン",
    "prefecture_code": 8,
    "city": "つくば市",
    "city_kana": "ツクバシ",
    "town": "八幡台",
    "town_kana": "ハチマンダイ",
    "street": null,
    "office_name": null,
    "office_name_kana": null
  },
  "0844": {
    "postcode": "3050844",
    "prefecture": "茨城県",
    "prefecture_kana": "イバラキケン",
    "prefecture_code": 8,
    "city": "つくば市",
    "city_kana": "ツクバシ",
    "town": "小白硲",
    "town_kana": "コジラハザマ",
    "street": null,
    "office_name": null,
    "office_name_kana": null
  },
  "0845": {
    "postcode": "3050845",
    "prefecture": "茨城県",
    "prefecture_kana": "イバラキケン",
    "prefecture_code": 8,
    "city": "つくば市",
    "city_kana": "ツクバシ",
    "town": "大白硲",
    "town_kana": "オオジラハザマ",
    "street": null,
    "office_name": null,
    "office_name_kana": null
  },
  "0846": {
    "postcode": "3050846",
    "prefecture": "茨城県",
    "prefecture_kana": "イバラキケン",
    "prefecture_code": 8,
    "city": "つくば市",
    "city_kana": "ツクバシ",
    "town": "平",
    "town_kana": "タイラ",
    "street": null,
    "office_name": null,
    "office_name_kana": null
  },
  "0847": {
    "postcode": "3050847",
    "prefecture": "茨城県",
    "prefecture_kana": "イバラキケン",
    "prefecture_code": 8,
    "city": "つくば市",
    "city_kana": "ツクバシ",
    "town": "陣場",
    "town_kana": "ジンバ",
    "street": null,
    "office_name": null,
    "office_name_kana": null
  },
  "0851": {
    "postcode": "3050851",
    "prefecture": "茨城県",
    "prefecture_kana": "イバラキケン",
    "prefecture_code": 8,
    "city": "つくば市",
    "city_kana": "ツクバシ",
    "town": "大わし",
    "town_kana": "オオワシ",
    "street": null,
    "office_name": null,
    "office_name_kana": null
  },
  "0852": {
    "postcode": "3050852",
    "prefecture": "茨城県",
    "prefecture_kana": "イバラキケン",
    "prefecture_code": 8,
    "city": "つくば市",
    "city_kana": "ツクバシ",
    "town": "藤本",
    "town_kana": "フジモト",
    "street": null,
    "office_name": null,
    "office_name_kana": null
  },
  "0853": {
    "postcode": "3050853",
    "prefecture": "茨城県",
    "prefecture_kana": "イバラキケン",
    "prefecture_code": 8,
    "city": "つくば市",
    "city_kana": "ツクバシ",
    "town": "榎戸",
    "town_kana": "エノキド",
    "street": null,
    "office_name": null,
    "office_name_kana": null
  },
  "0854": {
    "postcode": "3050854",
    "prefecture": "茨城県",
    "prefecture_kana": "イバラキケン",
    "prefecture_code": 8,
    "city": "つくば市",
    "city_kana": "ツクバシ",
    "town": "上横場",
    "town_kana": "カミヨコバ",
    "street": null,
    "office_name": null,
    "office_name_kana": null
  },
  "0855": {
    "postcode": "3050855",
    "prefecture": "茨城県",
    "prefecture_kana": "イバラキケン",
    "prefecture_code": 8,
    "city": "つくば市",
    "city_kana": "ツクバシ",
    "town": "今泉",
    "town_kana": "イマイズミ",
    "street": null,
    "office_name": null,
    "office_name_kana": null
  },
  "0856": {
    "postcode": "3050856",
    "prefecture": "茨城県",
    "prefecture_kana": "イバラキケン",
    "prefecture_code": 8,
    "city": "つくば市",
    "city_kana": "ツクバシ",
    "town": "観音台",
    "town_kana": "カンノンダイ",
    "street": null,
    "office_name": null,
    "office_name_kana": null
  },
  "0857": {
    "postcode": "3050857",
    "prefecture": "茨城県",
    "prefecture_kana": "イバラキケン",
    "prefecture_code": 8,
    "city": "つくば市",
    "city_kana": "ツクバシ",
    "town": "羽成",
    "town_kana": "ハナレ",
    "street": null,
    "office_name": null,
    "office_name_kana": null
  },
  "0861": {
    "postcode": "3050861",
    "prefecture": "茨城県",
    "prefecture_kana": "イバラキケン",
    "prefecture_code": 8,
    "city": "つくば市",
    "city_kana": "ツクバシ",
    "town": "谷田部",
    "town_kana": "ヤタベ",
    "street": null,
    "office_name": null,
    "office_name_kana": null
  },
  "0862": {
    "postcode": "3050862",
    "prefecture": "茨城県",
    "prefecture_kana": "イバラキケン",
    "prefecture_code": 8,
    "city": "つくば市",
    "city_kana": "ツクバシ",
    "town": "東丸山",
    "town_kana": "ヒガシマルヤマ",
    "street": null,
    "office_name": null,
    "office_name_kana": null
  },
  "0863": {
    "postcode": "3050863",
    "prefecture": "茨城県",
    "prefecture_kana": "イバラキケン",
    "prefecture_code": 8,
    "city": "つくば市",
    "city_kana": "ツクバシ",
    "town": "緑が丘",
    "town_kana": "ミドリガオカ",
    "street": null,
    "office_name": null,
    "office_name_kana": null
  },
  "0864": {
    "postcode": "3050864",
    "prefecture": "茨城県",
    "prefecture_kana": "イバラキケン",
    "prefecture_code": 8,
    "city": "つくば市",
    "city_kana": "ツクバシ",
    "town": "境松",
    "town_kana": "サカイマツ",
    "street": null,
    "office_name": null,
    "office_name_kana": null
  },
  "0865": {
    "postcode": "3050865",
    "prefecture": "茨城県",
    "prefecture_kana": "イバラキケン",
    "prefecture_code": 8,
    "city": "つくば市",
    "city_kana": "ツクバシ",
    "town": "根崎",
    "town_kana": "ネサキ",
    "street": null,
    "office_name": null,
    "office_name_kana": null
  },
  "0866": {
    "postcode": "3050866",
    "prefecture": "茨城県",
    "prefecture_kana": "イバラキケン",
    "prefecture_code": 8,
    "city": "つくば市",
    "city_kana": "ツクバシ",
    "town": "古館",
    "town_kana": "フルダテ",
    "street": null,
    "office_name": null,
    "office_name_kana": null
  },
  "0867": {
    "postcode": "3050867",
    "prefecture": "茨城県",
    "prefecture_kana": "イバラキケン",
    "prefecture_code": 8,
    "city": "つくば市",
    "city_kana": "ツクバシ",
    "town": "境田",
    "town_kana": "サカイダ",
    "street": null,
    "office_name": null,
    "office_name_kana": null
  },
  "0868": {
    "postcode": "3050868",
    "prefecture": "茨城県",
    "prefecture_kana": "イバラキケン",
    "prefecture_code": 8,
    "city": "つくば市",
    "city_kana": "ツクバシ",
    "town": "台町",
    "town_kana": "ダイマチ",
    "street": null,
    "office_name": null,
    "office_name_kana": null
  },
  "0871": {
    "postcode": "3050871",
    "prefecture": "茨城県",
    "prefecture_kana": "イバラキケン",
    "prefecture_code": 8,
    "city": "つくば市",
    "city_kana": "ツクバシ",
    "town": "上萱丸",
    "town_kana": "カミカヤマル",
    "street": null,
    "office_name": null,
    "office_name_kana": null
  },
  "0872": {
    "postcode": "3050872",
    "prefecture": "茨城県",
    "prefecture_kana": "イバラキケン",
    "prefecture_code": 8,
    "city": "つくば市",
    "city_kana": "ツクバシ",
    "town": "下萱丸",
    "town_kana": "シモカヤマル",
    "street": null,
    "office_name": null,
    "office_name_kana": null
  },
  "0873": {
    "postcode": "3050873",
    "prefecture": "茨城県",
    "prefecture_kana": "イバラキケン",
    "prefecture_code": 8,
    "city": "つくば市",
    "city_kana": "ツクバシ",
    "town": "中野",
    "town_kana": "ナカノ",
    "street": null,
    "office_name": null,
    "office_name_kana": null
  },
  "0874": {
    "postcode": "3050874",
    "prefecture": "茨城県",
    "prefecture_kana": "イバラキケン",
    "prefecture_code": 8,
    "city": "つくば市",
    "city_kana": "ツクバシ",
    "town": "飯田",
    "town_kana": "イイダ",
    "street": null,
    "office_name": null,
    "office_name_kana": null
  },
  "0875": {
    "postcode": "3050875",
    "prefecture": "茨城県",
    "prefecture_kana": "イバラキケン",
    "prefecture_code": 8,
    "city": "つくば市",
    "city_kana": "ツクバシ",
    "town": "花島新田",
    "town_kana": "ハナシマシンデン",
    "street": null,
    "office_name": null,
    "office_name_kana": null
  },
  "0876": {
    "postcode": "3050876",
    "prefecture": "茨城県",
    "prefecture_kana": "イバラキケン",
    "prefecture_code": 8,
    "city": "つくば市",
    "city_kana": "ツクバシ",
    "town": "西栗山",
    "town_kana": "ニシクリヤマ",
    "street": null,
    "office_name": null,
    "office_name_kana": null
  },
  "0877": {
    "postcode": "3050877",
    "prefecture": "茨城県",
    "prefecture_kana": "イバラキケン",
    "prefecture_code": 8,
    "city": "つくば市",
    "city_kana": "ツクバシ",
    "town": "片田",
    "town_kana": "カタダ",
    "street": null,
    "office_name": null,
    "office_name_kana": null
  },
  "0881": {
    "postcode": "3050881",
    "prefecture": "茨城県",
    "prefecture_kana": "イバラキケン",
    "prefecture_code": 8,
    "city": "つくば市",
    "city_kana": "ツクバシ",
    "town": "みどりの",
    "town_kana": "ミドリノ",
    "street": null,
    "office_name": null,
    "office_name_kana": null
  },
  "0882": {
    "postcode": "3050882",
    "prefecture": "茨城県",
    "prefecture_kana": "イバラキケン",
    "prefecture_code": 8,
    "city": "つくば市",
    "city_kana": "ツクバシ",
    "town": "みどりの中央",
    "town_kana": "ミドリノチュウオウ",
    "street": null,
    "office_name": null,
    "office_name_kana": null
  },
  "0883": {
    "postcode": "3050883",
    "prefecture": "茨城県",
    "prefecture_kana": "イバラキケン",
    "prefecture_code": 8,
    "city": "つくば市",
    "city_kana": "ツクバシ",
    "town": "みどりの東",
    "town_kana": "ミドリノヒガシ",
    "street": null,
    "office_name": null,
    "office_name_kana": null
  },
  "0884": {
    "postcode": "3050884",
    "prefecture": "茨城県",
    "prefecture_kana": "イバラキケン",
    "prefecture_code": 8,
    "city": "つくば市",
    "city_kana": "ツクバシ",
    "town": "みどりの南",
    "town_kana": "ミドリノミナミ",
    "street": null,
    "office_name": null,
    "office_name_kana": null
  },
  "0901": {
    "postcode": "3050901",
    "prefecture": "茨城県",
    "prefecture_kana": "イバラキケン",
    "prefecture_code": 8,
    "city": "つくば市",
    "city_kana": "ツクバシ",
    "town": "池の台",
    "town_kana": "イケノダイ",
    "street": null,
    "office_name": null,
    "office_name_kana": null
  },
  "0902": [
    {
      "postcode": "3050902",
      "prefecture": "茨城県",
      "prefecture_kana": "イバラキケン",
      "prefecture_code": 8,
      "city": "つくば市",
      "city_kana": "ツクバシ",
      "town": "西の沢",
      "town_kana": "ニシノサワ",
      "street": null,
      "office_name": null,
      "office_name_kana": null
    },
    {
      "postcode": "3050902",
      "prefecture": "茨城県",
      "prefecture_kana": "イバラキケン",
      "prefecture_code": 8,
      "city": "つくば市",
      "city_kana": "ツクバシ",
      "town": "西の沢畜産試験場圃場",
      "town_kana": "ニシノサワチクサンシケンジョウボジョウ",
      "street": null,
      "office_name": null,
      "office_name_kana": null
    }
  ],
  "0903": {
    "postcode": "3050903",
    "prefecture": "茨城県",
    "prefecture_kana": "イバラキケン",
    "prefecture_code": 8,
    "city": "つくば市",
    "city_kana": "ツクバシ",
    "town": "松の里",
    "town_kana": "マツノサト",
    "street": null,
    "office_name": null,
    "office_name_kana": null
  },
  "8501": {
    "postcode": "3058501",
    "prefecture": "茨城県",
    "prefecture_kana": "イバラキケン",
    "prefecture_code": 8,
    "city": "つくば市",
    "city_kana": "ツクバシ",
    "town": "御幸が丘",
    "town_kana": "ミユキガオカ",
    "street": "３４番地",
    "office_name": "日本電気　株式会社　筑波研究所",
    "office_name_kana": "ニホンデンキ カブシキガイシヤ ツクバケンキユウジヨ"
  },
  "8502": {
    "postcode": "3058502",
    "prefecture": "茨城県",
    "prefecture_kana": "イバラキケン",
    "prefecture_code": 8,
    "city": "つくば市",
    "city_kana": "ツクバシ",
    "town": "稲荷前",
    "town_kana": "イナリマエ",
    "street": "１−１",
    "office_name": "茗溪学園中学校高等学校",
    "office_name_kana": "メイケイガクエンチユウガツコウコウトウガツコウ"
  },
  "8503": {
    "postcode": "3058503",
    "prefecture": "茨城県",
    "prefecture_kana": "イバラキケン",
    "prefecture_code": 8,
    "city": "つくば市",
    "city_kana": "ツクバシ",
    "town": "小野崎",
    "town_kana": "オノザキ",
    "street": "２６０−１ヒロサワつくばビル５階",
    "office_name": "株式会社　ライトオン",
    "office_name_kana": "カブシキガイシヤ ライトオン"
  },
  "8504": {
    "postcode": "3058504",
    "prefecture": "茨城県",
    "prefecture_kana": "イバラキケン",
    "prefecture_code": 8,
    "city": "つくば市",
    "city_kana": "ツクバシ",
    "town": "高野台",
    "town_kana": "コウヤダイ",
    "street": "二丁目８番１４号",
    "office_name": "クリタ分析センター　株式会社",
    "office_name_kana": "クリタブンセキセンタ- カブシキガイシヤ"
  },
  "8505": {
    "postcode": "3058505",
    "prefecture": "茨城県",
    "prefecture_kana": "イバラキケン",
    "prefecture_code": 8,
    "city": "つくば市",
    "city_kana": "ツクバシ",
    "town": "千現",
    "town_kana": "センゲン",
    "street": "２−１−１",
    "office_name": "独立行政法人　宇宙航空研究開発機構　筑波宇宙センター",
    "office_name_kana": "ドクリツギヨウセイホウジン ウチユウコウクウケンキユウカイハツキコウ ツクバウチユウセンタ-"
  },
  "8506": {
    "postcode": "3058506",
    "prefecture": "茨城県",
    "prefecture_kana": "イバラキケン",
    "prefecture_code": 8,
    "city": "つくば市",
    "city_kana": "ツクバシ",
    "town": "小野川",
    "town_kana": "オノガワ",
    "street": "１６−２",
    "office_name": "独立行政法人　国立環境研究所",
    "office_name_kana": "ドクリツギヨウセイホウジン コクリツカンキヨウケンキユウジヨ"
  },
  "8510": {
    "postcode": "3058510",
    "prefecture": "茨城県",
    "prefecture_kana": "イバラキケン",
    "prefecture_code": 8,
    "city": "つくば市",
    "city_kana": "ツクバシ",
    "town": "西大橋",
    "town_kana": "ニシオオハシ",
    "street": "５９９−１",
    "office_name": "株式会社　カスミ",
    "office_name_kana": "カブシキガイシヤ カスミ"
  },
  "8515": {
    "postcode": "3058515",
    "prefecture": "茨城県",
    "prefecture_kana": "イバラキケン",
    "prefecture_code": 8,
    "city": "つくば市",
    "city_kana": "ツクバシ",
    "town": "東新井",
    "town_kana": "ヒガシアライ",
    "street": "１２−２",
    "office_name": "関彰商事　株式会社",
    "office_name_kana": "セキシヨウシヨウジ カブシキカイシヤ"
  },
  "8516": {
    "postcode": "3058516",
    "prefecture": "茨城県",
    "prefecture_kana": "イバラキケン",
    "prefecture_code": 8,
    "city": "つくば市",
    "city_kana": "ツクバシ",
    "town": "南原",
    "town_kana": "ミナミハラ",
    "street": "１−６",
    "office_name": "独立行政法人　土木研究所",
    "office_name_kana": "ドクリツギヨウセイホウジン ドボクケンキユウジヨ"
  },
  "8517": {
    "postcode": "3058517",
    "prefecture": "茨城県",
    "prefecture_kana": "イバラキケン",
    "prefecture_code": 8,
    "city": "つくば市",
    "city_kana": "ツクバシ",
    "town": "観音台",
    "town_kana": "カンノンダイ",
    "street": "３−１−１",
    "office_name": "国立研究開発法人　農業・食品産業技術総合研究機構",
    "office_name_kana": "コクリツケンキユウカイハツホウジン ノウギヨウ・シヨクヒンサンギヨウギジユツソウゴウケンキユウキコウ"
  },
  "8518": {
    "postcode": "3058518",
    "prefecture": "茨城県",
    "prefecture_kana": "イバラキケン",
    "prefecture_code": 8,
    "city": "つくば市",
    "city_kana": "ツクバシ",
    "town": "観音台",
    "town_kana": "カンノンダイ",
    "street": "２丁目１−２",
    "office_name": "国立研究開発法人　農業・食品産業技術総合研究機構　作物研究部門",
    "office_name_kana": "コクリツケンキユウカイハツホウジン ノウギヨウ・シヨクヒンサンギヨウギジユツソウゴウケンキユウキコウ サクモツケンキユウブモン"
  },
  "8519": {
    "postcode": "3058519",
    "prefecture": "茨城県",
    "prefecture_kana": "イバラキケン",
    "prefecture_code": 8,
    "city": "つくば市",
    "city_kana": "ツクバシ",
    "town": "観音台",
    "town_kana": "カンノンダイ",
    "street": "３−１−１",
    "office_name": "国立研究開発法人　農業・食品産業技術総合研究機構　野菜花き研究部門",
    "office_name_kana": "コクリツケンキユウカイハツホウジン ノウギヨウ・シヨクヒンサンギヨウギジユツソウゴウケンキユウキコウ ヤサイカキケンキユウブモン"
  },
  "8520": {
    "postcode": "3058520",
    "prefecture": "茨城県",
    "prefecture_kana": "イバラキケン",
    "prefecture_code": 8,
    "city": "つくば市",
    "city_kana": "ツクバシ",
    "town": "天久保",
    "town_kana": "アマクボ",
    "street": "４丁目３−１５",
    "office_name": "国立大学法人　筑波技術大学　天久保キャンパス",
    "office_name_kana": "コクリツダイガクホウジン ツクバギジユツダイガク アマクボキヤンパス"
  },
  "8521": {
    "postcode": "3058521",
    "prefecture": "茨城県",
    "prefecture_kana": "イバラキケン",
    "prefecture_code": 8,
    "city": "つくば市",
    "city_kana": "ツクバシ",
    "town": "春日",
    "town_kana": "カスガ",
    "street": "４丁目１２−７",
    "office_name": "国立大学法人　筑波技術大学　春日キャンパス",
    "office_name_kana": "コクリツダイガクホウジン ツクバギジユツダイガク カスガキヤンパス"
  },
  "8550": {
    "postcode": "3058550",
    "prefecture": "茨城県",
    "prefecture_kana": "イバラキケン",
    "prefecture_code": 8,
    "city": "つくば市",
    "city_kana": "ツクバシ",
    "town": "春日",
    "town_kana": "カスガ",
    "street": "１−２",
    "office_name": "筑波大学　図書館情報メディア",
    "office_name_kana": "ツクバダイガク トシヨカンジヨウホウメデイア"
  },
  "8555": {
    "postcode": "3058555",
    "prefecture": "茨城県",
    "prefecture_kana": "イバラキケン",
    "prefecture_code": 8,
    "city": "つくば市",
    "city_kana": "ツクバシ",
    "town": "研究学園",
    "town_kana": "ケンキュウガクエン",
    "street": "一丁目１番地１",
    "office_name": "つくば市役所",
    "office_name_kana": "ツクバシヤクシヨ"
  },
  "8560": {
    "postcode": "3058560",
    "prefecture": "茨城県",
    "prefecture_kana": "イバラキケン",
    "prefecture_code": 8,
    "city": "つくば市",
    "city_kana": "ツクバシ",
    "town": "梅園",
    "town_kana": "ウメゾノ",
    "street": "一丁目１番地１",
    "office_name": "国立研究開発法人　産業技術総合研究所　つくばセンター　中央事業所（つくば本部・情報技術共同研究棟）",
    "office_name_kana": "コクリツケンキユウカイハツホウジン サンギヨウギジユツソウゴウケンキユウシヨ ツクバセンタ- チユウオウジギヨウシヨ ツクバホンブ・ジヨウホウギジユツキヨウドウケンキユウト"
  },
  "8561": {
    "postcode": "3058561",
    "prefecture": "茨城県",
    "prefecture_kana": "イバラキケン",
    "prefecture_code": 8,
    "city": "つくば市",
    "city_kana": "ツクバシ",
    "town": "東",
    "town_kana": "ヒガシ",
    "street": "一丁目１番地１",
    "office_name": "国立研究開発法人　産業技術総合研究所　つくばセンター　中央事業所　１群",
    "office_name_kana": "コクリツケンキユウカイハツホウジン サンギヨウギジユツソウゴウケンキユウシヨ ツクバセンタ- チユウオウジギヨウシヨ イチグン"
  },
  "8563": {
    "postcode": "3058563",
    "prefecture": "茨城県",
    "prefecture_kana": "イバラキケン",
    "prefecture_code": 8,
    "city": "つくば市",
    "city_kana": "ツクバシ",
    "town": "梅園",
    "town_kana": "ウメゾノ",
    "street": "一丁目１番地１",
    "office_name": "国立研究開発法人　産業技術総合研究所　つくばセンター　中央事業所　３群",
    "office_name_kana": "コクリツケンキユウカイハツホウジン サンギヨウギジユツソウゴウケンキユウシヨ ツクバセンタ- チユウオウジギヨウシヨ サングン"
  },
  "8564": {
    "postcode": "3058564",
    "prefecture": "茨城県",
    "prefecture_kana": "イバラキケン",
    "prefecture_code": 8,
    "city": "つくば市",
    "city_kana": "ツクバシ",
    "town": "並木",
    "town_kana": "ナミキ",
    "street": "一丁目２番地１",
    "office_name": "国立研究開発法人　産業技術総合研究所　つくばセンター　中央事業所　東地区",
    "office_name_kana": "コクリツケンキユウカイハツホウジン サンギヨウギジユツソウゴウケンキユウシヨ ツクバセンタ- チユウオウジギヨウシヨ ヒガシチク"
  },
  "8565": {
    "postcode": "3058565",
    "prefecture": "茨城県",
    "prefecture_kana": "イバラキケン",
    "prefecture_code": 8,
    "city": "つくば市",
    "city_kana": "ツクバシ",
    "town": "東",
    "town_kana": "ヒガシ",
    "street": "一丁目１番地１",
    "office_name": "国立研究開発法人　産業技術総合研究所　つくばセンター　中央事業所　５群",
    "office_name_kana": "コクリツケンキユウカイハツホウジン サンギヨウギジユツソウゴウケンキユウシヨ ツクバセンタ- チユウオウジギヨウシヨ ゴグン"
  },
  "8566": {
    "postcode": "3058566",
    "prefecture": "茨城県",
    "prefecture_kana": "イバラキケン",
    "prefecture_code": 8,
    "city": "つくば市",
    "city_kana": "ツクバシ",
    "town": "東",
    "town_kana": "ヒガシ",
    "street": "一丁目１番地１",
    "office_name": "国立研究開発法人　産業技術総合研究所　つくばセンター　中央事業所　６群",
    "office_name_kana": "コクリツケンキユウカイハツホウジン サンギヨウギジユツソウゴウケンキユウシヨ ツクバセンタ- チユウオウジギヨウシヨ ロクグン"
  },
  "8567": {
    "postcode": "3058567",
    "prefecture": "茨城県",
    "prefecture_kana": "イバラキケン",
    "prefecture_code": 8,
    "city": "つくば市",
    "city_kana": "ツクバシ",
    "town": "東",
    "town_kana": "ヒガシ",
    "street": "一丁目１番地１",
    "office_name": "国立研究開発法人　産業技術総合研究所　つくばセンター　中央事業所　７群",
    "office_name_kana": "コクリツケンキユウカイハツホウジン サンギヨウギジユツソウゴウケンキユウシヨ ツクバセンタ- チユウオウジギヨウシヨ ナナグン"
  },
  "8568": {
    "postcode": "3058568",
    "prefecture": "茨城県",
    "prefecture_kana": "イバラキケン",
    "prefecture_code": 8,
    "city": "つくば市",
    "city_kana": "ツクバシ",
    "town": "梅園",
    "town_kana": "ウメゾノ",
    "street": "一丁目１番地１",
    "office_name": "国立研究開発法人　産業技術総合研究所　つくばセンター　中央事業所　２群",
    "office_name_kana": "コクリツケンキユウカイハツホウジン サンギヨウギジユツソウゴウケンキユウシヨ ツクバセンタ- チユウオウジギヨウシヨ ニグン"
  },
  "8569": {
    "postcode": "3058569",
    "prefecture": "茨城県",
    "prefecture_kana": "イバラキケン",
    "prefecture_code": 8,
    "city": "つくば市",
    "city_kana": "ツクバシ",
    "town": "小野川",
    "town_kana": "オノガワ",
    "street": "１６番地１",
    "office_name": "国立研究開発法人　産業技術総合研究所　つくばセンター　西事業所",
    "office_name_kana": "コクリツケンキユウカイハツホウジン サンギヨウギジユツソウゴウケンキユウシヨ ツクバセンタ- ニシジギヨウシヨ"
  },
  "8571": {
    "postcode": "3058571",
    "prefecture": "茨城県",
    "prefecture_kana": "イバラキケン",
    "prefecture_code": 8,
    "city": "つくば市",
    "city_kana": "ツクバシ",
    "town": "天王台",
    "town_kana": "テンノウダイ",
    "street": "１−１−１",
    "office_name": "筑波大学　第一学群　人文社会",
    "office_name_kana": "ツクバダイガク ダイイチガクグン ジンブンシヤカイ"
  },
  "8572": {
    "postcode": "3058572",
    "prefecture": "茨城県",
    "prefecture_kana": "イバラキケン",
    "prefecture_code": 8,
    "city": "つくば市",
    "city_kana": "ツクバシ",
    "town": "天王台",
    "town_kana": "テンノウダイ",
    "street": "１−１−１",
    "office_name": "筑波大学　第二学群　人間",
    "office_name_kana": "ツクバダイガク ダイニガクグン ニンゲン"
  },
  "8573": {
    "postcode": "3058573",
    "prefecture": "茨城県",
    "prefecture_kana": "イバラキケン",
    "prefecture_code": 8,
    "city": "つくば市",
    "city_kana": "ツクバシ",
    "town": "天王台",
    "town_kana": "テンノウダイ",
    "street": "１−１−１",
    "office_name": "筑波大学　第三学群　システム情報",
    "office_name_kana": "ツクバダイガク ダイサンガクグン システムジヨウホウ"
  },
  "8574": {
    "postcode": "3058574",
    "prefecture": "茨城県",
    "prefecture_kana": "イバラキケン",
    "prefecture_code": 8,
    "city": "つくば市",
    "city_kana": "ツクバシ",
    "town": "天王台",
    "town_kana": "テンノウダイ",
    "street": "１−１−１",
    "office_name": "筑波大学　体育・芸術専門学群",
    "office_name_kana": "ツクバダイガク タイイク・ゲイジユツセンモンガクグン"
  },
  "8575": {
    "postcode": "3058575",
    "prefecture": "茨城県",
    "prefecture_kana": "イバラキケン",
    "prefecture_code": 8,
    "city": "つくば市",
    "city_kana": "ツクバシ",
    "town": "天王台",
    "town_kana": "テンノウダイ",
    "street": "１−１−１",
    "office_name": "筑波大学　医学専門学群",
    "office_name_kana": "ツクバダイガク イガクセンモンガクグン"
  },
  "8576": {
    "postcode": "3058576",
    "prefecture": "茨城県",
    "prefecture_kana": "イバラキケン",
    "prefecture_code": 8,
    "city": "つくば市",
    "city_kana": "ツクバシ",
    "town": "天久保",
    "town_kana": "アマクボ",
    "street": "２−１−１",
    "office_name": "筑波大学付属病院",
    "office_name_kana": "ツクバダイガクフゾクビヨウイン"
  },
  "8577": {
    "postcode": "3058577",
    "prefecture": "茨城県",
    "prefecture_kana": "イバラキケン",
    "prefecture_code": 8,
    "city": "つくば市",
    "city_kana": "ツクバシ",
    "town": "天王台",
    "town_kana": "テンノウダイ",
    "street": "１−１−１",
    "office_name": "筑波大学（事務局・中央図書館）",
    "office_name_kana": "ツクバダイガク(ジムキヨク・チユウオウトシヨカン)"
  },
  "8585": {
    "postcode": "3058585",
    "prefecture": "茨城県",
    "prefecture_kana": "イバラキケン",
    "prefecture_code": 8,
    "city": "つくば市",
    "city_kana": "ツクバシ",
    "town": "御幸が丘",
    "town_kana": "ミユキガオカ",
    "street": "２１",
    "office_name": "アステラス製薬　株式会社　御幸が丘研究センター",
    "office_name_kana": "アステラスセイヤク カブシキガイシヤ ミユキガオカケンキユウセンタ-"
  },
  "8601": {
    "postcode": "3058601",
    "prefecture": "茨城県",
    "prefecture_kana": "イバラキケン",
    "prefecture_code": 8,
    "city": "つくば市",
    "city_kana": "ツクバシ",
    "town": "観音台",
    "town_kana": "カンノンダイ",
    "street": "２丁目１番９",
    "office_name": "農林水産技術会議事務局　筑波産学連携支援センター",
    "office_name_kana": "ノウリンスイサンギジユツカイギジムキヨク ツクバサンガクレンケイシエンセンタ-"
  },
  "8602": {
    "postcode": "3058602",
    "prefecture": "茨城県",
    "prefecture_kana": "イバラキケン",
    "prefecture_code": 8,
    "city": "つくば市",
    "city_kana": "ツクバシ",
    "town": "観音台",
    "town_kana": "カンノンダイ",
    "street": "２丁目１−２",
    "office_name": "国立研究開発法人　農業・食品産業技術総合研究機構　基盤技術研究本部遺伝資源研究センター",
    "office_name_kana": "コクリツケンキユウカイハツホウジン ノウギヨウ・シヨクヒンサンギヨウギジユツソウゴウケンキユウキコウ キバンギジユツケンキユウホンブイデンシゲンケンキユウセンタ-"
  },
  "8604": {
    "postcode": "3058604",
    "prefecture": "茨城県",
    "prefecture_kana": "イバラキケン",
    "prefecture_code": 8,
    "city": "つくば市",
    "city_kana": "ツクバシ",
    "town": "観音台",
    "town_kana": "カンノンダイ",
    "street": "三丁目１番地３",
    "office_name": "国立研究開発法人　農業・食品産業技術総合研究機構　農業環境変動研究センター",
    "office_name_kana": "コクリツケンキユウカイハツホウジン ノウギヨウ・シヨクヒンサンギヨウギジユツソウゴウケンキユウキコウ ノウギヨウカンキヨウヘンドウケンキユウセンタ-"
  },
  "8605": {
    "postcode": "3058605",
    "prefecture": "茨城県",
    "prefecture_kana": "イバラキケン",
    "prefecture_code": 8,
    "city": "つくば市",
    "city_kana": "ツクバシ",
    "town": "藤本",
    "town_kana": "フジモト",
    "street": "２−１",
    "office_name": "国立研究開発法人　農業・食品産業技術総合研究機構　果樹茶業研究部門",
    "office_name_kana": "コクリツケンキユウカイハツホウジン ノウギヨウ・シヨクヒンサンギヨウギジユツソウゴウケンキユウキコウ カジユチヤギヨウケンキユウブモン"
  },
  "8609": {
    "postcode": "3058609",
    "prefecture": "茨城県",
    "prefecture_kana": "イバラキケン",
    "prefecture_code": 8,
    "city": "つくば市",
    "city_kana": "ツクバシ",
    "town": "観音台",
    "town_kana": "カンノンダイ",
    "street": "２丁目１−６",
    "office_name": "国立研究開発法人　農業・食品産業技術総合研究機構　農村工学研究部門",
    "office_name_kana": "コクリツケンキユウカイハツホウジン ノウギヨウ・シヨクヒンサンギヨウギジユツソウゴウケンキユウキコウ ノウソンコウガクケンキユウブモン"
  },
  "8634": {
    "postcode": "3058634",
    "prefecture": "茨城県",
    "prefecture_kana": "イバラキケン",
    "prefecture_code": 8,
    "city": "つくば市",
    "city_kana": "ツクバシ",
    "town": "大わし",
    "town_kana": "オオワシ",
    "street": "１−２",
    "office_name": "国立研究開発法人　農業・食品産業技術総合研究機構　生物機能利用研究部門",
    "office_name_kana": "コクリツケンキユウカイハツホウジン ノウギヨウ・シヨクヒンサンギヨウギジユツソウゴウケンキユウキコウ セイブツキノウリヨウケンキユウブモン"
  },
  "8642": {
    "postcode": "3058642",
    "prefecture": "茨城県",
    "prefecture_kana": "イバラキケン",
    "prefecture_code": 8,
    "city": "つくば市",
    "city_kana": "ツクバシ",
    "town": "観音台",
    "town_kana": "カンノンダイ",
    "street": "２丁目１−１２",
    "office_name": "国立研究開発法人　農業・食品産業技術総合研究機構　食品研究部門",
    "office_name_kana": "コクリツケンキユウカイハツホウジン ノウギヨウ・シヨクヒンサンギヨウギジユツソウゴウケンキユウキコウ シヨクヒンケンキユウブモン"
  },
  "8666": {
    "postcode": "3058666",
    "prefecture": "茨城県",
    "prefecture_kana": "イバラキケン",
    "prefecture_code": 8,
    "city": "つくば市",
    "city_kana": "ツクバシ",
    "town": "観音台",
    "town_kana": "カンノンダイ",
    "street": "２−１−１８",
    "office_name": "国立研究開発法人　農業・食品産業技術総合研究機構　中央農業研究センター",
    "office_name_kana": "コクリツケンキユウカイハツホウジン ノウギヨウ・シヨクヒンサンギヨウギジユツソウゴウケンキユウキコウ チユウオウノウギヨウケンキユウセンタ-"
  },
  "8686": {
    "postcode": "3058686",
    "prefecture": "茨城県",
    "prefecture_kana": "イバラキケン",
    "prefecture_code": 8,
    "city": "つくば市",
    "city_kana": "ツクバシ",
    "town": "大わし",
    "town_kana": "オオワシ",
    "street": "１−１",
    "office_name": "国際農林水産業研究センター",
    "office_name_kana": "コクサイノウリンスイサンギヨウケンキユウセンタ-"
  },
  "8687": {
    "postcode": "3058687",
    "prefecture": "茨城県",
    "prefecture_kana": "イバラキケン",
    "prefecture_code": 8,
    "city": "つくば市",
    "city_kana": "ツクバシ",
    "town": "松の里",
    "town_kana": "マツノサト",
    "street": "１（筑波農林研究団地内郵便局私書箱第１６号）",
    "office_name": "独立行政法人　森林総合研究所",
    "office_name_kana": "ドクリツギヨウセイホウジン シンリンソウゴウケンキユジヨ"
  },
  "8701": {
    "postcode": "3058701",
    "prefecture": "茨城県",
    "prefecture_kana": "イバラキケン",
    "prefecture_code": 8,
    "city": "つくば市",
    "city_kana": "ツクバシ",
    "town": "さくらの森",
    "town_kana": "サクラノモリ",
    "street": "２５−３ＺＯＺＯＢＡＳＥつくば２",
    "office_name": "株式会社　ＺＯＺＯ",
    "office_name_kana": "カブシキガイシヤ ゾゾ"
  },
  "8702": {
    "postcode": "3058702",
    "prefecture": "茨城県",
    "prefecture_kana": "イバラキケン",
    "prefecture_code": 8,
    "city": "つくば市",
    "city_kana": "ツクバシ",
    "town": "御幸が丘",
    "town_kana": "ミユキガオカ",
    "street": "３４ＺＯＺＯＢＡＳＥつくば３",
    "office_name": "株式会社　ＺＯＺＯ",
    "office_name_kana": "カブシキガイシヤ ゾゾ"
  }
}