{
  "0000": {
    "postcode": "3100000",
    "prefecture": "茨城県",
    "prefecture_kana": "イバラキケン",
    "prefecture_code": 8,
    "city": "水戸市",
    "city_kana": "ミトシ",
    "town": "",
    "town_kana": "",
    "street": null,
    "office_name": null,
    "office_name_kana": null
  },
  "0001": {
    "postcode": "3100001",
    "prefecture": "茨城県",
    "prefecture_kana": "イバラキケン",
    "prefecture_code": 8,
    "city": "水戸市",
    "city_kana": "ミトシ",
    "town": "上河内町",
    "town_kana": "カミガチチョウ",
    "street": null,
    "office_name": null,
    "office_name_kana": null
  },
  "0002": {
    "postcode": "3100002",
    "prefecture": "茨城県",
    "prefecture_kana": "イバラキケン",
    "prefecture_code": 8,
    "city": "水戸市",
    "city_kana": "ミトシ",
    "town": "中河内町",
    "town_kana": "ナカガチチョウ",
    "street": null,
    "office_name": null,
    "office_name_kana": null
  },
  "0003": {
    "postcode": "3100003",
    "prefecture": "茨城県",
    "prefecture_kana": "イバラキケン",
    "prefecture_code": 8,
    "city": "水戸市",
    "city_kana": "ミトシ",
    "town": "柳河町",
    "town_kana": "ヤナカワチョウ",
    "street": null,
    "office_name": null,
    "office_name_kana": null
  },
  "0004": {
    "postcode": "3100004",
    "prefecture": "茨城県",
    "prefecture_kana": "イバラキケン",
    "prefecture_code": 8,
    "city": "水戸市",
    "city_kana": "ミトシ",
    "town": "青柳町",
    "town_kana": "アオヤギチョウ",
    "street": null,
    "office_name": null,
    "office_name_kana": null
  },
  "0005": {
    "postcode": "3100005",
    "prefecture": "茨城県",
    "prefecture_kana": "イバラキケン",
    "prefecture_code": 8,
    "city": "水戸市",
    "city_kana": "ミトシ",
    "town": "水府町",
    "town_kana": "スイフチョウ",
    "street": null,
    "office_name": null,
    "office_name_kana": null
  },
  "0011": {
    "postcode": "3100011",
    "prefecture": "茨城県",
    "prefecture_kana": "イバラキケン",
    "prefecture_code": 8,
    "city": "水戸市",
    "city_kana": "ミトシ",
    "town": "三の丸",
    "town_kana": "サンノマル",
    "street": null,
    "office_name": null,
    "office_name_kana": null
  },
  "0012": {
    "postcode": "3100012",
    "prefecture": "茨城県",
    "prefecture_kana": "イバラキケン",
    "prefecture_code": 8,
    "city": "水戸市",
    "city_kana": "ミトシ",
    "town": "城東",
    "town_kana": "ジョウトウ",
    "street": null,
    "office_name": null,
    "office_name_kana": null
  },
  "0013": {
    "postcode": "3100013",
    "prefecture": "茨城県",
    "prefecture_kana": "イバラキケン",
    "prefecture_code": 8,
    "city": "水戸市",
    "city_kana": "ミトシ",
    "town": "若宮",
    "town_kana": "ワカミヤ",
    "street": null,
    "office_name": null,
    "office_name_kana": null
  },
  "0014": {
    "postcode": "3100014",
    "prefecture": "茨城県",
    "prefecture_kana": "イバラキケン",
    "prefecture_code": 8,
    "city": "水戸市",
    "city_kana": "ミトシ",
    "town": "若宮町",
    "town_kana": "ワカミヤチョウ",
    "street": null,
    "office_name": null,
    "office_name_kana": null
  },
  "0015": {
    "postcode": "3100015",
    "prefecture": "茨城県",
    "prefecture_kana": "イバラキケン",
    "prefecture_code": 8,
    "city": "水戸市",
    "city_kana": "ミトシ",
    "town": "宮町",
    "town_kana": "ミヤマチ",
    "street": null,
    "office_name": null,
    "office_name_kana": null
  },
  "0021": {
    "postcode": "3100021",
    "prefecture": "茨城県",
    "prefecture_kana": "イバラキケン",
    "prefecture_code": 8,
    "city": "水戸市",
    "city_kana": "ミトシ",
    "town": "南町",
    "town_kana": "ミナミマチ",
    "street": null,
    "office_name": null,
    "office_name_kana": null
  },
  "0022": {
    "postcode": "3100022",
    "prefecture": "茨城県",
    "prefecture_kana": "イバラキケン",
    "prefecture_code": 8,
    "city": "水戸市",
    "city_kana": "ミトシ",
    "town": "梅香",
    "town_kana": "バイコウ",
    "street": null,
    "office_name": null,
    "office_name_kana": null
  },
  "0023": {
    "postcode": "3100023",
    "prefecture": "茨城県",
    "prefecture_kana": "イバラキケン",
    "prefecture_code": 8,
    "city": "水戸市",
    "city_kana": "ミトシ",
    "town": "下梅香",
    "town_kana": "シモバイコウ",
    "street": null,
    "office_name": null,
    "office_name_kana": null
  },
  "0024": {
    "postcode": "3100024",
    "prefecture": "茨城県",
    "prefecture_kana": "イバラキケン",
    "prefecture_code": 8,
    "city": "水戸市",
    "city_kana": "ミトシ",
    "town": "備前町",
    "town_kana": "ビゼンマチ",
    "street": null,
    "office_name": null,
    "office_name_kana": null
  },
  "0025": {
    "postcode": "3100025",
    "prefecture": "茨城県",
    "prefecture_kana": "イバラキケン",
    "prefecture_code": 8,
    "city": "水戸市",
    "city_kana": "ミトシ",
    "town": "天王町",
    "town_kana": "テンノウチョウ",
    "street": null,
    "office_name": null,
    "office_name_kana": null
  },
  "0026": {
    "postcode": "3100026",
    "prefecture": "茨城県",
    "prefecture_kana": "イバラキケン",
    "prefecture_code": 8,
    "city": "水戸市",
    "city_kana": "ミトシ",
    "town": "泉町",
    "town_kana": "イズミチョウ",
    "street": null,
    "office_name": null,
    "office_name_kana": null
  },
  "0031": {
    "postcode": "3100031",
    "prefecture": "茨城県",
    "prefecture_kana": "イバラキケン",
    "prefecture_code": 8,
    "city": "水戸市",
    "city_kana": "ミトシ",
    "town": "大工町",
    "town_kana": "ダイクマチ",
    "street": null,
    "office_name": null,
    "office_name_kana": null
  },
  "0032": {
    "postcode": "3100032",
    "prefecture": "茨城県",
    "prefecture_kana": "イバラキケン",
    "prefecture_code": 8,
    "city": "水戸市",
    "city_kana": "ミトシ",
    "town": "元山町",
    "town_kana": "モトヤマチョウ",
    "street": null,
    "office_name": null,
    "office_name_kana": null
  },
  "0033": {
    "postcode": "3100033",
    "prefecture": "茨城県",
    "prefecture_kana": "イバラキケン",
    "prefecture_code": 8,
    "city": "水戸市",
    "city_kana": "ミトシ",
    "town": "常磐町",
    "town_kana": "トキワチョウ",
    "street": null,
    "office_name": null,
    "office_name_kana": null
  },
  "0034": {
    "postcode": "3100034",
    "prefecture": "茨城県",
    "prefecture_kana": "イバラキケン",
    "prefecture_code": 8,
    "city": "水戸市",
    "city_kana": "ミトシ",
    "town": "緑町",
    "town_kana": "ミドリチョウ",
    "street": null,
    "office_name": null,
    "office_name_kana": null
  },
  "0035": {
    "postcode": "3100035",
    "prefecture": "茨城県",
    "prefecture_kana": "イバラキケン",
    "prefecture_code": 8,
    "city": "水戸市",
    "city_kana": "ミトシ",
    "town": "東原",
    "town_kana": "ヒガシハラ",
    "street": null,
    "office_name": null,
    "office_name_kana": null
  },
  "0036": {
    "postcode": "3100036",
    "prefecture": "茨城県",
    "prefecture_kana": "イバラキケン",
    "prefecture_code": 8,
    "city": "水戸市",
    "city_kana": "ミトシ",
    "town": "新荘",
    "town_kana": "シンソウ",
    "street": null,
    "office_name": null,
    "office_name_kana": null
  },
  "0041": {
    "postcode": "3100041",
    "prefecture": "茨城県",
    "prefecture_kana": "イバラキケン",
    "prefecture_code": 8,
    "city": "水戸市",
    "city_kana": "ミトシ",
    "town": "上水戸",
    "town_kana": "カミミト",
    "street": null,
    "office_name": null,
    "office_name_kana": null
  },
  "0042": {
    "postcode": "3100042",
    "prefecture": "茨城県",
    "prefecture_kana": "イバラキケン",
    "prefecture_code": 8,
    "city": "水戸市",
    "city_kana": "ミトシ",
    "town": "自由が丘",
    "town_kana": "ジユウガオカ",
    "street": null,
    "office_name": null,
    "office_name_kana": null
  },
  "0043": {
    "postcode": "3100043",
    "prefecture": "茨城県",
    "prefecture_kana": "イバラキケン",
    "prefecture_code": 8,
    "city": "水戸市",
    "city_kana": "ミトシ",
    "town": "松が丘",
    "town_kana": "マツガオカ",
    "street": null,
    "office_name": null,
    "office_name_kana": null
  },
  "0044": {
    "postcode": "3100044",
    "prefecture": "茨城県",
    "prefecture_kana": "イバラキケン",
    "prefecture_code": 8,
    "city": "水戸市",
    "city_kana": "ミトシ",
    "town": "西原",
    "town_kana": "ニシハラ",
    "street": null,
    "office_name": null,
    "office_name_kana": null
  },
  "0045": {
    "postcode": "3100045",
    "prefecture": "茨城県",
    "prefecture_kana": "イバラキケン",
    "prefecture_code": 8,
    "city": "水戸市",
    "city_kana": "ミトシ",
    "town": "新原",
    "town_kana": "シンハラ",
    "street": null,
    "office_name": null,
    "office_name_kana": null
  },
  "0046": {
    "postcode": "3100046",
    "prefecture": "茨城県",
    "prefecture_kana": "イバラキケン",
    "prefecture_code": 8,
    "city": "水戸市",
    "city_kana": "ミトシ",
    "town": "曙町",
    "town_kana": "アケボノチョウ",
    "street": null,
    "office_name": null,
    "office_name_kana": null
  },
  "0051": {
    "postcode": "3100051",
    "prefecture": "茨城県",
    "prefecture_kana": "イバラキケン",
    "prefecture_code": 8,
    "city": "水戸市",
    "city_kana": "ミトシ",
    "town": "ちとせ",
    "town_kana": "チトセ",
    "street": null,
    "office_name": null,
    "office_name_kana": null
  },
  "0052": {
    "postcode": "3100052",
    "prefecture": "茨城県",
    "prefecture_kana": "イバラキケン",
    "prefecture_code": 8,
    "city": "水戸市",
    "city_kana": "ミトシ",
    "town": "松本町",
    "town_kana": "マツモトチョウ",
    "street": null,
    "office_name": null,
    "office_name_kana": null
  },
  "0053": {
    "postcode": "3100053",
    "prefecture": "茨城県",
    "prefecture_kana": "イバラキケン",
    "prefecture_code": 8,
    "city": "水戸市",
    "city_kana": "ミトシ",
    "town": "末広町",
    "town_kana": "スエヒロチョウ",
    "street": null,
    "office_name": null,
    "office_name_kana": null
  },
  "0054": {
    "postcode": "3100054",
    "prefecture": "茨城県",
    "prefecture_kana": "イバラキケン",
    "prefecture_code": 8,
    "city": "水戸市",
    "city_kana": "ミトシ",
    "town": "愛宕町",
    "town_kana": "アタゴチョウ",
    "street": null,
    "office_name": null,
    "office_name_kana": null
  },
  "0055": {
    "postcode": "3100055",
    "prefecture": "茨城県",
    "prefecture_kana": "イバラキケン",
    "prefecture_code": 8,
    "city": "水戸市",
    "city_kana": "ミトシ",
    "town": "袴塚",
    "town_kana": "ハカマツカ",
    "street": null,
    "office_name": null,
    "office_name_kana": null
  },
  "0056": {
    "postcode": "3100056",
    "prefecture": "茨城県",
    "prefecture_kana": "イバラキケン",
    "prefecture_code": 8,
    "city": "水戸市",
    "city_kana": "ミトシ",
    "town": "文京",
    "town_kana": "ブンキョウ",
    "street": null,
    "office_name": null,
    "office_name_kana": null
  },
  "0061": {
    "postcode": "3100061",
    "prefecture": "茨城県",
    "prefecture_kana": "イバラキケン",
    "prefecture_code": 8,
    "city": "水戸市",
    "city_kana": "ミトシ",
    "town": "北見町",
    "town_kana": "キタミチョウ",
    "street": null,
    "office_name": null,
    "office_name_kana": null
  },
  "0062": {
    "postcode": "3100062",
    "prefecture": "茨城県",
    "prefecture_kana": "イバラキケン",
    "prefecture_code": 8,
    "city": "水戸市",
    "city_kana": "ミトシ",
    "town": "大町",
    "town_kana": "オオマチ",
    "street": null,
    "office_name": null,
    "office_name_kana": null
  },
  "0063": {
    "postcode": "3100063",
    "prefecture": "茨城県",
    "prefecture_kana": "イバラキケン",
    "prefecture_code": 8,
    "city": "水戸市",
    "city_kana": "ミトシ",
    "town": "五軒町",
    "town_kana": "ゴケンチョウ",
    "street": null,
    "office_name": null,
    "office_name_kana": null
  },
  "0064": {
    "postcode": "3100064",
    "prefecture": "茨城県",
    "prefecture_kana": "イバラキケン",
    "prefecture_code": 8,
    "city": "水戸市",
    "city_kana": "ミトシ",
    "town": "栄町",
    "town_kana": "サカエチョウ",
    "street": null,
    "office_name": null,
    "office_name_kana": null
  },
  "0065": {
    "postcode": "3100065",
    "prefecture": "茨城県",
    "prefecture_kana": "イバラキケン",
    "prefecture_code": 8,
    "city": "水戸市",
    "city_kana": "ミトシ",
    "town": "八幡町",
    "town_kana": "ハチマンチョウ",
    "street": null,
    "office_name": null,
    "office_name_kana": null
  },
  "0066": {
    "postcode": "3100066",
    "prefecture": "茨城県",
    "prefecture_kana": "イバラキケン",
    "prefecture_code": 8,
    "city": "水戸市",
    "city_kana": "ミトシ",
    "town": "金町",
    "town_kana": "カネマチ",
    "street": null,
    "office_name": null,
    "office_name_kana": null
  },
  "0067": {
    "postcode": "3100067",
    "prefecture": "茨城県",
    "prefecture_kana": "イバラキケン",
    "prefecture_code": 8,
    "city": "水戸市",
    "city_kana": "ミトシ",
    "town": "根本",
    "town_kana": "ネモト",
    "street": null,
    "office_name": null,
    "office_name_kana": null
  },
  "0068": {
    "postcode": "3100068",
    "prefecture": "茨城県",
    "prefecture_kana": "イバラキケン",
    "prefecture_code": 8,
    "city": "水戸市",
    "city_kana": "ミトシ",
    "town": "根本町",
    "town_kana": "ネモトチョウ",
    "street": null,
    "office_name": null,
    "office_name_kana": null
  },
  "0801": {
    "postcode": "3100801",
    "prefecture": "茨城県",
    "prefecture_kana": "イバラキケン",
    "prefecture_code": 8,
    "city": "水戸市",
    "city_kana": "ミトシ",
    "town": "桜川",
    "town_kana": "サクラガワ",
    "street": null,
    "office_name": null,
    "office_name_kana": null
  },
  "0802": {
    "postcode": "3100802",
    "prefecture": "茨城県",
    "prefecture_kana": "イバラキケン",
    "prefecture_code": 8,
    "city": "水戸市",
    "city_kana": "ミトシ",
    "town": "柵町",
    "town_kana": "サクマチ",
    "street": null,
    "office_name": null,
    "office_name_kana": null
  },
  "0803": {
    "postcode": "3100803",
    "prefecture": "茨城県",
    "prefecture_kana": "イバラキケン",
    "prefecture_code": 8,
    "city": "水戸市",
    "city_kana": "ミトシ",
    "town": "城南",
    "town_kana": "ジョウナン",
    "street": null,
    "office_name": null,
    "office_name_kana": null
  },
  "0804": {
    "postcode": "3100804",
    "prefecture": "茨城県",
    "prefecture_kana": "イバラキケン",
    "prefecture_code": 8,
    "city": "水戸市",
    "city_kana": "ミトシ",
    "town": "白梅",
    "town_kana": "シラウメ",
    "street": null,
    "office_name": null,
    "office_name_kana": null
  },
  "0805": {
    "postcode": "3100805",
    "prefecture": "茨城県",
    "prefecture_kana": "イバラキケン",
    "prefecture_code": 8,
    "city": "水戸市",
    "city_kana": "ミトシ",
    "town": "中央",
    "town_kana": "チュウオウ",
    "street": null,
    "office_name": null,
    "office_name_kana": null
  },
  "0811": {
    "postcode": "3100811",
    "prefecture": "茨城県",
    "prefecture_kana": "イバラキケン",
    "prefecture_code": 8,
    "city": "水戸市",
    "city_kana": "ミトシ",
    "town": "東桜川",
    "town_kana": "ヒガシサクラガワ",
    "street": null,
    "office_name": null,
    "office_name_kana": null
  },
  "0812": {
    "postcode": "3100812",
    "prefecture": "茨城県",
    "prefecture_kana": "イバラキケン",
    "prefecture_code": 8,
    "city": "水戸市",
    "city_kana": "ミトシ",
    "town": "浜田",
    "town_kana": "ハマダ",
    "street": null,
    "office_name": null,
    "office_name_kana": null
  },
  "0813": {
    "postcode": "3100813",
    "prefecture": "茨城県",
    "prefecture_kana": "イバラキケン",
    "prefecture_code": 8,
    "city": "水戸市",
    "city_kana": "ミトシ",
    "town": "浜田町",
    "town_kana": "ハマダチョウ",
    "street": null,
    "office_name": null,
    "office_name_kana": null
  },
  "0814": {
    "postcode": "3100814",
    "prefecture": "茨城県",
    "prefecture_kana": "イバラキケン",
    "prefecture_code": 8,
    "city": "水戸市",
    "city_kana": "ミトシ",
    "town": "瓦谷",
    "town_kana": "カワラヤ",
    "street": null,
    "office_name": null,
    "office_name_kana": null
  },
  "0815": {
    "postcode": "3100815",
    "prefecture": "茨城県",
    "prefecture_kana": "イバラキケン",
    "prefecture_code": 8,
    "city": "水戸市",
    "city_kana": "ミトシ",
    "town": "本町",
    "town_kana": "ホンチョウ",
    "street": null,
    "office_name": null,
    "office_name_kana": null
  },
  "0816": {
    "postcode": "3100816",
    "prefecture": "茨城県",
    "prefecture_kana": "イバラキケン",
    "prefecture_code": 8,
    "city": "水戸市",
    "city_kana": "ミトシ",
    "town": "紺屋町",
    "town_kana": "コンヤチョウ",
    "street": null,
    "office_name": null,
    "office_name_kana": null
  },
  "0817": {
    "postcode": "3100817",
    "prefecture": "茨城県",
    "prefecture_kana": "イバラキケン",
    "prefecture_code": 8,
    "city": "水戸市",
    "city_kana": "ミトシ",
    "town": "柳町",
    "town_kana": "ヤナギマチ",
    "street": null,
    "office_name": null,
    "office_name_kana": null
  },
  "0818": {
    "postcode": "3100818",
    "prefecture": "茨城県",
    "prefecture_kana": "イバラキケン",
    "prefecture_code": 8,
    "city": "水戸市",
    "city_kana": "ミトシ",
    "town": "東台",
    "town_kana": "ヒガシダイ",
    "street": null,
    "office_name": null,
    "office_name_kana": null
  },
  "0821": {
    "postcode": "3100821",
    "prefecture": "茨城県",
    "prefecture_kana": "イバラキケン",
    "prefecture_code": 8,
    "city": "水戸市",
    "city_kana": "ミトシ",
    "town": "中大野",
    "town_kana": "ナカオオノ",
    "street": null,
    "office_name": null,
    "office_name_kana": null
  },
  "0822": {
    "postcode": "3100822",
    "prefecture": "茨城県",
    "prefecture_kana": "イバラキケン",
    "prefecture_code": 8,
    "city": "水戸市",
    "city_kana": "ミトシ",
    "town": "圷大野",
    "town_kana": "アクツオオノ",
    "street": null,
    "office_name": null,
    "office_name_kana": null
  },
  "0823": {
    "postcode": "3100823",
    "prefecture": "茨城県",
    "prefecture_kana": "イバラキケン",
    "prefecture_code": 8,
    "city": "水戸市",
    "city_kana": "ミトシ",
    "town": "東大野",
    "town_kana": "ヒガシオオノ",
    "street": null,
    "office_name": null,
    "office_name_kana": null
  },
  "0824": {
    "postcode": "3100824",
    "prefecture": "茨城県",
    "prefecture_kana": "イバラキケン",
    "prefecture_code": 8,
    "city": "水戸市",
    "city_kana": "ミトシ",
    "town": "西大野",
    "town_kana": "ニシオオノ",
    "street": null,
    "office_name": null,
    "office_name_kana": null
  },
  "0825": {
    "postcode": "3100825",
    "prefecture": "茨城県",
    "prefecture_kana": "イバラキケン",
    "prefecture_code": 8,
    "city": "水戸市",
    "city_kana": "ミトシ",
    "town": "谷田町",
    "town_kana": "ヤダチョウ",
    "street": null,
    "office_name": null,
    "office_name_kana": null
  },
  "0826": {
    "postcode": "3100826",
    "prefecture": "茨城県",
    "prefecture_kana": "イバラキケン",
    "prefecture_code": 8,
    "city": "水戸市",
    "city_kana": "ミトシ",
    "town": "渋井町",
    "town_kana": "シブイチョウ",
    "street": null,
    "office_name": null,
    "office_name_kana": null
  },
  "0827": {
    "postcode": "3100827",
    "prefecture": "茨城県",
    "prefecture_kana": "イバラキケン",
    "prefecture_code": 8,
    "city": "水戸市",
    "city_kana": "ミトシ",
    "town": "吉沼町",
    "town_kana": "ヨシヌマチョウ",
    "street": null,
    "office_name": null,
    "office_name_kana": null
  },
  "0831": {
    "postcode": "3100831",
    "prefecture": "茨城県",
    "prefecture_kana": "イバラキケン",
    "prefecture_code": 8,
    "city": "水戸市",
    "city_kana": "ミトシ",
    "town": "朝日町",
    "town_kana": "アサヒチョウ",
    "street": null,
    "office_name": null,
    "office_name_kana": null
  },
  "0832": {
    "postcode": "3100832",
    "prefecture": "茨城県",
    "prefecture_kana": "イバラキケン",
    "prefecture_code": 8,
    "city": "水戸市",
    "city_kana": "ミトシ",
    "town": "吉田",
    "town_kana": "ヨシダ",
    "street": null,
    "office_name": null,
    "office_name_kana": null
  },
  "0833": {
    "postcode": "3100833",
    "prefecture": "茨城県",
    "prefecture_kana": "イバラキケン",
    "prefecture_code": 8,
    "city": "水戸市",
    "city_kana": "ミトシ",
    "town": "藤柄町",
    "town_kana": "フジガラチョウ",
    "street": null,
    "office_name": null,
    "office_name_kana": null
  },
  "0834": {
    "postcode": "3100834",
    "prefecture": "茨城県",
    "prefecture_kana": "イバラキケン",
    "prefecture_code": 8,
    "city": "水戸市",
    "city_kana": "ミトシ",
    "town": "宮内町",
    "town_kana": "ミヤウチチョウ",
    "street": null,
    "office_name": null,
    "office_name_kana": null
  },
  "0835": {
    "postcode": "3100835",
    "prefecture": "茨城県",
    "prefecture_kana": "イバラキケン",
    "prefecture_code": 8,
    "city": "水戸市",
    "city_kana": "ミトシ",
    "town": "元台町",
    "town_kana": "モトダイマチ",
    "street": null,
    "office_name": null,
    "office_name_kana": null
  },
  "0836": {
    "postcode": "3100836",
    "prefecture": "茨城県",
    "prefecture_kana": "イバラキケン",
    "prefecture_code": 8,
    "city": "水戸市",
    "city_kana": "ミトシ",
    "town": "元吉田町",
    "town_kana": "モトヨシダチョウ",
    "street": null,
    "office_name": null,
    "office_name_kana": null
  },
  "0841": {
    "postcode": "3100841",
    "prefecture": "茨城県",
    "prefecture_kana": "イバラキケン",
    "prefecture_code": 8,
    "city": "水戸市",
    "city_kana": "ミトシ",
    "town": "酒門町",
    "town_kana": "サカドチョウ",
    "street": null,
    "office_name": null,
    "office_name_kana": null
  },
  "0842": {
    "postcode": "3100842",
    "prefecture": "茨城県",
    "prefecture_kana": "イバラキケン",
    "prefecture_code": 8,
    "city": "水戸市",
    "city_kana": "ミトシ",
    "town": "けやき台",
    "town_kana": "ケヤキダイ",
    "street": null,
    "office_name": null,
    "office_name_kana": null
  },
  "0843": {
    "postcode": "3100843",
    "prefecture": "茨城県",
    "prefecture_kana": "イバラキケン",
    "prefecture_code": 8,
    "city": "水戸市",
    "city_kana": "ミトシ",
    "town": "元石川町",
    "town_kana": "モトイシカワチョウ",
    "street": null,
    "office_name": null,
    "office_name_kana": null
  },
  "0844": {
    "postcode": "3100844",
    "prefecture": "茨城県",
    "prefecture_kana": "イバラキケン",
    "prefecture_code": 8,
    "city": "水戸市",
    "city_kana": "ミトシ",
    "town": "住吉町",
    "town_kana": "スミヨシチョウ",
    "street": null,
    "office_name": null,
    "office_name_kana": null
  },
  "0845": {
    "postcode": "3100845",
    "prefecture": "茨城県",
    "prefecture_kana": "イバラキケン",
    "prefecture_code": 8,
    "city": "水戸市",
    "city_kana": "ミトシ",
    "town": "吉沢町",
    "town_kana": "ヨシザワチョウ",
    "street": null,
    "office_name": null,
    "office_name_kana": null
  },
  "0846": {
    "postcode": "3100846",
    "prefecture": "茨城県",
    "prefecture_kana": "イバラキケン",
    "prefecture_code": 8,
    "city": "水戸市",
    "city_kana": "ミトシ",
    "town": "東野町",
    "town_kana": "トウノチョウ",
    "street": null,
    "office_name": null,
    "office_name_kana": null
  },
  "0847": {
    "postcode": "3100847",
    "prefecture": "茨城県",
    "prefecture_kana": "イバラキケン",
    "prefecture_code": 8,
    "city": "水戸市",
    "city_kana": "ミトシ",
    "town": "米沢町",
    "town_kana": "ヨネザワチョウ",
    "street": null,
    "office_name": null,
    "office_name_kana": null
  },
  "0851": {
    "postcode": "3100851",
    "prefecture": "茨城県",
    "prefecture_kana": "イバラキケン",
    "prefecture_code": 8,
    "city": "水戸市",
    "city_kana": "ミトシ",
    "town": "千波町",
    "town_kana": "センバチョウ",
    "street": null,
    "office_name": null,
    "office_name_kana": null
  },
  "0852": {
    "postcode": "3100852",
    "prefecture": "茨城県",
    "prefecture_kana": "イバラキケン",
    "prefecture_code": 8,
    "city": "水戸市",
    "city_kana": "ミトシ",
    "town": "笠原町",
    "town_kana": "カサハラチョウ",
    "street": null,
    "office_name": null,
    "office_name_kana": null
  },
  "0853": {
    "postcode": "3100853",
    "prefecture": "茨城県",
    "prefecture_kana": "イバラキケン",
    "prefecture_code": 8,
    "city": "水戸市",
    "city_kana": "ミトシ",
    "town": "平須町",
    "town_kana": "ヒラスチョウ",
    "street": null,
    "office_name": null,
    "office_name_kana": null
  },
  "0901": {
    "postcode": "3100901",
    "prefecture": "茨城県",
    "prefecture_kana": "イバラキケン",
    "prefecture_code": 8,
    "city": "水戸市",
    "city_kana": "ミトシ",
    "town": "田野町",
    "town_kana": "タノチョウ",
    "street": null,
    "office_name": null,
    "office_name_kana": null
  },
  "0902": {
    "postcode": "3100902",
    "prefecture": "茨城県",
    "prefecture_kana": "イバラキケン",
    "prefecture_code": 8,
    "city": "水戸市",
    "city_kana": "ミトシ",
    "town": "渡里町",
    "town_kana": "ワタリチョウ",
    "street": null,
    "office_name": null,
    "office_name_kana": null
  },
  "0903": {
    "postcode": "3100903",
    "prefecture": "茨城県",
    "prefecture_kana": "イバラキケン",
    "prefecture_code": 8,
    "city": "水戸市",
    "city_kana": "ミトシ",
    "town": "堀町",
    "town_kana": "ホリチョウ",
    "street": null,
    "office_name": null,
    "office_name_kana": null
  },
  "0904": {
    "postcode": "3100904",
    "prefecture": "茨城県",
    "prefecture_kana": "イバラキケン",
    "prefecture_code": 8,
    "city": "水戸市",
    "city_kana": "ミトシ",
    "town": "石川町",
    "town_kana": "イシカワチョウ",
    "street": null,
    "office_name": null,
    "office_name_kana": null
  },
  "0905": {
    "postcode": "3100905",
    "prefecture": "茨城県",
    "prefecture_kana": "イバラキケン",
    "prefecture_code": 8,
    "city": "水戸市",
    "city_kana": "ミトシ",
    "town": "石川",
    "town_kana": "イシカワ",
    "street": null,
    "office_name": null,
    "office_name_kana": null
  },
  "0911": {
    "postcode": "3100911",
    "prefecture": "茨城県",
    "prefecture_kana": "イバラキケン",
    "prefecture_code": 8,
    "city": "水戸市",
    "city_kana": "ミトシ",
    "town": "見和",
    "town_kana": "ミワ",
    "street": null,
    "office_name": null,
    "office_name_kana": null
  },
  "0912": {
    "postcode": "3100912",
    "prefecture": "茨城県",
    "prefecture_kana": "イバラキケン",
    "prefecture_code": 8,
    "city": "水戸市",
    "city_kana": "ミトシ",
    "town": "見川",
    "town_kana": "ミガワ",
    "street": null,
    "office_name": null,
    "office_name_kana": null
  },
  "0913": {
    "postcode": "3100913",
    "prefecture": "茨城県",
    "prefecture_kana": "イバラキケン",
    "prefecture_code": 8,
    "city": "水戸市",
    "city_kana": "ミトシ",
    "town": "見川町",
    "town_kana": "ミガワチョウ",
    "street": null,
    "office_name": null,
    "office_name_kana": null
  },
  "0914": {
    "postcode": "3100914",
    "prefecture": "茨城県",
    "prefecture_kana": "イバラキケン",
    "prefecture_code": 8,
    "city": "水戸市",
    "city_kana": "ミトシ",
    "town": "小吹町",
    "town_kana": "コブキチョウ",
    "street": null,
    "office_name": null,
    "office_name_kana": null
  },
  "8282": [
    {
      "postcode": "3108282",
      "prefecture": "茨城県",
      "prefecture_kana": "イバラキケン",
      "prefecture_code": 8,
      "city": "水戸市",
      "city_kana": "ミトシ",
      "town": "城南",
      "town_kana": "ジョウナン",
      "street": "二丁目７番５号",
      "office_name": "株式会社　関西ケーズデンキ",
      "office_name_kana": "カブシキガイシヤ カンサイケ-ズデンキ"
    },
    {
      "postcode": "3108282",
      "prefecture": "茨城県",
      "prefecture_kana": "イバラキケン",
      "prefecture_code": 8,
      "city": "水戸市",
      "city_kana": "ミトシ",
      "town": "城南",
      "town_kana": "ジョウナン",
      "street": "二丁目７番５号",
      "office_name": "株式会社　九州ケーズデンキ",
      "office_name_kana": "カブシキガイシヤ キユウシユウケ-ズデンキ"
    },
    {
      "postcode": "3108282",
      "prefecture": "茨城県",
      "prefecture_kana": "イバラキケン",
      "prefecture_code": 8,
      "city": "水戸市",
      "city_kana": "ミトシ",
      "town": "城南",
      "town_kana": "ジョウナン",
      "street": "二丁目７番５号",
      "office_name": "株式会社　ケーズキャリアスタッフ",
      "office_name_kana": "カブシキガイシヤ ケ-ズキヤリアスタツフ"
    },
    {
      "postcode": "3108282",
      "prefecture": "茨城県",
      "prefecture_kana": "イバラキケン",
      "prefecture_code": 8,
      "city": "水戸市",
      "city_kana": "ミトシ",
      "town": "城南",
      "town_kana": "ジョウナン",
      "street": "二丁目７番５号",
      "office_name": "株式会社　ケーズホールディングス",
      "office_name_kana": "カブシキガイシヤ ケ-ズホ-ルデイングス"
    },
    {
      "postcode": "3108282",
      "prefecture": "茨城県",
      "prefecture_kana": "イバラキケン",
      "prefecture_code": 8,
      "city": "水戸市",
      "city_kana": "ミトシ",
      "town": "城南",
      "town_kana": "ジョウナン",
      "street": "二丁目７番５号",
      "office_name": "株式会社　テクニカルアーツ",
      "office_name_kana": "カブシキガイシヤ テクニカルア-ツ"
    },
    {
      "postcode": "3108282",
      "prefecture": "茨城県",
      "prefecture_kana": "イバラキケン",
      "prefecture_code": 8,
      "city": "水戸市",
      "city_kana": "ミトシ",
      "town": "城南",
      "town_kana": "ジョウナン",
      "street": "二丁目７番５号",
      "office_name": "ケーズグループユニオン連合会",
      "office_name_kana": "ケ-ズグル-プユニオンレンゴウカイ"
    },
    {
      "postcode": "3108282",
      "prefecture": "茨城県",
      "prefecture_kana": "イバラキケン",
      "prefecture_code": 8,
      "city": "水戸市",
      "city_kana": "ミトシ",
      "town": "城南",
      "town_kana": "ジョウナン",
      "street": "二丁目７番５号",
      "office_name": "ケーズホールディングスユニオン",
      "office_name_kana": "ケ-ズホ-ルデイングスユニオン"
    },
    {
      "postcode": "3108282",
      "prefecture": "茨城県",
      "prefecture_kana": "イバラキケン",
      "prefecture_code": 8,
      "city": "水戸市",
      "city_kana": "ミトシ",
      "town": "城南",
      "town_kana": "ジョウナン",
      "street": "二丁目７番５号",
      "office_name": "テクニカルアーツユニオン",
      "office_name_kana": "テクニカルア-ツユニオン"
    }
  ],
  "8501": {
    "postcode": "3108501",
    "prefecture": "茨城県",
    "prefecture_kana": "イバラキケン",
    "prefecture_code": 8,
    "city": "水戸市",
    "city_kana": "ミトシ",
    "town": "笠原町",
    "town_kana": "カサハラチョウ",
    "street": "上組４８９−５",
    "office_name": "財団法人　茨城県総合健診協会",
    "office_name_kana": "ザイダンホウジン イバラキケンソウゴウケンシンキヨウカイ"
  },
  "8502": {
    "postcode": "3108502",
    "prefecture": "茨城県",
    "prefecture_kana": "イバラキケン",
    "prefecture_code": 8,
    "city": "水戸市",
    "city_kana": "ミトシ",
    "town": "南町",
    "town_kana": "ミナミマチ",
    "street": "３丁目４−５７水戸セントラルビル",
    "office_name": "全国健康保険協会　茨城支部",
    "office_name_kana": "ゼンコクケンコウホケンキヨウカイ イバラキシブ"
  },
  "8505": {
    "postcode": "3108505",
    "prefecture": "茨城県",
    "prefecture_kana": "イバラキケン",
    "prefecture_code": 8,
    "city": "水戸市",
    "city_kana": "ミトシ",
    "town": "千波町",
    "town_kana": "センバチョウ",
    "street": "２０８４番地２",
    "office_name": "株式会社　茨城放送",
    "office_name_kana": "カブシキガイシヤ イバラキホウソウ"
  },
  "8508": {
    "postcode": "3108508",
    "prefecture": "茨城県",
    "prefecture_kana": "イバラキケン",
    "prefecture_code": 8,
    "city": "水戸市",
    "city_kana": "ミトシ",
    "town": "末広町",
    "town_kana": "スエヒロチョウ",
    "street": "１丁目１−８",
    "office_name": "茨城県社会保険診療報酬支払基金",
    "office_name_kana": "イバラキケンシヤカイホケンシンリヨウホウシユウシハライキキン"
  },
  "8509": {
    "postcode": "3108509",
    "prefecture": "茨城県",
    "prefecture_kana": "イバラキケン",
    "prefecture_code": 8,
    "city": "水戸市",
    "city_kana": "ミトシ",
    "town": "水府町",
    "town_kana": "スイフチョウ",
    "street": "１５７３−１",
    "office_name": "水戸公共職業安定所",
    "office_name_kana": "ミトコウキヨウシヨクギヨウアンテイシヨ"
  },
  "8511": {
    "postcode": "3108511",
    "prefecture": "茨城県",
    "prefecture_kana": "イバラキケン",
    "prefecture_code": 8,
    "city": "水戸市",
    "city_kana": "ミトシ",
    "town": "宮町",
    "town_kana": "ミヤマチ",
    "street": "１丁目８番３１号",
    "office_name": "茨城労働局",
    "office_name_kana": "イバラキロウドウキヨク"
  },
  "8512": {
    "postcode": "3108512",
    "prefecture": "茨城県",
    "prefecture_kana": "イバラキケン",
    "prefecture_code": 8,
    "city": "水戸市",
    "city_kana": "ミトシ",
    "town": "文京",
    "town_kana": "ブンキョウ",
    "street": "２丁目１−１",
    "office_name": "茨城大学",
    "office_name_kana": "イバラキダイガク"
  },
  "8520": {
    "postcode": "3108520",
    "prefecture": "茨城県",
    "prefecture_kana": "イバラキケン",
    "prefecture_code": 8,
    "city": "水戸市",
    "city_kana": "ミトシ",
    "town": "千波町",
    "town_kana": "センバチョウ",
    "street": "１９４７−１",
    "office_name": "三菱ふそうトラック・バス　株式会社　茨城ふそう　水戸支店",
    "office_name_kana": "ミツビシフソウトラツク・バス カブシキガイシヤ イバラキフソウ ミトシテン"
  },
  "8525": {
    "postcode": "3108525",
    "prefecture": "茨城県",
    "prefecture_kana": "イバラキケン",
    "prefecture_code": 8,
    "city": "水戸市",
    "city_kana": "ミトシ",
    "town": "千波町",
    "town_kana": "センバチョウ",
    "street": "１９０５",
    "office_name": "昭和建設　株式会社",
    "office_name_kana": "シヨウワケンセツ カブシキガイシヤ"
  },
  "8536": {
    "postcode": "3108536",
    "prefecture": "茨城県",
    "prefecture_kana": "イバラキケン",
    "prefecture_code": 8,
    "city": "水戸市",
    "city_kana": "ミトシ",
    "town": "宮町",
    "town_kana": "ミヤマチ",
    "street": "１丁目１−８３",
    "office_name": "株式会社　ＮＴＴドコモ　茨城支店",
    "office_name_kana": "カブシキガイシヤ エヌテイテイドコモ イバラキシテン"
  },
  "8540": {
    "postcode": "3108540",
    "prefecture": "茨城県",
    "prefecture_kana": "イバラキケン",
    "prefecture_code": 8,
    "city": "水戸市",
    "city_kana": "ミトシ",
    "town": "北見町",
    "town_kana": "キタミチョウ",
    "street": "１−１水戸法務総合庁舎内",
    "office_name": "水戸地方検察庁",
    "office_name_kana": "ミトチホウケンサツチヨウ"
  },
  "8550": {
    "postcode": "3108550",
    "prefecture": "茨城県",
    "prefecture_kana": "イバラキケン",
    "prefecture_code": 8,
    "city": "水戸市",
    "city_kana": "ミトシ",
    "town": "笠原町",
    "town_kana": "カサハラチョウ",
    "street": "９７８−６",
    "office_name": "茨城県警察本部",
    "office_name_kana": "イバラキケンケイサツホンブ"
  },
  "8551": {
    "postcode": "3108551",
    "prefecture": "茨城県",
    "prefecture_kana": "イバラキケン",
    "prefecture_code": 8,
    "city": "水戸市",
    "city_kana": "ミトシ",
    "town": "三の丸",
    "town_kana": "サンノマル",
    "street": "１丁目５−２１",
    "office_name": "水戸警察署",
    "office_name_kana": "ミトケイサツシヨ"
  },
  "8555": {
    "postcode": "3108555",
    "prefecture": "茨城県",
    "prefecture_kana": "イバラキケン",
    "prefecture_code": 8,
    "city": "水戸市",
    "city_kana": "ミトシ",
    "town": "笠原町",
    "town_kana": "カサハラチョウ",
    "street": "９７８−６",
    "office_name": "茨城県庁",
    "office_name_kana": "イバラキケンチヨウ"
  },
  "8558": {
    "postcode": "3108558",
    "prefecture": "茨城県",
    "prefecture_kana": "イバラキケン",
    "prefecture_code": 8,
    "city": "水戸市",
    "city_kana": "ミトシ",
    "town": "北見町",
    "town_kana": "キタミチョウ",
    "street": "８−８",
    "office_name": "東日本電信電話　株式会社　茨城支店",
    "office_name_kana": "ヒガシニホンデンシンデンワ カブシキガイシヤ イバラキシテン"
  },
  "8567": {
    "postcode": "3108567",
    "prefecture": "茨城県",
    "prefecture_kana": "イバラキケン",
    "prefecture_code": 8,
    "city": "水戸市",
    "city_kana": "ミトシ",
    "town": "大町",
    "town_kana": "オオマチ",
    "street": "３丁目４−４",
    "office_name": "日本放送協会　水戸放送局",
    "office_name_kana": "ニホンホウソウキヨウカイ ミトホウソウキヨク"
  },
  "8570": {
    "postcode": "3108570",
    "prefecture": "茨城県",
    "prefecture_kana": "イバラキケン",
    "prefecture_code": 8,
    "city": "水戸市",
    "city_kana": "ミトシ",
    "town": "大町",
    "town_kana": "オオマチ",
    "street": "１−２−１７",
    "office_name": "日本年金機構　茨城事務センター",
    "office_name_kana": "ニツポンネンキンキコウ イバラキジムセンタ-"
  },
  "8581": {
    "postcode": "3108581",
    "prefecture": "茨城県",
    "prefecture_kana": "イバラキケン",
    "prefecture_code": 8,
    "city": "水戸市",
    "city_kana": "ミトシ",
    "town": "笠原町",
    "town_kana": "カサハラチョウ",
    "street": "４８９番地４",
    "office_name": "一般財団法人　茨城県メディカルセンター",
    "office_name_kana": "イツパンザイダンホウジン イバラキケンメデイカルセンタ-"
  },
  "8585": {
    "postcode": "3108585",
    "prefecture": "茨城県",
    "prefecture_kana": "イバラキケン",
    "prefecture_code": 8,
    "city": "水戸市",
    "city_kana": "ミトシ",
    "town": "見和",
    "town_kana": "ミワ",
    "street": "１丁目４３０−１",
    "office_name": "常磐大学",
    "office_name_kana": "トキワダイガク"
  },
  "8586": {
    "postcode": "3108586",
    "prefecture": "茨城県",
    "prefecture_kana": "イバラキケン",
    "prefecture_code": 8,
    "city": "水戸市",
    "city_kana": "ミトシ",
    "town": "千波町",
    "town_kana": "センバチョウ",
    "street": "１９１８番地",
    "office_name": "社会福祉法人　茨城県社会福祉協議会",
    "office_name_kana": "シヤカイフクシホウジン イバラキケンシヤカイフクシキヨウギカイ"
  },
  "8588": {
    "postcode": "3108588",
    "prefecture": "茨城県",
    "prefecture_kana": "イバラキケン",
    "prefecture_code": 8,
    "city": "水戸市",
    "city_kana": "ミトシ",
    "town": "笠原町",
    "town_kana": "カサハラチョウ",
    "street": "９７８番６",
    "office_name": "茨城県教育庁",
    "office_name_kana": "イバラキケンキヨウイクチヨウ"
  },
  "8601": {
    "postcode": "3108601",
    "prefecture": "茨城県",
    "prefecture_kana": "イバラキケン",
    "prefecture_code": 8,
    "city": "水戸市",
    "city_kana": "ミトシ",
    "town": "泉町",
    "town_kana": "イズミチョウ",
    "street": "２丁目３−２（水戸中央郵便局私書箱第６号）",
    "office_name": "大和證券　株式会社　水戸支店",
    "office_name_kana": "ダイワシヨウケン カブシキガイシヤ ミトシテン"
  },
  "8602": {
    "postcode": "3108602",
    "prefecture": "茨城県",
    "prefecture_kana": "イバラキケン",
    "prefecture_code": 8,
    "city": "水戸市",
    "city_kana": "ミトシ",
    "town": "泉町",
    "town_kana": "イズミチョウ",
    "street": "２丁目２−２７（水戸中央郵便局私書箱第３８号）",
    "office_name": "日本生命保険　相互会社　水戸支社",
    "office_name_kana": "ニホンセイメイホケン ソウゴガイシヤ ミトシシヤ"
  },
  "8604": {
    "postcode": "3108604",
    "prefecture": "茨城県",
    "prefecture_kana": "イバラキケン",
    "prefecture_code": 8,
    "city": "水戸市",
    "city_kana": "ミトシ",
    "town": "南町",
    "town_kana": "ミナミマチ",
    "street": "２丁目５−５（水戸中央郵便局私書箱第５号）",
    "office_name": "株式会社　常陽銀行　本店",
    "office_name_kana": "カブシキガイシヤ ジヨウヨウギンコウ ホンテン"
  },
  "8610": {
    "postcode": "3108610",
    "prefecture": "茨城県",
    "prefecture_kana": "イバラキケン",
    "prefecture_code": 8,
    "city": "水戸市",
    "city_kana": "ミトシ",
    "town": "中央",
    "town_kana": "チュウオウ",
    "street": "１丁目４−１",
    "office_name": "水戸市役所",
    "office_name_kana": "ミトシヤクシヨ"
  },
  "8616": {
    "postcode": "3108616",
    "prefecture": "茨城県",
    "prefecture_kana": "イバラキケン",
    "prefecture_code": 8,
    "city": "水戸市",
    "city_kana": "ミトシ",
    "town": "梅香",
    "town_kana": "バイコウ",
    "street": "１丁目１−４（水戸中央郵便局私書箱第１６号）",
    "office_name": "茨城県信用農業　協同組合連合会",
    "office_name_kana": "イバラキケンシンヨウノウギヨウ キヨウドウクミアイレンゴウカイ"
  },
  "8622": {
    "postcode": "3108622",
    "prefecture": "茨城県",
    "prefecture_kana": "イバラキケン",
    "prefecture_code": 8,
    "city": "水戸市",
    "city_kana": "ミトシ",
    "town": "大町",
    "town_kana": "オオマチ",
    "street": "２丁目３−１２（水戸中央郵便局私書箱第１１号）",
    "office_name": "茨城県信用組合",
    "office_name_kana": "イバラキケンシンヨウクミアイ"
  },
  "8639": {
    "postcode": "3108639",
    "prefecture": "茨城県",
    "prefecture_kana": "イバラキケン",
    "prefecture_code": 8,
    "city": "水戸市",
    "city_kana": "ミトシ",
    "town": "南町",
    "town_kana": "ミナミマチ",
    "street": "２−５−５",
    "office_name": "日本銀行　水戸事務所",
    "office_name_kana": "ニツポンギンコウ ミトジムシヨ"
  },
  "8641": {
    "postcode": "3108641",
    "prefecture": "茨城県",
    "prefecture_kana": "イバラキケン",
    "prefecture_code": 8,
    "city": "水戸市",
    "city_kana": "ミトシ",
    "town": "笠原町",
    "town_kana": "カサハラチョウ",
    "street": "６００−１５（水戸中央郵便局私書箱第４１号）",
    "office_name": "（株）　奈良屋",
    "office_name_kana": "(カブ) ナラヤ"
  },
  "8666": {
    "postcode": "3108666",
    "prefecture": "茨城県",
    "prefecture_kana": "イバラキケン",
    "prefecture_code": 8,
    "city": "水戸市",
    "city_kana": "ミトシ",
    "town": "北見町",
    "town_kana": "キタミチョウ",
    "street": "１−１７（水戸中央郵便局私書箱第２３号）",
    "office_name": "水戸　税務署",
    "office_name_kana": "ミト ゼイムシヨ"
  },
  "8668": {
    "postcode": "3108668",
    "prefecture": "茨城県",
    "prefecture_kana": "イバラキケン",
    "prefecture_code": 8,
    "city": "水戸市",
    "city_kana": "ミトシ",
    "town": "梅香",
    "town_kana": "バイコウ",
    "street": "１丁目５−１８（水戸中央郵便局私書箱第４０号）",
    "office_name": "全国共済農業協同組合連合会　茨城県本部",
    "office_name_kana": "ゼンコクキヨウサイノウギヨウキヨウドウクミアイレンゴウカイ イバラキケンホンブ"
  },
  "8671": {
    "postcode": "3108671",
    "prefecture": "茨城県",
    "prefecture_kana": "イバラキケン",
    "prefecture_code": 8,
    "city": "水戸市",
    "city_kana": "ミトシ",
    "town": "北見町",
    "town_kana": "キタミチョウ",
    "street": "５−７（水戸中央郵便局私書箱第２６号）",
    "office_name": "読売新聞　水戸支局",
    "office_name_kana": "ヨミウリシンブン ミトシキヨク"
  },
  "8677": {
    "postcode": "3108677",
    "prefecture": "茨城県",
    "prefecture_kana": "イバラキケン",
    "prefecture_code": 8,
    "city": "水戸市",
    "city_kana": "ミトシ",
    "town": "南町",
    "town_kana": "ミナミマチ",
    "street": "３丁目５−７（水戸中央郵便局私書箱第２４号）",
    "office_name": "商工組合　中央金庫　水戸支店",
    "office_name_kana": "シヨウコウクミアイ チユウオウキンコ ミトシテン"
  },
  "8686": {
    "postcode": "3108686",
    "prefecture": "茨城県",
    "prefecture_kana": "イバラキケン",
    "prefecture_code": 8,
    "city": "水戸市",
    "city_kana": "ミトシ",
    "town": "笠原町",
    "town_kana": "カサハラチョウ",
    "street": "９７８−２５茨城県開発公社ビル",
    "office_name": "株式会社　茨城新聞社",
    "office_name_kana": "カブシキカイシヤ イバラキシンブンシヤ"
  }
}