{
  "0000": {
    "postcode": "3400000",
    "prefecture": "埼玉県",
    "prefecture_kana": "サイタマケン",
    "prefecture_code": 11,
    "city": "草加市",
    "city_kana": "ソウカシ",
    "town": "",
    "town_kana": "",
    "street": null,
    "office_name": null,
    "office_name_kana": null
  },
  "0001": {
    "postcode": "3400001",
    "prefecture": "埼玉県",
    "prefecture_kana": "サイタマケン",
    "prefecture_code": 11,
    "city": "草加市",
    "city_kana": "ソウカシ",
    "town": "柿木町",
    "town_kana": "カキノキチョウ",
    "street": null,
    "office_name": null,
    "office_name_kana": null
  },
  "0002": {
    "postcode": "3400002",
    "prefecture": "埼玉県",
    "prefecture_kana": "サイタマケン",
    "prefecture_code": 11,
    "city": "草加市",
    "city_kana": "ソウカシ",
    "town": "青柳",
    "town_kana": "アオヤギ",
    "street": null,
    "office_name": null,
    "office_name_kana": null
  },
  "0003": {
    "postcode": "3400003",
    "prefecture": "埼玉県",
    "prefecture_kana": "サイタマケン",
    "prefecture_code": 11,
    "city": "草加市",
    "city_kana": "ソウカシ",
    "town": "稲荷",
    "town_kana": "イナリ",
    "street": null,
    "office_name": null,
    "office_name_kana": null
  },
  "0004": {
    "postcode": "3400004",
    "prefecture": "埼玉県",
    "prefecture_kana": "サイタマケン",
    "prefecture_code": 11,
    "city": "草加市",
    "city_kana": "ソウカシ",
    "town": "弁天",
    "town_kana": "ベンテン",
    "street": null,
    "office_name": null,
    "office_name_kana": null
  },
  "0005": {
    "postcode": "3400005",
    "prefecture": "埼玉県",
    "prefecture_kana": "サイタマケン",
    "prefecture_code": 11,
    "city": "草加市",
    "city_kana": "ソウカシ",
    "town": "中根",
    "town_kana": "ナカネ",
    "street": null,
    "office_name": null,
    "office_name_kana": null
  },
  "0006": {
    "postcode": "3400006",
    "prefecture": "埼玉県",
    "prefecture_kana": "サイタマケン",
    "prefecture_code": 11,
    "city": "草加市",
    "city_kana": "ソウカシ",
    "town": "八幡町",
    "town_kana": "ヤハタチョウ",
    "street": null,
    "office_name": null,
    "office_name_kana": null
  },
  "0007": {
    "postcode": "3400007",
    "prefecture": "埼玉県",
    "prefecture_kana": "サイタマケン",
    "prefecture_code": 11,
    "city": "草加市",
    "city_kana": "ソウカシ",
    "town": "青柳町",
    "town_kana": "アオヤギチョウ",
    "street": null,
    "office_name": null,
    "office_name_kana": null
  },
  "0011": {
    "postcode": "3400011",
    "prefecture": "埼玉県",
    "prefecture_kana": "サイタマケン",
    "prefecture_code": 11,
    "city": "草加市",
    "city_kana": "ソウカシ",
    "town": "栄町",
    "town_kana": "サカエチョウ",
    "street": null,
    "office_name": null,
    "office_name_kana": null
  },
  "0012": {
    "postcode": "3400012",
    "prefecture": "埼玉県",
    "prefecture_kana": "サイタマケン",
    "prefecture_code": 11,
    "city": "草加市",
    "city_kana": "ソウカシ",
    "town": "神明",
    "town_kana": "シンメイ",
    "street": null,
    "office_name": null,
    "office_name_kana": null
  },
  "0013": {
    "postcode": "3400013",
    "prefecture": "埼玉県",
    "prefecture_kana": "サイタマケン",
    "prefecture_code": 11,
    "city": "草加市",
    "city_kana": "ソウカシ",
    "town": "松江",
    "town_kana": "マツエ",
    "street": null,
    "office_name": null,
    "office_name_kana": null
  },
  "0014": {
    "postcode": "3400014",
    "prefecture": "埼玉県",
    "prefecture_kana": "サイタマケン",
    "prefecture_code": 11,
    "city": "草加市",
    "city_kana": "ソウカシ",
    "town": "住吉",
    "town_kana": "スミヨシ",
    "street": null,
    "office_name": null,
    "office_name_kana": null
  },
  "0015": {
    "postcode": "3400015",
    "prefecture": "埼玉県",
    "prefecture_kana": "サイタマケン",
    "prefecture_code": 11,
    "city": "草加市",
    "city_kana": "ソウカシ",
    "town": "高砂",
    "town_kana": "タカサゴ",
    "street": null,
    "office_name": null,
    "office_name_kana": null
  },
  "0016": {
    "postcode": "3400016",
    "prefecture": "埼玉県",
    "prefecture_kana": "サイタマケン",
    "prefecture_code": 11,
    "city": "草加市",
    "city_kana": "ソウカシ",
    "town": "中央",
    "town_kana": "チュウオウ",
    "street": null,
    "office_name": null,
    "office_name_kana": null
  },
  "0017": {
    "postcode": "3400017",
    "prefecture": "埼玉県",
    "prefecture_kana": "サイタマケン",
    "prefecture_code": 11,
    "city": "草加市",
    "city_kana": "ソウカシ",
    "town": "吉町",
    "town_kana": "ヨシチョウ",
    "street": null,
    "office_name": null,
    "office_name_kana": null
  },
  "0021": {
    "postcode": "3400021",
    "prefecture": "埼玉県",
    "prefecture_kana": "サイタマケン",
    "prefecture_code": 11,
    "city": "草加市",
    "city_kana": "ソウカシ",
    "town": "手代",
    "town_kana": "テシロ",
    "street": null,
    "office_name": null,
    "office_name_kana": null
  },
  "0022": {
    "postcode": "3400022",
    "prefecture": "埼玉県",
    "prefecture_kana": "サイタマケン",
    "prefecture_code": 11,
    "city": "草加市",
    "city_kana": "ソウカシ",
    "town": "瀬崎",
    "town_kana": "セザキ",
    "street": null,
    "office_name": null,
    "office_name_kana": null
  },
  "0023": {
    "postcode": "3400023",
    "prefecture": "埼玉県",
    "prefecture_kana": "サイタマケン",
    "prefecture_code": 11,
    "city": "草加市",
    "city_kana": "ソウカシ",
    "town": "谷塚町",
    "town_kana": "ヤツカチョウ",
    "street": null,
    "office_name": null,
    "office_name_kana": null
  },
  "0024": {
    "postcode": "3400024",
    "prefecture": "埼玉県",
    "prefecture_kana": "サイタマケン",
    "prefecture_code": 11,
    "city": "草加市",
    "city_kana": "ソウカシ",
    "town": "谷塚上町",
    "town_kana": "ヤツカカミチョウ",
    "street": null,
    "office_name": null,
    "office_name_kana": null
  },
  "0025": {
    "postcode": "3400025",
    "prefecture": "埼玉県",
    "prefecture_kana": "サイタマケン",
    "prefecture_code": 11,
    "city": "草加市",
    "city_kana": "ソウカシ",
    "town": "谷塚仲町",
    "town_kana": "ヤツカナカチョウ",
    "street": null,
    "office_name": null,
    "office_name_kana": null
  },
  "0026": {
    "postcode": "3400026",
    "prefecture": "埼玉県",
    "prefecture_kana": "サイタマケン",
    "prefecture_code": 11,
    "city": "草加市",
    "city_kana": "ソウカシ",
    "town": "両新田東町",
    "town_kana": "リョウシンデンヒガシチョウ",
    "street": null,
    "office_name": null,
    "office_name_kana": null
  },
  "0027": {
    "postcode": "3400027",
    "prefecture": "埼玉県",
    "prefecture_kana": "サイタマケン",
    "prefecture_code": 11,
    "city": "草加市",
    "city_kana": "ソウカシ",
    "town": "両新田西町",
    "town_kana": "リョウシンデンニシチョウ",
    "street": null,
    "office_name": null,
    "office_name_kana": null
  },
  "0028": {
    "postcode": "3400028",
    "prefecture": "埼玉県",
    "prefecture_kana": "サイタマケン",
    "prefecture_code": 11,
    "city": "草加市",
    "city_kana": "ソウカシ",
    "town": "谷塚",
    "town_kana": "ヤツカ",
    "street": null,
    "office_name": null,
    "office_name_kana": null
  },
  "0031": {
    "postcode": "3400031",
    "prefecture": "埼玉県",
    "prefecture_kana": "サイタマケン",
    "prefecture_code": 11,
    "city": "草加市",
    "city_kana": "ソウカシ",
    "town": "新里町",
    "town_kana": "ニッサトチョウ",
    "street": null,
    "office_name": null,
    "office_name_kana": null
  },
  "0032": {
    "postcode": "3400032",
    "prefecture": "埼玉県",
    "prefecture_kana": "サイタマケン",
    "prefecture_code": 11,
    "city": "草加市",
    "city_kana": "ソウカシ",
    "town": "遊馬町",
    "town_kana": "アスマチョウ",
    "street": null,
    "office_name": null,
    "office_name_kana": null
  },
  "0033": {
    "postcode": "3400033",
    "prefecture": "埼玉県",
    "prefecture_kana": "サイタマケン",
    "prefecture_code": 11,
    "city": "草加市",
    "city_kana": "ソウカシ",
    "town": "柳島町",
    "town_kana": "ヤナギシマチョウ",
    "street": null,
    "office_name": null,
    "office_name_kana": null
  },
  "0034": {
    "postcode": "3400034",
    "prefecture": "埼玉県",
    "prefecture_kana": "サイタマケン",
    "prefecture_code": 11,
    "city": "草加市",
    "city_kana": "ソウカシ",
    "town": "氷川町",
    "town_kana": "ヒカワチョウ",
    "street": null,
    "office_name": null,
    "office_name_kana": null
  },
  "0035": {
    "postcode": "3400035",
    "prefecture": "埼玉県",
    "prefecture_kana": "サイタマケン",
    "prefecture_code": 11,
    "city": "草加市",
    "city_kana": "ソウカシ",
    "town": "西町",
    "town_kana": "ニシチョウ",
    "street": null,
    "office_name": null,
    "office_name_kana": null
  },
  "0036": {
    "postcode": "3400036",
    "prefecture": "埼玉県",
    "prefecture_kana": "サイタマケン",
    "prefecture_code": 11,
    "city": "草加市",
    "city_kana": "ソウカシ",
    "town": "苗塚町",
    "town_kana": "ナエヅカチョウ",
    "street": null,
    "office_name": null,
    "office_name_kana": null
  },
  "0041": {
    "postcode": "3400041",
    "prefecture": "埼玉県",
    "prefecture_kana": "サイタマケン",
    "prefecture_code": 11,
    "city": "草加市",
    "city_kana": "ソウカシ",
    "town": "松原",
    "town_kana": "マツバラ",
    "street": null,
    "office_name": null,
    "office_name_kana": null
  },
  "0042": {
    "postcode": "3400042",
    "prefecture": "埼玉県",
    "prefecture_kana": "サイタマケン",
    "prefecture_code": 11,
    "city": "草加市",
    "city_kana": "ソウカシ",
    "town": "学園町",
    "town_kana": "ガクエンチョウ",
    "street": null,
    "office_name": null,
    "office_name_kana": null
  },
  "0043": {
    "postcode": "3400043",
    "prefecture": "埼玉県",
    "prefecture_kana": "サイタマケン",
    "prefecture_code": 11,
    "city": "草加市",
    "city_kana": "ソウカシ",
    "town": "草加",
    "town_kana": "ソウカ",
    "street": null,
    "office_name": null,
    "office_name_kana": null
  },
  "0044": {
    "postcode": "3400044",
    "prefecture": "埼玉県",
    "prefecture_kana": "サイタマケン",
    "prefecture_code": 11,
    "city": "草加市",
    "city_kana": "ソウカシ",
    "town": "花栗",
    "town_kana": "ハナグリ",
    "street": null,
    "office_name": null,
    "office_name_kana": null
  },
  "0045": {
    "postcode": "3400045",
    "prefecture": "埼玉県",
    "prefecture_kana": "サイタマケン",
    "prefecture_code": 11,
    "city": "草加市",
    "city_kana": "ソウカシ",
    "town": "小山",
    "town_kana": "コヤマ",
    "street": null,
    "office_name": null,
    "office_name_kana": null
  },
  "0046": {
    "postcode": "3400046",
    "prefecture": "埼玉県",
    "prefecture_kana": "サイタマケン",
    "prefecture_code": 11,
    "city": "草加市",
    "city_kana": "ソウカシ",
    "town": "北谷",
    "town_kana": "キタヤ",
    "street": null,
    "office_name": null,
    "office_name_kana": null
  },
  "0047": {
    "postcode": "3400047",
    "prefecture": "埼玉県",
    "prefecture_kana": "サイタマケン",
    "prefecture_code": 11,
    "city": "草加市",
    "city_kana": "ソウカシ",
    "town": "北谷町",
    "town_kana": "キタヤチョウ",
    "street": null,
    "office_name": null,
    "office_name_kana": null
  },
  "0048": {
    "postcode": "3400048",
    "prefecture": "埼玉県",
    "prefecture_kana": "サイタマケン",
    "prefecture_code": 11,
    "city": "草加市",
    "city_kana": "ソウカシ",
    "town": "原町",
    "town_kana": "ハラチョウ",
    "street": null,
    "office_name": null,
    "office_name_kana": null
  },
  "0051": {
    "postcode": "3400051",
    "prefecture": "埼玉県",
    "prefecture_kana": "サイタマケン",
    "prefecture_code": 11,
    "city": "草加市",
    "city_kana": "ソウカシ",
    "town": "長栄",
    "town_kana": "チョウエイ",
    "street": null,
    "office_name": null,
    "office_name_kana": null
  },
  "0052": {
    "postcode": "3400052",
    "prefecture": "埼玉県",
    "prefecture_kana": "サイタマケン",
    "prefecture_code": 11,
    "city": "草加市",
    "city_kana": "ソウカシ",
    "town": "金明町",
    "town_kana": "キンメイチョウ",
    "street": null,
    "office_name": null,
    "office_name_kana": null
  },
  "0053": {
    "postcode": "3400053",
    "prefecture": "埼玉県",
    "prefecture_kana": "サイタマケン",
    "prefecture_code": 11,
    "city": "草加市",
    "city_kana": "ソウカシ",
    "town": "旭町",
    "town_kana": "アサヒチョウ",
    "street": null,
    "office_name": null,
    "office_name_kana": null
  },
  "0054": {
    "postcode": "3400054",
    "prefecture": "埼玉県",
    "prefecture_kana": "サイタマケン",
    "prefecture_code": 11,
    "city": "草加市",
    "city_kana": "ソウカシ",
    "town": "新善町",
    "town_kana": "シンゼンチョウ",
    "street": null,
    "office_name": null,
    "office_name_kana": null
  },
  "0055": {
    "postcode": "3400055",
    "prefecture": "埼玉県",
    "prefecture_kana": "サイタマケン",
    "prefecture_code": 11,
    "city": "草加市",
    "city_kana": "ソウカシ",
    "town": "清門",
    "town_kana": "セイモン",
    "street": null,
    "office_name": null,
    "office_name_kana": null
  },
  "0056": {
    "postcode": "3400056",
    "prefecture": "埼玉県",
    "prefecture_kana": "サイタマケン",
    "prefecture_code": 11,
    "city": "草加市",
    "city_kana": "ソウカシ",
    "town": "新栄",
    "town_kana": "シンエイ",
    "street": null,
    "office_name": null,
    "office_name_kana": null
  },
  "0100": {
    "postcode": "3400100",
    "prefecture": "埼玉県",
    "prefecture_kana": "サイタマケン",
    "prefecture_code": 11,
    "city": "幸手市",
    "city_kana": "サッテシ",
    "town": "",
    "town_kana": "",
    "street": null,
    "office_name": null,
    "office_name_kana": null
  },
  "0101": {
    "postcode": "3400101",
    "prefecture": "埼玉県",
    "prefecture_kana": "サイタマケン",
    "prefecture_code": 11,
    "city": "幸手市",
    "city_kana": "サッテシ",
    "town": "外国府間",
    "town_kana": "ソトゴウマ",
    "street": null,
    "office_name": null,
    "office_name_kana": null
  },
  "0102": {
    "postcode": "3400102",
    "prefecture": "埼玉県",
    "prefecture_kana": "サイタマケン",
    "prefecture_code": 11,
    "city": "幸手市",
    "city_kana": "サッテシ",
    "town": "高須賀",
    "town_kana": "タカスカ",
    "street": null,
    "office_name": null,
    "office_name_kana": null
  },
  "0103": {
    "postcode": "3400103",
    "prefecture": "埼玉県",
    "prefecture_kana": "サイタマケン",
    "prefecture_code": 11,
    "city": "幸手市",
    "city_kana": "サッテシ",
    "town": "内国府間",
    "town_kana": "ウチゴウマ",
    "street": null,
    "office_name": null,
    "office_name_kana": null
  },
  "0104": {
    "postcode": "3400104",
    "prefecture": "埼玉県",
    "prefecture_kana": "サイタマケン",
    "prefecture_code": 11,
    "city": "幸手市",
    "city_kana": "サッテシ",
    "town": "円藤内",
    "town_kana": "エンドウウチ",
    "street": null,
    "office_name": null,
    "office_name_kana": null
  },
  "0105": {
    "postcode": "3400105",
    "prefecture": "埼玉県",
    "prefecture_kana": "サイタマケン",
    "prefecture_code": 11,
    "city": "幸手市",
    "city_kana": "サッテシ",
    "town": "松石",
    "town_kana": "マツイシ",
    "street": null,
    "office_name": null,
    "office_name_kana": null
  },
  "0111": {
    "postcode": "3400111",
    "prefecture": "埼玉県",
    "prefecture_kana": "サイタマケン",
    "prefecture_code": 11,
    "city": "幸手市",
    "city_kana": "サッテシ",
    "town": "北",
    "town_kana": "キタ",
    "street": null,
    "office_name": null,
    "office_name_kana": null
  },
  "0112": {
    "postcode": "3400112",
    "prefecture": "埼玉県",
    "prefecture_kana": "サイタマケン",
    "prefecture_code": 11,
    "city": "幸手市",
    "city_kana": "サッテシ",
    "town": "権現堂",
    "town_kana": "ゴンゲンドウ",
    "street": null,
    "office_name": null,
    "office_name_kana": null
  },
  "0113": {
    "postcode": "3400113",
    "prefecture": "埼玉県",
    "prefecture_kana": "サイタマケン",
    "prefecture_code": 11,
    "city": "幸手市",
    "city_kana": "サッテシ",
    "town": "幸手",
    "town_kana": "サッテ",
    "street": null,
    "office_name": null,
    "office_name_kana": null
  },
  "0114": {
    "postcode": "3400114",
    "prefecture": "埼玉県",
    "prefecture_kana": "サイタマケン",
    "prefecture_code": 11,
    "city": "幸手市",
    "city_kana": "サッテシ",
    "town": "東",
    "town_kana": "ヒガシ",
    "street": null,
    "office_name": null,
    "office_name_kana": null
  },
  "0115": {
    "postcode": "3400115",
    "prefecture": "埼玉県",
    "prefecture_kana": "サイタマケン",
    "prefecture_code": 11,
    "city": "幸手市",
    "city_kana": "サッテシ",
    "town": "中",
    "town_kana": "ナカ",
    "street": null,
    "office_name": null,
    "office_name_kana": null
  },
  "0116": {
    "postcode": "3400116",
    "prefecture": "埼玉県",
    "prefecture_kana": "サイタマケン",
    "prefecture_code": 11,
    "city": "幸手市",
    "city_kana": "サッテシ",
    "town": "西",
    "town_kana": "ニシ",
    "street": null,
    "office_name": null,
    "office_name_kana": null
  },
  "0121": {
    "postcode": "3400121",
    "prefecture": "埼玉県",
    "prefecture_kana": "サイタマケン",
    "prefecture_code": 11,
    "city": "幸手市",
    "city_kana": "サッテシ",
    "town": "上吉羽",
    "town_kana": "カミヨシバ",
    "street": null,
    "office_name": null,
    "office_name_kana": null
  },
  "0122": {
    "postcode": "3400122",
    "prefecture": "埼玉県",
    "prefecture_kana": "サイタマケン",
    "prefecture_code": 11,
    "city": "幸手市",
    "city_kana": "サッテシ",
    "town": "神明内",
    "town_kana": "シンメイウチ",
    "street": null,
    "office_name": null,
    "office_name_kana": null
  },
  "0123": {
    "postcode": "3400123",
    "prefecture": "埼玉県",
    "prefecture_kana": "サイタマケン",
    "prefecture_code": 11,
    "city": "幸手市",
    "city_kana": "サッテシ",
    "town": "木立",
    "town_kana": "キダチ",
    "street": null,
    "office_name": null,
    "office_name_kana": null
  },
  "0124": {
    "postcode": "3400124",
    "prefecture": "埼玉県",
    "prefecture_kana": "サイタマケン",
    "prefecture_code": 11,
    "city": "幸手市",
    "city_kana": "サッテシ",
    "town": "上宇和田",
    "town_kana": "カミウワダ",
    "street": null,
    "office_name": null,
    "office_name_kana": null
  },
  "0125": {
    "postcode": "3400125",
    "prefecture": "埼玉県",
    "prefecture_kana": "サイタマケン",
    "prefecture_code": 11,
    "city": "幸手市",
    "city_kana": "サッテシ",
    "town": "下宇和田",
    "town_kana": "シモウワダ",
    "street": null,
    "office_name": null,
    "office_name_kana": null
  },
  "0126": {
    "postcode": "3400126",
    "prefecture": "埼玉県",
    "prefecture_kana": "サイタマケン",
    "prefecture_code": 11,
    "city": "幸手市",
    "city_kana": "サッテシ",
    "town": "下吉羽",
    "town_kana": "シモヨシバ",
    "street": null,
    "office_name": null,
    "office_name_kana": null
  },
  "0131": {
    "postcode": "3400131",
    "prefecture": "埼玉県",
    "prefecture_kana": "サイタマケン",
    "prefecture_code": 11,
    "city": "幸手市",
    "city_kana": "サッテシ",
    "town": "西関宿",
    "town_kana": "ニシセキヤド",
    "street": null,
    "office_name": null,
    "office_name_kana": null
  },
  "0132": {
    "postcode": "3400132",
    "prefecture": "埼玉県",
    "prefecture_kana": "サイタマケン",
    "prefecture_code": 11,
    "city": "幸手市",
    "city_kana": "サッテシ",
    "town": "中島",
    "town_kana": "ナカジマ",
    "street": null,
    "office_name": null,
    "office_name_kana": null
  },
  "0133": {
    "postcode": "3400133",
    "prefecture": "埼玉県",
    "prefecture_kana": "サイタマケン",
    "prefecture_code": 11,
    "city": "幸手市",
    "city_kana": "サッテシ",
    "town": "惣新田",
    "town_kana": "ソウシンデン",
    "street": null,
    "office_name": null,
    "office_name_kana": null
  },
  "0134": {
    "postcode": "3400134",
    "prefecture": "埼玉県",
    "prefecture_kana": "サイタマケン",
    "prefecture_code": 11,
    "city": "幸手市",
    "city_kana": "サッテシ",
    "town": "花島",
    "town_kana": "ハナジマ",
    "street": null,
    "office_name": null,
    "office_name_kana": null
  },
  "0135": {
    "postcode": "3400135",
    "prefecture": "埼玉県",
    "prefecture_kana": "サイタマケン",
    "prefecture_code": 11,
    "city": "幸手市",
    "city_kana": "サッテシ",
    "town": "槇野地",
    "town_kana": "マキノジ",
    "street": null,
    "office_name": null,
    "office_name_kana": null
  },
  "0136": {
    "postcode": "3400136",
    "prefecture": "埼玉県",
    "prefecture_kana": "サイタマケン",
    "prefecture_code": 11,
    "city": "幸手市",
    "city_kana": "サッテシ",
    "town": "細野",
    "town_kana": "ホソノ",
    "street": null,
    "office_name": null,
    "office_name_kana": null
  },
  "0141": {
    "postcode": "3400141",
    "prefecture": "埼玉県",
    "prefecture_kana": "サイタマケン",
    "prefecture_code": 11,
    "city": "幸手市",
    "city_kana": "サッテシ",
    "town": "平野",
    "town_kana": "ヒラノ",
    "street": null,
    "office_name": null,
    "office_name_kana": null
  },
  "0142": {
    "postcode": "3400142",
    "prefecture": "埼玉県",
    "prefecture_kana": "サイタマケン",
    "prefecture_code": 11,
    "city": "幸手市",
    "city_kana": "サッテシ",
    "town": "中野",
    "town_kana": "ナカノ",
    "street": null,
    "office_name": null,
    "office_name_kana": null
  },
  "0143": {
    "postcode": "3400143",
    "prefecture": "埼玉県",
    "prefecture_kana": "サイタマケン",
    "prefecture_code": 11,
    "city": "幸手市",
    "city_kana": "サッテシ",
    "town": "長間",
    "town_kana": "ナガマ",
    "street": null,
    "office_name": null,
    "office_name_kana": null
  },
  "0144": {
    "postcode": "3400144",
    "prefecture": "埼玉県",
    "prefecture_kana": "サイタマケン",
    "prefecture_code": 11,
    "city": "幸手市",
    "city_kana": "サッテシ",
    "town": "戸島",
    "town_kana": "トシマ",
    "street": null,
    "office_name": null,
    "office_name_kana": null
  },
  "0145": {
    "postcode": "3400145",
    "prefecture": "埼玉県",
    "prefecture_kana": "サイタマケン",
    "prefecture_code": 11,
    "city": "幸手市",
    "city_kana": "サッテシ",
    "town": "平須賀",
    "town_kana": "ヒラスカ",
    "street": null,
    "office_name": null,
    "office_name_kana": null
  },
  "0146": {
    "postcode": "3400146",
    "prefecture": "埼玉県",
    "prefecture_kana": "サイタマケン",
    "prefecture_code": 11,
    "city": "幸手市",
    "city_kana": "サッテシ",
    "town": "神扇",
    "town_kana": "カミオウギ",
    "street": null,
    "office_name": null,
    "office_name_kana": null
  },
  "0151": {
    "postcode": "3400151",
    "prefecture": "埼玉県",
    "prefecture_kana": "サイタマケン",
    "prefecture_code": 11,
    "city": "幸手市",
    "city_kana": "サッテシ",
    "town": "緑台",
    "town_kana": "ミドリダイ",
    "street": null,
    "office_name": null,
    "office_name_kana": null
  },
  "0152": {
    "postcode": "3400152",
    "prefecture": "埼玉県",
    "prefecture_kana": "サイタマケン",
    "prefecture_code": 11,
    "city": "幸手市",
    "city_kana": "サッテシ",
    "town": "天神島",
    "town_kana": "テンジンシマ",
    "street": null,
    "office_name": null,
    "office_name_kana": null
  },
  "0153": {
    "postcode": "3400153",
    "prefecture": "埼玉県",
    "prefecture_kana": "サイタマケン",
    "prefecture_code": 11,
    "city": "幸手市",
    "city_kana": "サッテシ",
    "town": "吉野",
    "town_kana": "ヨシノ",
    "street": null,
    "office_name": null,
    "office_name_kana": null
  },
  "0154": {
    "postcode": "3400154",
    "prefecture": "埼玉県",
    "prefecture_kana": "サイタマケン",
    "prefecture_code": 11,
    "city": "幸手市",
    "city_kana": "サッテシ",
    "town": "栄",
    "town_kana": "サカエ",
    "street": null,
    "office_name": null,
    "office_name_kana": null
  },
  "0155": {
    "postcode": "3400155",
    "prefecture": "埼玉県",
    "prefecture_kana": "サイタマケン",
    "prefecture_code": 11,
    "city": "幸手市",
    "city_kana": "サッテシ",
    "town": "上高野",
    "town_kana": "カミタカノ",
    "street": null,
    "office_name": null,
    "office_name_kana": null
  },
  "0156": {
    "postcode": "3400156",
    "prefecture": "埼玉県",
    "prefecture_kana": "サイタマケン",
    "prefecture_code": 11,
    "city": "幸手市",
    "city_kana": "サッテシ",
    "town": "南",
    "town_kana": "ミナミ",
    "street": null,
    "office_name": null,
    "office_name_kana": null
  },
  "0161": {
    "postcode": "3400161",
    "prefecture": "埼玉県",
    "prefecture_kana": "サイタマケン",
    "prefecture_code": 11,
    "city": "幸手市",
    "city_kana": "サッテシ",
    "town": "千塚",
    "town_kana": "チヅカ",
    "street": null,
    "office_name": null,
    "office_name_kana": null
  },
  "0162": {
    "postcode": "3400162",
    "prefecture": "埼玉県",
    "prefecture_kana": "サイタマケン",
    "prefecture_code": 11,
    "city": "幸手市",
    "city_kana": "サッテシ",
    "town": "下川崎",
    "town_kana": "シモカワサキ",
    "street": null,
    "office_name": null,
    "office_name_kana": null
  },
  "0163": {
    "postcode": "3400163",
    "prefecture": "埼玉県",
    "prefecture_kana": "サイタマケン",
    "prefecture_code": 11,
    "city": "幸手市",
    "city_kana": "サッテシ",
    "town": "中川崎",
    "town_kana": "ナカカワサキ",
    "street": null,
    "office_name": null,
    "office_name_kana": null
  },
  "0164": {
    "postcode": "3400164",
    "prefecture": "埼玉県",
    "prefecture_kana": "サイタマケン",
    "prefecture_code": 11,
    "city": "幸手市",
    "city_kana": "サッテシ",
    "town": "香日向",
    "town_kana": "カヒナタ",
    "street": null,
    "office_name": null,
    "office_name_kana": null
  },
  "0192": {
    "postcode": "3400192",
    "prefecture": "埼玉県",
    "prefecture_kana": "サイタマケン",
    "prefecture_code": 11,
    "city": "幸手市",
    "city_kana": "サッテシ",
    "town": "東",
    "town_kana": "ヒガシ",
    "street": "４丁目６−８",
    "office_name": "幸手市役所",
    "office_name_kana": "サツテシヤクシヨ"
  },
  "0193": {
    "postcode": "3400193",
    "prefecture": "埼玉県",
    "prefecture_kana": "サイタマケン",
    "prefecture_code": 11,
    "city": "幸手市",
    "city_kana": "サッテシ",
    "town": "大字権現堂",
    "town_kana": null,
    "street": "１１３４−２",
    "office_name": "コスモ石油　（株）　中央研究所",
    "office_name_kana": "コスモセキユ (カブ) チユウオウケンキユウシヨ"
  },
  "0194": {
    "postcode": "3400194",
    "prefecture": "埼玉県",
    "prefecture_kana": "サイタマケン",
    "prefecture_code": 11,
    "city": "幸手市",
    "city_kana": "サッテシ",
    "town": "神明内赤木",
    "town_kana": null,
    "street": "９８８番７",
    "office_name": "トラスコ中山　株式会社　プラネット埼玉",
    "office_name_kana": "トラスコナカヤマ カブシキガイシヤ プラネツトサイタマ"
  },
  "0201": {
    "postcode": "3400201",
    "prefecture": "埼玉県",
    "prefecture_kana": "サイタマケン",
    "prefecture_code": 11,
    "city": "久喜市",
    "city_kana": "クキシ",
    "town": "八甫",
    "town_kana": "ハッポウ",
    "street": null,
    "office_name": null,
    "office_name_kana": null
  },
  "0202": {
    "postcode": "3400202",
    "prefecture": "埼玉県",
    "prefecture_kana": "サイタマケン",
    "prefecture_code": 11,
    "city": "久喜市",
    "city_kana": "クキシ",
    "town": "東大輪",
    "town_kana": "ヒガシオオワ",
    "street": null,
    "office_name": null,
    "office_name_kana": null
  },
  "0203": {
    "postcode": "3400203",
    "prefecture": "埼玉県",
    "prefecture_kana": "サイタマケン",
    "prefecture_code": 11,
    "city": "久喜市",
    "city_kana": "クキシ",
    "town": "桜田",
    "town_kana": "サクラダ",
    "street": null,
    "office_name": null,
    "office_name_kana": null
  },
  "0204": {
    "postcode": "3400204",
    "prefecture": "埼玉県",
    "prefecture_kana": "サイタマケン",
    "prefecture_code": 11,
    "city": "久喜市",
    "city_kana": "クキシ",
    "town": "上川崎",
    "town_kana": "カミカワサキ",
    "street": null,
    "office_name": null,
    "office_name_kana": null
  },
  "0205": {
    "postcode": "3400205",
    "prefecture": "埼玉県",
    "prefecture_kana": "サイタマケン",
    "prefecture_code": 11,
    "city": "久喜市",
    "city_kana": "クキシ",
    "town": "外野",
    "town_kana": "ソトノ",
    "street": null,
    "office_name": null,
    "office_name_kana": null
  },
  "0206": {
    "postcode": "3400206",
    "prefecture": "埼玉県",
    "prefecture_kana": "サイタマケン",
    "prefecture_code": 11,
    "city": "久喜市",
    "city_kana": "クキシ",
    "town": "西大輪",
    "town_kana": "ニシオオワ",
    "street": null,
    "office_name": null,
    "office_name_kana": null
  },
  "0211": {
    "postcode": "3400211",
    "prefecture": "埼玉県",
    "prefecture_kana": "サイタマケン",
    "prefecture_code": 11,
    "city": "久喜市",
    "city_kana": "クキシ",
    "town": "上内",
    "town_kana": "ウエウチ",
    "street": null,
    "office_name": null,
    "office_name_kana": null
  },
  "0212": {
    "postcode": "3400212",
    "prefecture": "埼玉県",
    "prefecture_kana": "サイタマケン",
    "prefecture_code": 11,
    "city": "久喜市",
    "city_kana": "クキシ",
    "town": "久本寺",
    "town_kana": "キュウホンジ",
    "street": null,
    "office_name": null,
    "office_name_kana": null
  },
  "0213": {
    "postcode": "3400213",
    "prefecture": "埼玉県",
    "prefecture_kana": "サイタマケン",
    "prefecture_code": 11,
    "city": "久喜市",
    "city_kana": "クキシ",
    "town": "中妻",
    "town_kana": "ナカヅマ",
    "street": null,
    "office_name": null,
    "office_name_kana": null
  },
  "0214": {
    "postcode": "3400214",
    "prefecture": "埼玉県",
    "prefecture_kana": "サイタマケン",
    "prefecture_code": 11,
    "city": "久喜市",
    "city_kana": "クキシ",
    "town": "葛梅",
    "town_kana": "クズメ",
    "street": null,
    "office_name": null,
    "office_name_kana": null
  },
  "0215": {
    "postcode": "3400215",
    "prefecture": "埼玉県",
    "prefecture_kana": "サイタマケン",
    "prefecture_code": 11,
    "city": "久喜市",
    "city_kana": "クキシ",
    "town": "栄",
    "town_kana": "サカエ",
    "street": null,
    "office_name": null,
    "office_name_kana": null
  },
  "0216": {
    "postcode": "3400216",
    "prefecture": "埼玉県",
    "prefecture_kana": "サイタマケン",
    "prefecture_code": 11,
    "city": "久喜市",
    "city_kana": "クキシ",
    "town": "鷲宮中央",
    "town_kana": "ワシノミヤチュウオウ",
    "street": null,
    "office_name": null,
    "office_name_kana": null
  },
  "0217": {
    "postcode": "3400217",
    "prefecture": "埼玉県",
    "prefecture_kana": "サイタマケン",
    "prefecture_code": 11,
    "city": "久喜市",
    "city_kana": "クキシ",
    "town": "鷲宮",
    "town_kana": "ワシノミヤ",
    "street": null,
    "office_name": null,
    "office_name_kana": null
  },
  "0218": {
    "postcode": "3400218",
    "prefecture": "埼玉県",
    "prefecture_kana": "サイタマケン",
    "prefecture_code": 11,
    "city": "久喜市",
    "city_kana": "クキシ",
    "town": "砂原",
    "town_kana": "スナハラ",
    "street": null,
    "office_name": null,
    "office_name_kana": null
  },
  "0295": {
    "postcode": "3400295",
    "prefecture": "埼玉県",
    "prefecture_kana": "サイタマケン",
    "prefecture_code": 11,
    "city": "久喜市",
    "city_kana": "クキシ",
    "town": "鷲宮",
    "town_kana": "ワシノミヤ",
    "street": "６丁目１番１号",
    "office_name": "久喜市　鷲宮総合支所",
    "office_name_kana": "クキシ ワシノミヤソウゴウシシヨ"
  },
  "0800": {
    "postcode": "3400800",
    "prefecture": "埼玉県",
    "prefecture_kana": "サイタマケン",
    "prefecture_code": 11,
    "city": "八潮市",
    "city_kana": "ヤシオシ",
    "town": "",
    "town_kana": "",
    "street": null,
    "office_name": null,
    "office_name_kana": null
  },
  "0801": {
    "postcode": "3400801",
    "prefecture": "埼玉県",
    "prefecture_kana": "サイタマケン",
    "prefecture_code": 11,
    "city": "八潮市",
    "city_kana": "ヤシオシ",
    "town": "八條",
    "town_kana": "ハチジョウ",
    "street": null,
    "office_name": null,
    "office_name_kana": null
  },
  "0802": {
    "postcode": "3400802",
    "prefecture": "埼玉県",
    "prefecture_kana": "サイタマケン",
    "prefecture_code": 11,
    "city": "八潮市",
    "city_kana": "ヤシオシ",
    "town": "鶴ケ曽根",
    "town_kana": "ツルガソネ",
    "street": null,
    "office_name": null,
    "office_name_kana": null
  },
  "0803": {
    "postcode": "3400803",
    "prefecture": "埼玉県",
    "prefecture_kana": "サイタマケン",
    "prefecture_code": 11,
    "city": "八潮市",
    "city_kana": "ヤシオシ",
    "town": "上馬場",
    "town_kana": "カミバンバ",
    "street": null,
    "office_name": null,
    "office_name_kana": null
  },
  "0804": {
    "postcode": "3400804",
    "prefecture": "埼玉県",
    "prefecture_kana": "サイタマケン",
    "prefecture_code": 11,
    "city": "八潮市",
    "city_kana": "ヤシオシ",
    "town": "小作田",
    "town_kana": "コサクダ",
    "street": null,
    "office_name": null,
    "office_name_kana": null
  },
  "0805": {
    "postcode": "3400805",
    "prefecture": "埼玉県",
    "prefecture_kana": "サイタマケン",
    "prefecture_code": 11,
    "city": "八潮市",
    "city_kana": "ヤシオシ",
    "town": "松之木",
    "town_kana": "マツノキ",
    "street": null,
    "office_name": null,
    "office_name_kana": null
  },
  "0806": {
    "postcode": "3400806",
    "prefecture": "埼玉県",
    "prefecture_kana": "サイタマケン",
    "prefecture_code": 11,
    "city": "八潮市",
    "city_kana": "ヤシオシ",
    "town": "伊草",
    "town_kana": "イグサ",
    "street": null,
    "office_name": null,
    "office_name_kana": null
  },
  "0807": {
    "postcode": "3400807",
    "prefecture": "埼玉県",
    "prefecture_kana": "サイタマケン",
    "prefecture_code": 11,
    "city": "八潮市",
    "city_kana": "ヤシオシ",
    "town": "新町",
    "town_kana": "シンマチ",
    "street": null,
    "office_name": null,
    "office_name_kana": null
  },
  "0808": {
    "postcode": "3400808",
    "prefecture": "埼玉県",
    "prefecture_kana": "サイタマケン",
    "prefecture_code": 11,
    "city": "八潮市",
    "city_kana": "ヤシオシ",
    "town": "緑町",
    "town_kana": "ミドリチョウ",
    "street": null,
    "office_name": null,
    "office_name_kana": null
  },
  "0811": {
    "postcode": "3400811",
    "prefecture": "埼玉県",
    "prefecture_kana": "サイタマケン",
    "prefecture_code": 11,
    "city": "八潮市",
    "city_kana": "ヤシオシ",
    "town": "二丁目",
    "town_kana": "ニチョウメ",
    "street": null,
    "office_name": null,
    "office_name_kana": null
  },
  "0812": {
    "postcode": "3400812",
    "prefecture": "埼玉県",
    "prefecture_kana": "サイタマケン",
    "prefecture_code": 11,
    "city": "八潮市",
    "city_kana": "ヤシオシ",
    "town": "中馬場",
    "town_kana": "ナカバンバ",
    "street": null,
    "office_name": null,
    "office_name_kana": null
  },
  "0813": {
    "postcode": "3400813",
    "prefecture": "埼玉県",
    "prefecture_kana": "サイタマケン",
    "prefecture_code": 11,
    "city": "八潮市",
    "city_kana": "ヤシオシ",
    "town": "木曽根",
    "town_kana": "キゾネ",
    "street": null,
    "office_name": null,
    "office_name_kana": null
  },
  "0814": {
    "postcode": "3400814",
    "prefecture": "埼玉県",
    "prefecture_kana": "サイタマケン",
    "prefecture_code": 11,
    "city": "八潮市",
    "city_kana": "ヤシオシ",
    "town": "南川崎",
    "town_kana": "ミナミカワサキ",
    "street": null,
    "office_name": null,
    "office_name_kana": null
  },
  "0815": {
    "postcode": "3400815",
    "prefecture": "埼玉県",
    "prefecture_kana": "サイタマケン",
    "prefecture_code": 11,
    "city": "八潮市",
    "city_kana": "ヤシオシ",
    "town": "八潮",
    "town_kana": "ヤシオ",
    "street": null,
    "office_name": null,
    "office_name_kana": null
  },
  "0816": {
    "postcode": "3400816",
    "prefecture": "埼玉県",
    "prefecture_kana": "サイタマケン",
    "prefecture_code": 11,
    "city": "八潮市",
    "city_kana": "ヤシオシ",
    "town": "中央",
    "town_kana": "チュウオウ",
    "street": null,
    "office_name": null,
    "office_name_kana": null
  },
  "0821": {
    "postcode": "3400821",
    "prefecture": "埼玉県",
    "prefecture_kana": "サイタマケン",
    "prefecture_code": 11,
    "city": "八潮市",
    "city_kana": "ヤシオシ",
    "town": "伊勢野",
    "town_kana": "イセノ",
    "street": null,
    "office_name": null,
    "office_name_kana": null
  },
  "0822": {
    "postcode": "3400822",
    "prefecture": "埼玉県",
    "prefecture_kana": "サイタマケン",
    "prefecture_code": 11,
    "city": "八潮市",
    "city_kana": "ヤシオシ",
    "town": "大瀬",
    "town_kana": "オオゼ",
    "street": null,
    "office_name": null,
    "office_name_kana": null
  },
  "0823": {
    "postcode": "3400823",
    "prefecture": "埼玉県",
    "prefecture_kana": "サイタマケン",
    "prefecture_code": 11,
    "city": "八潮市",
    "city_kana": "ヤシオシ",
    "town": "古新田",
    "town_kana": "コシンデン",
    "street": null,
    "office_name": null,
    "office_name_kana": null
  },
  "0824": {
    "postcode": "3400824",
    "prefecture": "埼玉県",
    "prefecture_kana": "サイタマケン",
    "prefecture_code": 11,
    "city": "八潮市",
    "city_kana": "ヤシオシ",
    "town": "垳",
    "town_kana": "ガケ",
    "street": null,
    "office_name": null,
    "office_name_kana": null
  },
  "0825": {
    "postcode": "3400825",
    "prefecture": "埼玉県",
    "prefecture_kana": "サイタマケン",
    "prefecture_code": 11,
    "city": "八潮市",
    "city_kana": "ヤシオシ",
    "town": "大原",
    "town_kana": "ダイバラ",
    "street": null,
    "office_name": null,
    "office_name_kana": null
  },
  "0826": {
    "postcode": "3400826",
    "prefecture": "埼玉県",
    "prefecture_kana": "サイタマケン",
    "prefecture_code": 11,
    "city": "八潮市",
    "city_kana": "ヤシオシ",
    "town": "茜町",
    "town_kana": "アカネチョウ",
    "street": null,
    "office_name": null,
    "office_name_kana": null
  },
  "0831": {
    "postcode": "3400831",
    "prefecture": "埼玉県",
    "prefecture_kana": "サイタマケン",
    "prefecture_code": 11,
    "city": "八潮市",
    "city_kana": "ヤシオシ",
    "town": "南後谷",
    "town_kana": "ミナミウシロヤ",
    "street": null,
    "office_name": null,
    "office_name_kana": null
  },
  "0832": {
    "postcode": "3400832",
    "prefecture": "埼玉県",
    "prefecture_kana": "サイタマケン",
    "prefecture_code": 11,
    "city": "八潮市",
    "city_kana": "ヤシオシ",
    "town": "柳之宮",
    "town_kana": "ヤナギノミヤ",
    "street": null,
    "office_name": null,
    "office_name_kana": null
  },
  "0833": {
    "postcode": "3400833",
    "prefecture": "埼玉県",
    "prefecture_kana": "サイタマケン",
    "prefecture_code": 11,
    "city": "八潮市",
    "city_kana": "ヤシオシ",
    "town": "西袋",
    "town_kana": "ニシブクロ",
    "street": null,
    "office_name": null,
    "office_name_kana": null
  },
  "0834": {
    "postcode": "3400834",
    "prefecture": "埼玉県",
    "prefecture_kana": "サイタマケン",
    "prefecture_code": 11,
    "city": "八潮市",
    "city_kana": "ヤシオシ",
    "town": "大曽根",
    "town_kana": "オオソネ",
    "street": null,
    "office_name": null,
    "office_name_kana": null
  },
  "0835": {
    "postcode": "3400835",
    "prefecture": "埼玉県",
    "prefecture_kana": "サイタマケン",
    "prefecture_code": 11,
    "city": "八潮市",
    "city_kana": "ヤシオシ",
    "town": "浮塚",
    "town_kana": "ウキヅカ",
    "street": null,
    "office_name": null,
    "office_name_kana": null
  },
  "8501": {
    "postcode": "3408501",
    "prefecture": "埼玉県",
    "prefecture_kana": "サイタマケン",
    "prefecture_code": 11,
    "city": "草加市",
    "city_kana": "ソウカシ",
    "town": "北谷",
    "town_kana": "キタヤ",
    "street": "３丁目４０−７",
    "office_name": "株式会社　ティ・アンド・ケイ・パッケージ",
    "office_name_kana": "カブシキガイシヤ テイ・アンド・ケイ・パツケ-ジ"
  },
  "8509": {
    "postcode": "3408509",
    "prefecture": "埼玉県",
    "prefecture_kana": "サイタマケン",
    "prefecture_code": 11,
    "city": "草加市",
    "city_kana": "ソウカシ",
    "town": "弁天",
    "town_kana": "ベンテン",
    "street": "４丁目１０−７",
    "office_name": "草加公共職業安定所",
    "office_name_kana": "ソウカコウキヨウシヨクギヨウアンテイジヨ"
  },
  "8510": {
    "postcode": "3408510",
    "prefecture": "埼玉県",
    "prefecture_kana": "サイタマケン",
    "prefecture_code": 11,
    "city": "草加市",
    "city_kana": "ソウカシ",
    "town": "苗塚町",
    "town_kana": "ナエヅカチョウ",
    "street": "５７７",
    "office_name": "富安金属印刷　株式会社",
    "office_name_kana": "トミヤスキンゾクインサツ カブシキガイシヤ"
  },
  "8511": {
    "postcode": "3408511",
    "prefecture": "埼玉県",
    "prefecture_kana": "サイタマケン",
    "prefecture_code": 11,
    "city": "草加市",
    "city_kana": "ソウカシ",
    "town": "谷塚上町",
    "town_kana": "ヤツカカミチョウ",
    "street": "５６５",
    "office_name": "旭鋼管工業　株式会社",
    "office_name_kana": "アサヒコウカンコウギヨウ カブシキガイシヤ"
  },
  "8520": {
    "postcode": "3408520",
    "prefecture": "埼玉県",
    "prefecture_kana": "サイタマケン",
    "prefecture_code": 11,
    "city": "八潮市",
    "city_kana": "ヤシオシ",
    "town": "南後谷",
    "town_kana": "ミナミウシロヤ",
    "street": "９９",
    "office_name": "株式会社　イー・ロジット　埼玉フルフィルメントセンター",
    "office_name_kana": "カブシキガイシヤ イ-・ロジツト サイタマフルフイルメントセンタ-"
  },
  "8524": {
    "postcode": "3408524",
    "prefecture": "埼玉県",
    "prefecture_kana": "サイタマケン",
    "prefecture_code": 11,
    "city": "草加市",
    "city_kana": "ソウカシ",
    "town": "原町",
    "town_kana": "ハラチョウ",
    "street": "２丁目７−１",
    "office_name": "埼玉県立草加西高等学校",
    "office_name_kana": "サイタマケンリツソウカニシコウトウガツコウ"
  },
  "8533": {
    "postcode": "3408533",
    "prefecture": "埼玉県",
    "prefecture_kana": "サイタマケン",
    "prefecture_code": 11,
    "city": "草加市",
    "city_kana": "ソウカシ",
    "town": "遊馬町",
    "town_kana": "アスマチョウ",
    "street": "８６２−１",
    "office_name": "株式会社　流通サービス",
    "office_name_kana": "カブシキガイシヤ リユウツウサ-ビス"
  },
  "8550": {
    "postcode": "3408550",
    "prefecture": "埼玉県",
    "prefecture_kana": "サイタマケン",
    "prefecture_code": 11,
    "city": "草加市",
    "city_kana": "ソウカシ",
    "town": "高砂",
    "town_kana": "タカサゴ",
    "street": "１丁目１−１",
    "office_name": "草加市役所",
    "office_name_kana": "ソウカシヤクシヨ"
  },
  "8551": {
    "postcode": "3408551",
    "prefecture": "埼玉県",
    "prefecture_kana": "サイタマケン",
    "prefecture_code": 11,
    "city": "草加市",
    "city_kana": "ソウカシ",
    "town": "住吉",
    "town_kana": "スミヨシ",
    "street": "１丁目１３−１０",
    "office_name": "堀川産業　株式会社",
    "office_name_kana": "ホリカワサンギヨウ カブシキガイシヤ"
  },
  "8555": {
    "postcode": "3408555",
    "prefecture": "埼玉県",
    "prefecture_kana": "サイタマケン",
    "prefecture_code": 11,
    "city": "草加市",
    "city_kana": "ソウカシ",
    "town": "吉町",
    "town_kana": "ヨシチョウ",
    "street": "４丁目１０−４５",
    "office_name": "草加市　水道部",
    "office_name_kana": "ソウカシ スイドウブ"
  },
  "8560": {
    "postcode": "3408560",
    "prefecture": "埼玉県",
    "prefecture_kana": "サイタマケン",
    "prefecture_code": 11,
    "city": "草加市",
    "city_kana": "ソウカシ",
    "town": "草加",
    "town_kana": "ソウカ",
    "street": "２丁目２１−１",
    "office_name": "草加市立病院",
    "office_name_kana": "ソウカシリツビヨウイン"
  },
  "8567": {
    "postcode": "3408567",
    "prefecture": "埼玉県",
    "prefecture_kana": "サイタマケン",
    "prefecture_code": 11,
    "city": "草加市",
    "city_kana": "ソウカシ",
    "town": "谷塚",
    "town_kana": "ヤツカ",
    "street": "１−１８−１３",
    "office_name": "タカギ冷機　株式会社",
    "office_name_kana": "タカギレイキ カブシキガイシヤ"
  },
  "8568": {
    "postcode": "3408568",
    "prefecture": "埼玉県",
    "prefecture_kana": "サイタマケン",
    "prefecture_code": 11,
    "city": "草加市",
    "city_kana": "ソウカシ",
    "town": "谷塚上町",
    "town_kana": "ヤツカカミチョウ",
    "street": "４３４",
    "office_name": "株式会社　川島製作所",
    "office_name_kana": "カブシキガイシヤ カワシマセイサクシヨ"
  },
  "8577": {
    "postcode": "3408577",
    "prefecture": "埼玉県",
    "prefecture_kana": "サイタマケン",
    "prefecture_code": 11,
    "city": "草加市",
    "city_kana": "ソウカシ",
    "town": "高砂",
    "town_kana": "タカサゴ",
    "street": "１丁目７−３６",
    "office_name": "東日本電信電話　株式会社　草加ビル",
    "office_name_kana": "ヒガシニホンデンシンデンワ カブシキカイシヤ ソウカビル"
  },
  "8585": {
    "postcode": "3408585",
    "prefecture": "埼玉県",
    "prefecture_kana": "サイタマケン",
    "prefecture_code": 11,
    "city": "草加市",
    "city_kana": "ソウカシ",
    "town": "学園町",
    "town_kana": "ガクエンチョウ",
    "street": "１−１",
    "office_name": "獨協大学　入試部",
    "office_name_kana": "ドツキヨウダイガク ニユウシブ"
  },
  "8588": {
    "postcode": "3408588",
    "prefecture": "埼玉県",
    "prefecture_kana": "サイタマケン",
    "prefecture_code": 11,
    "city": "八潮市",
    "city_kana": "ヤシオシ",
    "town": "中央",
    "town_kana": "チュウオウ",
    "street": "１丁目２−１",
    "office_name": "八潮市役所",
    "office_name_kana": "ヤシオシヤクシヨ"
  },
  "8610": {
    "postcode": "3408610",
    "prefecture": "埼玉県",
    "prefecture_kana": "サイタマケン",
    "prefecture_code": 11,
    "city": "草加市",
    "city_kana": "ソウカシ",
    "town": "稲荷",
    "town_kana": "イナリ",
    "street": "１丁目１１−１",
    "office_name": "天田印刷加工　株式会社",
    "office_name_kana": "アマダインサツカコウ カブシキガイシヤ"
  },
  "8611": {
    "postcode": "3408611",
    "prefecture": "埼玉県",
    "prefecture_kana": "サイタマケン",
    "prefecture_code": 11,
    "city": "草加市",
    "city_kana": "ソウカシ",
    "town": "松江",
    "town_kana": "マツエ",
    "street": "４丁目２−６",
    "office_name": "株式会社　クレシア　東京工場",
    "office_name_kana": "カブシキガイシヤ クレシア トウキヨウコウジヨウ"
  },
  "8659": {
    "postcode": "3408659",
    "prefecture": "埼玉県",
    "prefecture_kana": "サイタマケン",
    "prefecture_code": 11,
    "city": "草加市",
    "city_kana": "ソウカシ",
    "town": "稲荷",
    "town_kana": "イナリ",
    "street": "６丁目１９−１（草加郵便局私書箱第１７号）",
    "office_name": "ＳＭＣ　株式会社",
    "office_name_kana": "エスエムシ- カブシキガイシヤ"
  },
  "8686": {
    "postcode": "3408686",
    "prefecture": "埼玉県",
    "prefecture_kana": "サイタマケン",
    "prefecture_code": 11,
    "city": "草加市",
    "city_kana": "ソウカシ",
    "town": "稲荷",
    "town_kana": "イナリ",
    "street": "５丁目１９−１（草加郵便局私書箱第１５号）",
    "office_name": "ソマール　株式会社",
    "office_name_kana": "ソマ-ル カブシキガイシヤ"
  }
}