{
  "0000": {
    "postcode": "3850000",
    "prefecture": "長野県",
    "prefecture_kana": "ナガノケン",
    "prefecture_code": 20,
    "city": "佐久市",
    "city_kana": "サクシ",
    "town": "",
    "town_kana": "",
    "street": null,
    "office_name": null,
    "office_name_kana": null
  },
  "0001": {
    "postcode": "3850001",
    "prefecture": "長野県",
    "prefecture_kana": "ナガノケン",
    "prefecture_code": 20,
    "city": "佐久市",
    "city_kana": "サクシ",
    "town": "横根",
    "town_kana": "ヨコネ",
    "street": null,
    "office_name": null,
    "office_name_kana": null
  },
  "0002": {
    "postcode": "3850002",
    "prefecture": "長野県",
    "prefecture_kana": "ナガノケン",
    "prefecture_code": 20,
    "city": "佐久市",
    "city_kana": "サクシ",
    "town": "上平尾",
    "town_kana": "カミヒラオ",
    "street": null,
    "office_name": null,
    "office_name_kana": null
  },
  "0003": {
    "postcode": "3850003",
    "prefecture": "長野県",
    "prefecture_kana": "ナガノケン",
    "prefecture_code": 20,
    "city": "佐久市",
    "city_kana": "サクシ",
    "town": "下平尾",
    "town_kana": "シモヒラオ",
    "street": null,
    "office_name": null,
    "office_name_kana": null
  },
  "0004": {
    "postcode": "3850004",
    "prefecture": "長野県",
    "prefecture_kana": "ナガノケン",
    "prefecture_code": 20,
    "city": "佐久市",
    "city_kana": "サクシ",
    "town": "安原",
    "town_kana": "ヤスハラ",
    "street": null,
    "office_name": null,
    "office_name_kana": null
  },
  "0005": {
    "postcode": "3850005",
    "prefecture": "長野県",
    "prefecture_kana": "ナガノケン",
    "prefecture_code": 20,
    "city": "佐久市",
    "city_kana": "サクシ",
    "town": "香坂",
    "town_kana": "コウサカ",
    "street": null,
    "office_name": null,
    "office_name_kana": null
  },
  "0006": {
    "postcode": "3850006",
    "prefecture": "長野県",
    "prefecture_kana": "ナガノケン",
    "prefecture_code": 20,
    "city": "佐久市",
    "city_kana": "サクシ",
    "town": "志賀",
    "town_kana": "シガ",
    "street": null,
    "office_name": null,
    "office_name_kana": null
  },
  "0007": {
    "postcode": "3850007",
    "prefecture": "長野県",
    "prefecture_kana": "ナガノケン",
    "prefecture_code": 20,
    "city": "佐久市",
    "city_kana": "サクシ",
    "town": "新子田",
    "town_kana": "アラコダ",
    "street": null,
    "office_name": null,
    "office_name_kana": null
  },
  "0009": {
    "postcode": "3850009",
    "prefecture": "長野県",
    "prefecture_kana": "ナガノケン",
    "prefecture_code": 20,
    "city": "佐久市",
    "city_kana": "サクシ",
    "town": "小田井",
    "town_kana": "オタイ",
    "street": null,
    "office_name": null,
    "office_name_kana": null
  },
  "0011": {
    "postcode": "3850011",
    "prefecture": "長野県",
    "prefecture_kana": "ナガノケン",
    "prefecture_code": 20,
    "city": "佐久市",
    "city_kana": "サクシ",
    "town": "猿久保",
    "town_kana": "サルクボ",
    "street": null,
    "office_name": null,
    "office_name_kana": null
  },
  "0012": {
    "postcode": "3850012",
    "prefecture": "長野県",
    "prefecture_kana": "ナガノケン",
    "prefecture_code": 20,
    "city": "佐久市",
    "city_kana": "サクシ",
    "town": "根々井",
    "town_kana": "ネネイ",
    "street": null,
    "office_name": null,
    "office_name_kana": null
  },
  "0013": {
    "postcode": "3850013",
    "prefecture": "長野県",
    "prefecture_kana": "ナガノケン",
    "prefecture_code": 20,
    "city": "佐久市",
    "city_kana": "サクシ",
    "town": "横和",
    "town_kana": "ヨコワ",
    "street": null,
    "office_name": null,
    "office_name_kana": null
  },
  "0014": {
    "postcode": "3850014",
    "prefecture": "長野県",
    "prefecture_kana": "ナガノケン",
    "prefecture_code": 20,
    "city": "佐久市",
    "city_kana": "サクシ",
    "town": "三河田",
    "town_kana": "ミカワダ",
    "street": null,
    "office_name": null,
    "office_name_kana": null
  },
  "0015": {
    "postcode": "3850015",
    "prefecture": "長野県",
    "prefecture_kana": "ナガノケン",
    "prefecture_code": 20,
    "city": "佐久市",
    "city_kana": "サクシ",
    "town": "今井",
    "town_kana": "イマイ",
    "street": null,
    "office_name": null,
    "office_name_kana": null
  },
  "0016": {
    "postcode": "3850016",
    "prefecture": "長野県",
    "prefecture_kana": "ナガノケン",
    "prefecture_code": 20,
    "city": "佐久市",
    "city_kana": "サクシ",
    "town": "鳴瀬",
    "town_kana": "ナルセ",
    "street": null,
    "office_name": null,
    "office_name_kana": null
  },
  "0021": {
    "postcode": "3850021",
    "prefecture": "長野県",
    "prefecture_kana": "ナガノケン",
    "prefecture_code": 20,
    "city": "佐久市",
    "city_kana": "サクシ",
    "town": "長土呂",
    "town_kana": "ナガトロ",
    "street": null,
    "office_name": null,
    "office_name_kana": null
  },
  "0022": {
    "postcode": "3850022",
    "prefecture": "長野県",
    "prefecture_kana": "ナガノケン",
    "prefecture_code": 20,
    "city": "佐久市",
    "city_kana": "サクシ",
    "town": "岩村田",
    "town_kana": "イワムラダ",
    "street": null,
    "office_name": null,
    "office_name_kana": null
  },
  "0023": {
    "postcode": "3850023",
    "prefecture": "長野県",
    "prefecture_kana": "ナガノケン",
    "prefecture_code": 20,
    "city": "佐久市",
    "city_kana": "サクシ",
    "town": "岩村田北",
    "town_kana": "イワムラダキタ",
    "street": null,
    "office_name": null,
    "office_name_kana": null
  },
  "0024": {
    "postcode": "3850024",
    "prefecture": "長野県",
    "prefecture_kana": "ナガノケン",
    "prefecture_code": 20,
    "city": "佐久市",
    "city_kana": "サクシ",
    "town": "平塚",
    "town_kana": "ヒラツカ",
    "street": null,
    "office_name": null,
    "office_name_kana": null
  },
  "0025": {
    "postcode": "3850025",
    "prefecture": "長野県",
    "prefecture_kana": "ナガノケン",
    "prefecture_code": 20,
    "city": "佐久市",
    "city_kana": "サクシ",
    "town": "塚原",
    "town_kana": "ツカバラ",
    "street": null,
    "office_name": null,
    "office_name_kana": null
  },
  "0026": {
    "postcode": "3850026",
    "prefecture": "長野県",
    "prefecture_kana": "ナガノケン",
    "prefecture_code": 20,
    "city": "佐久市",
    "city_kana": "サクシ",
    "town": "常田",
    "town_kana": "トキダ",
    "street": null,
    "office_name": null,
    "office_name_kana": null
  },
  "0027": {
    "postcode": "3850027",
    "prefecture": "長野県",
    "prefecture_kana": "ナガノケン",
    "prefecture_code": 20,
    "city": "佐久市",
    "city_kana": "サクシ",
    "town": "佐久平駅北",
    "town_kana": "サクダイラエキキタ",
    "street": null,
    "office_name": null,
    "office_name_kana": null
  },
  "0028": {
    "postcode": "3850028",
    "prefecture": "長野県",
    "prefecture_kana": "ナガノケン",
    "prefecture_code": 20,
    "city": "佐久市",
    "city_kana": "サクシ",
    "town": "佐久平駅東",
    "town_kana": "サクダイラエキヒガシ",
    "street": null,
    "office_name": null,
    "office_name_kana": null
  },
  "0029": {
    "postcode": "3850029",
    "prefecture": "長野県",
    "prefecture_kana": "ナガノケン",
    "prefecture_code": 20,
    "city": "佐久市",
    "city_kana": "サクシ",
    "town": "佐久平駅南",
    "town_kana": "サクダイラエキミナミ",
    "street": null,
    "office_name": null,
    "office_name_kana": null
  },
  "0031": {
    "postcode": "3850031",
    "prefecture": "長野県",
    "prefecture_kana": "ナガノケン",
    "prefecture_code": 20,
    "city": "佐久市",
    "city_kana": "サクシ",
    "town": "内山",
    "town_kana": "ウチヤマ",
    "street": null,
    "office_name": null,
    "office_name_kana": null
  },
  "0032": {
    "postcode": "3850032",
    "prefecture": "長野県",
    "prefecture_kana": "ナガノケン",
    "prefecture_code": 20,
    "city": "佐久市",
    "city_kana": "サクシ",
    "town": "常和",
    "town_kana": "トキワ",
    "street": null,
    "office_name": null,
    "office_name_kana": null
  },
  "0033": {
    "postcode": "3850033",
    "prefecture": "長野県",
    "prefecture_kana": "ナガノケン",
    "prefecture_code": 20,
    "city": "佐久市",
    "city_kana": "サクシ",
    "town": "太田部",
    "town_kana": "オオタベ",
    "street": null,
    "office_name": null,
    "office_name_kana": null
  },
  "0034": {
    "postcode": "3850034",
    "prefecture": "長野県",
    "prefecture_kana": "ナガノケン",
    "prefecture_code": 20,
    "city": "佐久市",
    "city_kana": "サクシ",
    "town": "平賀",
    "town_kana": "ヒラカ",
    "street": null,
    "office_name": null,
    "office_name_kana": null
  },
  "0035": {
    "postcode": "3850035",
    "prefecture": "長野県",
    "prefecture_kana": "ナガノケン",
    "prefecture_code": 20,
    "city": "佐久市",
    "city_kana": "サクシ",
    "town": "瀬戸",
    "town_kana": "セト",
    "street": null,
    "office_name": null,
    "office_name_kana": null
  },
  "0041": {
    "postcode": "3850041",
    "prefecture": "長野県",
    "prefecture_kana": "ナガノケン",
    "prefecture_code": 20,
    "city": "佐久市",
    "city_kana": "サクシ",
    "town": "鍛冶屋",
    "town_kana": "カジヤ",
    "street": null,
    "office_name": null,
    "office_name_kana": null
  },
  "0042": {
    "postcode": "3850042",
    "prefecture": "長野県",
    "prefecture_kana": "ナガノケン",
    "prefecture_code": 20,
    "city": "佐久市",
    "city_kana": "サクシ",
    "town": "高柳",
    "town_kana": "タカヤギ",
    "street": null,
    "office_name": null,
    "office_name_kana": null
  },
  "0043": {
    "postcode": "3850043",
    "prefecture": "長野県",
    "prefecture_kana": "ナガノケン",
    "prefecture_code": 20,
    "city": "佐久市",
    "city_kana": "サクシ",
    "town": "取出町",
    "town_kana": "トリデマチ",
    "street": null,
    "office_name": null,
    "office_name_kana": null
  },
  "0044": {
    "postcode": "3850044",
    "prefecture": "長野県",
    "prefecture_kana": "ナガノケン",
    "prefecture_code": 20,
    "city": "佐久市",
    "city_kana": "サクシ",
    "town": "本新町",
    "town_kana": "ホンシンマチ",
    "street": null,
    "office_name": null,
    "office_name_kana": null
  },
  "0045": {
    "postcode": "3850045",
    "prefecture": "長野県",
    "prefecture_kana": "ナガノケン",
    "prefecture_code": 20,
    "city": "佐久市",
    "city_kana": "サクシ",
    "town": "大沢",
    "town_kana": "オオサワ",
    "street": null,
    "office_name": null,
    "office_name_kana": null
  },
  "0046": {
    "postcode": "3850046",
    "prefecture": "長野県",
    "prefecture_kana": "ナガノケン",
    "prefecture_code": 20,
    "city": "佐久市",
    "city_kana": "サクシ",
    "town": "前山",
    "town_kana": "マエヤマ",
    "street": null,
    "office_name": null,
    "office_name_kana": null
  },
  "0047": {
    "postcode": "3850047",
    "prefecture": "長野県",
    "prefecture_kana": "ナガノケン",
    "prefecture_code": 20,
    "city": "佐久市",
    "city_kana": "サクシ",
    "town": "小宮山",
    "town_kana": "コミヤマ",
    "street": null,
    "office_name": null,
    "office_name_kana": null
  },
  "0051": {
    "postcode": "3850051",
    "prefecture": "長野県",
    "prefecture_kana": "ナガノケン",
    "prefecture_code": 20,
    "city": "佐久市",
    "city_kana": "サクシ",
    "town": "中込",
    "town_kana": "ナカゴミ",
    "street": null,
    "office_name": null,
    "office_name_kana": null
  },
  "0052": {
    "postcode": "3850052",
    "prefecture": "長野県",
    "prefecture_kana": "ナガノケン",
    "prefecture_code": 20,
    "city": "佐久市",
    "city_kana": "サクシ",
    "town": "原",
    "town_kana": "ハラ",
    "street": null,
    "office_name": null,
    "office_name_kana": null
  },
  "0053": {
    "postcode": "3850053",
    "prefecture": "長野県",
    "prefecture_kana": "ナガノケン",
    "prefecture_code": 20,
    "city": "佐久市",
    "city_kana": "サクシ",
    "town": "野沢",
    "town_kana": "ノザワ",
    "street": null,
    "office_name": null,
    "office_name_kana": null
  },
  "0054": {
    "postcode": "3850054",
    "prefecture": "長野県",
    "prefecture_kana": "ナガノケン",
    "prefecture_code": 20,
    "city": "佐久市",
    "city_kana": "サクシ",
    "town": "跡部",
    "town_kana": "アトベ",
    "street": null,
    "office_name": null,
    "office_name_kana": null
  },
  "0055": {
    "postcode": "3850055",
    "prefecture": "長野県",
    "prefecture_kana": "ナガノケン",
    "prefecture_code": 20,
    "city": "佐久市",
    "city_kana": "サクシ",
    "town": "三塚",
    "town_kana": "ミチヅカ",
    "street": null,
    "office_name": null,
    "office_name_kana": null
  },
  "0056": {
    "postcode": "3850056",
    "prefecture": "長野県",
    "prefecture_kana": "ナガノケン",
    "prefecture_code": 20,
    "city": "佐久市",
    "city_kana": "サクシ",
    "town": "桜井",
    "town_kana": "サクライ",
    "street": null,
    "office_name": null,
    "office_name_kana": null
  },
  "0061": {
    "postcode": "3850061",
    "prefecture": "長野県",
    "prefecture_kana": "ナガノケン",
    "prefecture_code": 20,
    "city": "佐久市",
    "city_kana": "サクシ",
    "town": "伴野",
    "town_kana": "トモノ",
    "street": null,
    "office_name": null,
    "office_name_kana": null
  },
  "0062": {
    "postcode": "3850062",
    "prefecture": "長野県",
    "prefecture_kana": "ナガノケン",
    "prefecture_code": 20,
    "city": "佐久市",
    "city_kana": "サクシ",
    "town": "根岸",
    "town_kana": "ネギシ",
    "street": null,
    "office_name": null,
    "office_name_kana": null
  },
  "0063": {
    "postcode": "3850063",
    "prefecture": "長野県",
    "prefecture_kana": "ナガノケン",
    "prefecture_code": 20,
    "city": "佐久市",
    "city_kana": "サクシ",
    "town": "東立科",
    "town_kana": "ヒガシタテシナ",
    "street": null,
    "office_name": null,
    "office_name_kana": null
  },
  "8501": {
    "postcode": "3858501",
    "prefecture": "長野県",
    "prefecture_kana": "ナガノケン",
    "prefecture_code": 20,
    "city": "佐久市",
    "city_kana": "サクシ",
    "town": "大字中込",
    "town_kana": null,
    "street": "３０５６",
    "office_name": "佐久市役所",
    "office_name_kana": "サクシヤクシヨ"
  },
  "8511": {
    "postcode": "3858511",
    "prefecture": "長野県",
    "prefecture_kana": "ナガノケン",
    "prefecture_code": 20,
    "city": "佐久市",
    "city_kana": "サクシ",
    "town": "根々井",
    "town_kana": "ネネイ",
    "street": "１５−１０",
    "office_name": "樫山工業　株式会社",
    "office_name_kana": "カシヤマコウギヨウ カブシキガイシヤ"
  },
  "8522": {
    "postcode": "3858522",
    "prefecture": "長野県",
    "prefecture_kana": "ナガノケン",
    "prefecture_code": 20,
    "city": "佐久市",
    "city_kana": "サクシ",
    "town": "佐久平駅南",
    "town_kana": "サクダイラエキミナミ",
    "street": "１１−１",
    "office_name": "イオン　佐久平店",
    "office_name_kana": "イオン サクダイラテン"
  },
  "8533": {
    "postcode": "3858533",
    "prefecture": "長野県",
    "prefecture_kana": "ナガノケン",
    "prefecture_code": 20,
    "city": "佐久市",
    "city_kana": "サクシ",
    "town": "大字跡部",
    "town_kana": null,
    "street": "６５−１",
    "office_name": "佐久地方事務所",
    "office_name_kana": "サクチホウジムシヨ"
  },
  "8555": {
    "postcode": "3858555",
    "prefecture": "長野県",
    "prefecture_kana": "ナガノケン",
    "prefecture_code": 20,
    "city": "佐久市",
    "city_kana": "サクシ",
    "town": "小田井",
    "town_kana": "オタイ",
    "street": "５４３",
    "office_name": "ＴＤＫ株式会社　浅間テクノ工場",
    "office_name_kana": "テイ-デイ-ケイ カブシキガイシヤ アサマテクノコウジヨウ"
  },
  "8558": {
    "postcode": "3858558",
    "prefecture": "長野県",
    "prefecture_kana": "ナガノケン",
    "prefecture_code": 20,
    "city": "佐久市",
    "city_kana": "サクシ",
    "town": "岩村田",
    "town_kana": "イワムラダ",
    "street": "１８６２−１",
    "office_name": "佐久市立国保　浅間総合病院",
    "office_name_kana": "サクシリツコクホ アサマソウゴウビヨウイン"
  },
  "8585": {
    "postcode": "3858585",
    "prefecture": "長野県",
    "prefecture_kana": "ナガノケン",
    "prefecture_code": 20,
    "city": "佐久市",
    "city_kana": "サクシ",
    "town": "猿久保",
    "town_kana": "サルクボ",
    "street": "８８２",
    "office_name": "ＪＡ　佐久浅間",
    "office_name_kana": "ジエイエイ サクアサマ"
  },
  "8586": {
    "postcode": "3858586",
    "prefecture": "長野県",
    "prefecture_kana": "ナガノケン",
    "prefecture_code": 20,
    "city": "佐久市",
    "city_kana": "サクシ",
    "town": "大字中込中込原北",
    "town_kana": null,
    "street": "３６００",
    "office_name": "ツガミ　株式会社　信州工場",
    "office_name_kana": "ツガミ カブシキガイシヤ シンシユウコウジヨウ"
  },
  "8588": {
    "postcode": "3858588",
    "prefecture": "長野県",
    "prefecture_kana": "ナガノケン",
    "prefecture_code": 20,
    "city": "佐久市",
    "city_kana": "サクシ",
    "town": "岩村田",
    "town_kana": "イワムラダ",
    "street": "９５１",
    "office_name": "佐久長聖高等学校",
    "office_name_kana": "サクチヨウセイコウトウガツコウ"
  },
  "8601": {
    "postcode": "3858601",
    "prefecture": "長野県",
    "prefecture_kana": "ナガノケン",
    "prefecture_code": 20,
    "city": "佐久市",
    "city_kana": "サクシ",
    "town": "小田井",
    "town_kana": "オタイ",
    "street": "４６２−１",
    "office_name": "ＴＤＫ　株式会社　千曲川テクノ工場",
    "office_name_kana": "テイデイケイ カブシキガイシヤ チクマガワテクノコウジヨウ"
  },
  "8611": {
    "postcode": "3858611",
    "prefecture": "長野県",
    "prefecture_kana": "ナガノケン",
    "prefecture_code": 20,
    "city": "佐久市",
    "city_kana": "サクシ",
    "town": "大字岩村田",
    "town_kana": null,
    "street": "１２０１−２",
    "office_name": "佐久税務署",
    "office_name_kana": "サクゼイムシヨ"
  },
  "8686": {
    "postcode": "3858686",
    "prefecture": "長野県",
    "prefecture_kana": "ナガノケン",
    "prefecture_code": 20,
    "city": "佐久市",
    "city_kana": "サクシ",
    "town": "根々井",
    "town_kana": "ネネイ",
    "street": "１１３番１",
    "office_name": "シチズン時計マニュファクチャリング　株式会社　ミヨタ佐久工場",
    "office_name_kana": "シチズントケイマニユフアクチヤリング カブシキカイシヤ ミヨタサクコウジヨウ"
  }
}