{
  "0000": {
    "postcode": "3860000",
    "prefecture": "長野県",
    "prefecture_kana": "ナガノケン",
    "prefecture_code": 20,
    "city": "上田市",
    "city_kana": "ウエダシ",
    "town": "",
    "town_kana": "",
    "street": null,
    "office_name": null,
    "office_name_kana": null
  },
  "0001": {
    "postcode": "3860001",
    "prefecture": "長野県",
    "prefecture_kana": "ナガノケン",
    "prefecture_code": 20,
    "city": "上田市",
    "city_kana": "ウエダシ",
    "town": "上田",
    "town_kana": "ウエダ",
    "street": null,
    "office_name": null,
    "office_name_kana": null
  },
  "0002": {
    "postcode": "3860002",
    "prefecture": "長野県",
    "prefecture_kana": "ナガノケン",
    "prefecture_code": 20,
    "city": "上田市",
    "city_kana": "ウエダシ",
    "town": "住吉",
    "town_kana": "スミヨシ",
    "street": null,
    "office_name": null,
    "office_name_kana": null
  },
  "0003": {
    "postcode": "3860003",
    "prefecture": "長野県",
    "prefecture_kana": "ナガノケン",
    "prefecture_code": 20,
    "city": "上田市",
    "city_kana": "ウエダシ",
    "town": "上野",
    "town_kana": "ウエノ",
    "street": null,
    "office_name": null,
    "office_name_kana": null
  },
  "0004": {
    "postcode": "3860004",
    "prefecture": "長野県",
    "prefecture_kana": "ナガノケン",
    "prefecture_code": 20,
    "city": "上田市",
    "city_kana": "ウエダシ",
    "town": "殿城",
    "town_kana": "トノシロ",
    "street": null,
    "office_name": null,
    "office_name_kana": null
  },
  "0005": {
    "postcode": "3860005",
    "prefecture": "長野県",
    "prefecture_kana": "ナガノケン",
    "prefecture_code": 20,
    "city": "上田市",
    "city_kana": "ウエダシ",
    "town": "古里",
    "town_kana": "コサト",
    "street": null,
    "office_name": null,
    "office_name_kana": null
  },
  "0006": {
    "postcode": "3860006",
    "prefecture": "長野県",
    "prefecture_kana": "ナガノケン",
    "prefecture_code": 20,
    "city": "上田市",
    "city_kana": "ウエダシ",
    "town": "漆戸",
    "town_kana": "ウルシド",
    "street": null,
    "office_name": null,
    "office_name_kana": null
  },
  "0011": {
    "postcode": "3860011",
    "prefecture": "長野県",
    "prefecture_kana": "ナガノケン",
    "prefecture_code": 20,
    "city": "上田市",
    "city_kana": "ウエダシ",
    "town": "中央北",
    "town_kana": "チュウオウキタ",
    "street": null,
    "office_name": null,
    "office_name_kana": null
  },
  "0012": {
    "postcode": "3860012",
    "prefecture": "長野県",
    "prefecture_kana": "ナガノケン",
    "prefecture_code": 20,
    "city": "上田市",
    "city_kana": "ウエダシ",
    "town": "中央",
    "town_kana": "チュウオウ",
    "street": null,
    "office_name": null,
    "office_name_kana": null
  },
  "0013": {
    "postcode": "3860013",
    "prefecture": "長野県",
    "prefecture_kana": "ナガノケン",
    "prefecture_code": 20,
    "city": "上田市",
    "city_kana": "ウエダシ",
    "town": "中央東",
    "town_kana": "チュウオウヒガシ",
    "street": null,
    "office_name": null,
    "office_name_kana": null
  },
  "0014": {
    "postcode": "3860014",
    "prefecture": "長野県",
    "prefecture_kana": "ナガノケン",
    "prefecture_code": 20,
    "city": "上田市",
    "city_kana": "ウエダシ",
    "town": "材木町",
    "town_kana": "ザイモクチョウ",
    "street": null,
    "office_name": null,
    "office_name_kana": null
  },
  "0015": {
    "postcode": "3860015",
    "prefecture": "長野県",
    "prefecture_kana": "ナガノケン",
    "prefecture_code": 20,
    "city": "上田市",
    "city_kana": "ウエダシ",
    "town": "常入",
    "town_kana": "トキイリ",
    "street": null,
    "office_name": null,
    "office_name_kana": null
  },
  "0016": {
    "postcode": "3860016",
    "prefecture": "長野県",
    "prefecture_kana": "ナガノケン",
    "prefecture_code": 20,
    "city": "上田市",
    "city_kana": "ウエダシ",
    "town": "国分",
    "town_kana": "コクブ",
    "street": null,
    "office_name": null,
    "office_name_kana": null
  },
  "0017": {
    "postcode": "3860017",
    "prefecture": "長野県",
    "prefecture_kana": "ナガノケン",
    "prefecture_code": 20,
    "city": "上田市",
    "city_kana": "ウエダシ",
    "town": "踏入",
    "town_kana": "フミイリ",
    "street": null,
    "office_name": null,
    "office_name_kana": null
  },
  "0018": {
    "postcode": "3860018",
    "prefecture": "長野県",
    "prefecture_kana": "ナガノケン",
    "prefecture_code": 20,
    "city": "上田市",
    "city_kana": "ウエダシ",
    "town": "常田",
    "town_kana": "トキダ",
    "street": null,
    "office_name": null,
    "office_name_kana": null
  },
  "0022": {
    "postcode": "3860022",
    "prefecture": "長野県",
    "prefecture_kana": "ナガノケン",
    "prefecture_code": 20,
    "city": "上田市",
    "city_kana": "ウエダシ",
    "town": "緑が丘",
    "town_kana": "ミドリガオカ",
    "street": null,
    "office_name": null,
    "office_name_kana": null
  },
  "0023": {
    "postcode": "3860023",
    "prefecture": "長野県",
    "prefecture_kana": "ナガノケン",
    "prefecture_code": 20,
    "city": "上田市",
    "city_kana": "ウエダシ",
    "town": "中央西",
    "town_kana": "チュウオウニシ",
    "street": null,
    "office_name": null,
    "office_name_kana": null
  },
  "0024": {
    "postcode": "3860024",
    "prefecture": "長野県",
    "prefecture_kana": "ナガノケン",
    "prefecture_code": 20,
    "city": "上田市",
    "city_kana": "ウエダシ",
    "town": "大手",
    "town_kana": "オオテ",
    "street": null,
    "office_name": null,
    "office_name_kana": null
  },
  "0025": {
    "postcode": "3860025",
    "prefecture": "長野県",
    "prefecture_kana": "ナガノケン",
    "prefecture_code": 20,
    "city": "上田市",
    "city_kana": "ウエダシ",
    "town": "天神",
    "town_kana": "テンジン",
    "street": null,
    "office_name": null,
    "office_name_kana": null
  },
  "0026": {
    "postcode": "3860026",
    "prefecture": "長野県",
    "prefecture_kana": "ナガノケン",
    "prefecture_code": 20,
    "city": "上田市",
    "city_kana": "ウエダシ",
    "town": "二の丸",
    "town_kana": "ニノマル",
    "street": null,
    "office_name": null,
    "office_name_kana": null
  },
  "0027": {
    "postcode": "3860027",
    "prefecture": "長野県",
    "prefecture_kana": "ナガノケン",
    "prefecture_code": 20,
    "city": "上田市",
    "city_kana": "ウエダシ",
    "town": "常磐城",
    "town_kana": "トキワギ",
    "street": null,
    "office_name": null,
    "office_name_kana": null
  },
  "0031": {
    "postcode": "3860031",
    "prefecture": "長野県",
    "prefecture_kana": "ナガノケン",
    "prefecture_code": 20,
    "city": "上田市",
    "city_kana": "ウエダシ",
    "town": "小牧",
    "town_kana": "コマキ",
    "street": null,
    "office_name": null,
    "office_name_kana": null
  },
  "0032": {
    "postcode": "3860032",
    "prefecture": "長野県",
    "prefecture_kana": "ナガノケン",
    "prefecture_code": 20,
    "city": "上田市",
    "city_kana": "ウエダシ",
    "town": "諏訪形",
    "town_kana": "スワガタ",
    "street": null,
    "office_name": null,
    "office_name_kana": null
  },
  "0033": {
    "postcode": "3860033",
    "prefecture": "長野県",
    "prefecture_kana": "ナガノケン",
    "prefecture_code": 20,
    "city": "上田市",
    "city_kana": "ウエダシ",
    "town": "御所",
    "town_kana": "ゴショ",
    "street": null,
    "office_name": null,
    "office_name_kana": null
  },
  "0034": {
    "postcode": "3860034",
    "prefecture": "長野県",
    "prefecture_kana": "ナガノケン",
    "prefecture_code": 20,
    "city": "上田市",
    "city_kana": "ウエダシ",
    "town": "中之条",
    "town_kana": "ナカノジョウ",
    "street": null,
    "office_name": null,
    "office_name_kana": null
  },
  "0041": {
    "postcode": "3860041",
    "prefecture": "長野県",
    "prefecture_kana": "ナガノケン",
    "prefecture_code": 20,
    "city": "上田市",
    "city_kana": "ウエダシ",
    "town": "秋和",
    "town_kana": "アキワ",
    "street": null,
    "office_name": null,
    "office_name_kana": null
  },
  "0042": {
    "postcode": "3860042",
    "prefecture": "長野県",
    "prefecture_kana": "ナガノケン",
    "prefecture_code": 20,
    "city": "上田市",
    "city_kana": "ウエダシ",
    "town": "上塩尻",
    "town_kana": "カミシオジリ",
    "street": null,
    "office_name": null,
    "office_name_kana": null
  },
  "0043": {
    "postcode": "3860043",
    "prefecture": "長野県",
    "prefecture_kana": "ナガノケン",
    "prefecture_code": 20,
    "city": "上田市",
    "city_kana": "ウエダシ",
    "town": "下塩尻",
    "town_kana": "シモシオジリ",
    "street": null,
    "office_name": null,
    "office_name_kana": null
  },
  "0151": {
    "postcode": "3860151",
    "prefecture": "長野県",
    "prefecture_kana": "ナガノケン",
    "prefecture_code": 20,
    "city": "上田市",
    "city_kana": "ウエダシ",
    "town": "芳田",
    "town_kana": "ヨシダ",
    "street": null,
    "office_name": null,
    "office_name_kana": null
  },
  "0152": {
    "postcode": "3860152",
    "prefecture": "長野県",
    "prefecture_kana": "ナガノケン",
    "prefecture_code": 20,
    "city": "上田市",
    "city_kana": "ウエダシ",
    "town": "大屋",
    "town_kana": "オオヤ",
    "street": null,
    "office_name": null,
    "office_name_kana": null
  },
  "0153": {
    "postcode": "3860153",
    "prefecture": "長野県",
    "prefecture_kana": "ナガノケン",
    "prefecture_code": 20,
    "city": "上田市",
    "city_kana": "ウエダシ",
    "town": "岩下",
    "town_kana": "イワシタ",
    "street": null,
    "office_name": null,
    "office_name_kana": null
  },
  "0155": {
    "postcode": "3860155",
    "prefecture": "長野県",
    "prefecture_kana": "ナガノケン",
    "prefecture_code": 20,
    "city": "上田市",
    "city_kana": "ウエダシ",
    "town": "蒼久保",
    "town_kana": "アオクボ",
    "street": null,
    "office_name": null,
    "office_name_kana": null
  },
  "0156": {
    "postcode": "3860156",
    "prefecture": "長野県",
    "prefecture_kana": "ナガノケン",
    "prefecture_code": 20,
    "city": "上田市",
    "city_kana": "ウエダシ",
    "town": "林之郷",
    "town_kana": "ハヤシノゴウ",
    "street": null,
    "office_name": null,
    "office_name_kana": null
  },
  "0192": {
    "postcode": "3860192",
    "prefecture": "長野県",
    "prefecture_kana": "ナガノケン",
    "prefecture_code": 20,
    "city": "上田市",
    "city_kana": "ウエダシ",
    "town": "大屋",
    "town_kana": "オオヤ",
    "street": "３００番地",
    "office_name": "株式会社　ＴＯＴＯＫＵ",
    "office_name_kana": "カブシキガイシヤ トウトク"
  },
  "0321": {
    "postcode": "3860321",
    "prefecture": "長野県",
    "prefecture_kana": "ナガノケン",
    "prefecture_code": 20,
    "city": "上田市",
    "city_kana": "ウエダシ",
    "town": "平井",
    "town_kana": "ヒライ",
    "street": null,
    "office_name": null,
    "office_name_kana": null
  },
  "0322": {
    "postcode": "3860322",
    "prefecture": "長野県",
    "prefecture_kana": "ナガノケン",
    "prefecture_code": 20,
    "city": "上田市",
    "city_kana": "ウエダシ",
    "town": "西内",
    "town_kana": "ニシウチ",
    "street": null,
    "office_name": null,
    "office_name_kana": null
  },
  "0323": {
    "postcode": "3860323",
    "prefecture": "長野県",
    "prefecture_kana": "ナガノケン",
    "prefecture_code": 20,
    "city": "上田市",
    "city_kana": "ウエダシ",
    "town": "鹿教湯温泉",
    "town_kana": "カケユオンセン",
    "street": null,
    "office_name": null,
    "office_name_kana": null
  },
  "0393": {
    "postcode": "3860393",
    "prefecture": "長野県",
    "prefecture_kana": "ナガノケン",
    "prefecture_code": 20,
    "city": "上田市",
    "city_kana": "ウエダシ",
    "town": "鹿教湯温泉",
    "town_kana": "カケユオンセン",
    "street": "１７７７",
    "office_name": "三才山病院",
    "office_name_kana": "ミサヤマビヨウイン"
  },
  "0396": {
    "postcode": "3860396",
    "prefecture": "長野県",
    "prefecture_kana": "ナガノケン",
    "prefecture_code": 20,
    "city": "上田市",
    "city_kana": "ウエダシ",
    "town": "鹿教湯温泉",
    "town_kana": "カケユオンセン",
    "street": "１３０８",
    "office_name": "鹿教湯病院",
    "office_name_kana": "カケユビヨウイン"
  },
  "0401": {
    "postcode": "3860401",
    "prefecture": "長野県",
    "prefecture_kana": "ナガノケン",
    "prefecture_code": 20,
    "city": "上田市",
    "city_kana": "ウエダシ",
    "town": "塩川",
    "town_kana": "シオカワ",
    "street": null,
    "office_name": null,
    "office_name_kana": null
  },
  "0402": {
    "postcode": "3860402",
    "prefecture": "長野県",
    "prefecture_kana": "ナガノケン",
    "prefecture_code": 20,
    "city": "上田市",
    "city_kana": "ウエダシ",
    "town": "藤原田",
    "town_kana": "フジワラダ",
    "street": null,
    "office_name": null,
    "office_name_kana": null
  },
  "0403": {
    "postcode": "3860403",
    "prefecture": "長野県",
    "prefecture_kana": "ナガノケン",
    "prefecture_code": 20,
    "city": "上田市",
    "city_kana": "ウエダシ",
    "town": "腰越",
    "town_kana": "コシゴエ",
    "street": null,
    "office_name": null,
    "office_name_kana": null
  },
  "0404": {
    "postcode": "3860404",
    "prefecture": "長野県",
    "prefecture_kana": "ナガノケン",
    "prefecture_code": 20,
    "city": "上田市",
    "city_kana": "ウエダシ",
    "town": "上丸子",
    "town_kana": "カミマルコ",
    "street": null,
    "office_name": null,
    "office_name_kana": null
  },
  "0405": {
    "postcode": "3860405",
    "prefecture": "長野県",
    "prefecture_kana": "ナガノケン",
    "prefecture_code": 20,
    "city": "上田市",
    "city_kana": "ウエダシ",
    "town": "中丸子",
    "town_kana": "ナカマルコ",
    "street": null,
    "office_name": null,
    "office_name_kana": null
  },
  "0406": {
    "postcode": "3860406",
    "prefecture": "長野県",
    "prefecture_kana": "ナガノケン",
    "prefecture_code": 20,
    "city": "上田市",
    "city_kana": "ウエダシ",
    "town": "下丸子",
    "town_kana": "シモマルコ",
    "street": null,
    "office_name": null,
    "office_name_kana": null
  },
  "0407": {
    "postcode": "3860407",
    "prefecture": "長野県",
    "prefecture_kana": "ナガノケン",
    "prefecture_code": 20,
    "city": "上田市",
    "city_kana": "ウエダシ",
    "town": "長瀬",
    "town_kana": "ナガセ",
    "street": null,
    "office_name": null,
    "office_name_kana": null
  },
  "0408": {
    "postcode": "3860408",
    "prefecture": "長野県",
    "prefecture_kana": "ナガノケン",
    "prefecture_code": 20,
    "city": "上田市",
    "city_kana": "ウエダシ",
    "town": "本海野",
    "town_kana": "モトウンノ",
    "street": null,
    "office_name": null,
    "office_name_kana": null
  },
  "0411": {
    "postcode": "3860411",
    "prefecture": "長野県",
    "prefecture_kana": "ナガノケン",
    "prefecture_code": 20,
    "city": "上田市",
    "city_kana": "ウエダシ",
    "town": "生田",
    "town_kana": "イクタ",
    "street": null,
    "office_name": null,
    "office_name_kana": null
  },
  "0412": {
    "postcode": "3860412",
    "prefecture": "長野県",
    "prefecture_kana": "ナガノケン",
    "prefecture_code": 20,
    "city": "上田市",
    "city_kana": "ウエダシ",
    "town": "御嶽堂",
    "town_kana": "ミタケドウ",
    "street": null,
    "office_name": null,
    "office_name_kana": null
  },
  "0413": {
    "postcode": "3860413",
    "prefecture": "長野県",
    "prefecture_kana": "ナガノケン",
    "prefecture_code": 20,
    "city": "上田市",
    "city_kana": "ウエダシ",
    "town": "東内",
    "town_kana": "ヒガシウチ",
    "street": null,
    "office_name": null,
    "office_name_kana": null
  },
  "0492": {
    "postcode": "3860492",
    "prefecture": "長野県",
    "prefecture_kana": "ナガノケン",
    "prefecture_code": 20,
    "city": "上田市",
    "city_kana": "ウエダシ",
    "town": "上丸子",
    "town_kana": "カミマルコ",
    "street": "１６１２",
    "office_name": "上田市役所　丸子地域自治センター",
    "office_name_kana": "ウエダシヤクシヨ マルコチイキジチセンタ-"
  },
  "0493": {
    "postcode": "3860493",
    "prefecture": "長野県",
    "prefecture_kana": "ナガノケン",
    "prefecture_code": 20,
    "city": "上田市",
    "city_kana": "ウエダシ",
    "town": "上丸子",
    "town_kana": "カミマルコ",
    "street": "３３５−３（丸子郵便局私書箱第１０号）",
    "office_name": "医療法人　丸山会　丸子中央総合病院",
    "office_name_kana": "イリヨウホウジン マルヤマカイ マルコチユウオウソウゴウビヨウイン"
  },
  "0495": {
    "postcode": "3860495",
    "prefecture": "長野県",
    "prefecture_kana": "ナガノケン",
    "prefecture_code": 20,
    "city": "上田市",
    "city_kana": "ウエダシ",
    "town": "中丸子",
    "town_kana": "ナカマルコ",
    "street": "１７７１",
    "office_name": "日本電産セイミツ　株式会社",
    "office_name_kana": "ニホンデンサンセイミツ カブシキガイシヤ"
  },
  "0497": {
    "postcode": "3860497",
    "prefecture": "長野県",
    "prefecture_kana": "ナガノケン",
    "prefecture_code": 20,
    "city": "上田市",
    "city_kana": "ウエダシ",
    "town": "塩川",
    "town_kana": "シオカワ",
    "street": "５１５５",
    "office_name": "松山　株式会社",
    "office_name_kana": "マツヤマ カブシキカイシヤ"
  },
  "0498": {
    "postcode": "3860498",
    "prefecture": "長野県",
    "prefecture_kana": "ナガノケン",
    "prefecture_code": 20,
    "city": "上田市",
    "city_kana": "ウエダシ",
    "town": "上丸子",
    "town_kana": "カミマルコ",
    "street": "１０７８",
    "office_name": "シナノケンシ　株式会社",
    "office_name_kana": "シナノケンシ カブシキカイシヤ"
  },
  "0501": {
    "postcode": "3860501",
    "prefecture": "長野県",
    "prefecture_kana": "ナガノケン",
    "prefecture_code": 20,
    "city": "上田市",
    "city_kana": "ウエダシ",
    "town": "武石鳥屋",
    "town_kana": "タケシトヤ",
    "street": null,
    "office_name": null,
    "office_name_kana": null
  },
  "0502": {
    "postcode": "3860502",
    "prefecture": "長野県",
    "prefecture_kana": "ナガノケン",
    "prefecture_code": 20,
    "city": "上田市",
    "city_kana": "ウエダシ",
    "town": "武石沖",
    "town_kana": "タケシオキ",
    "street": null,
    "office_name": null,
    "office_name_kana": null
  },
  "0503": {
    "postcode": "3860503",
    "prefecture": "長野県",
    "prefecture_kana": "ナガノケン",
    "prefecture_code": 20,
    "city": "上田市",
    "city_kana": "ウエダシ",
    "town": "下武石",
    "town_kana": "シモタケシ",
    "street": null,
    "office_name": null,
    "office_name_kana": null
  },
  "0504": {
    "postcode": "3860504",
    "prefecture": "長野県",
    "prefecture_kana": "ナガノケン",
    "prefecture_code": 20,
    "city": "上田市",
    "city_kana": "ウエダシ",
    "town": "武石小沢根",
    "town_kana": "タケシオザワネ",
    "street": null,
    "office_name": null,
    "office_name_kana": null
  },
  "0505": {
    "postcode": "3860505",
    "prefecture": "長野県",
    "prefecture_kana": "ナガノケン",
    "prefecture_code": 20,
    "city": "上田市",
    "city_kana": "ウエダシ",
    "town": "武石余里",
    "town_kana": "タケシヨリ",
    "street": null,
    "office_name": null,
    "office_name_kana": null
  },
  "0506": {
    "postcode": "3860506",
    "prefecture": "長野県",
    "prefecture_kana": "ナガノケン",
    "prefecture_code": 20,
    "city": "上田市",
    "city_kana": "ウエダシ",
    "town": "武石下本入",
    "town_kana": "タケシシモホンイリ",
    "street": null,
    "office_name": null,
    "office_name_kana": null
  },
  "0507": {
    "postcode": "3860507",
    "prefecture": "長野県",
    "prefecture_kana": "ナガノケン",
    "prefecture_code": 20,
    "city": "上田市",
    "city_kana": "ウエダシ",
    "town": "武石上本入",
    "town_kana": "タケシカミホンイリ",
    "street": null,
    "office_name": null,
    "office_name_kana": null
  },
  "0508": {
    "postcode": "3860508",
    "prefecture": "長野県",
    "prefecture_kana": "ナガノケン",
    "prefecture_code": 20,
    "city": "上田市",
    "city_kana": "ウエダシ",
    "town": "上武石",
    "town_kana": "カミタケシ",
    "street": null,
    "office_name": null,
    "office_name_kana": null
  },
  "0592": {
    "postcode": "3860592",
    "prefecture": "長野県",
    "prefecture_kana": "ナガノケン",
    "prefecture_code": 20,
    "city": "上田市",
    "city_kana": "ウエダシ",
    "town": "上武石",
    "town_kana": "カミタケシ",
    "street": "７７",
    "office_name": "武石地域自治センター",
    "office_name_kana": "タケシチイキジチセンタ-"
  },
  "0600": {
    "postcode": "3860600",
    "prefecture": "長野県",
    "prefecture_kana": "ナガノケン",
    "prefecture_code": 20,
    "city": "小県郡長和町",
    "city_kana": "チイサガタグンナガワマチ",
    "town": "",
    "town_kana": "",
    "street": null,
    "office_name": null,
    "office_name_kana": null
  },
  "0601": {
    "postcode": "3860601",
    "prefecture": "長野県",
    "prefecture_kana": "ナガノケン",
    "prefecture_code": 20,
    "city": "小県郡長和町",
    "city_kana": "チイサガタグンナガワマチ",
    "town": "大門",
    "town_kana": "ダイモン",
    "street": null,
    "office_name": null,
    "office_name_kana": null
  },
  "0602": {
    "postcode": "3860602",
    "prefecture": "長野県",
    "prefecture_kana": "ナガノケン",
    "prefecture_code": 20,
    "city": "小県郡長和町",
    "city_kana": "チイサガタグンナガワマチ",
    "town": "長久保",
    "town_kana": "ナガクボ",
    "street": null,
    "office_name": null,
    "office_name_kana": null
  },
  "0603": {
    "postcode": "3860603",
    "prefecture": "長野県",
    "prefecture_kana": "ナガノケン",
    "prefecture_code": 20,
    "city": "小県郡長和町",
    "city_kana": "チイサガタグンナガワマチ",
    "town": "古町",
    "town_kana": "フルマチ",
    "street": null,
    "office_name": null,
    "office_name_kana": null
  },
  "0701": {
    "postcode": "3860701",
    "prefecture": "長野県",
    "prefecture_kana": "ナガノケン",
    "prefecture_code": 20,
    "city": "小県郡長和町",
    "city_kana": "チイサガタグンナガワマチ",
    "town": "和田",
    "town_kana": "ワダ",
    "street": null,
    "office_name": null,
    "office_name_kana": null
  },
  "1101": {
    "postcode": "3861101",
    "prefecture": "長野県",
    "prefecture_kana": "ナガノケン",
    "prefecture_code": 20,
    "city": "上田市",
    "city_kana": "ウエダシ",
    "town": "下之条",
    "town_kana": "シモノジョウ",
    "street": null,
    "office_name": null,
    "office_name_kana": null
  },
  "1102": {
    "postcode": "3861102",
    "prefecture": "長野県",
    "prefecture_kana": "ナガノケン",
    "prefecture_code": 20,
    "city": "上田市",
    "city_kana": "ウエダシ",
    "town": "上田原",
    "town_kana": "ウエダハラ",
    "street": null,
    "office_name": null,
    "office_name_kana": null
  },
  "1103": {
    "postcode": "3861103",
    "prefecture": "長野県",
    "prefecture_kana": "ナガノケン",
    "prefecture_code": 20,
    "city": "上田市",
    "city_kana": "ウエダシ",
    "town": "神畑",
    "town_kana": "カバタケ",
    "street": null,
    "office_name": null,
    "office_name_kana": null
  },
  "1104": {
    "postcode": "3861104",
    "prefecture": "長野県",
    "prefecture_kana": "ナガノケン",
    "prefecture_code": 20,
    "city": "上田市",
    "city_kana": "ウエダシ",
    "town": "福田",
    "town_kana": "フクタ",
    "street": null,
    "office_name": null,
    "office_name_kana": null
  },
  "1105": {
    "postcode": "3861105",
    "prefecture": "長野県",
    "prefecture_kana": "ナガノケン",
    "prefecture_code": 20,
    "city": "上田市",
    "city_kana": "ウエダシ",
    "town": "吉田",
    "town_kana": "ヨシダ",
    "street": null,
    "office_name": null,
    "office_name_kana": null
  },
  "1106": {
    "postcode": "3861106",
    "prefecture": "長野県",
    "prefecture_kana": "ナガノケン",
    "prefecture_code": 20,
    "city": "上田市",
    "city_kana": "ウエダシ",
    "town": "小泉",
    "town_kana": "コイズミ",
    "street": null,
    "office_name": null,
    "office_name_kana": null
  },
  "1107": {
    "postcode": "3861107",
    "prefecture": "長野県",
    "prefecture_kana": "ナガノケン",
    "prefecture_code": 20,
    "city": "上田市",
    "city_kana": "ウエダシ",
    "town": "築地",
    "town_kana": "ツイジ",
    "street": null,
    "office_name": null,
    "office_name_kana": null
  },
  "1108": {
    "postcode": "3861108",
    "prefecture": "長野県",
    "prefecture_kana": "ナガノケン",
    "prefecture_code": 20,
    "city": "上田市",
    "city_kana": "ウエダシ",
    "town": "神畑乙",
    "town_kana": "カバタケオツ",
    "street": null,
    "office_name": null,
    "office_name_kana": null
  },
  "1192": {
    "postcode": "3861192",
    "prefecture": "長野県",
    "prefecture_kana": "ナガノケン",
    "prefecture_code": 20,
    "city": "上田市",
    "city_kana": "ウエダシ",
    "town": "大字小泉",
    "town_kana": null,
    "street": "８１",
    "office_name": "日置電機　株式会社",
    "office_name_kana": "ヒオキデンキ カブシキガイシヤ"
  },
  "1193": {
    "postcode": "3861193",
    "prefecture": "長野県",
    "prefecture_kana": "ナガノケン",
    "prefecture_code": 20,
    "city": "上田市",
    "city_kana": "ウエダシ",
    "town": "大字上田原",
    "town_kana": null,
    "street": "１１１１",
    "office_name": "カネテック　株式会社",
    "office_name_kana": "カネテツク カブシキガイシヤ"
  },
  "1211": {
    "postcode": "3861211",
    "prefecture": "長野県",
    "prefecture_kana": "ナガノケン",
    "prefecture_code": 20,
    "city": "上田市",
    "city_kana": "ウエダシ",
    "town": "下之郷",
    "town_kana": "シモノゴウ",
    "street": null,
    "office_name": null,
    "office_name_kana": null
  },
  "1212": {
    "postcode": "3861212",
    "prefecture": "長野県",
    "prefecture_kana": "ナガノケン",
    "prefecture_code": 20,
    "city": "上田市",
    "city_kana": "ウエダシ",
    "town": "富士山",
    "town_kana": "フジヤマ",
    "street": null,
    "office_name": null,
    "office_name_kana": null
  },
  "1213": {
    "postcode": "3861213",
    "prefecture": "長野県",
    "prefecture_kana": "ナガノケン",
    "prefecture_code": 20,
    "city": "上田市",
    "city_kana": "ウエダシ",
    "town": "古安曽",
    "town_kana": "コアソ",
    "street": null,
    "office_name": null,
    "office_name_kana": null
  },
  "1214": {
    "postcode": "3861214",
    "prefecture": "長野県",
    "prefecture_kana": "ナガノケン",
    "prefecture_code": 20,
    "city": "上田市",
    "city_kana": "ウエダシ",
    "town": "下之郷乙",
    "town_kana": "シモノゴウオツ",
    "street": null,
    "office_name": null,
    "office_name_kana": null
  },
  "1298": {
    "postcode": "3861298",
    "prefecture": "長野県",
    "prefecture_kana": "ナガノケン",
    "prefecture_code": 20,
    "city": "上田市",
    "city_kana": "ウエダシ",
    "town": "大字下之郷",
    "town_kana": null,
    "street": "６５８−１",
    "office_name": "長野大学",
    "office_name_kana": "ナガノダイガク"
  },
  "1321": {
    "postcode": "3861321",
    "prefecture": "長野県",
    "prefecture_kana": "ナガノケン",
    "prefecture_code": 20,
    "city": "上田市",
    "city_kana": "ウエダシ",
    "town": "保野",
    "town_kana": "ホヤ",
    "street": null,
    "office_name": null,
    "office_name_kana": null
  },
  "1322": {
    "postcode": "3861322",
    "prefecture": "長野県",
    "prefecture_kana": "ナガノケン",
    "prefecture_code": 20,
    "city": "上田市",
    "city_kana": "ウエダシ",
    "town": "小島",
    "town_kana": "コジマ",
    "street": null,
    "office_name": null,
    "office_name_kana": null
  },
  "1323": {
    "postcode": "3861323",
    "prefecture": "長野県",
    "prefecture_kana": "ナガノケン",
    "prefecture_code": 20,
    "city": "上田市",
    "city_kana": "ウエダシ",
    "town": "本郷",
    "town_kana": "ホンゴウ",
    "street": null,
    "office_name": null,
    "office_name_kana": null
  },
  "1324": {
    "postcode": "3861324",
    "prefecture": "長野県",
    "prefecture_kana": "ナガノケン",
    "prefecture_code": 20,
    "city": "上田市",
    "city_kana": "ウエダシ",
    "town": "五加",
    "town_kana": "ゴカ",
    "street": null,
    "office_name": null,
    "office_name_kana": null
  },
  "1325": {
    "postcode": "3861325",
    "prefecture": "長野県",
    "prefecture_kana": "ナガノケン",
    "prefecture_code": 20,
    "city": "上田市",
    "city_kana": "ウエダシ",
    "town": "中野",
    "town_kana": "ナカノ",
    "street": null,
    "office_name": null,
    "office_name_kana": null
  },
  "1326": {
    "postcode": "3861326",
    "prefecture": "長野県",
    "prefecture_kana": "ナガノケン",
    "prefecture_code": 20,
    "city": "上田市",
    "city_kana": "ウエダシ",
    "town": "舞田",
    "town_kana": "マイタ",
    "street": null,
    "office_name": null,
    "office_name_kana": null
  },
  "1327": {
    "postcode": "3861327",
    "prefecture": "長野県",
    "prefecture_kana": "ナガノケン",
    "prefecture_code": 20,
    "city": "上田市",
    "city_kana": "ウエダシ",
    "town": "八木沢",
    "town_kana": "ヤギサワ",
    "street": null,
    "office_name": null,
    "office_name_kana": null
  },
  "1431": {
    "postcode": "3861431",
    "prefecture": "長野県",
    "prefecture_kana": "ナガノケン",
    "prefecture_code": 20,
    "city": "上田市",
    "city_kana": "ウエダシ",
    "town": "別所温泉",
    "town_kana": "ベッショオンセン",
    "street": null,
    "office_name": null,
    "office_name_kana": null
  },
  "1432": {
    "postcode": "3861432",
    "prefecture": "長野県",
    "prefecture_kana": "ナガノケン",
    "prefecture_code": 20,
    "city": "上田市",
    "city_kana": "ウエダシ",
    "town": "山田",
    "town_kana": "ヤマダ",
    "street": null,
    "office_name": null,
    "office_name_kana": null
  },
  "1433": {
    "postcode": "3861433",
    "prefecture": "長野県",
    "prefecture_kana": "ナガノケン",
    "prefecture_code": 20,
    "city": "上田市",
    "city_kana": "ウエダシ",
    "town": "手塚",
    "town_kana": "テヅカ",
    "street": null,
    "office_name": null,
    "office_name_kana": null
  },
  "1434": {
    "postcode": "3861434",
    "prefecture": "長野県",
    "prefecture_kana": "ナガノケン",
    "prefecture_code": 20,
    "city": "上田市",
    "city_kana": "ウエダシ",
    "town": "新町",
    "town_kana": "シンマチ",
    "street": null,
    "office_name": null,
    "office_name_kana": null
  },
  "1435": {
    "postcode": "3861435",
    "prefecture": "長野県",
    "prefecture_kana": "ナガノケン",
    "prefecture_code": 20,
    "city": "上田市",
    "city_kana": "ウエダシ",
    "town": "十人",
    "town_kana": "ジュウニン",
    "street": null,
    "office_name": null,
    "office_name_kana": null
  },
  "1436": {
    "postcode": "3861436",
    "prefecture": "長野県",
    "prefecture_kana": "ナガノケン",
    "prefecture_code": 20,
    "city": "上田市",
    "city_kana": "ウエダシ",
    "town": "前山",
    "town_kana": "マエヤマ",
    "street": null,
    "office_name": null,
    "office_name_kana": null
  },
  "1437": {
    "postcode": "3861437",
    "prefecture": "長野県",
    "prefecture_kana": "ナガノケン",
    "prefecture_code": 20,
    "city": "上田市",
    "city_kana": "ウエダシ",
    "town": "野倉",
    "town_kana": "ノグラ",
    "street": null,
    "office_name": null,
    "office_name_kana": null
  },
  "1541": {
    "postcode": "3861541",
    "prefecture": "長野県",
    "prefecture_kana": "ナガノケン",
    "prefecture_code": 20,
    "city": "上田市",
    "city_kana": "ウエダシ",
    "town": "上室賀",
    "town_kana": "カミムロガ",
    "street": null,
    "office_name": null,
    "office_name_kana": null
  },
  "1542": {
    "postcode": "3861542",
    "prefecture": "長野県",
    "prefecture_kana": "ナガノケン",
    "prefecture_code": 20,
    "city": "上田市",
    "city_kana": "ウエダシ",
    "town": "下室賀",
    "town_kana": "シモムロガ",
    "street": null,
    "office_name": null,
    "office_name_kana": null
  },
  "1543": {
    "postcode": "3861543",
    "prefecture": "長野県",
    "prefecture_kana": "ナガノケン",
    "prefecture_code": 20,
    "city": "上田市",
    "city_kana": "ウエダシ",
    "town": "岡",
    "town_kana": "オカ",
    "street": null,
    "office_name": null,
    "office_name_kana": null
  },
  "1544": {
    "postcode": "3861544",
    "prefecture": "長野県",
    "prefecture_kana": "ナガノケン",
    "prefecture_code": 20,
    "city": "上田市",
    "city_kana": "ウエダシ",
    "town": "仁古田",
    "town_kana": "ニコダ",
    "street": null,
    "office_name": null,
    "office_name_kana": null
  },
  "1545": {
    "postcode": "3861545",
    "prefecture": "長野県",
    "prefecture_kana": "ナガノケン",
    "prefecture_code": 20,
    "city": "上田市",
    "city_kana": "ウエダシ",
    "town": "越戸",
    "town_kana": "コウド",
    "street": null,
    "office_name": null,
    "office_name_kana": null
  },
  "1546": {
    "postcode": "3861546",
    "prefecture": "長野県",
    "prefecture_kana": "ナガノケン",
    "prefecture_code": 20,
    "city": "上田市",
    "city_kana": "ウエダシ",
    "town": "浦野",
    "town_kana": "ウラノ",
    "street": null,
    "office_name": null,
    "office_name_kana": null
  },
  "1600": {
    "postcode": "3861600",
    "prefecture": "長野県",
    "prefecture_kana": "ナガノケン",
    "prefecture_code": 20,
    "city": "小県郡青木村",
    "city_kana": "チイサガタグンアオキムラ",
    "town": "",
    "town_kana": "",
    "street": null,
    "office_name": null,
    "office_name_kana": null
  },
  "1601": {
    "postcode": "3861601",
    "prefecture": "長野県",
    "prefecture_kana": "ナガノケン",
    "prefecture_code": 20,
    "city": "小県郡青木村",
    "city_kana": "チイサガタグンアオキムラ",
    "town": "田沢",
    "town_kana": "タザワ",
    "street": null,
    "office_name": null,
    "office_name_kana": null
  },
  "1602": {
    "postcode": "3861602",
    "prefecture": "長野県",
    "prefecture_kana": "ナガノケン",
    "prefecture_code": 20,
    "city": "小県郡青木村",
    "city_kana": "チイサガタグンアオキムラ",
    "town": "村松",
    "town_kana": "ムラマツ",
    "street": null,
    "office_name": null,
    "office_name_kana": null
  },
  "1603": {
    "postcode": "3861603",
    "prefecture": "長野県",
    "prefecture_kana": "ナガノケン",
    "prefecture_code": 20,
    "city": "小県郡青木村",
    "city_kana": "チイサガタグンアオキムラ",
    "town": "当郷",
    "town_kana": "トウゴウ",
    "street": null,
    "office_name": null,
    "office_name_kana": null
  },
  "1604": {
    "postcode": "3861604",
    "prefecture": "長野県",
    "prefecture_kana": "ナガノケン",
    "prefecture_code": 20,
    "city": "小県郡青木村",
    "city_kana": "チイサガタグンアオキムラ",
    "town": "殿戸",
    "town_kana": "トノド",
    "street": null,
    "office_name": null,
    "office_name_kana": null
  },
  "1605": {
    "postcode": "3861605",
    "prefecture": "長野県",
    "prefecture_kana": "ナガノケン",
    "prefecture_code": 20,
    "city": "小県郡青木村",
    "city_kana": "チイサガタグンアオキムラ",
    "town": "夫神",
    "town_kana": "オカミ",
    "street": null,
    "office_name": null,
    "office_name_kana": null
  },
  "1606": {
    "postcode": "3861606",
    "prefecture": "長野県",
    "prefecture_kana": "ナガノケン",
    "prefecture_code": 20,
    "city": "小県郡青木村",
    "city_kana": "チイサガタグンアオキムラ",
    "town": "沓掛",
    "town_kana": "クツカケ",
    "street": null,
    "office_name": null,
    "office_name_kana": null
  },
  "1607": {
    "postcode": "3861607",
    "prefecture": "長野県",
    "prefecture_kana": "ナガノケン",
    "prefecture_code": 20,
    "city": "小県郡青木村",
    "city_kana": "チイサガタグンアオキムラ",
    "town": "奈良本",
    "town_kana": "ナラモト",
    "street": null,
    "office_name": null,
    "office_name_kana": null
  },
  "2201": {
    "postcode": "3862201",
    "prefecture": "長野県",
    "prefecture_kana": "ナガノケン",
    "prefecture_code": 20,
    "city": "上田市",
    "city_kana": "ウエダシ",
    "town": "真田町長",
    "town_kana": "サナダマチオサ",
    "street": null,
    "office_name": null,
    "office_name_kana": null
  },
  "2202": {
    "postcode": "3862202",
    "prefecture": "長野県",
    "prefecture_kana": "ナガノケン",
    "prefecture_code": 20,
    "city": "上田市",
    "city_kana": "ウエダシ",
    "town": "真田町本原",
    "town_kana": "サナダマチモトハラ",
    "street": null,
    "office_name": null,
    "office_name_kana": null
  },
  "2203": {
    "postcode": "3862203",
    "prefecture": "長野県",
    "prefecture_kana": "ナガノケン",
    "prefecture_code": 20,
    "city": "上田市",
    "city_kana": "ウエダシ",
    "town": "真田町傍陽",
    "town_kana": "サナダマチソエヒ",
    "street": null,
    "office_name": null,
    "office_name_kana": null
  },
  "2204": {
    "postcode": "3862204",
    "prefecture": "長野県",
    "prefecture_kana": "ナガノケン",
    "prefecture_code": 20,
    "city": "上田市",
    "city_kana": "ウエダシ",
    "town": "菅平高原",
    "town_kana": "スガダイラコウゲン",
    "street": null,
    "office_name": null,
    "office_name_kana": null
  },
  "2211": {
    "postcode": "3862211",
    "prefecture": "長野県",
    "prefecture_kana": "ナガノケン",
    "prefecture_code": 20,
    "city": "須坂市",
    "city_kana": "スザカシ",
    "town": "仁礼町",
    "town_kana": "ニレイマチ",
    "street": null,
    "office_name": null,
    "office_name_kana": null
  },
  "2292": {
    "postcode": "3862292",
    "prefecture": "長野県",
    "prefecture_kana": "ナガノケン",
    "prefecture_code": 20,
    "city": "上田市",
    "city_kana": "ウエダシ",
    "town": "真田町長",
    "town_kana": "サナダマチオサ",
    "street": "７１７８−１",
    "office_name": "上田市役所　真田地域自治センター",
    "office_name_kana": "ウエダシヤクシヨ サナダチイキジチセンタ-"
  },
  "8501": {
    "postcode": "3868501",
    "prefecture": "長野県",
    "prefecture_kana": "ナガノケン",
    "prefecture_code": 20,
    "city": "上田市",
    "city_kana": "ウエダシ",
    "town": "大字秋和",
    "town_kana": null,
    "street": "１１５０",
    "office_name": "長野計器　株式会社",
    "office_name_kana": "ナガノケイキ カブシキガイシヤ"
  },
  "8505": {
    "postcode": "3868505",
    "prefecture": "長野県",
    "prefecture_kana": "ナガノケン",
    "prefecture_code": 20,
    "city": "上田市",
    "city_kana": "ウエダシ",
    "town": "大字国分",
    "town_kana": null,
    "street": "８４０",
    "office_name": "日信工業　株式会社",
    "office_name_kana": "ニツシンコウギヨウ カブシキガイシヤ"
  },
  "8510": {
    "postcode": "3868510",
    "prefecture": "長野県",
    "prefecture_kana": "ナガノケン",
    "prefecture_code": 20,
    "city": "上田市",
    "city_kana": "ウエダシ",
    "town": "中央",
    "town_kana": "チュウオウ",
    "street": "１丁目３−３",
    "office_name": "医療法人　健静会　上田病院",
    "office_name_kana": "イリヨウホウジン ケンセイカイ ウエダビヨウイン"
  },
  "8511": {
    "postcode": "3868511",
    "prefecture": "長野県",
    "prefecture_kana": "ナガノケン",
    "prefecture_code": 20,
    "city": "上田市",
    "city_kana": "ウエダシ",
    "town": "天神",
    "town_kana": "テンジン",
    "street": "３−１５−７４",
    "office_name": "上田警察署",
    "office_name_kana": "ウエダケイサツシヨ"
  },
  "8522": {
    "postcode": "3868522",
    "prefecture": "長野県",
    "prefecture_kana": "ナガノケン",
    "prefecture_code": 20,
    "city": "上田市",
    "city_kana": "ウエダシ",
    "town": "大手",
    "town_kana": "オオテ",
    "street": "１丁目１０−２２",
    "office_name": "上田商工会議所",
    "office_name_kana": "ウエダシヨウコウカイギシヨ"
  },
  "8543": {
    "postcode": "3868543",
    "prefecture": "長野県",
    "prefecture_kana": "ナガノケン",
    "prefecture_code": 20,
    "city": "上田市",
    "city_kana": "ウエダシ",
    "town": "中央西",
    "town_kana": "チュウオウニシ",
    "street": "１丁目１−２０",
    "office_name": "医療法人　慈善会　安藤病院",
    "office_name_kana": "イリヨウホウジン ジゼンカイ アンドウビヨウイン"
  },
  "8551": {
    "postcode": "3868551",
    "prefecture": "長野県",
    "prefecture_kana": "ナガノケン",
    "prefecture_code": 20,
    "city": "上田市",
    "city_kana": "ウエダシ",
    "town": "大字秋和",
    "town_kana": null,
    "street": "１９９−４",
    "office_name": "株式会社　新村",
    "office_name_kana": "カブシキガイシヤ ニイムラ"
  },
  "8553": {
    "postcode": "3868553",
    "prefecture": "長野県",
    "prefecture_kana": "ナガノケン",
    "prefecture_code": 20,
    "city": "上田市",
    "city_kana": "ウエダシ",
    "town": "常入",
    "town_kana": "トキイリ",
    "street": "１丁目１４−６７",
    "office_name": "鍋林　株式会社　上田支店",
    "office_name_kana": "ナベリン カブシキガイシヤ ウエダシテン"
  },
  "8555": {
    "postcode": "3868555",
    "prefecture": "長野県",
    "prefecture_kana": "ナガノケン",
    "prefecture_code": 20,
    "city": "上田市",
    "city_kana": "ウエダシ",
    "town": "材木町",
    "town_kana": "ザイモクチョウ",
    "street": "１丁目２−６",
    "office_name": "長野県　上田合同庁舎",
    "office_name_kana": "ナガノケン ウエダゴウドウチヨウシヤ"
  },
  "8567": {
    "postcode": "3868567",
    "prefecture": "長野県",
    "prefecture_kana": "ナガノケン",
    "prefecture_code": 20,
    "city": "上田市",
    "city_kana": "ウエダシ",
    "town": "常田",
    "town_kana": "トキダ",
    "street": "３丁目１５−１",
    "office_name": "信州大学　繊維学部",
    "office_name_kana": "シンシユウダイガク センイガクブ"
  },
  "8577": {
    "postcode": "3868577",
    "prefecture": "長野県",
    "prefecture_kana": "ナガノケン",
    "prefecture_code": 20,
    "city": "上田市",
    "city_kana": "ウエダシ",
    "town": "天神",
    "town_kana": "テンジン",
    "street": "１丁目２−１",
    "office_name": "上田交通　株式会社",
    "office_name_kana": "ウエダコウツウ カブシキガイシヤ"
  },
  "8584": {
    "postcode": "3868584",
    "prefecture": "長野県",
    "prefecture_kana": "ナガノケン",
    "prefecture_code": 20,
    "city": "上田市",
    "city_kana": "ウエダシ",
    "town": "中央東",
    "town_kana": "チュウオウヒガシ",
    "street": "４−６１",
    "office_name": "医療法人　友愛会　千曲荘病院",
    "office_name_kana": "イリヨウホウジン ユウアイカイ チクマソウビヨウイン"
  },
  "8585": {
    "postcode": "3868585",
    "prefecture": "長野県",
    "prefecture_kana": "ナガノケン",
    "prefecture_code": 20,
    "city": "上田市",
    "city_kana": "ウエダシ",
    "town": "大字中之条",
    "town_kana": null,
    "street": "６２６",
    "office_name": "長野県　上田千曲高等学校",
    "office_name_kana": "ナガノケン ウエダチクマコウトウガツコウ"
  },
  "8588": {
    "postcode": "3868588",
    "prefecture": "長野県",
    "prefecture_kana": "ナガノケン",
    "prefecture_code": 20,
    "city": "上田市",
    "city_kana": "ウエダシ",
    "town": "国分",
    "town_kana": "コクブ",
    "street": "１丁目３−３７",
    "office_name": "永井プラスチック工業　株式会社",
    "office_name_kana": "ナガイプラスチツク コウギヨウカブシキガイシヤ"
  },
  "8601": {
    "postcode": "3868601",
    "prefecture": "長野県",
    "prefecture_kana": "ナガノケン",
    "prefecture_code": 20,
    "city": "上田市",
    "city_kana": "ウエダシ",
    "town": "大手",
    "town_kana": "オオテ",
    "street": "１丁目１１−１６",
    "office_name": "上田市役所",
    "office_name_kana": "ウエダシヤクシヨ"
  },
  "8608": {
    "postcode": "3868608",
    "prefecture": "長野県",
    "prefecture_kana": "ナガノケン",
    "prefecture_code": 20,
    "city": "上田市",
    "city_kana": "ウエダシ",
    "town": "踏入",
    "town_kana": "フミイリ",
    "street": "２丁目１０−１９",
    "office_name": "上田日本無線　株式会社",
    "office_name_kana": "ウエダニホンムセン カブシキガイシヤ"
  },
  "8609": {
    "postcode": "3868609",
    "prefecture": "長野県",
    "prefecture_kana": "ナガノケン",
    "prefecture_code": 20,
    "city": "上田市",
    "city_kana": "ウエダシ",
    "town": "天神",
    "town_kana": "テンジン",
    "street": "２丁目４−７０",
    "office_name": "ハローワーク上田（上田公共職業安定所）",
    "office_name_kana": "ハロ-ワ-クウエダ(ウエダコウキヨウシヨクギヨウアンテイジヨ)"
  },
  "8610": {
    "postcode": "3868610",
    "prefecture": "長野県",
    "prefecture_kana": "ナガノケン",
    "prefecture_code": 20,
    "city": "上田市",
    "city_kana": "ウエダシ",
    "town": "緑が丘",
    "town_kana": "ミドリガオカ",
    "street": "１−２７−２１",
    "office_name": "独立行政法人　国立病院機構　信州上田医療センター",
    "office_name_kana": "ドクリツギヨウセイホウジン コクリツビヨウインキコウ シンシユウウエダイリヨウセンター"
  },
  "8611": {
    "postcode": "3868611",
    "prefecture": "長野県",
    "prefecture_kana": "ナガノケン",
    "prefecture_code": 20,
    "city": "上田市",
    "city_kana": "ウエダシ",
    "town": "常田",
    "town_kana": "トキダ",
    "street": "１丁目１０−３",
    "office_name": "笠原工業　株式会社　上田工場",
    "office_name_kana": "カサハラコウギヨウ カブシキガイシヤ ウエダコウジヨウ"
  },
  "8624": {
    "postcode": "3868624",
    "prefecture": "長野県",
    "prefecture_kana": "ナガノケン",
    "prefecture_code": 20,
    "city": "上田市",
    "city_kana": "ウエダシ",
    "town": "大字下塩尻",
    "town_kana": null,
    "street": "８６８",
    "office_name": "上田西高等学校",
    "office_name_kana": "ウエダニシコウトウガツコウ"
  },
  "8634": {
    "postcode": "3868634",
    "prefecture": "長野県",
    "prefecture_kana": "ナガノケン",
    "prefecture_code": 20,
    "city": "上田市",
    "city_kana": "ウエダシ",
    "town": "殿城",
    "town_kana": "トノシロ",
    "street": "５−４",
    "office_name": "山洋電気　株式会社　上田事業所　神川工場",
    "office_name_kana": "サンヨウデンキ カブシキガイシヤ ウエダジギヨウシヨ カンガワコウジヨウ"
  },
  "8638": {
    "postcode": "3868638",
    "prefecture": "長野県",
    "prefecture_kana": "ナガノケン",
    "prefecture_code": 20,
    "city": "上田市",
    "city_kana": "ウエダシ",
    "town": "中央東",
    "town_kana": "チュウオウヒガシ",
    "street": "５−１４",
    "office_name": "株式会社　三葉製作所",
    "office_name_kana": "カブシキガイシヤ ミツバセイサクジヨ"
  },
  "8666": {
    "postcode": "3868666",
    "prefecture": "長野県",
    "prefecture_kana": "ナガノケン",
    "prefecture_code": 20,
    "city": "上田市",
    "city_kana": "ウエダシ",
    "town": "住吉",
    "town_kana": "スミヨシ",
    "street": "２１番地５",
    "office_name": "シンワアドヴァンス　株式会社",
    "office_name_kana": "シンワアドヴアンス カブシキガイシヤ"
  },
  "8668": {
    "postcode": "3868668",
    "prefecture": "長野県",
    "prefecture_kana": "ナガノケン",
    "prefecture_code": 20,
    "city": "上田市",
    "city_kana": "ウエダシ",
    "town": "大手",
    "town_kana": "オオテ",
    "street": "２丁目７−１０",
    "office_name": "信州うえだ　農業協同組合",
    "office_name_kana": "シンシユウウエダ ノウギヨウキヨウドウクミアイ"
  },
  "8683": {
    "postcode": "3868683",
    "prefecture": "長野県",
    "prefecture_kana": "ナガノケン",
    "prefecture_code": 20,
    "city": "上田市",
    "city_kana": "ウエダシ",
    "town": "常田",
    "town_kana": "トキダ",
    "street": "３丁目５−６８",
    "office_name": "長野県　上田東高等学校",
    "office_name_kana": "ナガノケン ウエダヒガシコウトウガツコウ"
  },
  "8685": {
    "postcode": "3868685",
    "prefecture": "長野県",
    "prefecture_kana": "ナガノケン",
    "prefecture_code": 20,
    "city": "上田市",
    "city_kana": "ウエダシ",
    "town": "",
    "town_kana": "",
    "street": "西丘１７１０",
    "office_name": "長野県　上田染谷丘高等学校",
    "office_name_kana": "ナガノケン ウエダソメヤオカコウトウガツコウ"
  },
  "8686": {
    "postcode": "3868686",
    "prefecture": "長野県",
    "prefecture_kana": "ナガノケン",
    "prefecture_code": 20,
    "city": "上田市",
    "city_kana": "ウエダシ",
    "town": "大字下塩尻",
    "town_kana": null,
    "street": "９５０",
    "office_name": "信州ハム　株式会社",
    "office_name_kana": "シンシユウハム カブシキガイシヤ"
  },
  "8688": {
    "postcode": "3868688",
    "prefecture": "長野県",
    "prefecture_kana": "ナガノケン",
    "prefecture_code": 20,
    "city": "上田市",
    "city_kana": "ウエダシ",
    "town": "小泉",
    "town_kana": "コイズミ",
    "street": "７２−１",
    "office_name": "長野県厚生農業協同組合連合会　鹿教湯三才山リハビリテーションセンター　介護療養型老人保健施設いずみの",
    "office_name_kana": "ナガノケンコウセイノウギヨウキヨウドウクミアイレンゴウカイ カケユミサヤマリハビリテ-シヨンセンタ- カイゴリヨウヨウガタロウジンホケンシセツイズミノ"
  },
  "8705": {
    "postcode": "3868705",
    "prefecture": "長野県",
    "prefecture_kana": "ナガノケン",
    "prefecture_code": 20,
    "city": "上田市",
    "city_kana": "ウエダシ",
    "town": "中央",
    "town_kana": "チュウオウ",
    "street": "１−７−２２",
    "office_name": "中部電力パワーグリッド　株式会社　上田営業所",
    "office_name_kana": "チユウブデンリヨクパワ-グリツド カブシキガイシヤ ウエダエイギヨウシヨ"
  },
  "8710": {
    "postcode": "3868710",
    "prefecture": "長野県",
    "prefecture_kana": "ナガノケン",
    "prefecture_code": 20,
    "city": "上田市",
    "city_kana": "ウエダシ",
    "town": "中央",
    "town_kana": "チュウオウ",
    "street": "２丁目２−１２（上田郵便局私書箱第１号）",
    "office_name": "株式会社　八十二銀行　上田支店",
    "office_name_kana": "カブシキガイシヤ ハチジユウニギンコウ ウエダシテン"
  },
  "8715": {
    "postcode": "3868715",
    "prefecture": "長野県",
    "prefecture_kana": "ナガノケン",
    "prefecture_code": 20,
    "city": "上田市",
    "city_kana": "ウエダシ",
    "town": "大手",
    "town_kana": "オオテ",
    "street": "１−４−３２",
    "office_name": "長野県　上田高等学校",
    "office_name_kana": "ナガノケン ウエダコウトウガツコウ"
  },
  "8720": {
    "postcode": "3868720",
    "prefecture": "長野県",
    "prefecture_kana": "ナガノケン",
    "prefecture_code": 20,
    "city": "上田市",
    "city_kana": "ウエダシ",
    "town": "中央西",
    "town_kana": "チュウオウニシ",
    "street": "２丁目６−２２（上田郵便局私書箱第２１号）",
    "office_name": "上田税務署",
    "office_name_kana": "ウエダゼイムシヨ"
  }
}