{
  "0000": {
    "postcode": "4170000",
    "prefecture": "静岡県",
    "prefecture_kana": "シズオカケン",
    "prefecture_code": 22,
    "city": "富士市",
    "city_kana": "フジシ",
    "town": "",
    "town_kana": "",
    "street": null,
    "office_name": null,
    "office_name_kana": null
  },
  "0001": {
    "postcode": "4170001",
    "prefecture": "静岡県",
    "prefecture_kana": "シズオカケン",
    "prefecture_code": 22,
    "city": "富士市",
    "city_kana": "フジシ",
    "town": "今泉",
    "town_kana": "イマイズミ",
    "street": null,
    "office_name": null,
    "office_name_kana": null
  },
  "0002": {
    "postcode": "4170002",
    "prefecture": "静岡県",
    "prefecture_kana": "シズオカケン",
    "prefecture_code": 22,
    "city": "富士市",
    "city_kana": "フジシ",
    "town": "依田橋",
    "town_kana": "ヨダバシ",
    "street": null,
    "office_name": null,
    "office_name_kana": null
  },
  "0003": {
    "postcode": "4170003",
    "prefecture": "静岡県",
    "prefecture_kana": "シズオカケン",
    "prefecture_code": 22,
    "city": "富士市",
    "city_kana": "フジシ",
    "town": "依田橋町",
    "town_kana": "ヨダバシチョウ",
    "street": null,
    "office_name": null,
    "office_name_kana": null
  },
  "0004": {
    "postcode": "4170004",
    "prefecture": "静岡県",
    "prefecture_kana": "シズオカケン",
    "prefecture_code": 22,
    "city": "富士市",
    "city_kana": "フジシ",
    "town": "新橋町",
    "town_kana": "シンバシチョウ",
    "street": null,
    "office_name": null,
    "office_name_kana": null
  },
  "0011": {
    "postcode": "4170011",
    "prefecture": "静岡県",
    "prefecture_kana": "シズオカケン",
    "prefecture_code": 22,
    "city": "富士市",
    "city_kana": "フジシ",
    "town": "鈴川本町",
    "town_kana": "スズカワホンチョウ",
    "street": null,
    "office_name": null,
    "office_name_kana": null
  },
  "0012": {
    "postcode": "4170012",
    "prefecture": "静岡県",
    "prefecture_kana": "シズオカケン",
    "prefecture_code": 22,
    "city": "富士市",
    "city_kana": "フジシ",
    "town": "鈴川東町",
    "town_kana": "スズカワヒガシチョウ",
    "street": null,
    "office_name": null,
    "office_name_kana": null
  },
  "0013": {
    "postcode": "4170013",
    "prefecture": "静岡県",
    "prefecture_kana": "シズオカケン",
    "prefecture_code": 22,
    "city": "富士市",
    "city_kana": "フジシ",
    "town": "鈴川中町",
    "town_kana": "スズカワナカチョウ",
    "street": null,
    "office_name": null,
    "office_name_kana": null
  },
  "0014": {
    "postcode": "4170014",
    "prefecture": "静岡県",
    "prefecture_kana": "シズオカケン",
    "prefecture_code": 22,
    "city": "富士市",
    "city_kana": "フジシ",
    "town": "鈴川西町",
    "town_kana": "スズカワニシチョウ",
    "street": null,
    "office_name": null,
    "office_name_kana": null
  },
  "0015": {
    "postcode": "4170015",
    "prefecture": "静岡県",
    "prefecture_kana": "シズオカケン",
    "prefecture_code": 22,
    "city": "富士市",
    "city_kana": "フジシ",
    "town": "鈴川町",
    "town_kana": "スズカワチョウ",
    "street": null,
    "office_name": null,
    "office_name_kana": null
  },
  "0021": {
    "postcode": "4170021",
    "prefecture": "静岡県",
    "prefecture_kana": "シズオカケン",
    "prefecture_code": 22,
    "city": "富士市",
    "city_kana": "フジシ",
    "town": "依田原",
    "town_kana": "ヨダハラ",
    "street": null,
    "office_name": null,
    "office_name_kana": null
  },
  "0022": {
    "postcode": "4170022",
    "prefecture": "静岡県",
    "prefecture_kana": "シズオカケン",
    "prefecture_code": 22,
    "city": "富士市",
    "city_kana": "フジシ",
    "town": "依田原町",
    "town_kana": "ヨダハラチョウ",
    "street": null,
    "office_name": null,
    "office_name_kana": null
  },
  "0023": {
    "postcode": "4170023",
    "prefecture": "静岡県",
    "prefecture_kana": "シズオカケン",
    "prefecture_code": 22,
    "city": "富士市",
    "city_kana": "フジシ",
    "town": "吉原宝町",
    "town_kana": "ヨシワラタカラチョウ",
    "street": null,
    "office_name": null,
    "office_name_kana": null
  },
  "0024": {
    "postcode": "4170024",
    "prefecture": "静岡県",
    "prefecture_kana": "シズオカケン",
    "prefecture_code": 22,
    "city": "富士市",
    "city_kana": "フジシ",
    "town": "八代町",
    "town_kana": "ヤシロチョウ",
    "street": null,
    "office_name": null,
    "office_name_kana": null
  },
  "0025": {
    "postcode": "4170025",
    "prefecture": "静岡県",
    "prefecture_kana": "シズオカケン",
    "prefecture_code": 22,
    "city": "富士市",
    "city_kana": "フジシ",
    "town": "瓜島",
    "town_kana": "ウリジマ",
    "street": null,
    "office_name": null,
    "office_name_kana": null
  },
  "0026": {
    "postcode": "4170026",
    "prefecture": "静岡県",
    "prefecture_kana": "シズオカケン",
    "prefecture_code": 22,
    "city": "富士市",
    "city_kana": "フジシ",
    "town": "南町",
    "town_kana": "ミナミチョウ",
    "street": null,
    "office_name": null,
    "office_name_kana": null
  },
  "0031": {
    "postcode": "4170031",
    "prefecture": "静岡県",
    "prefecture_kana": "シズオカケン",
    "prefecture_code": 22,
    "city": "富士市",
    "city_kana": "フジシ",
    "town": "田島",
    "town_kana": "タジマ",
    "street": null,
    "office_name": null,
    "office_name_kana": null
  },
  "0032": {
    "postcode": "4170032",
    "prefecture": "静岡県",
    "prefecture_kana": "シズオカケン",
    "prefecture_code": 22,
    "city": "富士市",
    "city_kana": "フジシ",
    "town": "田島新田",
    "town_kana": "タジマシンデン",
    "street": null,
    "office_name": null,
    "office_name_kana": null
  },
  "0033": {
    "postcode": "4170033",
    "prefecture": "静岡県",
    "prefecture_kana": "シズオカケン",
    "prefecture_code": 22,
    "city": "富士市",
    "city_kana": "フジシ",
    "town": "島田町",
    "town_kana": "シマダチョウ",
    "street": null,
    "office_name": null,
    "office_name_kana": null
  },
  "0034": {
    "postcode": "4170034",
    "prefecture": "静岡県",
    "prefecture_kana": "シズオカケン",
    "prefecture_code": 22,
    "city": "富士市",
    "city_kana": "フジシ",
    "town": "津田",
    "town_kana": "ツタ",
    "street": null,
    "office_name": null,
    "office_name_kana": null
  },
  "0035": {
    "postcode": "4170035",
    "prefecture": "静岡県",
    "prefecture_kana": "シズオカケン",
    "prefecture_code": 22,
    "city": "富士市",
    "city_kana": "フジシ",
    "town": "津田町",
    "town_kana": "ツタチョウ",
    "street": null,
    "office_name": null,
    "office_name_kana": null
  },
  "0036": {
    "postcode": "4170036",
    "prefecture": "静岡県",
    "prefecture_kana": "シズオカケン",
    "prefecture_code": 22,
    "city": "富士市",
    "city_kana": "フジシ",
    "town": "中河原",
    "town_kana": "ナカカワハラ",
    "street": null,
    "office_name": null,
    "office_name_kana": null
  },
  "0037": {
    "postcode": "4170037",
    "prefecture": "静岡県",
    "prefecture_kana": "シズオカケン",
    "prefecture_code": 22,
    "city": "富士市",
    "city_kana": "フジシ",
    "town": "外木",
    "town_kana": "トノキ",
    "street": null,
    "office_name": null,
    "office_name_kana": null
  },
  "0041": {
    "postcode": "4170041",
    "prefecture": "静岡県",
    "prefecture_kana": "シズオカケン",
    "prefecture_code": 22,
    "city": "富士市",
    "city_kana": "フジシ",
    "town": "御幸町",
    "town_kana": "ミユキチョウ",
    "street": null,
    "office_name": null,
    "office_name_kana": null
  },
  "0042": {
    "postcode": "4170042",
    "prefecture": "静岡県",
    "prefecture_kana": "シズオカケン",
    "prefecture_code": 22,
    "city": "富士市",
    "city_kana": "フジシ",
    "town": "荒田島",
    "town_kana": "アラタジマ",
    "street": null,
    "office_name": null,
    "office_name_kana": null
  },
  "0043": {
    "postcode": "4170043",
    "prefecture": "静岡県",
    "prefecture_kana": "シズオカケン",
    "prefecture_code": 22,
    "city": "富士市",
    "city_kana": "フジシ",
    "town": "荒田島町",
    "town_kana": "アラタジマチョウ",
    "street": null,
    "office_name": null,
    "office_name_kana": null
  },
  "0044": {
    "postcode": "4170044",
    "prefecture": "静岡県",
    "prefecture_kana": "シズオカケン",
    "prefecture_code": 22,
    "city": "富士市",
    "city_kana": "フジシ",
    "town": "高嶺町",
    "town_kana": "タカネチョウ",
    "street": null,
    "office_name": null,
    "office_name_kana": null
  },
  "0045": {
    "postcode": "4170045",
    "prefecture": "静岡県",
    "prefecture_kana": "シズオカケン",
    "prefecture_code": 22,
    "city": "富士市",
    "city_kana": "フジシ",
    "town": "錦町",
    "town_kana": "ニシキチョウ",
    "street": null,
    "office_name": null,
    "office_name_kana": null
  },
  "0046": {
    "postcode": "4170046",
    "prefecture": "静岡県",
    "prefecture_kana": "シズオカケン",
    "prefecture_code": 22,
    "city": "富士市",
    "city_kana": "フジシ",
    "town": "青島",
    "town_kana": "アオシマ",
    "street": null,
    "office_name": null,
    "office_name_kana": null
  },
  "0047": {
    "postcode": "4170047",
    "prefecture": "静岡県",
    "prefecture_kana": "シズオカケン",
    "prefecture_code": 22,
    "city": "富士市",
    "city_kana": "フジシ",
    "town": "青島町",
    "town_kana": "アオシマチョウ",
    "street": null,
    "office_name": null,
    "office_name_kana": null
  },
  "0048": {
    "postcode": "4170048",
    "prefecture": "静岡県",
    "prefecture_kana": "シズオカケン",
    "prefecture_code": 22,
    "city": "富士市",
    "city_kana": "フジシ",
    "town": "高島町",
    "town_kana": "タカシマチョウ",
    "street": null,
    "office_name": null,
    "office_name_kana": null
  },
  "0049": {
    "postcode": "4170049",
    "prefecture": "静岡県",
    "prefecture_kana": "シズオカケン",
    "prefecture_code": 22,
    "city": "富士市",
    "city_kana": "フジシ",
    "town": "緑町",
    "town_kana": "ミドリチョウ",
    "street": null,
    "office_name": null,
    "office_name_kana": null
  },
  "0051": {
    "postcode": "4170051",
    "prefecture": "静岡県",
    "prefecture_kana": "シズオカケン",
    "prefecture_code": 22,
    "city": "富士市",
    "city_kana": "フジシ",
    "town": "吉原",
    "town_kana": "ヨシワラ",
    "street": null,
    "office_name": null,
    "office_name_kana": null
  },
  "0052": {
    "postcode": "4170052",
    "prefecture": "静岡県",
    "prefecture_kana": "シズオカケン",
    "prefecture_code": 22,
    "city": "富士市",
    "city_kana": "フジシ",
    "town": "中央町",
    "town_kana": "チュウオウチョウ",
    "street": null,
    "office_name": null,
    "office_name_kana": null
  },
  "0053": {
    "postcode": "4170053",
    "prefecture": "静岡県",
    "prefecture_kana": "シズオカケン",
    "prefecture_code": 22,
    "city": "富士市",
    "city_kana": "フジシ",
    "town": "依田原新田",
    "town_kana": "ヨダハラシンデン",
    "street": null,
    "office_name": null,
    "office_name_kana": null
  },
  "0054": {
    "postcode": "4170054",
    "prefecture": "静岡県",
    "prefecture_kana": "シズオカケン",
    "prefecture_code": 22,
    "city": "富士市",
    "city_kana": "フジシ",
    "town": "永田",
    "town_kana": "ナガタ",
    "street": null,
    "office_name": null,
    "office_name_kana": null
  },
  "0055": {
    "postcode": "4170055",
    "prefecture": "静岡県",
    "prefecture_kana": "シズオカケン",
    "prefecture_code": 22,
    "city": "富士市",
    "city_kana": "フジシ",
    "town": "永田町",
    "town_kana": "ナガタチョウ",
    "street": null,
    "office_name": null,
    "office_name_kana": null
  },
  "0056": {
    "postcode": "4170056",
    "prefecture": "静岡県",
    "prefecture_kana": "シズオカケン",
    "prefecture_code": 22,
    "city": "富士市",
    "city_kana": "フジシ",
    "town": "日乃出町",
    "town_kana": "ヒノデチョウ",
    "street": null,
    "office_name": null,
    "office_name_kana": null
  },
  "0057": {
    "postcode": "4170057",
    "prefecture": "静岡県",
    "prefecture_kana": "シズオカケン",
    "prefecture_code": 22,
    "city": "富士市",
    "city_kana": "フジシ",
    "town": "瓜島町",
    "town_kana": "ウリジマチョウ",
    "street": null,
    "office_name": null,
    "office_name_kana": null
  },
  "0058": {
    "postcode": "4170058",
    "prefecture": "静岡県",
    "prefecture_kana": "シズオカケン",
    "prefecture_code": 22,
    "city": "富士市",
    "city_kana": "フジシ",
    "town": "永田北町",
    "town_kana": "ナガタキタチョウ",
    "street": null,
    "office_name": null,
    "office_name_kana": null
  },
  "0061": {
    "postcode": "4170061",
    "prefecture": "静岡県",
    "prefecture_kana": "シズオカケン",
    "prefecture_code": 22,
    "city": "富士市",
    "city_kana": "フジシ",
    "town": "伝法",
    "town_kana": "デンボウ",
    "street": null,
    "office_name": null,
    "office_name_kana": null
  },
  "0062": {
    "postcode": "4170062",
    "prefecture": "静岡県",
    "prefecture_kana": "シズオカケン",
    "prefecture_code": 22,
    "city": "富士市",
    "city_kana": "フジシ",
    "town": "香西",
    "town_kana": "コウサイ",
    "street": null,
    "office_name": null,
    "office_name_kana": null
  },
  "0063": {
    "postcode": "4170063",
    "prefecture": "静岡県",
    "prefecture_kana": "シズオカケン",
    "prefecture_code": 22,
    "city": "富士市",
    "city_kana": "フジシ",
    "town": "香西新田",
    "town_kana": "コウサイシンデン",
    "street": null,
    "office_name": null,
    "office_name_kana": null
  },
  "0064": {
    "postcode": "4170064",
    "prefecture": "静岡県",
    "prefecture_kana": "シズオカケン",
    "prefecture_code": 22,
    "city": "富士市",
    "city_kana": "フジシ",
    "town": "弥生",
    "town_kana": "ヤヨイ",
    "street": null,
    "office_name": null,
    "office_name_kana": null
  },
  "0065": {
    "postcode": "4170065",
    "prefecture": "静岡県",
    "prefecture_kana": "シズオカケン",
    "prefecture_code": 22,
    "city": "富士市",
    "city_kana": "フジシ",
    "town": "弥生新田",
    "town_kana": "ヤヨイシンデン",
    "street": null,
    "office_name": null,
    "office_name_kana": null
  },
  "0071": {
    "postcode": "4170071",
    "prefecture": "静岡県",
    "prefecture_kana": "シズオカケン",
    "prefecture_code": 22,
    "city": "富士市",
    "city_kana": "フジシ",
    "town": "国久保",
    "town_kana": "クニクボ",
    "street": null,
    "office_name": null,
    "office_name_kana": null
  },
  "0072": {
    "postcode": "4170072",
    "prefecture": "静岡県",
    "prefecture_kana": "シズオカケン",
    "prefecture_code": 22,
    "city": "富士市",
    "city_kana": "フジシ",
    "town": "浅間上町",
    "town_kana": "センゲンカミチョウ",
    "street": null,
    "office_name": null,
    "office_name_kana": null
  },
  "0073": {
    "postcode": "4170073",
    "prefecture": "静岡県",
    "prefecture_kana": "シズオカケン",
    "prefecture_code": 22,
    "city": "富士市",
    "city_kana": "フジシ",
    "town": "浅間本町",
    "town_kana": "センゲンホンチョウ",
    "street": null,
    "office_name": null,
    "office_name_kana": null
  },
  "0801": {
    "postcode": "4170801",
    "prefecture": "静岡県",
    "prefecture_kana": "シズオカケン",
    "prefecture_code": 22,
    "city": "富士市",
    "city_kana": "フジシ",
    "town": "大淵",
    "town_kana": "オオブチ",
    "street": null,
    "office_name": null,
    "office_name_kana": null
  },
  "0802": {
    "postcode": "4170802",
    "prefecture": "静岡県",
    "prefecture_kana": "シズオカケン",
    "prefecture_code": 22,
    "city": "富士市",
    "city_kana": "フジシ",
    "town": "今宮",
    "town_kana": "イマミヤ",
    "street": null,
    "office_name": null,
    "office_name_kana": null
  },
  "0803": {
    "postcode": "4170803",
    "prefecture": "静岡県",
    "prefecture_kana": "シズオカケン",
    "prefecture_code": 22,
    "city": "富士市",
    "city_kana": "フジシ",
    "town": "桑崎",
    "town_kana": "カザキ",
    "street": null,
    "office_name": null,
    "office_name_kana": null
  },
  "0804": {
    "postcode": "4170804",
    "prefecture": "静岡県",
    "prefecture_kana": "シズオカケン",
    "prefecture_code": 22,
    "city": "富士市",
    "city_kana": "フジシ",
    "town": "石井",
    "town_kana": "イシイ",
    "street": null,
    "office_name": null,
    "office_name_kana": null
  },
  "0805": {
    "postcode": "4170805",
    "prefecture": "静岡県",
    "prefecture_kana": "シズオカケン",
    "prefecture_code": 22,
    "city": "富士市",
    "city_kana": "フジシ",
    "town": "鵜無ケ淵",
    "town_kana": "ウナイガフチ",
    "street": null,
    "office_name": null,
    "office_name_kana": null
  },
  "0806": {
    "postcode": "4170806",
    "prefecture": "静岡県",
    "prefecture_kana": "シズオカケン",
    "prefecture_code": 22,
    "city": "富士市",
    "city_kana": "フジシ",
    "town": "間門",
    "town_kana": "マカド",
    "street": null,
    "office_name": null,
    "office_name_kana": null
  },
  "0807": {
    "postcode": "4170807",
    "prefecture": "静岡県",
    "prefecture_kana": "シズオカケン",
    "prefecture_code": 22,
    "city": "富士市",
    "city_kana": "フジシ",
    "town": "神戸",
    "town_kana": "ゴウド",
    "street": null,
    "office_name": null,
    "office_name_kana": null
  },
  "0808": {
    "postcode": "4170808",
    "prefecture": "静岡県",
    "prefecture_kana": "シズオカケン",
    "prefecture_code": 22,
    "city": "富士市",
    "city_kana": "フジシ",
    "town": "一色",
    "town_kana": "イッシキ",
    "street": null,
    "office_name": null,
    "office_name_kana": null
  },
  "0809": {
    "postcode": "4170809",
    "prefecture": "静岡県",
    "prefecture_kana": "シズオカケン",
    "prefecture_code": 22,
    "city": "富士市",
    "city_kana": "フジシ",
    "town": "中野",
    "town_kana": "ナカノ",
    "street": null,
    "office_name": null,
    "office_name_kana": null
  },
  "0811": {
    "postcode": "4170811",
    "prefecture": "静岡県",
    "prefecture_kana": "シズオカケン",
    "prefecture_code": 22,
    "city": "富士市",
    "city_kana": "フジシ",
    "town": "江尾",
    "town_kana": "エノオ",
    "street": null,
    "office_name": null,
    "office_name_kana": null
  },
  "0812": {
    "postcode": "4170812",
    "prefecture": "静岡県",
    "prefecture_kana": "シズオカケン",
    "prefecture_code": 22,
    "city": "富士市",
    "city_kana": "フジシ",
    "town": "境",
    "town_kana": "サカイ",
    "street": null,
    "office_name": null,
    "office_name_kana": null
  },
  "0813": {
    "postcode": "4170813",
    "prefecture": "静岡県",
    "prefecture_kana": "シズオカケン",
    "prefecture_code": 22,
    "city": "富士市",
    "city_kana": "フジシ",
    "town": "船津",
    "town_kana": "フナツ",
    "street": null,
    "office_name": null,
    "office_name_kana": null
  },
  "0814": {
    "postcode": "4170814",
    "prefecture": "静岡県",
    "prefecture_kana": "シズオカケン",
    "prefecture_code": 22,
    "city": "富士市",
    "city_kana": "フジシ",
    "town": "西船津",
    "town_kana": "ニシフナツ",
    "street": null,
    "office_name": null,
    "office_name_kana": null
  },
  "0815": {
    "postcode": "4170815",
    "prefecture": "静岡県",
    "prefecture_kana": "シズオカケン",
    "prefecture_code": 22,
    "city": "富士市",
    "city_kana": "フジシ",
    "town": "増川",
    "town_kana": "マスガワ",
    "street": null,
    "office_name": null,
    "office_name_kana": null
  },
  "0816": {
    "postcode": "4170816",
    "prefecture": "静岡県",
    "prefecture_kana": "シズオカケン",
    "prefecture_code": 22,
    "city": "富士市",
    "city_kana": "フジシ",
    "town": "増川新町",
    "town_kana": "マスガワシンマチ",
    "street": null,
    "office_name": null,
    "office_name_kana": null
  },
  "0817": {
    "postcode": "4170817",
    "prefecture": "静岡県",
    "prefecture_kana": "シズオカケン",
    "prefecture_code": 22,
    "city": "富士市",
    "city_kana": "フジシ",
    "town": "江尾南",
    "town_kana": "エノオミナミ",
    "street": null,
    "office_name": null,
    "office_name_kana": null
  },
  "0821": {
    "postcode": "4170821",
    "prefecture": "静岡県",
    "prefecture_kana": "シズオカケン",
    "prefecture_code": 22,
    "city": "富士市",
    "city_kana": "フジシ",
    "town": "神谷",
    "town_kana": "カミヤ",
    "street": null,
    "office_name": null,
    "office_name_kana": null
  },
  "0822": {
    "postcode": "4170822",
    "prefecture": "静岡県",
    "prefecture_kana": "シズオカケン",
    "prefecture_code": 22,
    "city": "富士市",
    "city_kana": "フジシ",
    "town": "神谷新町",
    "town_kana": "カミヤシンマチ",
    "street": null,
    "office_name": null,
    "office_name_kana": null
  },
  "0823": {
    "postcode": "4170823",
    "prefecture": "静岡県",
    "prefecture_kana": "シズオカケン",
    "prefecture_code": 22,
    "city": "富士市",
    "city_kana": "フジシ",
    "town": "神谷南",
    "town_kana": "カミヤミナミ",
    "street": null,
    "office_name": null,
    "office_name_kana": null
  },
  "0824": {
    "postcode": "4170824",
    "prefecture": "静岡県",
    "prefecture_kana": "シズオカケン",
    "prefecture_code": 22,
    "city": "富士市",
    "city_kana": "フジシ",
    "town": "川尻東",
    "town_kana": "カワシリヒガシ",
    "street": null,
    "office_name": null,
    "office_name_kana": null
  },
  "0825": {
    "postcode": "4170825",
    "prefecture": "静岡県",
    "prefecture_kana": "シズオカケン",
    "prefecture_code": 22,
    "city": "富士市",
    "city_kana": "フジシ",
    "town": "川尻",
    "town_kana": "カワシリ",
    "street": null,
    "office_name": null,
    "office_name_kana": null
  },
  "0826": {
    "postcode": "4170826",
    "prefecture": "静岡県",
    "prefecture_kana": "シズオカケン",
    "prefecture_code": 22,
    "city": "富士市",
    "city_kana": "フジシ",
    "town": "中里",
    "town_kana": "ナカザト",
    "street": null,
    "office_name": null,
    "office_name_kana": null
  },
  "0831": {
    "postcode": "4170831",
    "prefecture": "静岡県",
    "prefecture_kana": "シズオカケン",
    "prefecture_code": 22,
    "city": "富士市",
    "city_kana": "フジシ",
    "town": "東柏原新田",
    "town_kana": "ヒガシカシワバラシンデン",
    "street": null,
    "office_name": null,
    "office_name_kana": null
  },
  "0832": {
    "postcode": "4170832",
    "prefecture": "静岡県",
    "prefecture_kana": "シズオカケン",
    "prefecture_code": 22,
    "city": "富士市",
    "city_kana": "フジシ",
    "town": "中柏原新田",
    "town_kana": "ナカカシワバラシンデン",
    "street": null,
    "office_name": null,
    "office_name_kana": null
  },
  "0833": {
    "postcode": "4170833",
    "prefecture": "静岡県",
    "prefecture_kana": "シズオカケン",
    "prefecture_code": 22,
    "city": "富士市",
    "city_kana": "フジシ",
    "town": "沼田新田",
    "town_kana": "ヌマタシンデン",
    "street": null,
    "office_name": null,
    "office_name_kana": null
  },
  "0834": {
    "postcode": "4170834",
    "prefecture": "静岡県",
    "prefecture_kana": "シズオカケン",
    "prefecture_code": 22,
    "city": "富士市",
    "city_kana": "フジシ",
    "town": "西柏原新田",
    "town_kana": "ニシカシワバラシンデン",
    "street": null,
    "office_name": null,
    "office_name_kana": null
  },
  "0835": {
    "postcode": "4170835",
    "prefecture": "静岡県",
    "prefecture_kana": "シズオカケン",
    "prefecture_code": 22,
    "city": "富士市",
    "city_kana": "フジシ",
    "town": "柏原",
    "town_kana": "カシワバラ",
    "street": null,
    "office_name": null,
    "office_name_kana": null
  },
  "0841": {
    "postcode": "4170841",
    "prefecture": "静岡県",
    "prefecture_kana": "シズオカケン",
    "prefecture_code": 22,
    "city": "富士市",
    "city_kana": "フジシ",
    "town": "富士岡",
    "town_kana": "フジオカ",
    "street": null,
    "office_name": null,
    "office_name_kana": null
  },
  "0842": {
    "postcode": "4170842",
    "prefecture": "静岡県",
    "prefecture_kana": "シズオカケン",
    "prefecture_code": 22,
    "city": "富士市",
    "city_kana": "フジシ",
    "town": "三新田",
    "town_kana": "サンシンデン",
    "street": null,
    "office_name": null,
    "office_name_kana": null
  },
  "0843": {
    "postcode": "4170843",
    "prefecture": "静岡県",
    "prefecture_kana": "シズオカケン",
    "prefecture_code": 22,
    "city": "富士市",
    "city_kana": "フジシ",
    "town": "田中新田",
    "town_kana": "タナカシンデン",
    "street": null,
    "office_name": null,
    "office_name_kana": null
  },
  "0844": {
    "postcode": "4170844",
    "prefecture": "静岡県",
    "prefecture_kana": "シズオカケン",
    "prefecture_code": 22,
    "city": "富士市",
    "city_kana": "フジシ",
    "town": "檜新田",
    "town_kana": "ヒノキシンデン",
    "street": null,
    "office_name": null,
    "office_name_kana": null
  },
  "0845": {
    "postcode": "4170845",
    "prefecture": "静岡県",
    "prefecture_kana": "シズオカケン",
    "prefecture_code": 22,
    "city": "富士市",
    "city_kana": "フジシ",
    "town": "大野新田",
    "town_kana": "オオノシンデン",
    "street": null,
    "office_name": null,
    "office_name_kana": null
  },
  "0846": {
    "postcode": "4170846",
    "prefecture": "静岡県",
    "prefecture_kana": "シズオカケン",
    "prefecture_code": 22,
    "city": "富士市",
    "city_kana": "フジシ",
    "town": "今井",
    "town_kana": "イマイ",
    "street": null,
    "office_name": null,
    "office_name_kana": null
  },
  "0847": {
    "postcode": "4170847",
    "prefecture": "静岡県",
    "prefecture_kana": "シズオカケン",
    "prefecture_code": 22,
    "city": "富士市",
    "city_kana": "フジシ",
    "town": "比奈",
    "town_kana": "ヒナ",
    "street": null,
    "office_name": null,
    "office_name_kana": null
  },
  "0848": {
    "postcode": "4170848",
    "prefecture": "静岡県",
    "prefecture_kana": "シズオカケン",
    "prefecture_code": 22,
    "city": "富士市",
    "city_kana": "フジシ",
    "town": "大野",
    "town_kana": "オオノ",
    "street": null,
    "office_name": null,
    "office_name_kana": null
  },
  "0851": {
    "postcode": "4170851",
    "prefecture": "静岡県",
    "prefecture_kana": "シズオカケン",
    "prefecture_code": 22,
    "city": "富士市",
    "city_kana": "フジシ",
    "town": "富士見台",
    "town_kana": "フジミダイ",
    "street": null,
    "office_name": null,
    "office_name_kana": null
  },
  "0852": {
    "postcode": "4170852",
    "prefecture": "静岡県",
    "prefecture_kana": "シズオカケン",
    "prefecture_code": 22,
    "city": "富士市",
    "city_kana": "フジシ",
    "town": "原田",
    "town_kana": "ハラダ",
    "street": null,
    "office_name": null,
    "office_name_kana": null
  },
  "0853": {
    "postcode": "4170853",
    "prefecture": "静岡県",
    "prefecture_kana": "シズオカケン",
    "prefecture_code": 22,
    "city": "富士市",
    "city_kana": "フジシ",
    "town": "宇東川東町",
    "town_kana": "ウトガワヒガシチョウ",
    "street": null,
    "office_name": null,
    "office_name_kana": null
  },
  "0854": {
    "postcode": "4170854",
    "prefecture": "静岡県",
    "prefecture_kana": "シズオカケン",
    "prefecture_code": 22,
    "city": "富士市",
    "city_kana": "フジシ",
    "town": "宇東川西町",
    "town_kana": "ウトガワニシチョウ",
    "street": null,
    "office_name": null,
    "office_name_kana": null
  },
  "0855": {
    "postcode": "4170855",
    "prefecture": "静岡県",
    "prefecture_kana": "シズオカケン",
    "prefecture_code": 22,
    "city": "富士市",
    "city_kana": "フジシ",
    "town": "三ツ沢",
    "town_kana": "ミツザワ",
    "street": null,
    "office_name": null,
    "office_name_kana": null
  },
  "0856": {
    "postcode": "4170856",
    "prefecture": "静岡県",
    "prefecture_kana": "シズオカケン",
    "prefecture_code": 22,
    "city": "富士市",
    "city_kana": "フジシ",
    "town": "さんどまき",
    "town_kana": "サンドマキ",
    "street": null,
    "office_name": null,
    "office_name_kana": null
  },
  "0861": {
    "postcode": "4170861",
    "prefecture": "静岡県",
    "prefecture_kana": "シズオカケン",
    "prefecture_code": 22,
    "city": "富士市",
    "city_kana": "フジシ",
    "town": "広見東本町",
    "town_kana": "ヒロミヒガシホンチョウ",
    "street": null,
    "office_name": null,
    "office_name_kana": null
  },
  "0862": {
    "postcode": "4170862",
    "prefecture": "静岡県",
    "prefecture_kana": "シズオカケン",
    "prefecture_code": 22,
    "city": "富士市",
    "city_kana": "フジシ",
    "town": "石坂",
    "town_kana": "イシザカ",
    "street": null,
    "office_name": null,
    "office_name_kana": null
  },
  "0863": {
    "postcode": "4170863",
    "prefecture": "静岡県",
    "prefecture_kana": "シズオカケン",
    "prefecture_code": 22,
    "city": "富士市",
    "city_kana": "フジシ",
    "town": "広見西本町",
    "town_kana": "ヒロミニシホンチョウ",
    "street": null,
    "office_name": null,
    "office_name_kana": null
  },
  "0864": {
    "postcode": "4170864",
    "prefecture": "静岡県",
    "prefecture_kana": "シズオカケン",
    "prefecture_code": 22,
    "city": "富士市",
    "city_kana": "フジシ",
    "town": "広見本町",
    "town_kana": "ヒロミホンチョウ",
    "street": null,
    "office_name": null,
    "office_name_kana": null
  },
  "8501": {
    "postcode": "4178501",
    "prefecture": "静岡県",
    "prefecture_kana": "シズオカケン",
    "prefecture_code": 22,
    "city": "富士市",
    "city_kana": "フジシ",
    "town": "今泉",
    "town_kana": "イマイズミ",
    "street": "４４１−１",
    "office_name": "アスト　株式会社",
    "office_name_kana": "アスト カブシキガイシヤ"
  },
  "8503": {
    "postcode": "4178503",
    "prefecture": "静岡県",
    "prefecture_kana": "シズオカケン",
    "prefecture_code": 22,
    "city": "富士市",
    "city_kana": "フジシ",
    "town": "比奈",
    "town_kana": "ヒナ",
    "street": "７６０−１",
    "office_name": "春日製紙工業　株式会社",
    "office_name_kana": "カスガセイシコウギヨウ カブシキガイシヤ"
  },
  "8505": {
    "postcode": "4178505",
    "prefecture": "静岡県",
    "prefecture_kana": "シズオカケン",
    "prefecture_code": 22,
    "city": "富士市",
    "city_kana": "フジシ",
    "town": "西柏原新田",
    "town_kana": "ニシカシワバラシンデン",
    "street": "２０１",
    "office_name": "パーパス　株式会社",
    "office_name_kana": "パ-パス カブシキガイシヤ"
  },
  "8506": {
    "postcode": "4178506",
    "prefecture": "静岡県",
    "prefecture_kana": "シズオカケン",
    "prefecture_code": 22,
    "city": "富士市",
    "city_kana": "フジシ",
    "town": "八代町",
    "town_kana": "ヤシロチョウ",
    "street": "４−３０",
    "office_name": "静岡県　労働金庫　吉原支店",
    "office_name_kana": "シズオカケン ロウドウキンコ ヨシハラシテン"
  },
  "8507": {
    "postcode": "4178507",
    "prefecture": "静岡県",
    "prefecture_kana": "シズオカケン",
    "prefecture_code": 22,
    "city": "富士市",
    "city_kana": "フジシ",
    "town": "島田町",
    "town_kana": "シマダチョウ",
    "street": "２丁目１９８",
    "office_name": "イデシギョー　株式会社",
    "office_name_kana": "イデシギヨ- カブシキガイシヤ"
  },
  "8508": {
    "postcode": "4178508",
    "prefecture": "静岡県",
    "prefecture_kana": "シズオカケン",
    "prefecture_code": 22,
    "city": "富士市",
    "city_kana": "フジシ",
    "town": "大淵",
    "town_kana": "オオブチ",
    "street": "２３７３",
    "office_name": "株式会社　ひのや",
    "office_name_kana": "カブシキガイシヤ ヒノヤ"
  },
  "8510": {
    "postcode": "4178510",
    "prefecture": "静岡県",
    "prefecture_kana": "シズオカケン",
    "prefecture_code": 22,
    "city": "富士市",
    "city_kana": "フジシ",
    "town": "中里",
    "town_kana": "ナカザト",
    "street": "２６０８−５０",
    "office_name": "株式会社　スギヤマ",
    "office_name_kana": "カブシキガイシヤ スギヤマ"
  },
  "8511": {
    "postcode": "4178511",
    "prefecture": "静岡県",
    "prefecture_kana": "シズオカケン",
    "prefecture_code": 22,
    "city": "富士市",
    "city_kana": "フジシ",
    "town": "中央町",
    "town_kana": "チュウオウチョウ",
    "street": "２丁目７−１",
    "office_name": "静岡地方裁判所　富士支部　静岡家庭裁判所　富士支部　富士簡易裁判所",
    "office_name_kana": "シズオカチホウサイバンシヨ フジシブ シズオカカテイサイバンシヨ フジシブ フジカンイサイバンシヨ"
  },
  "8512": {
    "postcode": "4178512",
    "prefecture": "静岡県",
    "prefecture_kana": "シズオカケン",
    "prefecture_code": 22,
    "city": "富士市",
    "city_kana": "フジシ",
    "town": "伝法",
    "town_kana": "デンボウ",
    "street": "９０２",
    "office_name": "株式会社　サンメイカ　富士支店",
    "office_name_kana": "カブシキガイシヤ サンメイカ フジシテン"
  },
  "8515": {
    "postcode": "4178515",
    "prefecture": "静岡県",
    "prefecture_kana": "シズオカケン",
    "prefecture_code": 22,
    "city": "富士市",
    "city_kana": "フジシ",
    "town": "永田北町",
    "town_kana": "ナガタキタチョウ",
    "street": "３−７",
    "office_name": "富士市立中央図書館",
    "office_name_kana": "フジシリツチユウオウトシヨカン"
  },
  "8519": {
    "postcode": "4178519",
    "prefecture": "静岡県",
    "prefecture_kana": "シズオカケン",
    "prefecture_code": 22,
    "city": "富士市",
    "city_kana": "フジシ",
    "town": "中央町",
    "town_kana": "チュウオウチョウ",
    "street": "１丁目３−１２",
    "office_name": "ＮＴＴマーケティングアクト静岡　株式会社　富士ソリューション営業部",
    "office_name_kana": "エヌテイテイマ-ケテイングアクトシズオカ カブシキガイシヤ フジソリユ-シヨンエイギヨウブ"
  },
  "8520": {
    "postcode": "4178520",
    "prefecture": "静岡県",
    "prefecture_kana": "シズオカケン",
    "prefecture_code": 22,
    "city": "富士市",
    "city_kana": "フジシ",
    "town": "比奈",
    "town_kana": "ヒナ",
    "street": "７９８",
    "office_name": "日本大昭和板紙吉永　株式会社",
    "office_name_kana": "ニホンダイシヨウワイタガミヨシナガ カブシキガイシヤ"
  },
  "8522": {
    "postcode": "4178522",
    "prefecture": "静岡県",
    "prefecture_kana": "シズオカケン",
    "prefecture_code": 22,
    "city": "富士市",
    "city_kana": "フジシ",
    "town": "青島町",
    "town_kana": "アオシマチョウ",
    "street": "２１８",
    "office_name": "日本プラスト　株式会社",
    "office_name_kana": "ニホンプラスト カブシキガイシヤ"
  },
  "8529": {
    "postcode": "4178529",
    "prefecture": "静岡県",
    "prefecture_kana": "シズオカケン",
    "prefecture_code": 22,
    "city": "富士市",
    "city_kana": "フジシ",
    "town": "伝法",
    "town_kana": "デンボウ",
    "street": "５６０",
    "office_name": "株式会社　イエローハット",
    "office_name_kana": "カブシキガイシヤ イエロ-ハツト"
  },
  "8530": {
    "postcode": "4178530",
    "prefecture": "静岡県",
    "prefecture_kana": "シズオカケン",
    "prefecture_code": 22,
    "city": "富士市",
    "city_kana": "フジシ",
    "town": "田島",
    "town_kana": "タジマ",
    "street": "３０",
    "office_name": "日本食品化工　株式会社",
    "office_name_kana": "ニホンシヨクヒンカコウ カブシキガイシヤ"
  },
  "8531": {
    "postcode": "4178531",
    "prefecture": "静岡県",
    "prefecture_kana": "シズオカケン",
    "prefecture_code": 22,
    "city": "富士市",
    "city_kana": "フジシ",
    "town": "大淵",
    "town_kana": "オオブチ",
    "street": "２４６６−１",
    "office_name": "ＪＦＥ商事コイルセンター　株式会社",
    "office_name_kana": "ジエイエフイ-シヨウジコイルセンタ- カブシキガイシヤ"
  },
  "8533": {
    "postcode": "4178533",
    "prefecture": "静岡県",
    "prefecture_kana": "シズオカケン",
    "prefecture_code": 22,
    "city": "富士市",
    "city_kana": "フジシ",
    "town": "大野新田",
    "town_kana": "オオノシンデン",
    "street": "３２",
    "office_name": "株式会社　中村組",
    "office_name_kana": "カブシキガイシヤ ナカムラグミ"
  },
  "8535": {
    "postcode": "4178535",
    "prefecture": "静岡県",
    "prefecture_kana": "シズオカケン",
    "prefecture_code": 22,
    "city": "富士市",
    "city_kana": "フジシ",
    "town": "伝法",
    "town_kana": "デンボウ",
    "street": "１１８０−１",
    "office_name": "三興製紙　株式会社",
    "office_name_kana": "サンコウセイシ カブシキガイシヤ"
  },
  "8538": {
    "postcode": "4178538",
    "prefecture": "静岡県",
    "prefecture_kana": "シズオカケン",
    "prefecture_code": 22,
    "city": "富士市",
    "city_kana": "フジシ",
    "town": "永田",
    "town_kana": "ナガタ",
    "street": "６７−１４",
    "office_name": "第一建設",
    "office_name_kana": "ダイイチケンセツ"
  },
  "8540": {
    "postcode": "4178540",
    "prefecture": "静岡県",
    "prefecture_kana": "シズオカケン",
    "prefecture_code": 22,
    "city": "富士市",
    "city_kana": "フジシ",
    "town": "永田町",
    "town_kana": "ナガタチョウ",
    "street": "１丁目１５０",
    "office_name": "株式会社　鈴木建設工業",
    "office_name_kana": "カブシキガイシヤ スズキケンセツコウギヨウ"
  },
  "8543": {
    "postcode": "4178543",
    "prefecture": "静岡県",
    "prefecture_kana": "シズオカケン",
    "prefecture_code": 22,
    "city": "富士市",
    "city_kana": "フジシ",
    "town": "神谷",
    "town_kana": "カミヤ",
    "street": "９５４−１",
    "office_name": "櫻井化学興業　株式会社",
    "office_name_kana": "サクライカガクコウギヨウ カブシキガイシヤ"
  },
  "8545": {
    "postcode": "4178545",
    "prefecture": "静岡県",
    "prefecture_kana": "シズオカケン",
    "prefecture_code": 22,
    "city": "富士市",
    "city_kana": "フジシ",
    "town": "今泉",
    "town_kana": "イマイズミ",
    "street": "２１６０",
    "office_name": "県立吉原高等学校",
    "office_name_kana": "ケンリツヨシワラコウトウガツコウ"
  },
  "8550": {
    "postcode": "4178550",
    "prefecture": "静岡県",
    "prefecture_kana": "シズオカケン",
    "prefecture_code": 22,
    "city": "富士市",
    "city_kana": "フジシ",
    "town": "大淵",
    "town_kana": "オオブチ",
    "street": "２５９０−１",
    "office_name": "静岡県富士工業技術支援センター",
    "office_name_kana": "シズオカケンフジコウギヨウギジユツシエンセンタ-"
  },
  "8555": {
    "postcode": "4178555",
    "prefecture": "静岡県",
    "prefecture_kana": "シズオカケン",
    "prefecture_code": 22,
    "city": "富士市",
    "city_kana": "フジシ",
    "town": "原田",
    "town_kana": "ハラダ",
    "street": "４５１−１",
    "office_name": "五條製紙　株式会社",
    "office_name_kana": "ゴジヨウセイシ カブシキガイシヤ"
  },
  "8560": {
    "postcode": "4178560",
    "prefecture": "静岡県",
    "prefecture_kana": "シズオカケン",
    "prefecture_code": 22,
    "city": "富士市",
    "city_kana": "フジシ",
    "town": "新橋町",
    "town_kana": "シンバシチョウ",
    "street": "７−１",
    "office_name": "株式会社　興人富士工場",
    "office_name_kana": "カブシキガイシヤ コウジンフジコウジヨウ"
  },
  "8565": {
    "postcode": "4178565",
    "prefecture": "静岡県",
    "prefecture_kana": "シズオカケン",
    "prefecture_code": 22,
    "city": "富士市",
    "city_kana": "フジシ",
    "town": "鈴川本町",
    "town_kana": "スズカワホンチョウ",
    "street": "９−１",
    "office_name": "株式会社　齊藤商会",
    "office_name_kana": "カブシキガイシヤ サイトウシヨウカイ"
  },
  "8566": {
    "postcode": "4178566",
    "prefecture": "静岡県",
    "prefecture_kana": "シズオカケン",
    "prefecture_code": 22,
    "city": "富士市",
    "city_kana": "フジシ",
    "town": "八代町",
    "town_kana": "ヤシロチョウ",
    "street": "３番５５号",
    "office_name": "静岡県富士警察署",
    "office_name_kana": "シズオカケンフジケイサツシヨ"
  },
  "8567": {
    "postcode": "4178567",
    "prefecture": "静岡県",
    "prefecture_kana": "シズオカケン",
    "prefecture_code": 22,
    "city": "富士市",
    "city_kana": "フジシ",
    "town": "高島町",
    "town_kana": "タカシマチョウ",
    "street": "５０",
    "office_name": "富士市立中央病院",
    "office_name_kana": "フジシリツチユウオウビヨウイン"
  },
  "8570": {
    "postcode": "4178570",
    "prefecture": "静岡県",
    "prefecture_kana": "シズオカケン",
    "prefecture_code": 22,
    "city": "富士市",
    "city_kana": "フジシ",
    "town": "依田橋",
    "town_kana": "ヨダバシ",
    "street": "６１−１",
    "office_name": "大昭和紙工産業",
    "office_name_kana": "ダイシヨウワシコウサンギヨウ"
  },
  "8571": {
    "postcode": "4178571",
    "prefecture": "静岡県",
    "prefecture_kana": "シズオカケン",
    "prefecture_code": 22,
    "city": "富士市",
    "city_kana": "フジシ",
    "town": "今泉",
    "town_kana": "イマイズミ",
    "street": "２９２１",
    "office_name": "県立富士東高等学校",
    "office_name_kana": "ケンリツフジヒガシコウトウガツコウ"
  },
  "8575": {
    "postcode": "4178575",
    "prefecture": "静岡県",
    "prefecture_kana": "シズオカケン",
    "prefecture_code": 22,
    "city": "富士市",
    "city_kana": "フジシ",
    "town": "大淵",
    "town_kana": "オオブチ",
    "street": "２４２９−３",
    "office_name": "ビヨンズ　株式会社",
    "office_name_kana": "ビヨンズ カブシキガイシヤ"
  },
  "8577": {
    "postcode": "4178577",
    "prefecture": "静岡県",
    "prefecture_kana": "シズオカケン",
    "prefecture_code": 22,
    "city": "富士市",
    "city_kana": "フジシ",
    "town": "今泉",
    "town_kana": "イマイズミ",
    "street": "２丁目２−９",
    "office_name": "株式会社　近藤商店",
    "office_name_kana": "カブシキガイシヤ コンドウシヨウテン"
  },
  "8580": {
    "postcode": "4178580",
    "prefecture": "静岡県",
    "prefecture_kana": "シズオカケン",
    "prefecture_code": 22,
    "city": "富士市",
    "city_kana": "フジシ",
    "town": "大淵",
    "town_kana": "オオブチ",
    "street": "２４１０−１",
    "office_name": "株式会社　マルダイ",
    "office_name_kana": "カブシキガイシヤ マルダイ"
  },
  "8585": {
    "postcode": "4178585",
    "prefecture": "静岡県",
    "prefecture_kana": "シズオカケン",
    "prefecture_code": 22,
    "city": "富士市",
    "city_kana": "フジシ",
    "town": "今泉",
    "town_kana": "イマイズミ",
    "street": "字鴨田７００番地の１",
    "office_name": "ジヤトコ　株式会社",
    "office_name_kana": "ジヤトコ カブシキガイシヤ"
  },
  "8588": {
    "postcode": "4178588",
    "prefecture": "静岡県",
    "prefecture_kana": "シズオカケン",
    "prefecture_code": 22,
    "city": "富士市",
    "city_kana": "フジシ",
    "town": "中河原",
    "town_kana": "ナカカワハラ",
    "street": "８８",
    "office_name": "日医工ファーマテック　株式会社　静岡工場",
    "office_name_kana": "ニチイコウフア-マテツク カブシキガイシヤ シズオカコウジヨウ"
  },
  "8601": {
    "postcode": "4178601",
    "prefecture": "静岡県",
    "prefecture_kana": "シズオカケン",
    "prefecture_code": 22,
    "city": "富士市",
    "city_kana": "フジシ",
    "town": "永田町",
    "town_kana": "ナガタチョウ",
    "street": "１丁目１００",
    "office_name": "富士市役所",
    "office_name_kana": "フジシヤクシヨ"
  },
  "8609": {
    "postcode": "4178609",
    "prefecture": "静岡県",
    "prefecture_kana": "シズオカケン",
    "prefecture_code": 22,
    "city": "富士市",
    "city_kana": "フジシ",
    "town": "南町",
    "town_kana": "ミナミチョウ",
    "street": "１−４",
    "office_name": "富士公共職業安定所",
    "office_name_kana": "フジコウキヨウシヨクギヨウアンテイシヨ"
  },
  "8610": {
    "postcode": "4178610",
    "prefecture": "静岡県",
    "prefecture_kana": "シズオカケン",
    "prefecture_code": 22,
    "city": "富士市",
    "city_kana": "フジシ",
    "town": "今井",
    "town_kana": "イマイ",
    "street": "４丁目１−１（吉原郵便局私書箱第２０号）",
    "office_name": "日本製紙　株式会社　鈴川工場",
    "office_name_kana": "ニホンセイシ カブシキガイシヤ スズカワコウジヨウ"
  },
  "8632": {
    "postcode": "4178632",
    "prefecture": "静岡県",
    "prefecture_kana": "シズオカケン",
    "prefecture_code": 22,
    "city": "富士市",
    "city_kana": "フジシ",
    "town": "瓜島町",
    "town_kana": "ウリジマチョウ",
    "street": "８２（吉原郵便局私書箱第３２号）",
    "office_name": "富士商工会議所",
    "office_name_kana": "フジシヨウコウカイギシヨ"
  },
  "8650": {
    "postcode": "4178650",
    "prefecture": "静岡県",
    "prefecture_kana": "シズオカケン",
    "prefecture_code": 22,
    "city": "富士市",
    "city_kana": "フジシ",
    "town": "大野新田",
    "town_kana": "オオノシンデン",
    "street": "３３２−１（吉原郵便局私書箱第３６号）",
    "office_name": "興和　株式会社　富士工場",
    "office_name_kana": "コウワ カブシキガイシヤ フジコウジヨウ"
  },
  "8686": {
    "postcode": "4178686",
    "prefecture": "静岡県",
    "prefecture_kana": "シズオカケン",
    "prefecture_code": 22,
    "city": "富士市",
    "city_kana": "フジシ",
    "town": "青島町",
    "town_kana": "アオシマチョウ",
    "street": "２１２（吉原郵便局私書箱第５号）",
    "office_name": "富士信用金庫",
    "office_name_kana": "フジシンヨウキンコ"
  }
}