{
  "0001": {
    "postcode": "4200001",
    "prefecture": "静岡県",
    "prefecture_kana": "シズオカケン",
    "prefecture_code": 22,
    "city": "静岡市葵区",
    "city_kana": "シズオカシアオイク",
    "town": "井宮町",
    "town_kana": "イノミヤチョウ",
    "street": null,
    "office_name": null,
    "office_name_kana": null
  },
  "0002": {
    "postcode": "4200002",
    "prefecture": "静岡県",
    "prefecture_kana": "シズオカケン",
    "prefecture_code": 22,
    "city": "静岡市葵区",
    "city_kana": "シズオカシアオイク",
    "town": "材木町",
    "town_kana": "ザイモクチョウ",
    "street": null,
    "office_name": null,
    "office_name_kana": null
  },
  "0003": {
    "postcode": "4200003",
    "prefecture": "静岡県",
    "prefecture_kana": "シズオカケン",
    "prefecture_code": 22,
    "city": "静岡市葵区",
    "city_kana": "シズオカシアオイク",
    "town": "片羽町",
    "town_kana": "カタハチョウ",
    "street": null,
    "office_name": null,
    "office_name_kana": null
  },
  "0004": {
    "postcode": "4200004",
    "prefecture": "静岡県",
    "prefecture_kana": "シズオカケン",
    "prefecture_code": 22,
    "city": "静岡市葵区",
    "city_kana": "シズオカシアオイク",
    "town": "末広町",
    "town_kana": "スエヒロチョウ",
    "street": null,
    "office_name": null,
    "office_name_kana": null
  },
  "0005": {
    "postcode": "4200005",
    "prefecture": "静岡県",
    "prefecture_kana": "シズオカケン",
    "prefecture_code": 22,
    "city": "静岡市葵区",
    "city_kana": "シズオカシアオイク",
    "town": "北番町",
    "town_kana": "キタバンチョウ",
    "street": null,
    "office_name": null,
    "office_name_kana": null
  },
  "0006": {
    "postcode": "4200006",
    "prefecture": "静岡県",
    "prefecture_kana": "シズオカケン",
    "prefecture_code": 22,
    "city": "静岡市葵区",
    "city_kana": "シズオカシアオイク",
    "town": "若松町",
    "town_kana": "ワカマツチョウ",
    "street": null,
    "office_name": null,
    "office_name_kana": null
  },
  "0007": {
    "postcode": "4200007",
    "prefecture": "静岡県",
    "prefecture_kana": "シズオカケン",
    "prefecture_code": 22,
    "city": "静岡市葵区",
    "city_kana": "シズオカシアオイク",
    "town": "柳町",
    "town_kana": "ヤナギチョウ",
    "street": null,
    "office_name": null,
    "office_name_kana": null
  },
  "0008": {
    "postcode": "4200008",
    "prefecture": "静岡県",
    "prefecture_kana": "シズオカケン",
    "prefecture_code": 22,
    "city": "静岡市葵区",
    "city_kana": "シズオカシアオイク",
    "town": "水道町",
    "town_kana": "スイドウチョウ",
    "street": null,
    "office_name": null,
    "office_name_kana": null
  },
  "0009": {
    "postcode": "4200009",
    "prefecture": "静岡県",
    "prefecture_kana": "シズオカケン",
    "prefecture_code": 22,
    "city": "静岡市葵区",
    "city_kana": "シズオカシアオイク",
    "town": "神明町",
    "town_kana": "シンメイチョウ",
    "street": null,
    "office_name": null,
    "office_name_kana": null
  },
  "0011": {
    "postcode": "4200011",
    "prefecture": "静岡県",
    "prefecture_kana": "シズオカケン",
    "prefecture_code": 22,
    "city": "静岡市葵区",
    "city_kana": "シズオカシアオイク",
    "town": "安西",
    "town_kana": "アンザイ",
    "street": null,
    "office_name": null,
    "office_name_kana": null
  },
  "0012": {
    "postcode": "4200012",
    "prefecture": "静岡県",
    "prefecture_kana": "シズオカケン",
    "prefecture_code": 22,
    "city": "静岡市葵区",
    "city_kana": "シズオカシアオイク",
    "town": "柚木町",
    "town_kana": "ユズノキチョウ",
    "street": null,
    "office_name": null,
    "office_name_kana": null
  },
  "0013": {
    "postcode": "4200013",
    "prefecture": "静岡県",
    "prefecture_kana": "シズオカケン",
    "prefecture_code": 22,
    "city": "静岡市葵区",
    "city_kana": "シズオカシアオイク",
    "town": "八千代町",
    "town_kana": "ヤチヨチョウ",
    "street": null,
    "office_name": null,
    "office_name_kana": null
  },
  "0014": {
    "postcode": "4200014",
    "prefecture": "静岡県",
    "prefecture_kana": "シズオカケン",
    "prefecture_code": 22,
    "city": "静岡市葵区",
    "city_kana": "シズオカシアオイク",
    "town": "上桶屋町",
    "town_kana": "カミオケヤチョウ",
    "street": null,
    "office_name": null,
    "office_name_kana": null
  },
  "0015": {
    "postcode": "4200015",
    "prefecture": "静岡県",
    "prefecture_kana": "シズオカケン",
    "prefecture_code": 22,
    "city": "静岡市葵区",
    "city_kana": "シズオカシアオイク",
    "town": "錦町",
    "town_kana": "ニシキチョウ",
    "street": null,
    "office_name": null,
    "office_name_kana": null
  },
  "0016": {
    "postcode": "4200016",
    "prefecture": "静岡県",
    "prefecture_kana": "シズオカケン",
    "prefecture_code": 22,
    "city": "静岡市葵区",
    "city_kana": "シズオカシアオイク",
    "town": "住吉町",
    "town_kana": "スミヨシチョウ",
    "street": null,
    "office_name": null,
    "office_name_kana": null
  },
  "0017": {
    "postcode": "4200017",
    "prefecture": "静岡県",
    "prefecture_kana": "シズオカケン",
    "prefecture_code": 22,
    "city": "静岡市葵区",
    "city_kana": "シズオカシアオイク",
    "town": "葵町",
    "town_kana": "アオイチョウ",
    "street": null,
    "office_name": null,
    "office_name_kana": null
  },
  "0018": {
    "postcode": "4200018",
    "prefecture": "静岡県",
    "prefecture_kana": "シズオカケン",
    "prefecture_code": 22,
    "city": "静岡市葵区",
    "city_kana": "シズオカシアオイク",
    "town": "土太夫町",
    "town_kana": "ドダユウチョウ",
    "street": null,
    "office_name": null,
    "office_name_kana": null
  },
  "0021": {
    "postcode": "4200021",
    "prefecture": "静岡県",
    "prefecture_kana": "シズオカケン",
    "prefecture_code": 22,
    "city": "静岡市葵区",
    "city_kana": "シズオカシアオイク",
    "town": "茶町",
    "town_kana": "チャマチ",
    "street": null,
    "office_name": null,
    "office_name_kana": null
  },
  "0022": {
    "postcode": "4200022",
    "prefecture": "静岡県",
    "prefecture_kana": "シズオカケン",
    "prefecture_code": 22,
    "city": "静岡市葵区",
    "city_kana": "シズオカシアオイク",
    "town": "車町",
    "town_kana": "クルマチョウ",
    "street": null,
    "office_name": null,
    "office_name_kana": null
  },
  "0023": {
    "postcode": "4200023",
    "prefecture": "静岡県",
    "prefecture_kana": "シズオカケン",
    "prefecture_code": 22,
    "city": "静岡市葵区",
    "city_kana": "シズオカシアオイク",
    "town": "富士見町",
    "town_kana": "フジミチョウ",
    "street": null,
    "office_name": null,
    "office_name_kana": null
  },
  "0024": {
    "postcode": "4200024",
    "prefecture": "静岡県",
    "prefecture_kana": "シズオカケン",
    "prefecture_code": 22,
    "city": "静岡市葵区",
    "city_kana": "シズオカシアオイク",
    "town": "中町",
    "town_kana": "ナカチョウ",
    "street": null,
    "office_name": null,
    "office_name_kana": null
  },
  "0025": {
    "postcode": "4200025",
    "prefecture": "静岡県",
    "prefecture_kana": "シズオカケン",
    "prefecture_code": 22,
    "city": "静岡市葵区",
    "city_kana": "シズオカシアオイク",
    "town": "金座町",
    "town_kana": "キンザマチ",
    "street": null,
    "office_name": null,
    "office_name_kana": null
  },
  "0026": {
    "postcode": "4200026",
    "prefecture": "静岡県",
    "prefecture_kana": "シズオカケン",
    "prefecture_code": 22,
    "city": "静岡市葵区",
    "city_kana": "シズオカシアオイク",
    "town": "大鋸町",
    "town_kana": "オオガマチ",
    "street": null,
    "office_name": null,
    "office_name_kana": null
  },
  "0027": {
    "postcode": "4200027",
    "prefecture": "静岡県",
    "prefecture_kana": "シズオカケン",
    "prefecture_code": 22,
    "city": "静岡市葵区",
    "city_kana": "シズオカシアオイク",
    "town": "大工町",
    "town_kana": "ダイクチョウ",
    "street": null,
    "office_name": null,
    "office_name_kana": null
  },
  "0028": {
    "postcode": "4200028",
    "prefecture": "静岡県",
    "prefecture_kana": "シズオカケン",
    "prefecture_code": 22,
    "city": "静岡市葵区",
    "city_kana": "シズオカシアオイク",
    "town": "屋形町",
    "town_kana": "ヤカタマチ",
    "street": null,
    "office_name": null,
    "office_name_kana": null
  },
  "0029": {
    "postcode": "4200029",
    "prefecture": "静岡県",
    "prefecture_kana": "シズオカケン",
    "prefecture_code": 22,
    "city": "静岡市葵区",
    "city_kana": "シズオカシアオイク",
    "town": "研屋町",
    "town_kana": "トギヤチョウ",
    "street": null,
    "office_name": null,
    "office_name_kana": null
  },
  "0031": {
    "postcode": "4200031",
    "prefecture": "静岡県",
    "prefecture_kana": "シズオカケン",
    "prefecture_code": 22,
    "city": "静岡市葵区",
    "city_kana": "シズオカシアオイク",
    "town": "呉服町",
    "town_kana": "ゴフクチョウ",
    "street": null,
    "office_name": null,
    "office_name_kana": null
  },
  "0032": {
    "postcode": "4200032",
    "prefecture": "静岡県",
    "prefecture_kana": "シズオカケン",
    "prefecture_code": 22,
    "city": "静岡市葵区",
    "city_kana": "シズオカシアオイク",
    "town": "両替町",
    "town_kana": "リョウガエチョウ",
    "street": null,
    "office_name": null,
    "office_name_kana": null
  },
  "0033": {
    "postcode": "4200033",
    "prefecture": "静岡県",
    "prefecture_kana": "シズオカケン",
    "prefecture_code": 22,
    "city": "静岡市葵区",
    "city_kana": "シズオカシアオイク",
    "town": "昭和町",
    "town_kana": "ショウワチョウ",
    "street": null,
    "office_name": null,
    "office_name_kana": null
  },
  "0034": {
    "postcode": "4200034",
    "prefecture": "静岡県",
    "prefecture_kana": "シズオカケン",
    "prefecture_code": 22,
    "city": "静岡市葵区",
    "city_kana": "シズオカシアオイク",
    "town": "常磐町",
    "town_kana": "トキワチョウ",
    "street": null,
    "office_name": null,
    "office_name_kana": null
  },
  "0035": {
    "postcode": "4200035",
    "prefecture": "静岡県",
    "prefecture_kana": "シズオカケン",
    "prefecture_code": 22,
    "city": "静岡市葵区",
    "city_kana": "シズオカシアオイク",
    "town": "七間町",
    "town_kana": "シチケンチョウ",
    "street": null,
    "office_name": null,
    "office_name_kana": null
  },
  "0036": {
    "postcode": "4200036",
    "prefecture": "静岡県",
    "prefecture_kana": "シズオカケン",
    "prefecture_code": 22,
    "city": "静岡市葵区",
    "city_kana": "シズオカシアオイク",
    "town": "駿河町",
    "town_kana": "スルガチョウ",
    "street": null,
    "office_name": null,
    "office_name_kana": null
  },
  "0037": {
    "postcode": "4200037",
    "prefecture": "静岡県",
    "prefecture_kana": "シズオカケン",
    "prefecture_code": 22,
    "city": "静岡市葵区",
    "city_kana": "シズオカシアオイク",
    "town": "人宿町",
    "town_kana": "ヒトヤドチョウ",
    "street": null,
    "office_name": null,
    "office_name_kana": null
  },
  "0038": {
    "postcode": "4200038",
    "prefecture": "静岡県",
    "prefecture_kana": "シズオカケン",
    "prefecture_code": 22,
    "city": "静岡市葵区",
    "city_kana": "シズオカシアオイク",
    "town": "梅屋町",
    "town_kana": "ウメヤチョウ",
    "street": null,
    "office_name": null,
    "office_name_kana": null
  },
  "0039": {
    "postcode": "4200039",
    "prefecture": "静岡県",
    "prefecture_kana": "シズオカケン",
    "prefecture_code": 22,
    "city": "静岡市葵区",
    "city_kana": "シズオカシアオイク",
    "town": "上石町",
    "town_kana": "カミゴクチョウ",
    "street": null,
    "office_name": null,
    "office_name_kana": null
  },
  "0041": {
    "postcode": "4200041",
    "prefecture": "静岡県",
    "prefecture_kana": "シズオカケン",
    "prefecture_code": 22,
    "city": "静岡市葵区",
    "city_kana": "シズオカシアオイク",
    "town": "双葉町",
    "town_kana": "フタバチョウ",
    "street": null,
    "office_name": null,
    "office_name_kana": null
  },
  "0042": {
    "postcode": "4200042",
    "prefecture": "静岡県",
    "prefecture_kana": "シズオカケン",
    "prefecture_code": 22,
    "city": "静岡市葵区",
    "city_kana": "シズオカシアオイク",
    "town": "駒形通",
    "town_kana": "コマガタドオリ",
    "street": null,
    "office_name": null,
    "office_name_kana": null
  },
  "0043": {
    "postcode": "4200043",
    "prefecture": "静岡県",
    "prefecture_kana": "シズオカケン",
    "prefecture_code": 22,
    "city": "静岡市葵区",
    "city_kana": "シズオカシアオイク",
    "town": "川辺町",
    "town_kana": "カワナベチョウ",
    "street": null,
    "office_name": null,
    "office_name_kana": null
  },
  "0044": {
    "postcode": "4200044",
    "prefecture": "静岡県",
    "prefecture_kana": "シズオカケン",
    "prefecture_code": 22,
    "city": "静岡市葵区",
    "city_kana": "シズオカシアオイク",
    "town": "西門町",
    "town_kana": "ニシモンチョウ",
    "street": null,
    "office_name": null,
    "office_name_kana": null
  },
  "0045": {
    "postcode": "4200045",
    "prefecture": "静岡県",
    "prefecture_kana": "シズオカケン",
    "prefecture_code": 22,
    "city": "静岡市葵区",
    "city_kana": "シズオカシアオイク",
    "town": "天王町",
    "town_kana": "テンノウチョウ",
    "street": null,
    "office_name": null,
    "office_name_kana": null
  },
  "0046": {
    "postcode": "4200046",
    "prefecture": "静岡県",
    "prefecture_kana": "シズオカケン",
    "prefecture_code": 22,
    "city": "静岡市葵区",
    "city_kana": "シズオカシアオイク",
    "town": "吉野町",
    "town_kana": "ヨシノチョウ",
    "street": null,
    "office_name": null,
    "office_name_kana": null
  },
  "0047": {
    "postcode": "4200047",
    "prefecture": "静岡県",
    "prefecture_kana": "シズオカケン",
    "prefecture_code": 22,
    "city": "静岡市葵区",
    "city_kana": "シズオカシアオイク",
    "town": "清閑町",
    "town_kana": "セイカンチョウ",
    "street": null,
    "office_name": null,
    "office_name_kana": null
  },
  "0048": {
    "postcode": "4200048",
    "prefecture": "静岡県",
    "prefecture_kana": "シズオカケン",
    "prefecture_code": 22,
    "city": "静岡市葵区",
    "city_kana": "シズオカシアオイク",
    "town": "桜木町",
    "town_kana": "サクラギチョウ",
    "street": null,
    "office_name": null,
    "office_name_kana": null
  },
  "0051": {
    "postcode": "4200051",
    "prefecture": "静岡県",
    "prefecture_kana": "シズオカケン",
    "prefecture_code": 22,
    "city": "静岡市葵区",
    "city_kana": "シズオカシアオイク",
    "town": "南田町",
    "town_kana": "ミナミタマチ",
    "street": null,
    "office_name": null,
    "office_name_kana": null
  },
  "0052": {
    "postcode": "4200052",
    "prefecture": "静岡県",
    "prefecture_kana": "シズオカケン",
    "prefecture_code": 22,
    "city": "静岡市葵区",
    "city_kana": "シズオカシアオイク",
    "town": "川越町",
    "town_kana": "カワゴシチョウ",
    "street": null,
    "office_name": null,
    "office_name_kana": null
  },
  "0053": {
    "postcode": "4200053",
    "prefecture": "静岡県",
    "prefecture_kana": "シズオカケン",
    "prefecture_code": 22,
    "city": "静岡市葵区",
    "city_kana": "シズオカシアオイク",
    "town": "弥勒",
    "town_kana": "ミロク",
    "street": null,
    "office_name": null,
    "office_name_kana": null
  },
  "0054": {
    "postcode": "4200054",
    "prefecture": "静岡県",
    "prefecture_kana": "シズオカケン",
    "prefecture_code": 22,
    "city": "静岡市葵区",
    "city_kana": "シズオカシアオイク",
    "town": "南安倍",
    "town_kana": "ミナミアベ",
    "street": null,
    "office_name": null,
    "office_name_kana": null
  },
  "0061": {
    "postcode": "4200061",
    "prefecture": "静岡県",
    "prefecture_kana": "シズオカケン",
    "prefecture_code": 22,
    "city": "静岡市葵区",
    "city_kana": "シズオカシアオイク",
    "town": "新富町",
    "town_kana": "シントミチョウ",
    "street": null,
    "office_name": null,
    "office_name_kana": null
  },
  "0062": {
    "postcode": "4200062",
    "prefecture": "静岡県",
    "prefecture_kana": "シズオカケン",
    "prefecture_code": 22,
    "city": "静岡市葵区",
    "city_kana": "シズオカシアオイク",
    "town": "上新富町",
    "town_kana": "カミシントミチョウ",
    "street": null,
    "office_name": null,
    "office_name_kana": null
  },
  "0063": {
    "postcode": "4200063",
    "prefecture": "静岡県",
    "prefecture_kana": "シズオカケン",
    "prefecture_code": 22,
    "city": "静岡市葵区",
    "city_kana": "シズオカシアオイク",
    "town": "通車町",
    "town_kana": "トオリクルマチョウ",
    "street": null,
    "office_name": null,
    "office_name_kana": null
  },
  "0064": {
    "postcode": "4200064",
    "prefecture": "静岡県",
    "prefecture_kana": "シズオカケン",
    "prefecture_code": 22,
    "city": "静岡市葵区",
    "city_kana": "シズオカシアオイク",
    "town": "本通",
    "town_kana": "ホントオリ",
    "street": null,
    "office_name": null,
    "office_name_kana": null
  },
  "0065": {
    "postcode": "4200065",
    "prefecture": "静岡県",
    "prefecture_kana": "シズオカケン",
    "prefecture_code": 22,
    "city": "静岡市葵区",
    "city_kana": "シズオカシアオイク",
    "town": "新通",
    "town_kana": "シントオリ",
    "street": null,
    "office_name": null,
    "office_name_kana": null
  },
  "0066": {
    "postcode": "4200066",
    "prefecture": "静岡県",
    "prefecture_kana": "シズオカケン",
    "prefecture_code": 22,
    "city": "静岡市葵区",
    "city_kana": "シズオカシアオイク",
    "town": "本通西町",
    "town_kana": "ホントオリニシマチ",
    "street": null,
    "office_name": null,
    "office_name_kana": null
  },
  "0067": {
    "postcode": "4200067",
    "prefecture": "静岡県",
    "prefecture_kana": "シズオカケン",
    "prefecture_code": 22,
    "city": "静岡市葵区",
    "city_kana": "シズオカシアオイク",
    "town": "幸町",
    "town_kana": "サイワイチョウ",
    "street": null,
    "office_name": null,
    "office_name_kana": null
  },
  "0068": {
    "postcode": "4200068",
    "prefecture": "静岡県",
    "prefecture_kana": "シズオカケン",
    "prefecture_code": 22,
    "city": "静岡市葵区",
    "city_kana": "シズオカシアオイク",
    "town": "田町",
    "town_kana": "タマチ",
    "street": null,
    "office_name": null,
    "office_name_kana": null
  },
  "0071": {
    "postcode": "4200071",
    "prefecture": "静岡県",
    "prefecture_kana": "シズオカケン",
    "prefecture_code": 22,
    "city": "静岡市葵区",
    "city_kana": "シズオカシアオイク",
    "town": "一番町",
    "town_kana": "イチバンチョウ",
    "street": null,
    "office_name": null,
    "office_name_kana": null
  },
  "0072": {
    "postcode": "4200072",
    "prefecture": "静岡県",
    "prefecture_kana": "シズオカケン",
    "prefecture_code": 22,
    "city": "静岡市葵区",
    "city_kana": "シズオカシアオイク",
    "town": "二番町",
    "town_kana": "ニバンチョウ",
    "street": null,
    "office_name": null,
    "office_name_kana": null
  },
  "0073": {
    "postcode": "4200073",
    "prefecture": "静岡県",
    "prefecture_kana": "シズオカケン",
    "prefecture_code": 22,
    "city": "静岡市葵区",
    "city_kana": "シズオカシアオイク",
    "town": "三番町",
    "town_kana": "サンバンチョウ",
    "street": null,
    "office_name": null,
    "office_name_kana": null
  },
  "0074": {
    "postcode": "4200074",
    "prefecture": "静岡県",
    "prefecture_kana": "シズオカケン",
    "prefecture_code": 22,
    "city": "静岡市葵区",
    "city_kana": "シズオカシアオイク",
    "town": "四番町",
    "town_kana": "ヨンバンチョウ",
    "street": null,
    "office_name": null,
    "office_name_kana": null
  },
  "0075": {
    "postcode": "4200075",
    "prefecture": "静岡県",
    "prefecture_kana": "シズオカケン",
    "prefecture_code": 22,
    "city": "静岡市葵区",
    "city_kana": "シズオカシアオイク",
    "town": "五番町",
    "town_kana": "ゴバンチョウ",
    "street": null,
    "office_name": null,
    "office_name_kana": null
  },
  "0076": {
    "postcode": "4200076",
    "prefecture": "静岡県",
    "prefecture_kana": "シズオカケン",
    "prefecture_code": 22,
    "city": "静岡市葵区",
    "city_kana": "シズオカシアオイク",
    "town": "六番町",
    "town_kana": "ロクバンチョウ",
    "street": null,
    "office_name": null,
    "office_name_kana": null
  },
  "0077": {
    "postcode": "4200077",
    "prefecture": "静岡県",
    "prefecture_kana": "シズオカケン",
    "prefecture_code": 22,
    "city": "静岡市葵区",
    "city_kana": "シズオカシアオイク",
    "town": "七番町",
    "town_kana": "シチバンチョウ",
    "street": null,
    "office_name": null,
    "office_name_kana": null
  },
  "0078": {
    "postcode": "4200078",
    "prefecture": "静岡県",
    "prefecture_kana": "シズオカケン",
    "prefecture_code": 22,
    "city": "静岡市葵区",
    "city_kana": "シズオカシアオイク",
    "town": "八番町",
    "town_kana": "ハチバンチョウ",
    "street": null,
    "office_name": null,
    "office_name_kana": null
  },
  "0801": {
    "postcode": "4200801",
    "prefecture": "静岡県",
    "prefecture_kana": "シズオカケン",
    "prefecture_code": 22,
    "city": "静岡市葵区",
    "city_kana": "シズオカシアオイク",
    "town": "東千代田",
    "town_kana": "ヒガシチヨダ",
    "street": null,
    "office_name": null,
    "office_name_kana": null
  },
  "0803": {
    "postcode": "4200803",
    "prefecture": "静岡県",
    "prefecture_kana": "シズオカケン",
    "prefecture_code": 22,
    "city": "静岡市葵区",
    "city_kana": "シズオカシアオイク",
    "town": "千代田",
    "town_kana": "チヨダ",
    "street": null,
    "office_name": null,
    "office_name_kana": null
  },
  "0804": {
    "postcode": "4200804",
    "prefecture": "静岡県",
    "prefecture_kana": "シズオカケン",
    "prefecture_code": 22,
    "city": "静岡市葵区",
    "city_kana": "シズオカシアオイク",
    "town": "竜南",
    "town_kana": "リュウナン",
    "street": null,
    "office_name": null,
    "office_name_kana": null
  },
  "0805": {
    "postcode": "4200805",
    "prefecture": "静岡県",
    "prefecture_kana": "シズオカケン",
    "prefecture_code": 22,
    "city": "静岡市葵区",
    "city_kana": "シズオカシアオイク",
    "town": "城北",
    "town_kana": "ジョウホク",
    "street": null,
    "office_name": null,
    "office_name_kana": null
  },
  "0810": {
    "postcode": "4200810",
    "prefecture": "静岡県",
    "prefecture_kana": "シズオカケン",
    "prefecture_code": 22,
    "city": "静岡市葵区",
    "city_kana": "シズオカシアオイク",
    "town": "上土",
    "town_kana": "アゲツチ",
    "street": null,
    "office_name": null,
    "office_name_kana": null
  },
  "0811": {
    "postcode": "4200811",
    "prefecture": "静岡県",
    "prefecture_kana": "シズオカケン",
    "prefecture_code": 22,
    "city": "静岡市葵区",
    "city_kana": "シズオカシアオイク",
    "town": "上土新田",
    "town_kana": "アゲツチシンデン",
    "street": null,
    "office_name": null,
    "office_name_kana": null
  },
  "0812": {
    "postcode": "4200812",
    "prefecture": "静岡県",
    "prefecture_kana": "シズオカケン",
    "prefecture_code": 22,
    "city": "静岡市葵区",
    "city_kana": "シズオカシアオイク",
    "town": "古庄",
    "town_kana": "フルショウ",
    "street": null,
    "office_name": null,
    "office_name_kana": null
  },
  "0813": {
    "postcode": "4200813",
    "prefecture": "静岡県",
    "prefecture_kana": "シズオカケン",
    "prefecture_code": 22,
    "city": "静岡市葵区",
    "city_kana": "シズオカシアオイク",
    "town": "長沼",
    "town_kana": "ナガヌマ",
    "street": null,
    "office_name": null,
    "office_name_kana": null
  },
  "0814": {
    "postcode": "4200814",
    "prefecture": "静岡県",
    "prefecture_kana": "シズオカケン",
    "prefecture_code": 22,
    "city": "静岡市葵区",
    "city_kana": "シズオカシアオイク",
    "town": "長沼南",
    "town_kana": "ナガヌマミナミ",
    "street": null,
    "office_name": null,
    "office_name_kana": null
  },
  "0815": {
    "postcode": "4200815",
    "prefecture": "静岡県",
    "prefecture_kana": "シズオカケン",
    "prefecture_code": 22,
    "city": "静岡市葵区",
    "city_kana": "シズオカシアオイク",
    "town": "上沓谷町",
    "town_kana": "カミクツノヤチョウ",
    "street": null,
    "office_name": null,
    "office_name_kana": null
  },
  "0816": {
    "postcode": "4200816",
    "prefecture": "静岡県",
    "prefecture_kana": "シズオカケン",
    "prefecture_code": 22,
    "city": "静岡市葵区",
    "city_kana": "シズオカシアオイク",
    "town": "沓谷",
    "town_kana": "クツノヤ",
    "street": null,
    "office_name": null,
    "office_name_kana": null
  },
  "0817": {
    "postcode": "4200817",
    "prefecture": "静岡県",
    "prefecture_kana": "シズオカケン",
    "prefecture_code": 22,
    "city": "静岡市葵区",
    "city_kana": "シズオカシアオイク",
    "town": "東静岡",
    "town_kana": "ヒガシシズオカ",
    "street": null,
    "office_name": null,
    "office_name_kana": null
  },
  "0821": {
    "postcode": "4200821",
    "prefecture": "静岡県",
    "prefecture_kana": "シズオカケン",
    "prefecture_code": 22,
    "city": "静岡市葵区",
    "city_kana": "シズオカシアオイク",
    "town": "柚木",
    "town_kana": "ユノキ",
    "street": null,
    "office_name": null,
    "office_name_kana": null
  },
  "0822": {
    "postcode": "4200822",
    "prefecture": "静岡県",
    "prefecture_kana": "シズオカケン",
    "prefecture_code": 22,
    "city": "静岡市葵区",
    "city_kana": "シズオカシアオイク",
    "town": "宮前町",
    "town_kana": "ミヤマエチョウ",
    "street": null,
    "office_name": null,
    "office_name_kana": null
  },
  "0823": {
    "postcode": "4200823",
    "prefecture": "静岡県",
    "prefecture_kana": "シズオカケン",
    "prefecture_code": 22,
    "city": "静岡市葵区",
    "city_kana": "シズオカシアオイク",
    "town": "春日",
    "town_kana": "カスガ",
    "street": null,
    "office_name": null,
    "office_name_kana": null
  },
  "0824": {
    "postcode": "4200824",
    "prefecture": "静岡県",
    "prefecture_kana": "シズオカケン",
    "prefecture_code": 22,
    "city": "静岡市葵区",
    "city_kana": "シズオカシアオイク",
    "town": "春日町",
    "town_kana": "カスガチョウ",
    "street": null,
    "office_name": null,
    "office_name_kana": null
  },
  "0825": {
    "postcode": "4200825",
    "prefecture": "静岡県",
    "prefecture_kana": "シズオカケン",
    "prefecture_code": 22,
    "city": "静岡市葵区",
    "city_kana": "シズオカシアオイク",
    "town": "瓦場町",
    "town_kana": "カワラバチョウ",
    "street": null,
    "office_name": null,
    "office_name_kana": null
  },
  "0831": {
    "postcode": "4200831",
    "prefecture": "静岡県",
    "prefecture_kana": "シズオカケン",
    "prefecture_code": 22,
    "city": "静岡市葵区",
    "city_kana": "シズオカシアオイク",
    "town": "水落町",
    "town_kana": "ミズオチチョウ",
    "street": null,
    "office_name": null,
    "office_name_kana": null
  },
  "0832": {
    "postcode": "4200832",
    "prefecture": "静岡県",
    "prefecture_kana": "シズオカケン",
    "prefecture_code": 22,
    "city": "静岡市葵区",
    "city_kana": "シズオカシアオイク",
    "town": "横内町",
    "town_kana": "ヨコウチチョウ",
    "street": null,
    "office_name": null,
    "office_name_kana": null
  },
  "0833": {
    "postcode": "4200833",
    "prefecture": "静岡県",
    "prefecture_kana": "シズオカケン",
    "prefecture_code": 22,
    "city": "静岡市葵区",
    "city_kana": "シズオカシアオイク",
    "town": "東鷹匠町",
    "town_kana": "ヒガシタカジョウマチ",
    "street": null,
    "office_name": null,
    "office_name_kana": null
  },
  "0834": {
    "postcode": "4200834",
    "prefecture": "静岡県",
    "prefecture_kana": "シズオカケン",
    "prefecture_code": 22,
    "city": "静岡市葵区",
    "city_kana": "シズオカシアオイク",
    "town": "音羽町",
    "town_kana": "オトワチョウ",
    "street": null,
    "office_name": null,
    "office_name_kana": null
  },
  "0835": {
    "postcode": "4200835",
    "prefecture": "静岡県",
    "prefecture_kana": "シズオカケン",
    "prefecture_code": 22,
    "city": "静岡市葵区",
    "city_kana": "シズオカシアオイク",
    "town": "横田町",
    "town_kana": "ヨコタマチ",
    "street": null,
    "office_name": null,
    "office_name_kana": null
  },
  "0836": {
    "postcode": "4200836",
    "prefecture": "静岡県",
    "prefecture_kana": "シズオカケン",
    "prefecture_code": 22,
    "city": "静岡市葵区",
    "city_kana": "シズオカシアオイク",
    "town": "東町",
    "town_kana": "アズマチョウ",
    "street": null,
    "office_name": null,
    "office_name_kana": null
  },
  "0837": {
    "postcode": "4200837",
    "prefecture": "静岡県",
    "prefecture_kana": "シズオカケン",
    "prefecture_code": 22,
    "city": "静岡市葵区",
    "city_kana": "シズオカシアオイク",
    "town": "日出町",
    "town_kana": "ヒノデチョウ",
    "street": null,
    "office_name": null,
    "office_name_kana": null
  },
  "0838": {
    "postcode": "4200838",
    "prefecture": "静岡県",
    "prefecture_kana": "シズオカケン",
    "prefecture_code": 22,
    "city": "静岡市葵区",
    "city_kana": "シズオカシアオイク",
    "town": "相生町",
    "town_kana": "アイオイチョウ",
    "street": null,
    "office_name": null,
    "office_name_kana": null
  },
  "0839": {
    "postcode": "4200839",
    "prefecture": "静岡県",
    "prefecture_kana": "シズオカケン",
    "prefecture_code": 22,
    "city": "静岡市葵区",
    "city_kana": "シズオカシアオイク",
    "town": "鷹匠",
    "town_kana": "タカジョウ",
    "street": null,
    "office_name": null,
    "office_name_kana": null
  },
  "0841": {
    "postcode": "4200841",
    "prefecture": "静岡県",
    "prefecture_kana": "シズオカケン",
    "prefecture_code": 22,
    "city": "静岡市葵区",
    "city_kana": "シズオカシアオイク",
    "town": "上足洗",
    "town_kana": "カミアシアライ",
    "street": null,
    "office_name": null,
    "office_name_kana": null
  },
  "0842": {
    "postcode": "4200842",
    "prefecture": "静岡県",
    "prefecture_kana": "シズオカケン",
    "prefecture_code": 22,
    "city": "静岡市葵区",
    "city_kana": "シズオカシアオイク",
    "town": "銭座町",
    "town_kana": "ゼンザマチ",
    "street": null,
    "office_name": null,
    "office_name_kana": null
  },
  "0843": {
    "postcode": "4200843",
    "prefecture": "静岡県",
    "prefecture_kana": "シズオカケン",
    "prefecture_code": 22,
    "city": "静岡市葵区",
    "city_kana": "シズオカシアオイク",
    "town": "巴町",
    "town_kana": "トモエチョウ",
    "street": null,
    "office_name": null,
    "office_name_kana": null
  },
  "0844": {
    "postcode": "4200844",
    "prefecture": "静岡県",
    "prefecture_kana": "シズオカケン",
    "prefecture_code": 22,
    "city": "静岡市葵区",
    "city_kana": "シズオカシアオイク",
    "town": "緑町",
    "town_kana": "ミドリチョウ",
    "street": null,
    "office_name": null,
    "office_name_kana": null
  },
  "0845": {
    "postcode": "4200845",
    "prefecture": "静岡県",
    "prefecture_kana": "シズオカケン",
    "prefecture_code": 22,
    "city": "静岡市葵区",
    "city_kana": "シズオカシアオイク",
    "town": "太田町",
    "town_kana": "オオタマチ",
    "street": null,
    "office_name": null,
    "office_name_kana": null
  },
  "0846": {
    "postcode": "4200846",
    "prefecture": "静岡県",
    "prefecture_kana": "シズオカケン",
    "prefecture_code": 22,
    "city": "静岡市葵区",
    "city_kana": "シズオカシアオイク",
    "town": "城東町",
    "town_kana": "ジョウトウチョウ",
    "street": null,
    "office_name": null,
    "office_name_kana": null
  },
  "0847": {
    "postcode": "4200847",
    "prefecture": "静岡県",
    "prefecture_kana": "シズオカケン",
    "prefecture_code": 22,
    "city": "静岡市葵区",
    "city_kana": "シズオカシアオイク",
    "town": "西千代田町",
    "town_kana": "ニシチヨダチョウ",
    "street": null,
    "office_name": null,
    "office_name_kana": null
  },
  "0851": {
    "postcode": "4200851",
    "prefecture": "静岡県",
    "prefecture_kana": "シズオカケン",
    "prefecture_code": 22,
    "city": "静岡市葵区",
    "city_kana": "シズオカシアオイク",
    "town": "黒金町",
    "town_kana": "クロガネチョウ",
    "street": null,
    "office_name": null,
    "office_name_kana": null
  },
  "0852": {
    "postcode": "4200852",
    "prefecture": "静岡県",
    "prefecture_kana": "シズオカケン",
    "prefecture_code": 22,
    "city": "静岡市葵区",
    "city_kana": "シズオカシアオイク",
    "town": "紺屋町",
    "town_kana": "コウヤマチ",
    "street": null,
    "office_name": null,
    "office_name_kana": null
  },
  "0853": {
    "postcode": "4200853",
    "prefecture": "静岡県",
    "prefecture_kana": "シズオカケン",
    "prefecture_code": 22,
    "city": "静岡市葵区",
    "city_kana": "シズオカシアオイク",
    "town": "追手町",
    "town_kana": "オウテマチ",
    "street": null,
    "office_name": null,
    "office_name_kana": null
  },
  "0854": {
    "postcode": "4200854",
    "prefecture": "静岡県",
    "prefecture_kana": "シズオカケン",
    "prefecture_code": 22,
    "city": "静岡市葵区",
    "city_kana": "シズオカシアオイク",
    "town": "城内町",
    "town_kana": "ジョウナイチョウ",
    "street": null,
    "office_name": null,
    "office_name_kana": null
  },
  "0855": {
    "postcode": "4200855",
    "prefecture": "静岡県",
    "prefecture_kana": "シズオカケン",
    "prefecture_code": 22,
    "city": "静岡市葵区",
    "city_kana": "シズオカシアオイク",
    "town": "駿府城公園",
    "town_kana": "スンプジョウコウエン",
    "street": null,
    "office_name": null,
    "office_name_kana": null
  },
  "0856": {
    "postcode": "4200856",
    "prefecture": "静岡県",
    "prefecture_kana": "シズオカケン",
    "prefecture_code": 22,
    "city": "静岡市葵区",
    "city_kana": "シズオカシアオイク",
    "town": "駿府町",
    "town_kana": "スンプチョウ",
    "street": null,
    "office_name": null,
    "office_name_kana": null
  },
  "0857": {
    "postcode": "4200857",
    "prefecture": "静岡県",
    "prefecture_kana": "シズオカケン",
    "prefecture_code": 22,
    "city": "静岡市葵区",
    "city_kana": "シズオカシアオイク",
    "town": "御幸町",
    "town_kana": "ミユキチョウ",
    "street": null,
    "office_name": null,
    "office_name_kana": null
  },
  "0858": {
    "postcode": "4200858",
    "prefecture": "静岡県",
    "prefecture_kana": "シズオカケン",
    "prefecture_code": 22,
    "city": "静岡市葵区",
    "city_kana": "シズオカシアオイク",
    "town": "伝馬町",
    "town_kana": "テンマチョウ",
    "street": null,
    "office_name": null,
    "office_name_kana": null
  },
  "0859": {
    "postcode": "4200859",
    "prefecture": "静岡県",
    "prefecture_kana": "シズオカケン",
    "prefecture_code": 22,
    "city": "静岡市葵区",
    "city_kana": "シズオカシアオイク",
    "town": "栄町",
    "town_kana": "サカエチョウ",
    "street": null,
    "office_name": null,
    "office_name_kana": null
  },
  "0861": {
    "postcode": "4200861",
    "prefecture": "静岡県",
    "prefecture_kana": "シズオカケン",
    "prefecture_code": 22,
    "city": "静岡市葵区",
    "city_kana": "シズオカシアオイク",
    "town": "丸山町",
    "town_kana": "マルヤマチョウ",
    "street": null,
    "office_name": null,
    "office_name_kana": null
  },
  "0862": {
    "postcode": "4200862",
    "prefecture": "静岡県",
    "prefecture_kana": "シズオカケン",
    "prefecture_code": 22,
    "city": "静岡市葵区",
    "city_kana": "シズオカシアオイク",
    "town": "浅間町",
    "town_kana": "センゲンチョウ",
    "street": null,
    "office_name": null,
    "office_name_kana": null
  },
  "0863": {
    "postcode": "4200863",
    "prefecture": "静岡県",
    "prefecture_kana": "シズオカケン",
    "prefecture_code": 22,
    "city": "静岡市葵区",
    "city_kana": "シズオカシアオイク",
    "town": "安東柳町",
    "town_kana": "アンドウヤナギチョウ",
    "street": null,
    "office_name": null,
    "office_name_kana": null
  },
  "0864": {
    "postcode": "4200864",
    "prefecture": "静岡県",
    "prefecture_kana": "シズオカケン",
    "prefecture_code": 22,
    "city": "静岡市葵区",
    "city_kana": "シズオカシアオイク",
    "town": "長谷町",
    "town_kana": "ハセチョウ",
    "street": null,
    "office_name": null,
    "office_name_kana": null
  },
  "0865": {
    "postcode": "4200865",
    "prefecture": "静岡県",
    "prefecture_kana": "シズオカケン",
    "prefecture_code": 22,
    "city": "静岡市葵区",
    "city_kana": "シズオカシアオイク",
    "town": "東草深町",
    "town_kana": "ヒガシクサブカチョウ",
    "street": null,
    "office_name": null,
    "office_name_kana": null
  },
  "0866": {
    "postcode": "4200866",
    "prefecture": "静岡県",
    "prefecture_kana": "シズオカケン",
    "prefecture_code": 22,
    "city": "静岡市葵区",
    "city_kana": "シズオカシアオイク",
    "town": "西草深町",
    "town_kana": "ニシクサブカチョウ",
    "street": null,
    "office_name": null,
    "office_name_kana": null
  },
  "0867": {
    "postcode": "4200867",
    "prefecture": "静岡県",
    "prefecture_kana": "シズオカケン",
    "prefecture_code": 22,
    "city": "静岡市葵区",
    "city_kana": "シズオカシアオイク",
    "town": "馬場町",
    "town_kana": "ババンチョウ",
    "street": null,
    "office_name": null,
    "office_name_kana": null
  },
  "0868": {
    "postcode": "4200868",
    "prefecture": "静岡県",
    "prefecture_kana": "シズオカケン",
    "prefecture_code": 22,
    "city": "静岡市葵区",
    "city_kana": "シズオカシアオイク",
    "town": "宮ケ崎町",
    "town_kana": "ミヤガサキチョウ",
    "street": null,
    "office_name": null,
    "office_name_kana": null
  },
  "0869": {
    "postcode": "4200869",
    "prefecture": "静岡県",
    "prefecture_kana": "シズオカケン",
    "prefecture_code": 22,
    "city": "静岡市葵区",
    "city_kana": "シズオカシアオイク",
    "town": "安倍町",
    "town_kana": "アベチョウ",
    "street": null,
    "office_name": null,
    "office_name_kana": null
  },
  "0871": {
    "postcode": "4200871",
    "prefecture": "静岡県",
    "prefecture_kana": "シズオカケン",
    "prefecture_code": 22,
    "city": "静岡市葵区",
    "city_kana": "シズオカシアオイク",
    "town": "昭府",
    "town_kana": "ショウブ",
    "street": null,
    "office_name": null,
    "office_name_kana": null
  },
  "0872": {
    "postcode": "4200872",
    "prefecture": "静岡県",
    "prefecture_kana": "シズオカケン",
    "prefecture_code": 22,
    "city": "静岡市葵区",
    "city_kana": "シズオカシアオイク",
    "town": "昭府町",
    "town_kana": "ショウブチョウ",
    "street": null,
    "office_name": null,
    "office_name_kana": null
  },
  "0873": {
    "postcode": "4200873",
    "prefecture": "静岡県",
    "prefecture_kana": "シズオカケン",
    "prefecture_code": 22,
    "city": "静岡市葵区",
    "city_kana": "シズオカシアオイク",
    "town": "籠上",
    "town_kana": "カゴウエ",
    "street": null,
    "office_name": null,
    "office_name_kana": null
  },
  "0874": {
    "postcode": "4200874",
    "prefecture": "静岡県",
    "prefecture_kana": "シズオカケン",
    "prefecture_code": 22,
    "city": "静岡市葵区",
    "city_kana": "シズオカシアオイク",
    "town": "辰起町",
    "town_kana": "タツキチョウ",
    "street": null,
    "office_name": null,
    "office_name_kana": null
  },
  "0875": {
    "postcode": "4200875",
    "prefecture": "静岡県",
    "prefecture_kana": "シズオカケン",
    "prefecture_code": 22,
    "city": "静岡市葵区",
    "city_kana": "シズオカシアオイク",
    "town": "美川町",
    "town_kana": "ミカワチョウ",
    "street": null,
    "office_name": null,
    "office_name_kana": null
  },
  "0876": {
    "postcode": "4200876",
    "prefecture": "静岡県",
    "prefecture_kana": "シズオカケン",
    "prefecture_code": 22,
    "city": "静岡市葵区",
    "city_kana": "シズオカシアオイク",
    "town": "平和",
    "town_kana": "ヘイワ",
    "street": null,
    "office_name": null,
    "office_name_kana": null
  },
  "0881": {
    "postcode": "4200881",
    "prefecture": "静岡県",
    "prefecture_kana": "シズオカケン",
    "prefecture_code": 22,
    "city": "静岡市葵区",
    "city_kana": "シズオカシアオイク",
    "town": "北安東",
    "town_kana": "キタアンドウ",
    "street": null,
    "office_name": null,
    "office_name_kana": null
  },
  "0882": {
    "postcode": "4200882",
    "prefecture": "静岡県",
    "prefecture_kana": "シズオカケン",
    "prefecture_code": 22,
    "city": "静岡市葵区",
    "city_kana": "シズオカシアオイク",
    "town": "安東",
    "town_kana": "アンドウ",
    "street": null,
    "office_name": null,
    "office_name_kana": null
  },
  "0883": {
    "postcode": "4200883",
    "prefecture": "静岡県",
    "prefecture_kana": "シズオカケン",
    "prefecture_code": 22,
    "city": "静岡市葵区",
    "city_kana": "シズオカシアオイク",
    "town": "大岩宮下町",
    "town_kana": "オオイワミヤシタチョウ",
    "street": null,
    "office_name": null,
    "office_name_kana": null
  },
  "0884": {
    "postcode": "4200884",
    "prefecture": "静岡県",
    "prefecture_kana": "シズオカケン",
    "prefecture_code": 22,
    "city": "静岡市葵区",
    "city_kana": "シズオカシアオイク",
    "town": "大岩本町",
    "town_kana": "オオイワホンチョウ",
    "street": null,
    "office_name": null,
    "office_name_kana": null
  },
  "0885": {
    "postcode": "4200885",
    "prefecture": "静岡県",
    "prefecture_kana": "シズオカケン",
    "prefecture_code": 22,
    "city": "静岡市葵区",
    "city_kana": "シズオカシアオイク",
    "town": "大岩町",
    "town_kana": "オオイワチョウ",
    "street": null,
    "office_name": null,
    "office_name_kana": null
  },
  "0886": {
    "postcode": "4200886",
    "prefecture": "静岡県",
    "prefecture_kana": "シズオカケン",
    "prefecture_code": 22,
    "city": "静岡市葵区",
    "city_kana": "シズオカシアオイク",
    "town": "大岩",
    "town_kana": "オオイワ",
    "street": null,
    "office_name": null,
    "office_name_kana": null
  },
  "0901": {
    "postcode": "4200901",
    "prefecture": "静岡県",
    "prefecture_kana": "シズオカケン",
    "prefecture_code": 22,
    "city": "静岡市葵区",
    "city_kana": "シズオカシアオイク",
    "town": "北沼上",
    "town_kana": "キタヌマガミ",
    "street": null,
    "office_name": null,
    "office_name_kana": null
  },
  "0902": {
    "postcode": "4200902",
    "prefecture": "静岡県",
    "prefecture_kana": "シズオカケン",
    "prefecture_code": 22,
    "city": "静岡市葵区",
    "city_kana": "シズオカシアオイク",
    "town": "諏訪",
    "town_kana": "スワ",
    "street": null,
    "office_name": null,
    "office_name_kana": null
  },
  "0903": {
    "postcode": "4200903",
    "prefecture": "静岡県",
    "prefecture_kana": "シズオカケン",
    "prefecture_code": 22,
    "city": "静岡市葵区",
    "city_kana": "シズオカシアオイク",
    "town": "長尾",
    "town_kana": "ナガオ",
    "street": null,
    "office_name": null,
    "office_name_kana": null
  },
  "0904": {
    "postcode": "4200904",
    "prefecture": "静岡県",
    "prefecture_kana": "シズオカケン",
    "prefecture_code": 22,
    "city": "静岡市葵区",
    "city_kana": "シズオカシアオイク",
    "town": "平山",
    "town_kana": "ヒラヤマ",
    "street": null,
    "office_name": null,
    "office_name_kana": null
  },
  "0905": {
    "postcode": "4200905",
    "prefecture": "静岡県",
    "prefecture_kana": "シズオカケン",
    "prefecture_code": 22,
    "city": "静岡市葵区",
    "city_kana": "シズオカシアオイク",
    "town": "南沼上",
    "town_kana": "ミナミヌマガミ",
    "street": null,
    "office_name": null,
    "office_name_kana": null
  },
  "0906": {
    "postcode": "4200906",
    "prefecture": "静岡県",
    "prefecture_kana": "シズオカケン",
    "prefecture_code": 22,
    "city": "静岡市葵区",
    "city_kana": "シズオカシアオイク",
    "town": "薬師",
    "town_kana": "ヤクシ",
    "street": null,
    "office_name": null,
    "office_name_kana": null
  },
  "0911": {
    "postcode": "4200911",
    "prefecture": "静岡県",
    "prefecture_kana": "シズオカケン",
    "prefecture_code": 22,
    "city": "静岡市葵区",
    "city_kana": "シズオカシアオイク",
    "town": "瀬名",
    "town_kana": "セナ",
    "street": null,
    "office_name": null,
    "office_name_kana": null
  },
  "0912": {
    "postcode": "4200912",
    "prefecture": "静岡県",
    "prefecture_kana": "シズオカケン",
    "prefecture_code": 22,
    "city": "静岡市葵区",
    "city_kana": "シズオカシアオイク",
    "town": "東瀬名町",
    "town_kana": "ヒガシセナチョウ",
    "street": null,
    "office_name": null,
    "office_name_kana": null
  },
  "0913": {
    "postcode": "4200913",
    "prefecture": "静岡県",
    "prefecture_kana": "シズオカケン",
    "prefecture_code": 22,
    "city": "静岡市葵区",
    "city_kana": "シズオカシアオイク",
    "town": "瀬名川",
    "town_kana": "セナガワ",
    "street": null,
    "office_name": null,
    "office_name_kana": null
  },
  "0914": {
    "postcode": "4200914",
    "prefecture": "静岡県",
    "prefecture_kana": "シズオカケン",
    "prefecture_code": 22,
    "city": "静岡市葵区",
    "city_kana": "シズオカシアオイク",
    "town": "西瀬名町",
    "town_kana": "ニシセナチョウ",
    "street": null,
    "office_name": null,
    "office_name_kana": null
  },
  "0915": {
    "postcode": "4200915",
    "prefecture": "静岡県",
    "prefecture_kana": "シズオカケン",
    "prefecture_code": 22,
    "city": "静岡市葵区",
    "city_kana": "シズオカシアオイク",
    "town": "南瀬名町",
    "town_kana": "ミナミセナチョウ",
    "street": null,
    "office_name": null,
    "office_name_kana": null
  },
  "0916": {
    "postcode": "4200916",
    "prefecture": "静岡県",
    "prefecture_kana": "シズオカケン",
    "prefecture_code": 22,
    "city": "静岡市葵区",
    "city_kana": "シズオカシアオイク",
    "town": "瀬名中央",
    "town_kana": "セナチュウオウ",
    "street": null,
    "office_name": null,
    "office_name_kana": null
  },
  "0921": {
    "postcode": "4200921",
    "prefecture": "静岡県",
    "prefecture_kana": "シズオカケン",
    "prefecture_code": 22,
    "city": "静岡市葵区",
    "city_kana": "シズオカシアオイク",
    "town": "野丈",
    "town_kana": "ノダケ",
    "street": null,
    "office_name": null,
    "office_name_kana": null
  },
  "0922": {
    "postcode": "4200922",
    "prefecture": "静岡県",
    "prefecture_kana": "シズオカケン",
    "prefecture_code": 22,
    "city": "静岡市葵区",
    "city_kana": "シズオカシアオイク",
    "town": "流通センター",
    "town_kana": "リュウツウセンター",
    "street": null,
    "office_name": null,
    "office_name_kana": null
  },
  "0923": {
    "postcode": "4200923",
    "prefecture": "静岡県",
    "prefecture_kana": "シズオカケン",
    "prefecture_code": 22,
    "city": "静岡市葵区",
    "city_kana": "シズオカシアオイク",
    "town": "川合",
    "town_kana": "カワイ",
    "street": null,
    "office_name": null,
    "office_name_kana": null
  },
  "0924": {
    "postcode": "4200924",
    "prefecture": "静岡県",
    "prefecture_kana": "シズオカケン",
    "prefecture_code": 22,
    "city": "静岡市葵区",
    "city_kana": "シズオカシアオイク",
    "town": "川合新田",
    "town_kana": "カワイシンデン",
    "street": null,
    "office_name": null,
    "office_name_kana": null
  },
  "0925": {
    "postcode": "4200925",
    "prefecture": "静岡県",
    "prefecture_kana": "シズオカケン",
    "prefecture_code": 22,
    "city": "静岡市葵区",
    "city_kana": "シズオカシアオイク",
    "town": "加藤島",
    "town_kana": "カトウジマ",
    "street": null,
    "office_name": null,
    "office_name_kana": null
  },
  "0931": {
    "postcode": "4200931",
    "prefecture": "静岡県",
    "prefecture_kana": "シズオカケン",
    "prefecture_code": 22,
    "city": "静岡市葵区",
    "city_kana": "シズオカシアオイク",
    "town": "観山",
    "town_kana": "カンザン",
    "street": null,
    "office_name": null,
    "office_name_kana": null
  },
  "0932": {
    "postcode": "4200932",
    "prefecture": "静岡県",
    "prefecture_kana": "シズオカケン",
    "prefecture_code": 22,
    "city": "静岡市葵区",
    "city_kana": "シズオカシアオイク",
    "town": "豊地",
    "town_kana": "トヨチ",
    "street": null,
    "office_name": null,
    "office_name_kana": null
  },
  "0933": {
    "postcode": "4200933",
    "prefecture": "静岡県",
    "prefecture_kana": "シズオカケン",
    "prefecture_code": 22,
    "city": "静岡市葵区",
    "city_kana": "シズオカシアオイク",
    "town": "立石",
    "town_kana": "タテイシ",
    "street": null,
    "office_name": null,
    "office_name_kana": null
  },
  "0934": {
    "postcode": "4200934",
    "prefecture": "静岡県",
    "prefecture_kana": "シズオカケン",
    "prefecture_code": 22,
    "city": "静岡市葵区",
    "city_kana": "シズオカシアオイク",
    "town": "岳美",
    "town_kana": "タケミ",
    "street": null,
    "office_name": null,
    "office_name_kana": null
  },
  "0935": {
    "postcode": "4200935",
    "prefecture": "静岡県",
    "prefecture_kana": "シズオカケン",
    "prefecture_code": 22,
    "city": "静岡市葵区",
    "city_kana": "シズオカシアオイク",
    "town": "池ケ谷東",
    "town_kana": "イケガヤヒガシ",
    "street": null,
    "office_name": null,
    "office_name_kana": null
  },
  "0936": {
    "postcode": "4200936",
    "prefecture": "静岡県",
    "prefecture_kana": "シズオカケン",
    "prefecture_code": 22,
    "city": "静岡市葵区",
    "city_kana": "シズオカシアオイク",
    "town": "池ケ谷",
    "town_kana": "イケガヤ",
    "street": null,
    "office_name": null,
    "office_name_kana": null
  },
  "0937": {
    "postcode": "4200937",
    "prefecture": "静岡県",
    "prefecture_kana": "シズオカケン",
    "prefecture_code": 22,
    "city": "静岡市葵区",
    "city_kana": "シズオカシアオイク",
    "town": "唐瀬",
    "town_kana": "カラセ",
    "street": null,
    "office_name": null,
    "office_name_kana": null
  },
  "0941": {
    "postcode": "4200941",
    "prefecture": "静岡県",
    "prefecture_kana": "シズオカケン",
    "prefecture_code": 22,
    "city": "静岡市葵区",
    "city_kana": "シズオカシアオイク",
    "town": "松富",
    "town_kana": "マツドミ",
    "street": null,
    "office_name": null,
    "office_name_kana": null
  },
  "0942": {
    "postcode": "4200942",
    "prefecture": "静岡県",
    "prefecture_kana": "シズオカケン",
    "prefecture_code": 22,
    "city": "静岡市葵区",
    "city_kana": "シズオカシアオイク",
    "town": "松富上組",
    "town_kana": "マツドミカミグミ",
    "street": null,
    "office_name": null,
    "office_name_kana": null
  },
  "0943": {
    "postcode": "4200943",
    "prefecture": "静岡県",
    "prefecture_kana": "シズオカケン",
    "prefecture_code": 22,
    "city": "静岡市葵区",
    "city_kana": "シズオカシアオイク",
    "town": "上伝馬",
    "town_kana": "カミテンマ",
    "street": null,
    "office_name": null,
    "office_name_kana": null
  },
  "0944": {
    "postcode": "4200944",
    "prefecture": "静岡県",
    "prefecture_kana": "シズオカケン",
    "prefecture_code": 22,
    "city": "静岡市葵区",
    "city_kana": "シズオカシアオイク",
    "town": "新伝馬",
    "town_kana": "シンテンマ",
    "street": null,
    "office_name": null,
    "office_name_kana": null
  },
  "0945": {
    "postcode": "4200945",
    "prefecture": "静岡県",
    "prefecture_kana": "シズオカケン",
    "prefecture_code": 22,
    "city": "静岡市葵区",
    "city_kana": "シズオカシアオイク",
    "town": "桜町",
    "town_kana": "サクラチョウ",
    "street": null,
    "office_name": null,
    "office_name_kana": null
  },
  "0946": {
    "postcode": "4200946",
    "prefecture": "静岡県",
    "prefecture_kana": "シズオカケン",
    "prefecture_code": 22,
    "city": "静岡市葵区",
    "city_kana": "シズオカシアオイク",
    "town": "伊呂波町",
    "town_kana": "イロハチョウ",
    "street": null,
    "office_name": null,
    "office_name_kana": null
  },
  "0947": {
    "postcode": "4200947",
    "prefecture": "静岡県",
    "prefecture_kana": "シズオカケン",
    "prefecture_code": 22,
    "city": "静岡市葵区",
    "city_kana": "シズオカシアオイク",
    "town": "堤町",
    "town_kana": "ツツミチョウ",
    "street": null,
    "office_name": null,
    "office_name_kana": null
  },
  "0948": {
    "postcode": "4200948",
    "prefecture": "静岡県",
    "prefecture_kana": "シズオカケン",
    "prefecture_code": 22,
    "city": "静岡市葵区",
    "city_kana": "シズオカシアオイク",
    "town": "秋山町",
    "town_kana": "アキヤマチョウ",
    "street": null,
    "office_name": null,
    "office_name_kana": null
  },
  "0949": {
    "postcode": "4200949",
    "prefecture": "静岡県",
    "prefecture_kana": "シズオカケン",
    "prefecture_code": 22,
    "city": "静岡市葵区",
    "city_kana": "シズオカシアオイク",
    "town": "与一",
    "town_kana": "ヨイチ",
    "street": null,
    "office_name": null,
    "office_name_kana": null
  },
  "0951": {
    "postcode": "4200951",
    "prefecture": "静岡県",
    "prefecture_kana": "シズオカケン",
    "prefecture_code": 22,
    "city": "静岡市葵区",
    "city_kana": "シズオカシアオイク",
    "town": "天神前",
    "town_kana": "テンジンマエ",
    "street": null,
    "office_name": null,
    "office_name_kana": null
  },
  "0952": {
    "postcode": "4200952",
    "prefecture": "静岡県",
    "prefecture_kana": "シズオカケン",
    "prefecture_code": 22,
    "city": "静岡市葵区",
    "city_kana": "シズオカシアオイク",
    "town": "牛田",
    "town_kana": "ウシダ",
    "street": null,
    "office_name": null,
    "office_name_kana": null
  },
  "0953": {
    "postcode": "4200953",
    "prefecture": "静岡県",
    "prefecture_kana": "シズオカケン",
    "prefecture_code": 22,
    "city": "静岡市葵区",
    "city_kana": "シズオカシアオイク",
    "town": "漆山",
    "town_kana": "ウルシヤマ",
    "street": null,
    "office_name": null,
    "office_name_kana": null
  },
  "0954": {
    "postcode": "4200954",
    "prefecture": "静岡県",
    "prefecture_kana": "シズオカケン",
    "prefecture_code": 22,
    "city": "静岡市葵区",
    "city_kana": "シズオカシアオイク",
    "town": "平柳",
    "town_kana": "ヒラヤナギ",
    "street": null,
    "office_name": null,
    "office_name_kana": null
  },
  "0955": {
    "postcode": "4200955",
    "prefecture": "静岡県",
    "prefecture_kana": "シズオカケン",
    "prefecture_code": 22,
    "city": "静岡市葵区",
    "city_kana": "シズオカシアオイク",
    "town": "芝原",
    "town_kana": "シバハラ",
    "street": null,
    "office_name": null,
    "office_name_kana": null
  },
  "0956": {
    "postcode": "4200956",
    "prefecture": "静岡県",
    "prefecture_kana": "シズオカケン",
    "prefecture_code": 22,
    "city": "静岡市葵区",
    "city_kana": "シズオカシアオイク",
    "town": "南",
    "town_kana": "ミナミ",
    "street": null,
    "office_name": null,
    "office_name_kana": null
  },
  "0957": {
    "postcode": "4200957",
    "prefecture": "静岡県",
    "prefecture_kana": "シズオカケン",
    "prefecture_code": 22,
    "city": "静岡市葵区",
    "city_kana": "シズオカシアオイク",
    "town": "前林",
    "town_kana": "マエバヤシ",
    "street": null,
    "office_name": null,
    "office_name_kana": null
  },
  "0961": {
    "postcode": "4200961",
    "prefecture": "静岡県",
    "prefecture_kana": "シズオカケン",
    "prefecture_code": 22,
    "city": "静岡市葵区",
    "city_kana": "シズオカシアオイク",
    "town": "北",
    "town_kana": "キタ",
    "street": null,
    "office_name": null,
    "office_name_kana": null
  },
  "0962": {
    "postcode": "4200962",
    "prefecture": "静岡県",
    "prefecture_kana": "シズオカケン",
    "prefecture_code": 22,
    "city": "静岡市葵区",
    "city_kana": "シズオカシアオイク",
    "town": "東",
    "town_kana": "ヒガシ",
    "street": null,
    "office_name": null,
    "office_name_kana": null
  },
  "0963": {
    "postcode": "4200963",
    "prefecture": "静岡県",
    "prefecture_kana": "シズオカケン",
    "prefecture_code": 22,
    "city": "静岡市葵区",
    "city_kana": "シズオカシアオイク",
    "town": "赤松",
    "town_kana": "アカマツ",
    "street": null,
    "office_name": null,
    "office_name_kana": null
  },
  "0964": {
    "postcode": "4200964",
    "prefecture": "静岡県",
    "prefecture_kana": "シズオカケン",
    "prefecture_code": 22,
    "city": "静岡市葵区",
    "city_kana": "シズオカシアオイク",
    "town": "柳原",
    "town_kana": "ヤナギハラ",
    "street": null,
    "office_name": null,
    "office_name_kana": null
  },
  "0965": {
    "postcode": "4200965",
    "prefecture": "静岡県",
    "prefecture_kana": "シズオカケン",
    "prefecture_code": 22,
    "city": "静岡市葵区",
    "city_kana": "シズオカシアオイク",
    "town": "有永",
    "town_kana": "アリナガ",
    "street": null,
    "office_name": null,
    "office_name_kana": null
  },
  "0966": {
    "postcode": "4200966",
    "prefecture": "静岡県",
    "prefecture_kana": "シズオカケン",
    "prefecture_code": 22,
    "city": "静岡市葵区",
    "city_kana": "シズオカシアオイク",
    "town": "羽高",
    "town_kana": "ハタカ",
    "street": null,
    "office_name": null,
    "office_name_kana": null
  },
  "0967": {
    "postcode": "4200967",
    "prefecture": "静岡県",
    "prefecture_kana": "シズオカケン",
    "prefecture_code": 22,
    "city": "静岡市葵区",
    "city_kana": "シズオカシアオイク",
    "town": "羽高町",
    "town_kana": "ハタカチョウ",
    "street": null,
    "office_name": null,
    "office_name_kana": null
  },
  "0968": {
    "postcode": "4200968",
    "prefecture": "静岡県",
    "prefecture_kana": "シズオカケン",
    "prefecture_code": 22,
    "city": "静岡市葵区",
    "city_kana": "シズオカシアオイク",
    "town": "あさはた",
    "town_kana": "アサハタ",
    "street": null,
    "office_name": null,
    "office_name_kana": null
  },
  "0969": {
    "postcode": "4200969",
    "prefecture": "静岡県",
    "prefecture_kana": "シズオカケン",
    "prefecture_code": 22,
    "city": "静岡市葵区",
    "city_kana": "シズオカシアオイク",
    "town": "有永町",
    "town_kana": "アリナガチョウ",
    "street": null,
    "office_name": null,
    "office_name_kana": null
  },
  "8502": {
    "postcode": "4208502",
    "prefecture": "静岡県",
    "prefecture_kana": "シズオカケン",
    "prefecture_code": 22,
    "city": "静岡市葵区",
    "city_kana": "シズオカシアオイク",
    "town": "城北",
    "town_kana": "ジョウホク",
    "street": "２丁目２９−１",
    "office_name": "静岡県立　静岡中央高等学校",
    "office_name_kana": "シズオカケンリツ シズオカチユウオウコウトウガツコウ"
  },
  "8503": {
    "postcode": "4208503",
    "prefecture": "静岡県",
    "prefecture_kana": "シズオカケン",
    "prefecture_code": 22,
    "city": "静岡市葵区",
    "city_kana": "シズオカシアオイク",
    "town": "伝馬町",
    "town_kana": "テンマチョウ",
    "street": "１６番８",
    "office_name": "株式会社　静岡リビング新聞社",
    "office_name_kana": "カブシキガイシヤ シズオカリビングシンブンシヤ"
  },
  "8507": {
    "postcode": "4208507",
    "prefecture": "静岡県",
    "prefecture_kana": "シズオカケン",
    "prefecture_code": 22,
    "city": "静岡市葵区",
    "city_kana": "シズオカシアオイク",
    "town": "宮前町",
    "town_kana": "ミヤマエチョウ",
    "street": "５２−１",
    "office_name": "専門学校　静岡工科自動車大学校",
    "office_name_kana": "センモンガツコウ シズオカコウカジドウシヤダイガクコウ"
  },
  "8508": {
    "postcode": "4208508",
    "prefecture": "静岡県",
    "prefecture_kana": "シズオカケン",
    "prefecture_code": 22,
    "city": "静岡市葵区",
    "city_kana": "シズオカシアオイク",
    "town": "鷹匠",
    "town_kana": "タカジョウ",
    "street": "１丁目１−１",
    "office_name": "新静岡セノバ",
    "office_name_kana": "シンシズオカセノバ"
  },
  "8509": {
    "postcode": "4208509",
    "prefecture": "静岡県",
    "prefecture_kana": "シズオカケン",
    "prefecture_code": 22,
    "city": "静岡市葵区",
    "city_kana": "シズオカシアオイク",
    "town": "追手町",
    "town_kana": "オウテマチ",
    "street": "２−１２",
    "office_name": "静鉄観光サービス　株式会社",
    "office_name_kana": "シズテツカンコウサ-ビス カブシキガイシヤ"
  },
  "8510": {
    "postcode": "4208510",
    "prefecture": "静岡県",
    "prefecture_kana": "シズオカケン",
    "prefecture_code": 22,
    "city": "静岡市葵区",
    "city_kana": "シズオカシアオイク",
    "town": "鷹匠",
    "town_kana": "タカジョウ",
    "street": "１丁目１−１",
    "office_name": "静岡鉄道　株式会社",
    "office_name_kana": "シズオカテツドウ カブシキガイシヤ"
  },
  "8512": {
    "postcode": "4208512",
    "prefecture": "静岡県",
    "prefecture_kana": "シズオカケン",
    "prefecture_code": 22,
    "city": "静岡市葵区",
    "city_kana": "シズオカシアオイク",
    "town": "呉服町",
    "town_kana": "ゴフクチョウ",
    "street": "１−１−２静岡呉服町スクエア１２階",
    "office_name": "全国健康保険協会　静岡支部",
    "office_name_kana": "ゼンコクケンコウホケンキヨウカイ シズオカシブ"
  },
  "8517": {
    "postcode": "4208517",
    "prefecture": "静岡県",
    "prefecture_kana": "シズオカケン",
    "prefecture_code": 22,
    "city": "静岡市葵区",
    "city_kana": "シズオカシアオイク",
    "town": "呉服町",
    "town_kana": "ゴフクチョウ",
    "street": "一丁目７番地",
    "office_name": "株式会社　静岡伊勢丹",
    "office_name_kana": "カブシキガイシヤ シズオカイセタン"
  },
  "8521": {
    "postcode": "4208521",
    "prefecture": "静岡県",
    "prefecture_kana": "シズオカケン",
    "prefecture_code": 22,
    "city": "静岡市葵区",
    "city_kana": "シズオカシアオイク",
    "town": "常磐町",
    "town_kana": "トキワチョウ",
    "street": "２丁目１３−１",
    "office_name": "富士ゼロックス　株式会社　静岡営業所",
    "office_name_kana": "フジゼロツクス カブシキガイシヤ シズオカエイギヨウシヨ"
  },
  "8523": {
    "postcode": "4208523",
    "prefecture": "静岡県",
    "prefecture_kana": "シズオカケン",
    "prefecture_code": 22,
    "city": "静岡市葵区",
    "city_kana": "シズオカシアオイク",
    "town": "流通センター",
    "town_kana": "リュウツウセンター",
    "street": "１２−３",
    "office_name": "株式会社　青島文化教材社",
    "office_name_kana": "カブシキガイシヤ アオシマブンカキヨウザイシヤ"
  },
  "8527": {
    "postcode": "4208527",
    "prefecture": "静岡県",
    "prefecture_kana": "シズオカケン",
    "prefecture_code": 22,
    "city": "静岡市葵区",
    "city_kana": "シズオカシアオイク",
    "town": "北安東",
    "town_kana": "キタアンドウ",
    "street": "４丁目２７−１",
    "office_name": "静岡県立総合病院",
    "office_name_kana": "シズオカケンリツ ソウゴウビヨウイン"
  },
  "8528": {
    "postcode": "4208528",
    "prefecture": "静岡県",
    "prefecture_kana": "シズオカケン",
    "prefecture_code": 22,
    "city": "静岡市葵区",
    "city_kana": "シズオカシアオイク",
    "town": "伝馬町",
    "town_kana": "テンマチョウ",
    "street": "８−６",
    "office_name": "株式会社　メガネトップ",
    "office_name_kana": " カブシキガイシヤ メガネトツプ"
  },
  "8536": {
    "postcode": "4208536",
    "prefecture": "静岡県",
    "prefecture_kana": "シズオカケン",
    "prefecture_code": 22,
    "city": "静岡市葵区",
    "city_kana": "シズオカシアオイク",
    "town": "南沼上",
    "town_kana": "ミナミヌマガミ",
    "street": "９７４−１５",
    "office_name": "株式会社　静岡三共",
    "office_name_kana": "カブシキガイシヤ シズオカサンキヨウ"
  },
  "8537": {
    "postcode": "4208537",
    "prefecture": "静岡県",
    "prefecture_kana": "シズオカケン",
    "prefecture_code": 22,
    "city": "静岡市葵区",
    "city_kana": "シズオカシアオイク",
    "town": "宮前町",
    "town_kana": "ミヤマエチョウ",
    "street": "１１０−１１",
    "office_name": "静岡産業技術専門学校",
    "office_name_kana": "シズオカサンギヨウギジユツセンモンガツコウ"
  },
  "8538": {
    "postcode": "4208538",
    "prefecture": "静岡県",
    "prefecture_kana": "シズオカケン",
    "prefecture_code": 22,
    "city": "静岡市葵区",
    "city_kana": "シズオカシアオイク",
    "town": "相生町",
    "town_kana": "アイオイチョウ",
    "street": "１２番１８号",
    "office_name": "学校法人　静岡理工科大学",
    "office_name_kana": "ガツコウホウジン シズオカリコウカダイガク"
  },
  "8550": {
    "postcode": "4208550",
    "prefecture": "静岡県",
    "prefecture_kana": "シズオカケン",
    "prefecture_code": 22,
    "city": "静岡市葵区",
    "city_kana": "シズオカシアオイク",
    "town": "伝馬町",
    "town_kana": "テンマチョウ",
    "street": "１１番地５",
    "office_name": "株式会社　村上開明堂",
    "office_name_kana": "カブシキガイシヤ ムラカミカイメイドウ"
  },
  "8555": {
    "postcode": "4208555",
    "prefecture": "静岡県",
    "prefecture_kana": "シズオカケン",
    "prefecture_code": 22,
    "city": "静岡市葵区",
    "city_kana": "シズオカシアオイク",
    "town": "末広町",
    "town_kana": "スエヒロチョウ",
    "street": "９５番地",
    "office_name": "株式会社　静鉄ストア",
    "office_name_kana": "カブシキガイシヤ シズテツストア"
  },
  "8557": {
    "postcode": "4208557",
    "prefecture": "静岡県",
    "prefecture_kana": "シズオカケン",
    "prefecture_code": 22,
    "city": "静岡市葵区",
    "city_kana": "シズオカシアオイク",
    "town": "宮前町",
    "town_kana": "ミヤマエチョウ",
    "street": "２４",
    "office_name": "静岡県　トラック運送健康組合",
    "office_name_kana": "シズオカケン トラツクウンソウケンコウクミアイ"
  },
  "8558": {
    "postcode": "4208558",
    "prefecture": "静岡県",
    "prefecture_kana": "シズオカケン",
    "prefecture_code": 22,
    "city": "静岡市葵区",
    "city_kana": "シズオカシアオイク",
    "town": "春日",
    "town_kana": "カスガ",
    "street": "２丁目４−３４",
    "office_name": "静岡県　国民健康保険団体連合会",
    "office_name_kana": "シズオカケン コクミンケンコウホケンダンタイレンゴウカイ"
  },
  "8560": {
    "postcode": "4208560",
    "prefecture": "静岡県",
    "prefecture_kana": "シズオカケン",
    "prefecture_code": 22,
    "city": "静岡市葵区",
    "city_kana": "シズオカシアオイク",
    "town": "御幸町",
    "town_kana": "ミユキチョウ",
    "street": "１０−２",
    "office_name": "株式会社　松阪屋　静岡店",
    "office_name_kana": "カブシキガイシヤ マツザカヤ シズオカテン"
  },
  "8567": {
    "postcode": "4208567",
    "prefecture": "静岡県",
    "prefecture_kana": "シズオカケン",
    "prefecture_code": 22,
    "city": "静岡市葵区",
    "city_kana": "シズオカシアオイク",
    "town": "東町",
    "town_kana": "アズマチョウ",
    "street": "１５",
    "office_name": "株式会社　静岡朝日テレビ",
    "office_name_kana": "カブシキガイシヤ シズオカアサヒテレビ"
  },
  "8570": {
    "postcode": "4208570",
    "prefecture": "静岡県",
    "prefecture_kana": "シズオカケン",
    "prefecture_code": 22,
    "city": "静岡市葵区",
    "city_kana": "シズオカシアオイク",
    "town": "神明町",
    "town_kana": "シンメイチョウ",
    "street": "９６−１",
    "office_name": "株式会社　白形傳四郎商店",
    "office_name_kana": "カブシキガイシヤ シラカタデンシロウシヨウテン"
  },
  "8580": {
    "postcode": "4208580",
    "prefecture": "静岡県",
    "prefecture_kana": "シズオカケン",
    "prefecture_code": 22,
    "city": "静岡市葵区",
    "city_kana": "シズオカシアオイク",
    "town": "沓谷",
    "town_kana": "クツノヤ",
    "street": "５丁目１０−５",
    "office_name": "ヤマキ　株式会社",
    "office_name_kana": "ヤマキ カブシキガイシヤ"
  },
  "8581": {
    "postcode": "4208581",
    "prefecture": "静岡県",
    "prefecture_kana": "シズオカケン",
    "prefecture_code": 22,
    "city": "静岡市葵区",
    "city_kana": "シズオカシアオイク",
    "town": "長沼",
    "town_kana": "ナガヌマ",
    "street": "６１１番地",
    "office_name": "トヨタユナイテッド静岡　株式会社",
    "office_name_kana": "トヨタユナイテツドシズオカ カブシキガイシヤ"
  },
  "8585": {
    "postcode": "4208585",
    "prefecture": "静岡県",
    "prefecture_kana": "シズオカケン",
    "prefecture_code": 22,
    "city": "静岡市葵区",
    "city_kana": "シズオカシアオイク",
    "town": "紺屋町",
    "town_kana": "コウヤマチ",
    "street": "１７−１",
    "office_name": "東京海上日動火災保険　株式会社　静岡支店",
    "office_name_kana": "トウキヨウカイジヨウニチドウカサイホケン カブシキガイシヤ シズオカシテン"
  },
  "8588": {
    "postcode": "4208588",
    "prefecture": "静岡県",
    "prefecture_kana": "シズオカケン",
    "prefecture_code": 22,
    "city": "静岡市葵区",
    "city_kana": "シズオカシアオイク",
    "town": "水落町",
    "town_kana": "ミズオチチョウ",
    "street": "１−３０",
    "office_name": "常葉大学附属常葉中・高等学校",
    "office_name_kana": "トコハダイガクフゾクトコハチユウ・コウトウガツコウ"
  },
  "8601": {
    "postcode": "4208601",
    "prefecture": "静岡県",
    "prefecture_kana": "シズオカケン",
    "prefecture_code": 22,
    "city": "静岡市葵区",
    "city_kana": "シズオカシアオイク",
    "town": "追手町",
    "town_kana": "オウテマチ",
    "street": "９−６",
    "office_name": "静岡県庁",
    "office_name_kana": "シズオカケンチヨウ"
  },
  "8602": {
    "postcode": "4208602",
    "prefecture": "静岡県",
    "prefecture_kana": "シズオカケン",
    "prefecture_code": 22,
    "city": "静岡市葵区",
    "city_kana": "シズオカシアオイク",
    "town": "追手町",
    "town_kana": "オウテマチ",
    "street": "５−１",
    "office_name": "静岡市役所",
    "office_name_kana": "シズオカシヤクシヨ"
  },
  "8603": {
    "postcode": "4208603",
    "prefecture": "静岡県",
    "prefecture_kana": "シズオカケン",
    "prefecture_code": 22,
    "city": "静岡市葵区",
    "city_kana": "シズオカシアオイク",
    "town": "東草深町",
    "town_kana": "ヒガシクサブカチョウ",
    "street": "３番２７号",
    "office_name": "社団法人　静岡市静岡医師会",
    "office_name_kana": "シヤダンホウジン シズオカシシズオカイシカイ"
  },
  "8604": {
    "postcode": "4208604",
    "prefecture": "静岡県",
    "prefecture_kana": "シズオカケン",
    "prefecture_code": 22,
    "city": "静岡市葵区",
    "city_kana": "シズオカシアオイク",
    "town": "城内町",
    "town_kana": "ジョウナイチョウ",
    "street": "１−２０",
    "office_name": "静岡家庭裁判所",
    "office_name_kana": "シズオカカテイサイバンシヨ"
  },
  "8606": {
    "postcode": "4208606",
    "prefecture": "静岡県",
    "prefecture_kana": "シズオカケン",
    "prefecture_code": 22,
    "city": "静岡市葵区",
    "city_kana": "シズオカシアオイク",
    "town": "追手町",
    "town_kana": "オウテマチ",
    "street": "１０−８８",
    "office_name": "静岡税務署",
    "office_name_kana": "シズオカゼイムシヨ"
  },
  "8608": {
    "postcode": "4208608",
    "prefecture": "静岡県",
    "prefecture_kana": "シズオカケン",
    "prefecture_code": 22,
    "city": "静岡市葵区",
    "city_kana": "シズオカシアオイク",
    "town": "長谷町",
    "town_kana": "ハセチョウ",
    "street": "６６",
    "office_name": "静岡県立　静岡高等学校",
    "office_name_kana": "シズオカケンリツ シズオカコウトウガツコウ"
  },
  "8610": {
    "postcode": "4208610",
    "prefecture": "静岡県",
    "prefecture_kana": "シズオカケン",
    "prefecture_code": 22,
    "city": "静岡市葵区",
    "city_kana": "シズオカシアオイク",
    "town": "追手町",
    "town_kana": "オウテマチ",
    "street": "９−６",
    "office_name": "静岡県警察本部",
    "office_name_kana": "シズオカケンケイサツホンブ"
  },
  "8611": {
    "postcode": "4208611",
    "prefecture": "静岡県",
    "prefecture_kana": "シズオカケン",
    "prefecture_code": 22,
    "city": "静岡市葵区",
    "city_kana": "シズオカシアオイク",
    "town": "追手町",
    "town_kana": "オウテマチ",
    "street": "９−４５",
    "office_name": "静岡地方検察庁",
    "office_name_kana": "シズオカチホウケンサツチヨウ"
  },
  "8612": {
    "postcode": "4208612",
    "prefecture": "静岡県",
    "prefecture_kana": "シズオカケン",
    "prefecture_code": 22,
    "city": "静岡市葵区",
    "city_kana": "シズオカシアオイク",
    "town": "追手町",
    "town_kana": "オウテマチ",
    "street": "２−１２",
    "office_name": "株式会社　安藤・間　静岡支店",
    "office_name_kana": "カブシキガイシヤ アンドウ・ハザマ シズオカシテン"
  },
  "8616": {
    "postcode": "4208616",
    "prefecture": "静岡県",
    "prefecture_kana": "シズオカケン",
    "prefecture_code": 22,
    "city": "静岡市葵区",
    "city_kana": "シズオカシアオイク",
    "town": "追手町",
    "town_kana": "オウテマチ",
    "street": "１−６",
    "office_name": "日本生命保険　相互会社　静岡支社",
    "office_name_kana": "ニホンセイメイホケン ソウゴカイシヤ シズオカシシヤ"
  },
  "8618": {
    "postcode": "4208618",
    "prefecture": "静岡県",
    "prefecture_kana": "シズオカケン",
    "prefecture_code": 22,
    "city": "静岡市葵区",
    "city_kana": "シズオカシアオイク",
    "town": "東草深町",
    "town_kana": "ヒガシクサブカチョウ",
    "street": "７−１８",
    "office_name": "農林水産省関東農政局　静岡農政事務所",
    "office_name_kana": "ノウリンスイサンシヨウカントウノウセイキヨク シズオカノウセイジムシヨ"
  },
  "8620": {
    "postcode": "4208620",
    "prefecture": "静岡県",
    "prefecture_kana": "シズオカケン",
    "prefecture_code": 22,
    "city": "静岡市葵区",
    "city_kana": "シズオカシアオイク",
    "town": "追手町",
    "town_kana": "オウテマチ",
    "street": "６−１",
    "office_name": "静岡中央警察署",
    "office_name_kana": "シズオカチユウオウケイサツシヨ"
  },
  "8622": {
    "postcode": "4208622",
    "prefecture": "静岡県",
    "prefecture_kana": "シズオカケン",
    "prefecture_code": 22,
    "city": "静岡市葵区",
    "city_kana": "シズオカシアオイク",
    "town": "伝馬町",
    "town_kana": "テンマチョウ",
    "street": "２４−２相川伝馬町ビル",
    "office_name": "静岡労働基準監督署",
    "office_name_kana": "シズオカロウドウキジユンカントクシヨ"
  },
  "8623": {
    "postcode": "4208623",
    "prefecture": "静岡県",
    "prefecture_kana": "シズオカケン",
    "prefecture_code": 22,
    "city": "静岡市葵区",
    "city_kana": "シズオカシアオイク",
    "town": "北番町",
    "town_kana": "キタバンチョウ",
    "street": "２３",
    "office_name": "ＪＡ静岡厚生連静岡厚生病院",
    "office_name_kana": "ジエイエ-シズオカコウセイレンシズオカコウセイビヨウイン"
  },
  "8624": {
    "postcode": "4208624",
    "prefecture": "静岡県",
    "prefecture_kana": "シズオカケン",
    "prefecture_code": 22,
    "city": "静岡市葵区",
    "city_kana": "シズオカシアオイク",
    "town": "茶町",
    "town_kana": "チャマチ",
    "street": "２丁目１",
    "office_name": "静岡シェル石油販売　株式会社",
    "office_name_kana": "シズオカシエルセキユハンバイ カブシキガイシヤ"
  },
  "8628": {
    "postcode": "4208628",
    "prefecture": "静岡県",
    "prefecture_kana": "シズオカケン",
    "prefecture_code": 22,
    "city": "静岡市葵区",
    "city_kana": "シズオカシアオイク",
    "town": "追手町",
    "town_kana": "オウテマチ",
    "street": "１０−７１",
    "office_name": "静岡雙葉学園",
    "office_name_kana": "シズオカフタバガクエン"
  },
  "8630": {
    "postcode": "4208630",
    "prefecture": "静岡県",
    "prefecture_kana": "シズオカケン",
    "prefecture_code": 22,
    "city": "静岡市葵区",
    "city_kana": "シズオカシアオイク",
    "town": "追手町",
    "town_kana": "オウテマチ",
    "street": "１０−９３",
    "office_name": "静岡市立静岡病院",
    "office_name_kana": "シズオカシリツシズオカビヨウイン"
  },
  "8633": {
    "postcode": "4208633",
    "prefecture": "静岡県",
    "prefecture_kana": "シズオカケン",
    "prefecture_code": 22,
    "city": "静岡市葵区",
    "city_kana": "シズオカシアオイク",
    "town": "追手町",
    "town_kana": "オウテマチ",
    "street": "１０−８０",
    "office_name": "静岡地方裁判所",
    "office_name_kana": "シズオカチホウサイバンシヨ"
  },
  "8636": {
    "postcode": "4208636",
    "prefecture": "静岡県",
    "prefecture_kana": "シズオカケン",
    "prefecture_code": 22,
    "city": "静岡市葵区",
    "city_kana": "シズオカシアオイク",
    "town": "追手町",
    "town_kana": "オウテマチ",
    "street": "９−５０",
    "office_name": "東海財務局　静岡財務事務所",
    "office_name_kana": "トウカイザイムキヨク シズオカザイムジムシヨ"
  },
  "8639": {
    "postcode": "4208639",
    "prefecture": "静岡県",
    "prefecture_kana": "シズオカケン",
    "prefecture_code": 22,
    "city": "静岡市葵区",
    "city_kana": "シズオカシアオイク",
    "town": "追手町",
    "town_kana": "オウテマチ",
    "street": "９−５０",
    "office_name": "静岡労働基準局",
    "office_name_kana": "シズオカロウドウキジユンキヨク"
  },
  "8644": {
    "postcode": "4208644",
    "prefecture": "静岡県",
    "prefecture_kana": "シズオカケン",
    "prefecture_code": 22,
    "city": "静岡市葵区",
    "city_kana": "シズオカシアオイク",
    "town": "追手町",
    "town_kana": "オウテマチ",
    "street": "９−１８",
    "office_name": "東日本信用漁業協同組合連合会　静岡支店",
    "office_name_kana": "ヒガシニホンシンヨウギヨギヨウキヨウドウクミアイレンゴウカイ シズオカシテン"
  },
  "8650": {
    "postcode": "4208650",
    "prefecture": "静岡県",
    "prefecture_kana": "シズオカケン",
    "prefecture_code": 22,
    "city": "静岡市葵区",
    "city_kana": "シズオカシアオイク",
    "town": "追手町",
    "town_kana": "オウテマチ",
    "street": "９−５０",
    "office_name": "静岡地方法務局",
    "office_name_kana": "シズオカチホウホウムキヨク"
  },
  "8660": {
    "postcode": "4208660",
    "prefecture": "静岡県",
    "prefecture_kana": "シズオカケン",
    "prefecture_code": 22,
    "city": "静岡市葵区",
    "city_kana": "シズオカシアオイク",
    "town": "漆山",
    "town_kana": "ウルシヤマ",
    "street": "８６０",
    "office_name": "静岡県立　こども病院",
    "office_name_kana": "シズオカケンリツ コドモビヨウイン"
  },
  "8666": {
    "postcode": "4208666",
    "prefecture": "静岡県",
    "prefecture_kana": "シズオカケン",
    "prefecture_code": 22,
    "city": "静岡市葵区",
    "city_kana": "シズオカシアオイク",
    "town": "追手町",
    "town_kana": "オウテマチ",
    "street": "９−１８",
    "office_name": "静岡県漁業協同組合連合会",
    "office_name_kana": "シズオカケンギヨギヨウキヨウドウクミアイレンゴウカイ"
  },
  "8670": {
    "postcode": "4208670",
    "prefecture": "静岡県",
    "prefecture_kana": "シズオカケン",
    "prefecture_code": 22,
    "city": "静岡市葵区",
    "city_kana": "シズオカシアオイク",
    "town": "駿府町",
    "town_kana": "スンプチョウ",
    "street": "１−７０",
    "office_name": "社会福祉法人　静岡県社会福祉協議会",
    "office_name_kana": "シヤカイフクシホウジン シズオカケンシヤカイフクシキヨウギカイ"
  },
  "8677": {
    "postcode": "4208677",
    "prefecture": "静岡県",
    "prefecture_kana": "シズオカケン",
    "prefecture_code": 22,
    "city": "静岡市葵区",
    "city_kana": "シズオカシアオイク",
    "town": "研屋町",
    "town_kana": "トギヤチョウ",
    "street": "５１",
    "office_name": "株式会社　トーエネック　静岡支店",
    "office_name_kana": "カブシキガイシヤ ト-エネツク シズオカシテン"
  },
  "8680": {
    "postcode": "4208680",
    "prefecture": "静岡県",
    "prefecture_kana": "シズオカケン",
    "prefecture_code": 22,
    "city": "静岡市葵区",
    "city_kana": "シズオカシアオイク",
    "town": "追手町",
    "town_kana": "オウテマチ",
    "street": "９−２２",
    "office_name": "株式会社　帝国データバンク　静岡支店",
    "office_name_kana": "カブシキガイシヤ テイコクデ-タバンク シズオカシテン"
  },
  "8681": {
    "postcode": "4208681",
    "prefecture": "静岡県",
    "prefecture_kana": "シズオカケン",
    "prefecture_code": 22,
    "city": "静岡市葵区",
    "city_kana": "シズオカシアオイク",
    "town": "長沼",
    "town_kana": "ナガヌマ",
    "street": "５００−１２",
    "office_name": "株式会社　バンダイ　お客様相談センター",
    "office_name_kana": "カブシキガイシヤ バンダイ オキヤクサマソウダンセンタ-"
  },
  "8685": {
    "postcode": "4208685",
    "prefecture": "静岡県",
    "prefecture_kana": "シズオカケン",
    "prefecture_code": 22,
    "city": "静岡市葵区",
    "city_kana": "シズオカシアオイク",
    "town": "城東町",
    "town_kana": "ジョウトウチョウ",
    "street": "５−１",
    "office_name": "西日本電信電話　株式会社　静岡支店",
    "office_name_kana": "ニシニホンデンシンデンワ カブシキガイシヤ シズオカシテン"
  },
  "8688": {
    "postcode": "4208688",
    "prefecture": "静岡県",
    "prefecture_kana": "シズオカケン",
    "prefecture_code": 22,
    "city": "静岡市葵区",
    "city_kana": "シズオカシアオイク",
    "town": "漆山",
    "town_kana": "ウルシヤマ",
    "street": "８８６",
    "office_name": "独立行政法人　国立病院機構　静岡てんかん神経医療センター",
    "office_name_kana": "ドクリツギヨウセイホウジン コクリツビヨウインキコウ シズオカテンカンシンケイイリヨウセンタ-"
  },
  "8703": {
    "postcode": "4208703",
    "prefecture": "静岡県",
    "prefecture_kana": "シズオカケン",
    "prefecture_code": 22,
    "city": "静岡市葵区",
    "city_kana": "シズオカシアオイク",
    "town": "黒金町",
    "town_kana": "クロガネチョウ",
    "street": "５−１（静岡中央郵便局私書箱第２４９号）",
    "office_name": "静岡県労働金庫",
    "office_name_kana": "シズオカケンロウドウキンコ"
  },
  "8704": {
    "postcode": "4208704",
    "prefecture": "静岡県",
    "prefecture_kana": "シズオカケン",
    "prefecture_code": 22,
    "city": "静岡市葵区",
    "city_kana": "シズオカシアオイク",
    "town": "紺屋町",
    "town_kana": "コウヤマチ",
    "street": "三番地の十（静岡中央郵便局私書箱第２５号）",
    "office_name": "三井住友信託銀行　株式会社　静岡支店",
    "office_name_kana": "ミツイスミトモシンタクギンコウ カブシキガイシヤ シズオカシテン"
  },
  "8706": {
    "postcode": "4208706",
    "prefecture": "静岡県",
    "prefecture_kana": "シズオカケン",
    "prefecture_code": 22,
    "city": "静岡市葵区",
    "city_kana": "シズオカシアオイク",
    "town": "両替町",
    "town_kana": "リョウガエチョウ",
    "street": "２丁目６番５号",
    "office_name": "共栄火災海上保険　株式会社",
    "office_name_kana": "キヨウエイカサイカイジヨウホケン カブシキガイシヤ"
  },
  "8709": {
    "postcode": "4208709",
    "prefecture": "静岡県",
    "prefecture_kana": "シズオカケン",
    "prefecture_code": 22,
    "city": "静岡市葵区",
    "city_kana": "シズオカシアオイク",
    "town": "長沼",
    "town_kana": "ナガヌマ",
    "street": "９７１−１（静岡中央郵便局私書箱第９号）",
    "office_name": "株式会社　稲葉商店",
    "office_name_kana": "カブシキガイシヤ イナバシヨウテン"
  },
  "8710": {
    "postcode": "4208710",
    "prefecture": "静岡県",
    "prefecture_kana": "シズオカケン",
    "prefecture_code": 22,
    "city": "静岡市葵区",
    "city_kana": "シズオカシアオイク",
    "town": "追手町",
    "town_kana": "オウテマチ",
    "street": "５−４（静岡中央郵便局私書箱第１４２号）",
    "office_name": "静岡県信用保証協会",
    "office_name_kana": "シズオカケンシンヨウホシヨウキヨウカイ"
  },
  "8712": {
    "postcode": "4208712",
    "prefecture": "静岡県",
    "prefecture_kana": "シズオカケン",
    "prefecture_code": 22,
    "city": "静岡市葵区",
    "city_kana": "シズオカシアオイク",
    "town": "柚木",
    "town_kana": "ユノキ",
    "street": "５７０（静岡中央郵便局私書箱第３９号）",
    "office_name": "ヒダ　株式会社",
    "office_name_kana": "ヒダ カブシキガイシヤ"
  },
  "8720": {
    "postcode": "4208720",
    "prefecture": "静岡県",
    "prefecture_kana": "シズオカケン",
    "prefecture_code": 22,
    "city": "静岡市葵区",
    "city_kana": "シズオカシアオイク",
    "town": "金座町",
    "town_kana": "キンザマチ",
    "street": "２６の１（静岡中央郵便局私書箱第８号）",
    "office_name": "日本銀行　静岡支店",
    "office_name_kana": "ニツポンギンコウ シズオカシテン"
  },
  "8722": {
    "postcode": "4208722",
    "prefecture": "静岡県",
    "prefecture_kana": "シズオカケン",
    "prefecture_code": 22,
    "city": "静岡市葵区",
    "city_kana": "シズオカシアオイク",
    "town": "追手町",
    "town_kana": "オウテマチ",
    "street": "１−１（静岡中央郵便局私書箱第１６９号）",
    "office_name": "大和証券　株式会社　静岡支店",
    "office_name_kana": "ダイワシヨウケン カブシキガイシヤ シズオカシテン"
  },
  "8733": {
    "postcode": "4208733",
    "prefecture": "静岡県",
    "prefecture_kana": "シズオカケン",
    "prefecture_code": 22,
    "city": "静岡市葵区",
    "city_kana": "シズオカシアオイク",
    "town": "本通",
    "town_kana": "ホントオリ",
    "street": "２丁目４番地１（静岡中央郵便局私書箱第２４５号）",
    "office_name": "中部電力　株式会社　静岡支店",
    "office_name_kana": "チユウブデンリヨク カブシキガイシヤ シズオカシテン"
  },
  "8739": {
    "postcode": "4208739",
    "prefecture": "静岡県",
    "prefecture_kana": "シズオカケン",
    "prefecture_code": 22,
    "city": "静岡市葵区",
    "city_kana": "シズオカシアオイク",
    "town": "追手町",
    "town_kana": "オウテマチ",
    "street": "６−３（静岡中央郵便局私書箱第１０２号）",
    "office_name": "商工組合中央金庫　静岡支店",
    "office_name_kana": "シヨウコウクミアイチユウオウキンコ シズオカシテン"
  },
  "8760": {
    "postcode": "4208760",
    "prefecture": "静岡県",
    "prefecture_kana": "シズオカケン",
    "prefecture_code": 22,
    "city": "静岡市葵区",
    "city_kana": "シズオカシアオイク",
    "town": "呉服町",
    "town_kana": "ゴフクチョウ",
    "street": "１丁目１０",
    "office_name": "株式会社　静岡銀行　本部",
    "office_name_kana": "カブシキガイシヤ シズオカギンコウ ホンブ"
  },
  "8761": {
    "postcode": "4208761",
    "prefecture": "静岡県",
    "prefecture_kana": "シズオカケン",
    "prefecture_code": 22,
    "city": "静岡市葵区",
    "city_kana": "シズオカシアオイク",
    "town": "呉服町",
    "town_kana": "ゴフクチョウ",
    "street": "１丁目１０",
    "office_name": "株式会社　静岡銀行　本店",
    "office_name_kana": "カブシキガイシヤ シズオカギンコウ ホンテン"
  },
  "8771": {
    "postcode": "4208771",
    "prefecture": "静岡県",
    "prefecture_kana": "シズオカケン",
    "prefecture_code": 22,
    "city": "静岡市葵区",
    "city_kana": "シズオカシアオイク",
    "town": "伝馬町",
    "town_kana": "テンマチョウ",
    "street": "５−４",
    "office_name": "株式会社　エーツー",
    "office_name_kana": "カブシキガイシヤ エ-ツ-"
  }
}