{
  "0101": {
    "postcode": "4210101",
    "prefecture": "静岡県",
    "prefecture_kana": "シズオカケン",
    "prefecture_code": 22,
    "city": "静岡市駿河区",
    "city_kana": "シズオカシスルガク",
    "town": "向敷地",
    "town_kana": "ムコウシキジ",
    "street": null,
    "office_name": null,
    "office_name_kana": null
  },
  "0102": {
    "postcode": "4210102",
    "prefecture": "静岡県",
    "prefecture_kana": "シズオカケン",
    "prefecture_code": 22,
    "city": "静岡市駿河区",
    "city_kana": "シズオカシスルガク",
    "town": "手越",
    "town_kana": "テゴシ",
    "street": null,
    "office_name": null,
    "office_name_kana": null
  },
  "0103": {
    "postcode": "4210103",
    "prefecture": "静岡県",
    "prefecture_kana": "シズオカケン",
    "prefecture_code": 22,
    "city": "静岡市駿河区",
    "city_kana": "シズオカシスルガク",
    "town": "丸子",
    "town_kana": "マリコ",
    "street": null,
    "office_name": null,
    "office_name_kana": null
  },
  "0104": {
    "postcode": "4210104",
    "prefecture": "静岡県",
    "prefecture_kana": "シズオカケン",
    "prefecture_code": 22,
    "city": "静岡市駿河区",
    "city_kana": "シズオカシスルガク",
    "town": "丸子芹が谷町",
    "town_kana": "マリコセリガヤチョウ",
    "street": null,
    "office_name": null,
    "office_name_kana": null
  },
  "0105": {
    "postcode": "4210105",
    "prefecture": "静岡県",
    "prefecture_kana": "シズオカケン",
    "prefecture_code": 22,
    "city": "静岡市駿河区",
    "city_kana": "シズオカシスルガク",
    "town": "宇津ノ谷",
    "town_kana": "ウツノヤ",
    "street": null,
    "office_name": null,
    "office_name_kana": null
  },
  "0106": {
    "postcode": "4210106",
    "prefecture": "静岡県",
    "prefecture_kana": "シズオカケン",
    "prefecture_code": 22,
    "city": "静岡市駿河区",
    "city_kana": "シズオカシスルガク",
    "town": "北丸子",
    "town_kana": "キタマリコ",
    "street": null,
    "office_name": null,
    "office_name_kana": null
  },
  "0107": {
    "postcode": "4210107",
    "prefecture": "静岡県",
    "prefecture_kana": "シズオカケン",
    "prefecture_code": 22,
    "city": "静岡市駿河区",
    "city_kana": "シズオカシスルガク",
    "town": "向手越",
    "town_kana": "ムコウテゴシ",
    "street": null,
    "office_name": null,
    "office_name_kana": null
  },
  "0111": {
    "postcode": "4210111",
    "prefecture": "静岡県",
    "prefecture_kana": "シズオカケン",
    "prefecture_code": 22,
    "city": "静岡市駿河区",
    "city_kana": "シズオカシスルガク",
    "town": "丸子新田",
    "town_kana": "マリコシンデン",
    "street": null,
    "office_name": null,
    "office_name_kana": null
  },
  "0112": {
    "postcode": "4210112",
    "prefecture": "静岡県",
    "prefecture_kana": "シズオカケン",
    "prefecture_code": 22,
    "city": "静岡市駿河区",
    "city_kana": "シズオカシスルガク",
    "town": "東新田",
    "town_kana": "トウシンデン",
    "street": null,
    "office_name": null,
    "office_name_kana": null
  },
  "0113": {
    "postcode": "4210113",
    "prefecture": "静岡県",
    "prefecture_kana": "シズオカケン",
    "prefecture_code": 22,
    "city": "静岡市駿河区",
    "city_kana": "シズオカシスルガク",
    "town": "下川原",
    "town_kana": "シモカワハラ",
    "street": null,
    "office_name": null,
    "office_name_kana": null
  },
  "0114": {
    "postcode": "4210114",
    "prefecture": "静岡県",
    "prefecture_kana": "シズオカケン",
    "prefecture_code": 22,
    "city": "静岡市駿河区",
    "city_kana": "シズオカシスルガク",
    "town": "桃園町",
    "town_kana": "モモゾノチョウ",
    "street": null,
    "office_name": null,
    "office_name_kana": null
  },
  "0115": {
    "postcode": "4210115",
    "prefecture": "静岡県",
    "prefecture_kana": "シズオカケン",
    "prefecture_code": 22,
    "city": "静岡市駿河区",
    "city_kana": "シズオカシスルガク",
    "town": "みずほ",
    "town_kana": "ミズホ",
    "street": null,
    "office_name": null,
    "office_name_kana": null
  },
  "0116": {
    "postcode": "4210116",
    "prefecture": "静岡県",
    "prefecture_kana": "シズオカケン",
    "prefecture_code": 22,
    "city": "静岡市駿河区",
    "city_kana": "シズオカシスルガク",
    "town": "光陽町",
    "town_kana": "コウヨウチョウ",
    "street": null,
    "office_name": null,
    "office_name_kana": null
  },
  "0117": {
    "postcode": "4210117",
    "prefecture": "静岡県",
    "prefecture_kana": "シズオカケン",
    "prefecture_code": 22,
    "city": "静岡市駿河区",
    "city_kana": "シズオカシスルガク",
    "town": "下川原南",
    "town_kana": "シモカワハラミナミ",
    "street": null,
    "office_name": null,
    "office_name_kana": null
  },
  "0121": {
    "postcode": "4210121",
    "prefecture": "静岡県",
    "prefecture_kana": "シズオカケン",
    "prefecture_code": 22,
    "city": "静岡市駿河区",
    "city_kana": "シズオカシスルガク",
    "town": "広野",
    "town_kana": "ヒロノ",
    "street": null,
    "office_name": null,
    "office_name_kana": null
  },
  "0122": {
    "postcode": "4210122",
    "prefecture": "静岡県",
    "prefecture_kana": "シズオカケン",
    "prefecture_code": 22,
    "city": "静岡市駿河区",
    "city_kana": "シズオカシスルガク",
    "town": "用宗",
    "town_kana": "モチムネ",
    "street": null,
    "office_name": null,
    "office_name_kana": null
  },
  "0123": {
    "postcode": "4210123",
    "prefecture": "静岡県",
    "prefecture_kana": "シズオカケン",
    "prefecture_code": 22,
    "city": "静岡市駿河区",
    "city_kana": "シズオカシスルガク",
    "town": "石部",
    "town_kana": "セキベ",
    "street": null,
    "office_name": null,
    "office_name_kana": null
  },
  "0124": {
    "postcode": "4210124",
    "prefecture": "静岡県",
    "prefecture_kana": "シズオカケン",
    "prefecture_code": 22,
    "city": "静岡市駿河区",
    "city_kana": "シズオカシスルガク",
    "town": "用宗城山町",
    "town_kana": "モチムネシロヤマチョウ",
    "street": null,
    "office_name": null,
    "office_name_kana": null
  },
  "0125": {
    "postcode": "4210125",
    "prefecture": "静岡県",
    "prefecture_kana": "シズオカケン",
    "prefecture_code": 22,
    "city": "静岡市駿河区",
    "city_kana": "シズオカシスルガク",
    "town": "用宗小石町",
    "town_kana": "モチムネコイシチョウ",
    "street": null,
    "office_name": null,
    "office_name_kana": null
  },
  "0126": {
    "postcode": "4210126",
    "prefecture": "静岡県",
    "prefecture_kana": "シズオカケン",
    "prefecture_code": 22,
    "city": "静岡市駿河区",
    "city_kana": "シズオカシスルガク",
    "town": "用宗巴町",
    "town_kana": "モチムネトモエチョウ",
    "street": null,
    "office_name": null,
    "office_name_kana": null
  },
  "0131": {
    "postcode": "4210131",
    "prefecture": "静岡県",
    "prefecture_kana": "シズオカケン",
    "prefecture_code": 22,
    "city": "静岡市駿河区",
    "city_kana": "シズオカシスルガク",
    "town": "手越原",
    "town_kana": "テゴシハラ",
    "street": null,
    "office_name": null,
    "office_name_kana": null
  },
  "0132": {
    "postcode": "4210132",
    "prefecture": "静岡県",
    "prefecture_kana": "シズオカケン",
    "prefecture_code": 22,
    "city": "静岡市駿河区",
    "city_kana": "シズオカシスルガク",
    "town": "上川原",
    "town_kana": "カミカワハラ",
    "street": null,
    "office_name": null,
    "office_name_kana": null
  },
  "0133": {
    "postcode": "4210133",
    "prefecture": "静岡県",
    "prefecture_kana": "シズオカケン",
    "prefecture_code": 22,
    "city": "静岡市駿河区",
    "city_kana": "シズオカシスルガク",
    "town": "鎌田",
    "town_kana": "カマタ",
    "street": null,
    "office_name": null,
    "office_name_kana": null
  },
  "0134": {
    "postcode": "4210134",
    "prefecture": "静岡県",
    "prefecture_kana": "シズオカケン",
    "prefecture_code": 22,
    "city": "静岡市駿河区",
    "city_kana": "シズオカシスルガク",
    "town": "青木",
    "town_kana": "アオキ",
    "street": null,
    "office_name": null,
    "office_name_kana": null
  },
  "0135": {
    "postcode": "4210135",
    "prefecture": "静岡県",
    "prefecture_kana": "シズオカケン",
    "prefecture_code": 22,
    "city": "静岡市駿河区",
    "city_kana": "シズオカシスルガク",
    "town": "小坂",
    "town_kana": "オサカ",
    "street": null,
    "office_name": null,
    "office_name_kana": null
  },
  "0136": {
    "postcode": "4210136",
    "prefecture": "静岡県",
    "prefecture_kana": "シズオカケン",
    "prefecture_code": 22,
    "city": "静岡市駿河区",
    "city_kana": "シズオカシスルガク",
    "town": "大和田",
    "town_kana": "オオワダ",
    "street": null,
    "office_name": null,
    "office_name_kana": null
  },
  "0137": {
    "postcode": "4210137",
    "prefecture": "静岡県",
    "prefecture_kana": "シズオカケン",
    "prefecture_code": 22,
    "city": "静岡市駿河区",
    "city_kana": "シズオカシスルガク",
    "town": "寺田",
    "town_kana": "テラダ",
    "street": null,
    "office_name": null,
    "office_name_kana": null
  },
  "0188": {
    "postcode": "4210188",
    "prefecture": "静岡県",
    "prefecture_kana": "シズオカケン",
    "prefecture_code": 22,
    "city": "静岡市駿河区",
    "city_kana": "シズオカシスルガク",
    "town": "みずほ",
    "town_kana": "ミズホ",
    "street": "４丁目２−３",
    "office_name": "株式会社　市川園",
    "office_name_kana": "カブシキガイシヤ イチカワエン"
  },
  "0192": {
    "postcode": "4210192",
    "prefecture": "静岡県",
    "prefecture_kana": "シズオカケン",
    "prefecture_code": 22,
    "city": "静岡市駿河区",
    "city_kana": "シズオカシスルガク",
    "town": "用宗巴町",
    "town_kana": "モチムネトモエチョウ",
    "street": "３−１（静岡西郵便局私書箱第３号）",
    "office_name": "株式会社　巴川製紙所　静岡事業所",
    "office_name_kana": "カブシキガイシヤ トモエガワセイシシヨ シズオカジギヨウシヨ"
  },
  "0193": {
    "postcode": "4210193",
    "prefecture": "静岡県",
    "prefecture_kana": "シズオカケン",
    "prefecture_code": 22,
    "city": "静岡市駿河区",
    "city_kana": "シズオカシスルガク",
    "town": "下川原南",
    "town_kana": "シモカワハラミナミ",
    "street": "１１−１",
    "office_name": "医療法人　沖縄徳洲会　静岡徳洲会病院",
    "office_name_kana": "イリヨウホウジン オキナワトクシユウカイ シズオカトクシユウカイビヨウイン"
  },
  "0195": {
    "postcode": "4210195",
    "prefecture": "静岡県",
    "prefecture_kana": "シズオカケン",
    "prefecture_code": 22,
    "city": "静岡市駿河区",
    "city_kana": "シズオカシスルガク",
    "town": "丸子新田",
    "town_kana": "マリコシンデン",
    "street": "１３１（静岡西郵便局私書箱第９号）",
    "office_name": "株式会社　平喜",
    "office_name_kana": "カブシキガイシヤ ヒラキ"
  },
  "0197": {
    "postcode": "4210197",
    "prefecture": "静岡県",
    "prefecture_kana": "シズオカケン",
    "prefecture_code": 22,
    "city": "静岡市駿河区",
    "city_kana": "シズオカシスルガク",
    "town": "手越原",
    "town_kana": "テゴシハラ",
    "street": "２２７−２",
    "office_name": "中央物産　株式会社",
    "office_name_kana": "チユウオウブツサン カブシキガイシヤ"
  },
  "0198": {
    "postcode": "4210198",
    "prefecture": "静岡県",
    "prefecture_kana": "シズオカケン",
    "prefecture_code": 22,
    "city": "静岡市駿河区",
    "city_kana": "シズオカシスルガク",
    "town": "みずほ",
    "town_kana": "ミズホ",
    "street": "４丁目２−３（静岡西郵便局私書箱第７号）",
    "office_name": "株式会社　市川園",
    "office_name_kana": "カブシキガイシヤ イチカワエン"
  },
  "0201": {
    "postcode": "4210201",
    "prefecture": "静岡県",
    "prefecture_kana": "シズオカケン",
    "prefecture_code": 22,
    "city": "焼津市",
    "city_kana": "ヤイヅシ",
    "town": "上小杉",
    "town_kana": "カミコスギ",
    "street": null,
    "office_name": null,
    "office_name_kana": null
  },
  "0202": {
    "postcode": "4210202",
    "prefecture": "静岡県",
    "prefecture_kana": "シズオカケン",
    "prefecture_code": 22,
    "city": "焼津市",
    "city_kana": "ヤイヅシ",
    "town": "下小杉",
    "town_kana": "シモコスギ",
    "street": null,
    "office_name": null,
    "office_name_kana": null
  },
  "0203": {
    "postcode": "4210203",
    "prefecture": "静岡県",
    "prefecture_kana": "シズオカケン",
    "prefecture_code": 22,
    "city": "焼津市",
    "city_kana": "ヤイヅシ",
    "town": "藤守",
    "town_kana": "フジモリ",
    "street": null,
    "office_name": null,
    "office_name_kana": null
  },
  "0204": {
    "postcode": "4210204",
    "prefecture": "静岡県",
    "prefecture_kana": "シズオカケン",
    "prefecture_code": 22,
    "city": "焼津市",
    "city_kana": "ヤイヅシ",
    "town": "高新田",
    "town_kana": "タカシンデン",
    "street": null,
    "office_name": null,
    "office_name_kana": null
  },
  "0205": {
    "postcode": "4210205",
    "prefecture": "静岡県",
    "prefecture_kana": "シズオカケン",
    "prefecture_code": 22,
    "city": "焼津市",
    "city_kana": "ヤイヅシ",
    "town": "宗高",
    "town_kana": "ムナダカ",
    "street": null,
    "office_name": null,
    "office_name_kana": null
  },
  "0206": {
    "postcode": "4210206",
    "prefecture": "静岡県",
    "prefecture_kana": "シズオカケン",
    "prefecture_code": 22,
    "city": "焼津市",
    "city_kana": "ヤイヅシ",
    "town": "上新田",
    "town_kana": "カミシンデン",
    "street": null,
    "office_name": null,
    "office_name_kana": null
  },
  "0211": {
    "postcode": "4210211",
    "prefecture": "静岡県",
    "prefecture_kana": "シズオカケン",
    "prefecture_code": 22,
    "city": "焼津市",
    "city_kana": "ヤイヅシ",
    "town": "吉永",
    "town_kana": "ヨシナガ",
    "street": null,
    "office_name": null,
    "office_name_kana": null
  },
  "0212": {
    "postcode": "4210212",
    "prefecture": "静岡県",
    "prefecture_kana": "シズオカケン",
    "prefecture_code": 22,
    "city": "焼津市",
    "city_kana": "ヤイヅシ",
    "town": "利右衛門",
    "town_kana": "リエモン",
    "street": null,
    "office_name": null,
    "office_name_kana": null
  },
  "0213": {
    "postcode": "4210213",
    "prefecture": "静岡県",
    "prefecture_kana": "シズオカケン",
    "prefecture_code": 22,
    "city": "焼津市",
    "city_kana": "ヤイヅシ",
    "town": "飯淵",
    "town_kana": "ハブチ",
    "street": null,
    "office_name": null,
    "office_name_kana": null
  },
  "0214": {
    "postcode": "4210214",
    "prefecture": "静岡県",
    "prefecture_kana": "シズオカケン",
    "prefecture_code": 22,
    "city": "焼津市",
    "city_kana": "ヤイヅシ",
    "town": "中島",
    "town_kana": "ナカジマ",
    "street": null,
    "office_name": null,
    "office_name_kana": null
  },
  "0215": {
    "postcode": "4210215",
    "prefecture": "静岡県",
    "prefecture_kana": "シズオカケン",
    "prefecture_code": 22,
    "city": "焼津市",
    "city_kana": "ヤイヅシ",
    "town": "西島",
    "town_kana": "ニシジマ",
    "street": null,
    "office_name": null,
    "office_name_kana": null
  },
  "0216": {
    "postcode": "4210216",
    "prefecture": "静岡県",
    "prefecture_kana": "シズオカケン",
    "prefecture_code": 22,
    "city": "焼津市",
    "city_kana": "ヤイヅシ",
    "town": "相川",
    "town_kana": "アイカワ",
    "street": null,
    "office_name": null,
    "office_name_kana": null
  },
  "0217": {
    "postcode": "4210217",
    "prefecture": "静岡県",
    "prefecture_kana": "シズオカケン",
    "prefecture_code": 22,
    "city": "焼津市",
    "city_kana": "ヤイヅシ",
    "town": "上泉",
    "town_kana": "カミイズミ",
    "street": null,
    "office_name": null,
    "office_name_kana": null
  },
  "0218": {
    "postcode": "4210218",
    "prefecture": "静岡県",
    "prefecture_kana": "シズオカケン",
    "prefecture_code": 22,
    "city": "焼津市",
    "city_kana": "ヤイヅシ",
    "town": "下江留",
    "town_kana": "シモエドメ",
    "street": null,
    "office_name": null,
    "office_name_kana": null
  },
  "0292": {
    "postcode": "4210292",
    "prefecture": "静岡県",
    "prefecture_kana": "シズオカケン",
    "prefecture_code": 22,
    "city": "焼津市",
    "city_kana": "ヤイヅシ",
    "town": "宗高",
    "town_kana": "ムナダカ",
    "street": "９００番地",
    "office_name": "大井川庁舎",
    "office_name_kana": "オオイガワチヨウシヤ"
  },
  "0293": {
    "postcode": "4210293",
    "prefecture": "静岡県",
    "prefecture_kana": "シズオカケン",
    "prefecture_code": 22,
    "city": "焼津市",
    "city_kana": "ヤイヅシ",
    "town": "上小杉",
    "town_kana": "カミコスギ",
    "street": "１６０２番地",
    "office_name": "航空自衛隊",
    "office_name_kana": "コウクウジエイタイ"
  },
  "0298": {
    "postcode": "4210298",
    "prefecture": "静岡県",
    "prefecture_kana": "シズオカケン",
    "prefecture_code": 22,
    "city": "焼津市",
    "city_kana": "ヤイヅシ",
    "town": "下江留",
    "town_kana": "シモエドメ",
    "street": "８９６−２",
    "office_name": "株式会社　ニッセー",
    "office_name_kana": "カブシキガイシヤ ニツセ-"
  },
  "0300": {
    "postcode": "4210300",
    "prefecture": "静岡県",
    "prefecture_kana": "シズオカケン",
    "prefecture_code": 22,
    "city": "榛原郡吉田町",
    "city_kana": "ハイバラグンヨシダチョウ",
    "town": "",
    "town_kana": "",
    "street": null,
    "office_name": null,
    "office_name_kana": null
  },
  "0301": {
    "postcode": "4210301",
    "prefecture": "静岡県",
    "prefecture_kana": "シズオカケン",
    "prefecture_code": 22,
    "city": "榛原郡吉田町",
    "city_kana": "ハイバラグンヨシダチョウ",
    "town": "住吉",
    "town_kana": "スミヨシ",
    "street": null,
    "office_name": null,
    "office_name_kana": null
  },
  "0302": {
    "postcode": "4210302",
    "prefecture": "静岡県",
    "prefecture_kana": "シズオカケン",
    "prefecture_code": 22,
    "city": "榛原郡吉田町",
    "city_kana": "ハイバラグンヨシダチョウ",
    "town": "川尻",
    "town_kana": "カワシリ",
    "street": null,
    "office_name": null,
    "office_name_kana": null
  },
  "0303": {
    "postcode": "4210303",
    "prefecture": "静岡県",
    "prefecture_kana": "シズオカケン",
    "prefecture_code": 22,
    "city": "榛原郡吉田町",
    "city_kana": "ハイバラグンヨシダチョウ",
    "town": "片岡",
    "town_kana": "カタオカ",
    "street": null,
    "office_name": null,
    "office_name_kana": null
  },
  "0304": {
    "postcode": "4210304",
    "prefecture": "静岡県",
    "prefecture_kana": "シズオカケン",
    "prefecture_code": 22,
    "city": "榛原郡吉田町",
    "city_kana": "ハイバラグンヨシダチョウ",
    "town": "神戸",
    "town_kana": "カンド",
    "street": null,
    "office_name": null,
    "office_name_kana": null
  },
  "0305": {
    "postcode": "4210305",
    "prefecture": "静岡県",
    "prefecture_kana": "シズオカケン",
    "prefecture_code": 22,
    "city": "榛原郡吉田町",
    "city_kana": "ハイバラグンヨシダチョウ",
    "town": "大幡",
    "town_kana": "オオハタ",
    "street": null,
    "office_name": null,
    "office_name_kana": null
  },
  "0392": {
    "postcode": "4210392",
    "prefecture": "静岡県",
    "prefecture_kana": "シズオカケン",
    "prefecture_code": 22,
    "city": "榛原郡吉田町",
    "city_kana": "ハイバラグンヨシダチョウ",
    "town": "大幡",
    "town_kana": "オオハタ",
    "street": "１３００−２",
    "office_name": "株式会社　ライトアップショッピングクラブ",
    "office_name_kana": "カブシキガイシヤ ライトアツプシヨツピングクラブ"
  },
  "0393": {
    "postcode": "4210393",
    "prefecture": "静岡県",
    "prefecture_kana": "シズオカケン",
    "prefecture_code": 22,
    "city": "榛原郡吉田町",
    "city_kana": "ハイバラグンヨシダチョウ",
    "town": "大幡",
    "town_kana": "オオハタ",
    "street": "１３００−２",
    "office_name": "株式会社　ライトアップショッピングクラブ",
    "office_name_kana": "カブシキガイシヤ ライトアツプシヨツピングクラブ"
  },
  "0394": {
    "postcode": "4210394",
    "prefecture": "静岡県",
    "prefecture_kana": "シズオカケン",
    "prefecture_code": 22,
    "city": "榛原郡吉田町",
    "city_kana": "ハイバラグンヨシダチョウ",
    "town": "大幡",
    "town_kana": "オオハタ",
    "street": "１３００−２",
    "office_name": "株式会社　ライトアップショッピングクラブ",
    "office_name_kana": "カブシキガイシヤ ライトアツプシヨツピングクラブ"
  },
  "0395": {
    "postcode": "4210395",
    "prefecture": "静岡県",
    "prefecture_kana": "シズオカケン",
    "prefecture_code": 22,
    "city": "榛原郡吉田町",
    "city_kana": "ハイバラグンヨシダチョウ",
    "town": "住吉",
    "town_kana": "スミヨシ",
    "street": "８７",
    "office_name": "吉田町役場",
    "office_name_kana": "ヨシダチヨウヤクバ"
  },
  "0396": {
    "postcode": "4210396",
    "prefecture": "静岡県",
    "prefecture_kana": "シズオカケン",
    "prefecture_code": 22,
    "city": "榛原郡吉田町",
    "city_kana": "ハイバラグンヨシダチョウ",
    "town": "川尻",
    "town_kana": "カワシリ",
    "street": "４０００",
    "office_name": "富士写真フイルム　株式会社　吉田南工場",
    "office_name_kana": "フジシヤシンフイルム カブシキガイシヤ ヨシダミナミコウジヨウ"
  },
  "0397": {
    "postcode": "4210397",
    "prefecture": "静岡県",
    "prefecture_kana": "シズオカケン",
    "prefecture_code": 22,
    "city": "榛原郡吉田町",
    "city_kana": "ハイバラグンヨシダチョウ",
    "town": "大幡",
    "town_kana": "オオハタ",
    "street": "１３００−２",
    "office_name": "株式会社　ライトアップショッピングクラブ",
    "office_name_kana": "カブシキガイシヤ ライトアツプシヨツピングクラブ"
  },
  "0401": {
    "postcode": "4210401",
    "prefecture": "静岡県",
    "prefecture_kana": "シズオカケン",
    "prefecture_code": 22,
    "city": "牧之原市",
    "city_kana": "マキノハラシ",
    "town": "切山",
    "town_kana": "キリヤマ",
    "street": null,
    "office_name": null,
    "office_name_kana": null
  },
  "0402": {
    "postcode": "4210402",
    "prefecture": "静岡県",
    "prefecture_kana": "シズオカケン",
    "prefecture_code": 22,
    "city": "牧之原市",
    "city_kana": "マキノハラシ",
    "town": "勝間",
    "town_kana": "カツマ",
    "street": null,
    "office_name": null,
    "office_name_kana": null
  },
  "0403": {
    "postcode": "4210403",
    "prefecture": "静岡県",
    "prefecture_kana": "シズオカケン",
    "prefecture_code": 22,
    "city": "牧之原市",
    "city_kana": "マキノハラシ",
    "town": "中",
    "town_kana": "ナカ",
    "street": null,
    "office_name": null,
    "office_name_kana": null
  },
  "0404": {
    "postcode": "4210404",
    "prefecture": "静岡県",
    "prefecture_kana": "シズオカケン",
    "prefecture_code": 22,
    "city": "牧之原市",
    "city_kana": "マキノハラシ",
    "town": "静谷",
    "town_kana": "シズタニ",
    "street": null,
    "office_name": null,
    "office_name_kana": null
  },
  "0405": {
    "postcode": "4210405",
    "prefecture": "静岡県",
    "prefecture_kana": "シズオカケン",
    "prefecture_code": 22,
    "city": "牧之原市",
    "city_kana": "マキノハラシ",
    "town": "白井",
    "town_kana": "シライ",
    "street": null,
    "office_name": null,
    "office_name_kana": null
  },
  "0406": {
    "postcode": "4210406",
    "prefecture": "静岡県",
    "prefecture_kana": "シズオカケン",
    "prefecture_code": 22,
    "city": "牧之原市",
    "city_kana": "マキノハラシ",
    "town": "勝田",
    "town_kana": "カツタ",
    "street": null,
    "office_name": null,
    "office_name_kana": null
  },
  "0407": {
    "postcode": "4210407",
    "prefecture": "静岡県",
    "prefecture_kana": "シズオカケン",
    "prefecture_code": 22,
    "city": "牧之原市",
    "city_kana": "マキノハラシ",
    "town": "布引原",
    "town_kana": "ヌノヒキハラ",
    "street": null,
    "office_name": null,
    "office_name_kana": null
  },
  "0408": {
    "postcode": "4210408",
    "prefecture": "静岡県",
    "prefecture_kana": "シズオカケン",
    "prefecture_code": 22,
    "city": "牧之原市",
    "city_kana": "マキノハラシ",
    "town": "嶋",
    "town_kana": "シマ",
    "street": null,
    "office_name": null,
    "office_name_kana": null
  },
  "0409": {
    "postcode": "4210409",
    "prefecture": "静岡県",
    "prefecture_kana": "シズオカケン",
    "prefecture_code": 22,
    "city": "牧之原市",
    "city_kana": "マキノハラシ",
    "town": "牧之原",
    "town_kana": "マキノハラ",
    "street": null,
    "office_name": null,
    "office_name_kana": null
  },
  "0411": {
    "postcode": "4210411",
    "prefecture": "静岡県",
    "prefecture_kana": "シズオカケン",
    "prefecture_code": 22,
    "city": "牧之原市",
    "city_kana": "マキノハラシ",
    "town": "坂口",
    "town_kana": "サカグチ",
    "street": null,
    "office_name": null,
    "office_name_kana": null
  },
  "0412": {
    "postcode": "4210412",
    "prefecture": "静岡県",
    "prefecture_kana": "シズオカケン",
    "prefecture_code": 22,
    "city": "牧之原市",
    "city_kana": "マキノハラシ",
    "town": "坂部",
    "town_kana": "サカベ",
    "street": null,
    "office_name": null,
    "office_name_kana": null
  },
  "0413": {
    "postcode": "4210413",
    "prefecture": "静岡県",
    "prefecture_kana": "シズオカケン",
    "prefecture_code": 22,
    "city": "牧之原市",
    "city_kana": "マキノハラシ",
    "town": "仁田",
    "town_kana": "ニタ",
    "street": null,
    "office_name": null,
    "office_name_kana": null
  },
  "0414": {
    "postcode": "4210414",
    "prefecture": "静岡県",
    "prefecture_kana": "シズオカケン",
    "prefecture_code": 22,
    "city": "牧之原市",
    "city_kana": "マキノハラシ",
    "town": "勝俣",
    "town_kana": "カツマタ",
    "street": null,
    "office_name": null,
    "office_name_kana": null
  },
  "0415": {
    "postcode": "4210415",
    "prefecture": "静岡県",
    "prefecture_kana": "シズオカケン",
    "prefecture_code": 22,
    "city": "牧之原市",
    "city_kana": "マキノハラシ",
    "town": "道場",
    "town_kana": "ドウジョウ",
    "street": null,
    "office_name": null,
    "office_name_kana": null
  },
  "0421": {
    "postcode": "4210421",
    "prefecture": "静岡県",
    "prefecture_kana": "シズオカケン",
    "prefecture_code": 22,
    "city": "牧之原市",
    "city_kana": "マキノハラシ",
    "town": "細江",
    "town_kana": "ホソエ",
    "street": null,
    "office_name": null,
    "office_name_kana": null
  },
  "0422": {
    "postcode": "4210422",
    "prefecture": "静岡県",
    "prefecture_kana": "シズオカケン",
    "prefecture_code": 22,
    "city": "牧之原市",
    "city_kana": "マキノハラシ",
    "town": "静波",
    "town_kana": "シズナミ",
    "street": null,
    "office_name": null,
    "office_name_kana": null
  },
  "0492": {
    "postcode": "4210492",
    "prefecture": "静岡県",
    "prefecture_kana": "シズオカケン",
    "prefecture_code": 22,
    "city": "牧之原市",
    "city_kana": "マキノハラシ",
    "town": "布引原",
    "town_kana": "ヌノヒキハラ",
    "street": "２０６−１",
    "office_name": "矢崎部品　株式会社　榛原工場",
    "office_name_kana": "ヤザキブヒン カブシキガイシヤ ハイバラコウジヨウ"
  },
  "0493": {
    "postcode": "4210493",
    "prefecture": "静岡県",
    "prefecture_kana": "シズオカケン",
    "prefecture_code": 22,
    "city": "牧之原市",
    "city_kana": "マキノハラシ",
    "town": "細江",
    "town_kana": "ホソエ",
    "street": "２８８７−１",
    "office_name": "榛原総合病院",
    "office_name_kana": "ハイバラソウゴウビヨウイン"
  },
  "0495": {
    "postcode": "4210495",
    "prefecture": "静岡県",
    "prefecture_kana": "シズオカケン",
    "prefecture_code": 22,
    "city": "牧之原市",
    "city_kana": "マキノハラシ",
    "town": "静波",
    "town_kana": "シズナミ",
    "street": "４４７−１",
    "office_name": "牧之原市役所",
    "office_name_kana": "マキノハラシヤクシヨ"
  },
  "0496": {
    "postcode": "4210496",
    "prefecture": "静岡県",
    "prefecture_kana": "シズオカケン",
    "prefecture_code": 22,
    "city": "牧之原市",
    "city_kana": "マキノハラシ",
    "town": "静谷",
    "town_kana": "シズタニ",
    "street": "４９８−１（榛原郵便局私書箱第１８号）",
    "office_name": "日機装　株式会社　静岡製作所",
    "office_name_kana": "ニツキソウ カブシキガイシヤ シズオカセイサクシヨ"
  },
  "0500": {
    "postcode": "4210500",
    "prefecture": "静岡県",
    "prefecture_kana": "シズオカケン",
    "prefecture_code": 22,
    "city": "牧之原市",
    "city_kana": "マキノハラシ",
    "town": "",
    "town_kana": "",
    "street": null,
    "office_name": null,
    "office_name_kana": null
  },
  "0501": {
    "postcode": "4210501",
    "prefecture": "静岡県",
    "prefecture_kana": "シズオカケン",
    "prefecture_code": 22,
    "city": "牧之原市",
    "city_kana": "マキノハラシ",
    "town": "東萩間",
    "town_kana": "ヒガシハギマ",
    "street": null,
    "office_name": null,
    "office_name_kana": null
  },
  "0502": {
    "postcode": "4210502",
    "prefecture": "静岡県",
    "prefecture_kana": "シズオカケン",
    "prefecture_code": 22,
    "city": "牧之原市",
    "city_kana": "マキノハラシ",
    "town": "白井",
    "town_kana": "シライ",
    "street": null,
    "office_name": null,
    "office_name_kana": null
  },
  "0503": {
    "postcode": "4210503",
    "prefecture": "静岡県",
    "prefecture_kana": "シズオカケン",
    "prefecture_code": 22,
    "city": "牧之原市",
    "city_kana": "マキノハラシ",
    "town": "蛭ケ谷",
    "town_kana": "ヒルガヤ",
    "street": null,
    "office_name": null,
    "office_name_kana": null
  },
  "0504": {
    "postcode": "4210504",
    "prefecture": "静岡県",
    "prefecture_kana": "シズオカケン",
    "prefecture_code": 22,
    "city": "牧之原市",
    "city_kana": "マキノハラシ",
    "town": "黒子",
    "town_kana": "クロコ",
    "street": null,
    "office_name": null,
    "office_name_kana": null
  },
  "0505": {
    "postcode": "4210505",
    "prefecture": "静岡県",
    "prefecture_kana": "シズオカケン",
    "prefecture_code": 22,
    "city": "牧之原市",
    "city_kana": "マキノハラシ",
    "town": "中西",
    "town_kana": "ナカニシ",
    "street": null,
    "office_name": null,
    "office_name_kana": null
  },
  "0506": {
    "postcode": "4210506",
    "prefecture": "静岡県",
    "prefecture_kana": "シズオカケン",
    "prefecture_code": 22,
    "city": "牧之原市",
    "city_kana": "マキノハラシ",
    "town": "大寄",
    "town_kana": "オオヨリ",
    "street": null,
    "office_name": null,
    "office_name_kana": null
  },
  "0507": {
    "postcode": "4210507",
    "prefecture": "静岡県",
    "prefecture_kana": "シズオカケン",
    "prefecture_code": 22,
    "city": "牧之原市",
    "city_kana": "マキノハラシ",
    "town": "和田",
    "town_kana": "ワダ",
    "street": null,
    "office_name": null,
    "office_name_kana": null
  },
  "0508": {
    "postcode": "4210508",
    "prefecture": "静岡県",
    "prefecture_kana": "シズオカケン",
    "prefecture_code": 22,
    "city": "牧之原市",
    "city_kana": "マキノハラシ",
    "town": "西萩間",
    "town_kana": "ニシハギマ",
    "street": null,
    "office_name": null,
    "office_name_kana": null
  },
  "0509": {
    "postcode": "4210509",
    "prefecture": "静岡県",
    "prefecture_kana": "シズオカケン",
    "prefecture_code": 22,
    "city": "牧之原市",
    "city_kana": "マキノハラシ",
    "town": "牧之原",
    "town_kana": "マキノハラ",
    "street": null,
    "office_name": null,
    "office_name_kana": null
  },
  "0511": {
    "postcode": "4210511",
    "prefecture": "静岡県",
    "prefecture_kana": "シズオカケン",
    "prefecture_code": 22,
    "city": "牧之原市",
    "city_kana": "マキノハラシ",
    "town": "片浜",
    "town_kana": "カタハマ",
    "street": null,
    "office_name": null,
    "office_name_kana": null
  },
  "0512": {
    "postcode": "4210512",
    "prefecture": "静岡県",
    "prefecture_kana": "シズオカケン",
    "prefecture_code": 22,
    "city": "牧之原市",
    "city_kana": "マキノハラシ",
    "town": "大江",
    "town_kana": "オオエ",
    "street": null,
    "office_name": null,
    "office_name_kana": null
  },
  "0513": {
    "postcode": "4210513",
    "prefecture": "静岡県",
    "prefecture_kana": "シズオカケン",
    "prefecture_code": 22,
    "city": "牧之原市",
    "city_kana": "マキノハラシ",
    "town": "松本",
    "town_kana": "マツモト",
    "street": null,
    "office_name": null,
    "office_name_kana": null
  },
  "0514": {
    "postcode": "4210514",
    "prefecture": "静岡県",
    "prefecture_kana": "シズオカケン",
    "prefecture_code": 22,
    "city": "牧之原市",
    "city_kana": "マキノハラシ",
    "town": "菅ケ谷",
    "town_kana": "スゲガヤ",
    "street": null,
    "office_name": null,
    "office_name_kana": null
  },
  "0515": {
    "postcode": "4210515",
    "prefecture": "静岡県",
    "prefecture_kana": "シズオカケン",
    "prefecture_code": 22,
    "city": "牧之原市",
    "city_kana": "マキノハラシ",
    "town": "西山寺",
    "town_kana": "サイサンジ",
    "street": null,
    "office_name": null,
    "office_name_kana": null
  },
  "0516": {
    "postcode": "4210516",
    "prefecture": "静岡県",
    "prefecture_kana": "シズオカケン",
    "prefecture_code": 22,
    "city": "牧之原市",
    "city_kana": "マキノハラシ",
    "town": "女神",
    "town_kana": "メカミ",
    "street": null,
    "office_name": null,
    "office_name_kana": null
  },
  "0517": {
    "postcode": "4210517",
    "prefecture": "静岡県",
    "prefecture_kana": "シズオカケン",
    "prefecture_code": 22,
    "city": "牧之原市",
    "city_kana": "マキノハラシ",
    "town": "男神",
    "town_kana": "オカミ",
    "street": null,
    "office_name": null,
    "office_name_kana": null
  },
  "0521": {
    "postcode": "4210521",
    "prefecture": "静岡県",
    "prefecture_kana": "シズオカケン",
    "prefecture_code": 22,
    "city": "牧之原市",
    "city_kana": "マキノハラシ",
    "town": "福岡",
    "town_kana": "フクオカ",
    "street": null,
    "office_name": null,
    "office_name_kana": null
  },
  "0522": {
    "postcode": "4210522",
    "prefecture": "静岡県",
    "prefecture_kana": "シズオカケン",
    "prefecture_code": 22,
    "city": "牧之原市",
    "city_kana": "マキノハラシ",
    "town": "相良",
    "town_kana": "サガラ",
    "street": null,
    "office_name": null,
    "office_name_kana": null
  },
  "0523": {
    "postcode": "4210523",
    "prefecture": "静岡県",
    "prefecture_kana": "シズオカケン",
    "prefecture_code": 22,
    "city": "牧之原市",
    "city_kana": "マキノハラシ",
    "town": "波津",
    "town_kana": "ハヅ",
    "street": null,
    "office_name": null,
    "office_name_kana": null
  },
  "0524": {
    "postcode": "4210524",
    "prefecture": "静岡県",
    "prefecture_kana": "シズオカケン",
    "prefecture_code": 22,
    "city": "牧之原市",
    "city_kana": "マキノハラシ",
    "town": "須々木",
    "town_kana": "ススキ",
    "street": null,
    "office_name": null,
    "office_name_kana": null
  },
  "0525": {
    "postcode": "4210525",
    "prefecture": "静岡県",
    "prefecture_kana": "シズオカケン",
    "prefecture_code": 22,
    "city": "牧之原市",
    "city_kana": "マキノハラシ",
    "town": "鬼女新田",
    "town_kana": "キジョシンデン",
    "street": null,
    "office_name": null,
    "office_name_kana": null
  },
  "0526": {
    "postcode": "4210526",
    "prefecture": "静岡県",
    "prefecture_kana": "シズオカケン",
    "prefecture_code": 22,
    "city": "牧之原市",
    "city_kana": "マキノハラシ",
    "town": "大沢",
    "town_kana": "オオサワ",
    "street": null,
    "office_name": null,
    "office_name_kana": null
  },
  "0527": {
    "postcode": "4210527",
    "prefecture": "静岡県",
    "prefecture_kana": "シズオカケン",
    "prefecture_code": 22,
    "city": "牧之原市",
    "city_kana": "マキノハラシ",
    "town": "汐見台",
    "town_kana": "シオミダイ",
    "street": null,
    "office_name": null,
    "office_name_kana": null
  },
  "0531": {
    "postcode": "4210531",
    "prefecture": "静岡県",
    "prefecture_kana": "シズオカケン",
    "prefecture_code": 22,
    "city": "牧之原市",
    "city_kana": "マキノハラシ",
    "town": "落居",
    "town_kana": "オチイ",
    "street": null,
    "office_name": null,
    "office_name_kana": null
  },
  "0532": {
    "postcode": "4210532",
    "prefecture": "静岡県",
    "prefecture_kana": "シズオカケン",
    "prefecture_code": 22,
    "city": "牧之原市",
    "city_kana": "マキノハラシ",
    "town": "地頭方",
    "town_kana": "ジトウガタ",
    "street": null,
    "office_name": null,
    "office_name_kana": null
  },
  "0533": {
    "postcode": "4210533",
    "prefecture": "静岡県",
    "prefecture_kana": "シズオカケン",
    "prefecture_code": 22,
    "city": "牧之原市",
    "city_kana": "マキノハラシ",
    "town": "新庄",
    "town_kana": "シンショウ",
    "street": null,
    "office_name": null,
    "office_name_kana": null
  },
  "0534": {
    "postcode": "4210534",
    "prefecture": "静岡県",
    "prefecture_kana": "シズオカケン",
    "prefecture_code": 22,
    "city": "牧之原市",
    "city_kana": "マキノハラシ",
    "town": "堀野新田",
    "town_kana": "ホリノシンデン",
    "street": null,
    "office_name": null,
    "office_name_kana": null
  },
  "0535": {
    "postcode": "4210535",
    "prefecture": "静岡県",
    "prefecture_kana": "シズオカケン",
    "prefecture_code": 22,
    "city": "牧之原市",
    "city_kana": "マキノハラシ",
    "town": "笠名",
    "town_kana": "カサナ",
    "street": null,
    "office_name": null,
    "office_name_kana": null
  },
  "0592": {
    "postcode": "4210592",
    "prefecture": "静岡県",
    "prefecture_kana": "シズオカケン",
    "prefecture_code": 22,
    "city": "牧之原市",
    "city_kana": "マキノハラシ",
    "town": "相良",
    "town_kana": "サガラ",
    "street": "２７５",
    "office_name": "牧之原市役所　相良庁舎",
    "office_name_kana": "マキノハラシヤクシヨ サガラチヨウシヤ"
  },
  "0593": {
    "postcode": "4210593",
    "prefecture": "静岡県",
    "prefecture_kana": "シズオカケン",
    "prefecture_code": 22,
    "city": "牧之原市",
    "city_kana": "マキノハラシ",
    "town": "波津",
    "town_kana": "ハヅ",
    "street": "１０２",
    "office_name": "相良物産　株式会社",
    "office_name_kana": "サガラブツサン カブシキガイシヤ"
  },
  "0595": {
    "postcode": "4210595",
    "prefecture": "静岡県",
    "prefecture_kana": "シズオカケン",
    "prefecture_code": 22,
    "city": "牧之原市",
    "city_kana": "マキノハラシ",
    "town": "女神",
    "town_kana": "メカミ",
    "street": "３１−１",
    "office_name": "ＴＤＫ　株式会社　静岡工場",
    "office_name_kana": "テイデイケイ カブシキガイシヤ シズオカコウジヨウ"
  },
  "0596": {
    "postcode": "4210596",
    "prefecture": "静岡県",
    "prefecture_kana": "シズオカケン",
    "prefecture_code": 22,
    "city": "牧之原市",
    "city_kana": "マキノハラシ",
    "town": "波津",
    "town_kana": "ハヅ",
    "street": "１７００−３",
    "office_name": "相良高等学校",
    "office_name_kana": "サガラコウトウガツコウ"
  },
  "0598": {
    "postcode": "4210598",
    "prefecture": "静岡県",
    "prefecture_kana": "シズオカケン",
    "prefecture_code": 22,
    "city": "牧之原市",
    "city_kana": "マキノハラシ",
    "town": "白井",
    "town_kana": "シライ",
    "street": "６２２−８",
    "office_name": "東洋製罐　株式会社　静岡工場",
    "office_name_kana": "トウヨウセイカン カブシキガイシヤ シズオカコウジヨウ"
  },
  "1101": {
    "postcode": "4211101",
    "prefecture": "静岡県",
    "prefecture_kana": "シズオカケン",
    "prefecture_code": 22,
    "city": "藤枝市",
    "city_kana": "フジエダシ",
    "town": "岡部町玉取",
    "town_kana": "オカベチョウタマトリ",
    "street": null,
    "office_name": null,
    "office_name_kana": null
  },
  "1102": {
    "postcode": "4211102",
    "prefecture": "静岡県",
    "prefecture_kana": "シズオカケン",
    "prefecture_code": 22,
    "city": "藤枝市",
    "city_kana": "フジエダシ",
    "town": "岡部町宮島",
    "town_kana": "オカベチョウミヤジマ",
    "street": null,
    "office_name": null,
    "office_name_kana": null
  },
  "1103": {
    "postcode": "4211103",
    "prefecture": "静岡県",
    "prefecture_kana": "シズオカケン",
    "prefecture_code": 22,
    "city": "藤枝市",
    "city_kana": "フジエダシ",
    "town": "岡部町青羽根",
    "town_kana": "オカベチョウアオハネ",
    "street": null,
    "office_name": null,
    "office_name_kana": null
  },
  "1111": {
    "postcode": "4211111",
    "prefecture": "静岡県",
    "prefecture_kana": "シズオカケン",
    "prefecture_code": 22,
    "city": "藤枝市",
    "city_kana": "フジエダシ",
    "town": "岡部町野田沢",
    "town_kana": "オカベチョウノタザワ",
    "street": null,
    "office_name": null,
    "office_name_kana": null
  },
  "1112": {
    "postcode": "4211112",
    "prefecture": "静岡県",
    "prefecture_kana": "シズオカケン",
    "prefecture_code": 22,
    "city": "藤枝市",
    "city_kana": "フジエダシ",
    "town": "岡部町殿",
    "town_kana": "オカベチョウトノ",
    "street": null,
    "office_name": null,
    "office_name_kana": null
  },
  "1113": {
    "postcode": "4211113",
    "prefecture": "静岡県",
    "prefecture_kana": "シズオカケン",
    "prefecture_code": 22,
    "city": "藤枝市",
    "city_kana": "フジエダシ",
    "town": "岡部町桂島",
    "town_kana": "オカベチョウカツラシマ",
    "street": null,
    "office_name": null,
    "office_name_kana": null
  },
  "1114": {
    "postcode": "4211114",
    "prefecture": "静岡県",
    "prefecture_kana": "シズオカケン",
    "prefecture_code": 22,
    "city": "藤枝市",
    "city_kana": "フジエダシ",
    "town": "岡部町羽佐間",
    "town_kana": "オカベチョウハサマ",
    "street": null,
    "office_name": null,
    "office_name_kana": null
  },
  "1115": {
    "postcode": "4211115",
    "prefecture": "静岡県",
    "prefecture_kana": "シズオカケン",
    "prefecture_code": 22,
    "city": "藤枝市",
    "city_kana": "フジエダシ",
    "town": "岡部町新舟",
    "town_kana": "オカベチョウニュウフネ",
    "street": null,
    "office_name": null,
    "office_name_kana": null
  },
  "1121": {
    "postcode": "4211121",
    "prefecture": "静岡県",
    "prefecture_kana": "シズオカケン",
    "prefecture_code": 22,
    "city": "藤枝市",
    "city_kana": "フジエダシ",
    "town": "岡部町岡部",
    "town_kana": "オカベチョウオカベ",
    "street": null,
    "office_name": null,
    "office_name_kana": null
  },
  "1122": {
    "postcode": "4211122",
    "prefecture": "静岡県",
    "prefecture_kana": "シズオカケン",
    "prefecture_code": 22,
    "city": "藤枝市",
    "city_kana": "フジエダシ",
    "town": "岡部町子持坂",
    "town_kana": "オカベチョウコモチザカ",
    "street": null,
    "office_name": null,
    "office_name_kana": null
  },
  "1123": {
    "postcode": "4211123",
    "prefecture": "静岡県",
    "prefecture_kana": "シズオカケン",
    "prefecture_code": 22,
    "city": "藤枝市",
    "city_kana": "フジエダシ",
    "town": "岡部町入野",
    "town_kana": "オカベチョウイリノ",
    "street": null,
    "office_name": null,
    "office_name_kana": null
  },
  "1124": {
    "postcode": "4211124",
    "prefecture": "静岡県",
    "prefecture_kana": "シズオカケン",
    "prefecture_code": 22,
    "city": "藤枝市",
    "city_kana": "フジエダシ",
    "town": "岡部町村良",
    "town_kana": "オカベチョウムララ",
    "street": null,
    "office_name": null,
    "office_name_kana": null
  },
  "1131": {
    "postcode": "4211131",
    "prefecture": "静岡県",
    "prefecture_kana": "シズオカケン",
    "prefecture_code": 22,
    "city": "藤枝市",
    "city_kana": "フジエダシ",
    "town": "岡部町内谷",
    "town_kana": "オカベチョウウツタニ",
    "street": null,
    "office_name": null,
    "office_name_kana": null
  },
  "1132": {
    "postcode": "4211132",
    "prefecture": "静岡県",
    "prefecture_kana": "シズオカケン",
    "prefecture_code": 22,
    "city": "藤枝市",
    "city_kana": "フジエダシ",
    "town": "岡部町三輪",
    "town_kana": "オカベチョウミワ",
    "street": null,
    "office_name": null,
    "office_name_kana": null
  },
  "1201": {
    "postcode": "4211201",
    "prefecture": "静岡県",
    "prefecture_kana": "シズオカケン",
    "prefecture_code": 22,
    "city": "静岡市葵区",
    "city_kana": "シズオカシアオイク",
    "town": "新間",
    "town_kana": "シンマ",
    "street": null,
    "office_name": null,
    "office_name_kana": null
  },
  "1202": {
    "postcode": "4211202",
    "prefecture": "静岡県",
    "prefecture_kana": "シズオカケン",
    "prefecture_code": 22,
    "city": "静岡市葵区",
    "city_kana": "シズオカシアオイク",
    "town": "谷津",
    "town_kana": "ヤツ",
    "street": null,
    "office_name": null,
    "office_name_kana": null
  },
  "1211": {
    "postcode": "4211211",
    "prefecture": "静岡県",
    "prefecture_kana": "シズオカケン",
    "prefecture_code": 22,
    "city": "静岡市葵区",
    "city_kana": "シズオカシアオイク",
    "town": "慈悲尾",
    "town_kana": "シイノオ",
    "street": null,
    "office_name": null,
    "office_name_kana": null
  },
  "1212": {
    "postcode": "4211212",
    "prefecture": "静岡県",
    "prefecture_kana": "シズオカケン",
    "prefecture_code": 22,
    "city": "静岡市葵区",
    "city_kana": "シズオカシアオイク",
    "town": "千代",
    "town_kana": "センダイ",
    "street": null,
    "office_name": null,
    "office_name_kana": null
  },
  "1213": {
    "postcode": "4211213",
    "prefecture": "静岡県",
    "prefecture_kana": "シズオカケン",
    "prefecture_code": 22,
    "city": "静岡市葵区",
    "city_kana": "シズオカシアオイク",
    "town": "山崎",
    "town_kana": "ヤマザキ",
    "street": null,
    "office_name": null,
    "office_name_kana": null
  },
  "1214": {
    "postcode": "4211214",
    "prefecture": "静岡県",
    "prefecture_kana": "シズオカケン",
    "prefecture_code": 22,
    "city": "静岡市葵区",
    "city_kana": "シズオカシアオイク",
    "town": "建穂",
    "town_kana": "タキョウ",
    "street": null,
    "office_name": null,
    "office_name_kana": null
  },
  "1215": {
    "postcode": "4211215",
    "prefecture": "静岡県",
    "prefecture_kana": "シズオカケン",
    "prefecture_code": 22,
    "city": "静岡市葵区",
    "city_kana": "シズオカシアオイク",
    "town": "羽鳥",
    "town_kana": "ハトリ",
    "street": null,
    "office_name": null,
    "office_name_kana": null
  },
  "1216": {
    "postcode": "4211216",
    "prefecture": "静岡県",
    "prefecture_kana": "シズオカケン",
    "prefecture_code": 22,
    "city": "静岡市葵区",
    "city_kana": "シズオカシアオイク",
    "town": "羽鳥大門町",
    "town_kana": "ハトリダイモンチョウ",
    "street": null,
    "office_name": null,
    "office_name_kana": null
  },
  "1217": {
    "postcode": "4211217",
    "prefecture": "静岡県",
    "prefecture_kana": "シズオカケン",
    "prefecture_code": 22,
    "city": "静岡市葵区",
    "city_kana": "シズオカシアオイク",
    "town": "羽鳥本町",
    "town_kana": "ハトリホンチョウ",
    "street": null,
    "office_name": null,
    "office_name_kana": null
  },
  "1221": {
    "postcode": "4211221",
    "prefecture": "静岡県",
    "prefecture_kana": "シズオカケン",
    "prefecture_code": 22,
    "city": "静岡市葵区",
    "city_kana": "シズオカシアオイク",
    "town": "牧ケ谷",
    "town_kana": "マキガヤ",
    "street": null,
    "office_name": null,
    "office_name_kana": null
  },
  "1222": {
    "postcode": "4211222",
    "prefecture": "静岡県",
    "prefecture_kana": "シズオカケン",
    "prefecture_code": 22,
    "city": "静岡市葵区",
    "city_kana": "シズオカシアオイク",
    "town": "産女",
    "town_kana": "ウブメ",
    "street": null,
    "office_name": null,
    "office_name_kana": null
  },
  "1223": {
    "postcode": "4211223",
    "prefecture": "静岡県",
    "prefecture_kana": "シズオカケン",
    "prefecture_code": 22,
    "city": "静岡市葵区",
    "city_kana": "シズオカシアオイク",
    "town": "吉津",
    "town_kana": "ヨシヅ",
    "street": null,
    "office_name": null,
    "office_name_kana": null
  },
  "1224": {
    "postcode": "4211224",
    "prefecture": "静岡県",
    "prefecture_kana": "シズオカケン",
    "prefecture_code": 22,
    "city": "静岡市葵区",
    "city_kana": "シズオカシアオイク",
    "town": "飯間",
    "town_kana": "ハンマ",
    "street": null,
    "office_name": null,
    "office_name_kana": null
  },
  "1225": {
    "postcode": "4211225",
    "prefecture": "静岡県",
    "prefecture_kana": "シズオカケン",
    "prefecture_code": 22,
    "city": "静岡市葵区",
    "city_kana": "シズオカシアオイク",
    "town": "小瀬戸",
    "town_kana": "コゼト",
    "street": null,
    "office_name": null,
    "office_name_kana": null
  },
  "1226": {
    "postcode": "4211226",
    "prefecture": "静岡県",
    "prefecture_kana": "シズオカケン",
    "prefecture_code": 22,
    "city": "静岡市葵区",
    "city_kana": "シズオカシアオイク",
    "town": "西又",
    "town_kana": "ニシマタ",
    "street": null,
    "office_name": null,
    "office_name_kana": null
  },
  "1298": {
    "postcode": "4211298",
    "prefecture": "静岡県",
    "prefecture_kana": "シズオカケン",
    "prefecture_code": 22,
    "city": "静岡市葵区",
    "city_kana": "シズオカシアオイク",
    "town": "牧ケ谷",
    "town_kana": "マキガヤ",
    "street": "２０７８",
    "office_name": "静岡県　静岡工業技術センター",
    "office_name_kana": "シズオカケン シズオカコウギヨウギジユツセンタ-"
  },
  "1301": {
    "postcode": "4211301",
    "prefecture": "静岡県",
    "prefecture_kana": "シズオカケン",
    "prefecture_code": 22,
    "city": "静岡市葵区",
    "city_kana": "シズオカシアオイク",
    "town": "小島",
    "town_kana": "コジマ",
    "street": null,
    "office_name": null,
    "office_name_kana": null
  },
  "1302": {
    "postcode": "4211302",
    "prefecture": "静岡県",
    "prefecture_kana": "シズオカケン",
    "prefecture_code": 22,
    "city": "静岡市葵区",
    "city_kana": "シズオカシアオイク",
    "town": "鍵穴",
    "town_kana": "カギアナ",
    "street": null,
    "office_name": null,
    "office_name_kana": null
  },
  "1303": {
    "postcode": "4211303",
    "prefecture": "静岡県",
    "prefecture_kana": "シズオカケン",
    "prefecture_code": 22,
    "city": "静岡市葵区",
    "city_kana": "シズオカシアオイク",
    "town": "坂本",
    "town_kana": "サカモト",
    "street": null,
    "office_name": null,
    "office_name_kana": null
  },
  "1304": {
    "postcode": "4211304",
    "prefecture": "静岡県",
    "prefecture_kana": "シズオカケン",
    "prefecture_code": 22,
    "city": "静岡市葵区",
    "city_kana": "シズオカシアオイク",
    "town": "寺島",
    "town_kana": "テラジマ",
    "street": null,
    "office_name": null,
    "office_name_kana": null
  },
  "1305": {
    "postcode": "4211305",
    "prefecture": "静岡県",
    "prefecture_kana": "シズオカケン",
    "prefecture_code": 22,
    "city": "静岡市葵区",
    "city_kana": "シズオカシアオイク",
    "town": "赤沢",
    "town_kana": "アカザワ",
    "street": null,
    "office_name": null,
    "office_name_kana": null
  },
  "1306": {
    "postcode": "4211306",
    "prefecture": "静岡県",
    "prefecture_kana": "シズオカケン",
    "prefecture_code": 22,
    "city": "静岡市葵区",
    "city_kana": "シズオカシアオイク",
    "town": "昼居渡",
    "town_kana": "ヒルイド",
    "street": null,
    "office_name": null,
    "office_name_kana": null
  },
  "1307": {
    "postcode": "4211307",
    "prefecture": "静岡県",
    "prefecture_kana": "シズオカケン",
    "prefecture_code": 22,
    "city": "静岡市葵区",
    "city_kana": "シズオカシアオイク",
    "town": "相俣",
    "town_kana": "アイマタ",
    "street": null,
    "office_name": null,
    "office_name_kana": null
  },
  "1308": {
    "postcode": "4211308",
    "prefecture": "静岡県",
    "prefecture_kana": "シズオカケン",
    "prefecture_code": 22,
    "city": "静岡市葵区",
    "city_kana": "シズオカシアオイク",
    "town": "黒俣",
    "town_kana": "クロマタ",
    "street": null,
    "office_name": null,
    "office_name_kana": null
  },
  "1309": {
    "postcode": "4211309",
    "prefecture": "静岡県",
    "prefecture_kana": "シズオカケン",
    "prefecture_code": 22,
    "city": "静岡市葵区",
    "city_kana": "シズオカシアオイク",
    "town": "杉尾",
    "town_kana": "スギオ",
    "street": null,
    "office_name": null,
    "office_name_kana": null
  },
  "1311": {
    "postcode": "4211311",
    "prefecture": "静岡県",
    "prefecture_kana": "シズオカケン",
    "prefecture_code": 22,
    "city": "静岡市葵区",
    "city_kana": "シズオカシアオイク",
    "town": "富沢",
    "town_kana": "トンザワ",
    "street": null,
    "office_name": null,
    "office_name_kana": null
  },
  "1312": {
    "postcode": "4211312",
    "prefecture": "静岡県",
    "prefecture_kana": "シズオカケン",
    "prefecture_code": 22,
    "city": "静岡市葵区",
    "city_kana": "シズオカシアオイク",
    "town": "奈良間",
    "town_kana": "ナラマ",
    "street": null,
    "office_name": null,
    "office_name_kana": null
  },
  "1313": {
    "postcode": "4211313",
    "prefecture": "静岡県",
    "prefecture_kana": "シズオカケン",
    "prefecture_code": 22,
    "city": "静岡市葵区",
    "city_kana": "シズオカシアオイク",
    "town": "水見色",
    "town_kana": "ミズミイロ",
    "street": null,
    "office_name": null,
    "office_name_kana": null
  },
  "1314": {
    "postcode": "4211314",
    "prefecture": "静岡県",
    "prefecture_kana": "シズオカケン",
    "prefecture_code": 22,
    "city": "静岡市葵区",
    "city_kana": "シズオカシアオイク",
    "town": "大原",
    "town_kana": "オオハラ",
    "street": null,
    "office_name": null,
    "office_name_kana": null
  },
  "1315": {
    "postcode": "4211315",
    "prefecture": "静岡県",
    "prefecture_kana": "シズオカケン",
    "prefecture_code": 22,
    "city": "静岡市葵区",
    "city_kana": "シズオカシアオイク",
    "town": "富厚里",
    "town_kana": "フコウリ",
    "street": null,
    "office_name": null,
    "office_name_kana": null
  },
  "1316": {
    "postcode": "4211316",
    "prefecture": "静岡県",
    "prefecture_kana": "シズオカケン",
    "prefecture_code": 22,
    "city": "静岡市葵区",
    "city_kana": "シズオカシアオイク",
    "town": "小布杉",
    "town_kana": "コブスギ",
    "street": null,
    "office_name": null,
    "office_name_kana": null
  },
  "1392": {
    "postcode": "4211392",
    "prefecture": "静岡県",
    "prefecture_kana": "シズオカケン",
    "prefecture_code": 22,
    "city": "静岡市葵区",
    "city_kana": "シズオカシアオイク",
    "town": "大原",
    "town_kana": "オオハラ",
    "street": "１０５７（清沢郵便局私書箱第１号）",
    "office_name": "株式会社　佐藤園",
    "office_name_kana": "カブシキガイシヤ サトウエン"
  },
  "1401": {
    "postcode": "4211401",
    "prefecture": "静岡県",
    "prefecture_kana": "シズオカケン",
    "prefecture_code": 22,
    "city": "静岡市葵区",
    "city_kana": "シズオカシアオイク",
    "town": "大間",
    "town_kana": "オオマ",
    "street": null,
    "office_name": null,
    "office_name_kana": null
  },
  "1402": {
    "postcode": "4211402",
    "prefecture": "静岡県",
    "prefecture_kana": "シズオカケン",
    "prefecture_code": 22,
    "city": "静岡市葵区",
    "city_kana": "シズオカシアオイク",
    "town": "諸子沢",
    "town_kana": "モロコザワ",
    "street": null,
    "office_name": null,
    "office_name_kana": null
  },
  "1403": {
    "postcode": "4211403",
    "prefecture": "静岡県",
    "prefecture_kana": "シズオカケン",
    "prefecture_code": 22,
    "city": "静岡市葵区",
    "city_kana": "シズオカシアオイク",
    "town": "日向",
    "town_kana": "ヒナタ",
    "street": null,
    "office_name": null,
    "office_name_kana": null
  },
  "1404": {
    "postcode": "4211404",
    "prefecture": "静岡県",
    "prefecture_kana": "シズオカケン",
    "prefecture_code": 22,
    "city": "静岡市葵区",
    "city_kana": "シズオカシアオイク",
    "town": "栃沢",
    "town_kana": "トチザワ",
    "street": null,
    "office_name": null,
    "office_name_kana": null
  },
  "1405": {
    "postcode": "4211405",
    "prefecture": "静岡県",
    "prefecture_kana": "シズオカケン",
    "prefecture_code": 22,
    "city": "静岡市葵区",
    "city_kana": "シズオカシアオイク",
    "town": "坂ノ上",
    "town_kana": "サカノカミ",
    "street": null,
    "office_name": null,
    "office_name_kana": null
  },
  "1406": {
    "postcode": "4211406",
    "prefecture": "静岡県",
    "prefecture_kana": "シズオカケン",
    "prefecture_code": 22,
    "city": "静岡市葵区",
    "city_kana": "シズオカシアオイク",
    "town": "湯ノ島",
    "town_kana": "ユノシマ",
    "street": null,
    "office_name": null,
    "office_name_kana": null
  },
  "1407": {
    "postcode": "4211407",
    "prefecture": "静岡県",
    "prefecture_kana": "シズオカケン",
    "prefecture_code": 22,
    "city": "静岡市葵区",
    "city_kana": "シズオカシアオイク",
    "town": "楢尾",
    "town_kana": "ナラオ",
    "street": null,
    "office_name": null,
    "office_name_kana": null
  },
  "1408": {
    "postcode": "4211408",
    "prefecture": "静岡県",
    "prefecture_kana": "シズオカケン",
    "prefecture_code": 22,
    "city": "静岡市葵区",
    "city_kana": "シズオカシアオイク",
    "town": "崩野",
    "town_kana": "クズレノ",
    "street": null,
    "office_name": null,
    "office_name_kana": null
  },
  "1409": {
    "postcode": "4211409",
    "prefecture": "静岡県",
    "prefecture_kana": "シズオカケン",
    "prefecture_code": 22,
    "city": "静岡市葵区",
    "city_kana": "シズオカシアオイク",
    "town": "八草",
    "town_kana": "ヤクサ",
    "street": null,
    "office_name": null,
    "office_name_kana": null
  },
  "2101": {
    "postcode": "4212101",
    "prefecture": "静岡県",
    "prefecture_kana": "シズオカケン",
    "prefecture_code": 22,
    "city": "静岡市葵区",
    "city_kana": "シズオカシアオイク",
    "town": "俵峰",
    "town_kana": "タワラミネ",
    "street": null,
    "office_name": null,
    "office_name_kana": null
  },
  "2102": {
    "postcode": "4212102",
    "prefecture": "静岡県",
    "prefecture_kana": "シズオカケン",
    "prefecture_code": 22,
    "city": "静岡市葵区",
    "city_kana": "シズオカシアオイク",
    "town": "油島",
    "town_kana": "ユジマ",
    "street": null,
    "office_name": null,
    "office_name_kana": null
  },
  "2103": {
    "postcode": "4212103",
    "prefecture": "静岡県",
    "prefecture_kana": "シズオカケン",
    "prefecture_code": 22,
    "city": "静岡市葵区",
    "city_kana": "シズオカシアオイク",
    "town": "俵沢",
    "town_kana": "タワラザワ",
    "street": null,
    "office_name": null,
    "office_name_kana": null
  },
  "2104": {
    "postcode": "4212104",
    "prefecture": "静岡県",
    "prefecture_kana": "シズオカケン",
    "prefecture_code": 22,
    "city": "静岡市葵区",
    "city_kana": "シズオカシアオイク",
    "town": "野田平",
    "town_kana": "ノタヒラ",
    "street": null,
    "office_name": null,
    "office_name_kana": null
  },
  "2105": {
    "postcode": "4212105",
    "prefecture": "静岡県",
    "prefecture_kana": "シズオカケン",
    "prefecture_code": 22,
    "city": "静岡市葵区",
    "city_kana": "シズオカシアオイク",
    "town": "郷島",
    "town_kana": "ゴウジマ",
    "street": null,
    "office_name": null,
    "office_name_kana": null
  },
  "2106": {
    "postcode": "4212106",
    "prefecture": "静岡県",
    "prefecture_kana": "シズオカケン",
    "prefecture_code": 22,
    "city": "静岡市葵区",
    "city_kana": "シズオカシアオイク",
    "town": "牛妻",
    "town_kana": "ウシヅマ",
    "street": null,
    "office_name": null,
    "office_name_kana": null
  },
  "2107": {
    "postcode": "4212107",
    "prefecture": "静岡県",
    "prefecture_kana": "シズオカケン",
    "prefecture_code": 22,
    "city": "静岡市葵区",
    "city_kana": "シズオカシアオイク",
    "town": "門屋",
    "town_kana": "カドヤ",
    "street": null,
    "office_name": null,
    "office_name_kana": null
  },
  "2108": {
    "postcode": "4212108",
    "prefecture": "静岡県",
    "prefecture_kana": "シズオカケン",
    "prefecture_code": 22,
    "city": "静岡市葵区",
    "city_kana": "シズオカシアオイク",
    "town": "下",
    "town_kana": "シモ",
    "street": null,
    "office_name": null,
    "office_name_kana": null
  },
  "2109": {
    "postcode": "4212109",
    "prefecture": "静岡県",
    "prefecture_kana": "シズオカケン",
    "prefecture_code": 22,
    "city": "静岡市葵区",
    "city_kana": "シズオカシアオイク",
    "town": "福田ケ谷",
    "town_kana": "フクダガヤ",
    "street": null,
    "office_name": null,
    "office_name_kana": null
  },
  "2111": {
    "postcode": "4212111",
    "prefecture": "静岡県",
    "prefecture_kana": "シズオカケン",
    "prefecture_code": 22,
    "city": "静岡市葵区",
    "city_kana": "シズオカシアオイク",
    "town": "中ノ郷",
    "town_kana": "ナカノゴウ",
    "street": null,
    "office_name": null,
    "office_name_kana": null
  },
  "2112": {
    "postcode": "4212112",
    "prefecture": "静岡県",
    "prefecture_kana": "シズオカケン",
    "prefecture_code": 22,
    "city": "静岡市葵区",
    "city_kana": "シズオカシアオイク",
    "town": "遠藤新田",
    "town_kana": "エンドウシンデン",
    "street": null,
    "office_name": null,
    "office_name_kana": null
  },
  "2113": {
    "postcode": "4212113",
    "prefecture": "静岡県",
    "prefecture_kana": "シズオカケン",
    "prefecture_code": 22,
    "city": "静岡市葵区",
    "city_kana": "シズオカシアオイク",
    "town": "安倍口団地",
    "town_kana": "アベグチダンチ",
    "street": null,
    "office_name": null,
    "office_name_kana": null
  },
  "2114": {
    "postcode": "4212114",
    "prefecture": "静岡県",
    "prefecture_kana": "シズオカケン",
    "prefecture_code": 22,
    "city": "静岡市葵区",
    "city_kana": "シズオカシアオイク",
    "town": "安倍口新田",
    "town_kana": "アベグチシンデン",
    "street": null,
    "office_name": null,
    "office_name_kana": null
  },
  "2115": {
    "postcode": "4212115",
    "prefecture": "静岡県",
    "prefecture_kana": "シズオカケン",
    "prefecture_code": 22,
    "city": "静岡市葵区",
    "city_kana": "シズオカシアオイク",
    "town": "与左衛門新田",
    "town_kana": "ヨザエモンシンデン",
    "street": null,
    "office_name": null,
    "office_name_kana": null
  },
  "2116": {
    "postcode": "4212116",
    "prefecture": "静岡県",
    "prefecture_kana": "シズオカケン",
    "prefecture_code": 22,
    "city": "静岡市葵区",
    "city_kana": "シズオカシアオイク",
    "town": "西ケ谷",
    "town_kana": "ニシガヤ",
    "street": null,
    "office_name": null,
    "office_name_kana": null
  },
  "2117": {
    "postcode": "4212117",
    "prefecture": "静岡県",
    "prefecture_kana": "シズオカケン",
    "prefecture_code": 22,
    "city": "静岡市葵区",
    "city_kana": "シズオカシアオイク",
    "town": "幸庵新田",
    "town_kana": "コウアンシンデン",
    "street": null,
    "office_name": null,
    "office_name_kana": null
  },
  "2118": {
    "postcode": "4212118",
    "prefecture": "静岡県",
    "prefecture_kana": "シズオカケン",
    "prefecture_code": 22,
    "city": "静岡市葵区",
    "city_kana": "シズオカシアオイク",
    "town": "内牧",
    "town_kana": "ウチマキ",
    "street": null,
    "office_name": null,
    "office_name_kana": null
  },
  "2121": {
    "postcode": "4212121",
    "prefecture": "静岡県",
    "prefecture_kana": "シズオカケン",
    "prefecture_code": 22,
    "city": "静岡市葵区",
    "city_kana": "シズオカシアオイク",
    "town": "津渡野",
    "town_kana": "ツドノ",
    "street": null,
    "office_name": null,
    "office_name_kana": null
  },
  "2122": {
    "postcode": "4212122",
    "prefecture": "静岡県",
    "prefecture_kana": "シズオカケン",
    "prefecture_code": 22,
    "city": "静岡市葵区",
    "city_kana": "シズオカシアオイク",
    "town": "松野",
    "town_kana": "マツノ",
    "street": null,
    "office_name": null,
    "office_name_kana": null
  },
  "2123": {
    "postcode": "4212123",
    "prefecture": "静岡県",
    "prefecture_kana": "シズオカケン",
    "prefecture_code": 22,
    "city": "静岡市葵区",
    "city_kana": "シズオカシアオイク",
    "town": "油山",
    "town_kana": "ユヤマ",
    "street": null,
    "office_name": null,
    "office_name_kana": null
  },
  "2124": {
    "postcode": "4212124",
    "prefecture": "静岡県",
    "prefecture_kana": "シズオカケン",
    "prefecture_code": 22,
    "city": "静岡市葵区",
    "city_kana": "シズオカシアオイク",
    "town": "足久保口組",
    "town_kana": "アシクボクチグミ",
    "street": null,
    "office_name": null,
    "office_name_kana": null
  },
  "2125": {
    "postcode": "4212125",
    "prefecture": "静岡県",
    "prefecture_kana": "シズオカケン",
    "prefecture_code": 22,
    "city": "静岡市葵区",
    "city_kana": "シズオカシアオイク",
    "town": "足久保奥組",
    "town_kana": "アシクボオクグミ",
    "street": null,
    "office_name": null,
    "office_name_kana": null
  },
  "2201": {
    "postcode": "4212201",
    "prefecture": "静岡県",
    "prefecture_kana": "シズオカケン",
    "prefecture_code": 22,
    "city": "静岡市葵区",
    "city_kana": "シズオカシアオイク",
    "town": "奥仙俣",
    "town_kana": "オクセンマタ",
    "street": null,
    "office_name": null,
    "office_name_kana": null
  },
  "2202": {
    "postcode": "4212202",
    "prefecture": "静岡県",
    "prefecture_kana": "シズオカケン",
    "prefecture_code": 22,
    "city": "静岡市葵区",
    "city_kana": "シズオカシアオイク",
    "town": "口仙俣",
    "town_kana": "クチセンマタ",
    "street": null,
    "office_name": null,
    "office_name_kana": null
  },
  "2203": {
    "postcode": "4212203",
    "prefecture": "静岡県",
    "prefecture_kana": "シズオカケン",
    "prefecture_code": 22,
    "city": "静岡市葵区",
    "city_kana": "シズオカシアオイク",
    "town": "口坂本",
    "town_kana": "クチサカモト",
    "street": null,
    "office_name": null,
    "office_name_kana": null
  },
  "2211": {
    "postcode": "4212211",
    "prefecture": "静岡県",
    "prefecture_kana": "シズオカケン",
    "prefecture_code": 22,
    "city": "静岡市葵区",
    "city_kana": "シズオカシアオイク",
    "town": "上落合",
    "town_kana": "カミオチアイ",
    "street": null,
    "office_name": null,
    "office_name_kana": null
  },
  "2212": {
    "postcode": "4212212",
    "prefecture": "静岡県",
    "prefecture_kana": "シズオカケン",
    "prefecture_code": 22,
    "city": "静岡市葵区",
    "city_kana": "シズオカシアオイク",
    "town": "油野",
    "town_kana": "ユノ",
    "street": null,
    "office_name": null,
    "office_name_kana": null
  },
  "2213": {
    "postcode": "4212213",
    "prefecture": "静岡県",
    "prefecture_kana": "シズオカケン",
    "prefecture_code": 22,
    "city": "静岡市葵区",
    "city_kana": "シズオカシアオイク",
    "town": "長妻田",
    "town_kana": "ナガツマタ",
    "street": null,
    "office_name": null,
    "office_name_kana": null
  },
  "2214": {
    "postcode": "4212214",
    "prefecture": "静岡県",
    "prefecture_kana": "シズオカケン",
    "prefecture_code": 22,
    "city": "静岡市葵区",
    "city_kana": "シズオカシアオイク",
    "town": "柿島",
    "town_kana": "カキシマ",
    "street": null,
    "office_name": null,
    "office_name_kana": null
  },
  "2215": {
    "postcode": "4212215",
    "prefecture": "静岡県",
    "prefecture_kana": "シズオカケン",
    "prefecture_code": 22,
    "city": "静岡市葵区",
    "city_kana": "シズオカシアオイク",
    "town": "奥池ケ谷",
    "town_kana": "オクイケガヤ",
    "street": null,
    "office_name": null,
    "office_name_kana": null
  },
  "2216": {
    "postcode": "4212216",
    "prefecture": "静岡県",
    "prefecture_kana": "シズオカケン",
    "prefecture_code": 22,
    "city": "静岡市葵区",
    "city_kana": "シズオカシアオイク",
    "town": "長熊",
    "town_kana": "ナガクマ",
    "street": null,
    "office_name": null,
    "office_name_kana": null
  },
  "2217": {
    "postcode": "4212217",
    "prefecture": "静岡県",
    "prefecture_kana": "シズオカケン",
    "prefecture_code": 22,
    "city": "静岡市葵区",
    "city_kana": "シズオカシアオイク",
    "town": "森腰",
    "town_kana": "モリコシ",
    "street": null,
    "office_name": null,
    "office_name_kana": null
  },
  "2221": {
    "postcode": "4212221",
    "prefecture": "静岡県",
    "prefecture_kana": "シズオカケン",
    "prefecture_code": 22,
    "city": "静岡市葵区",
    "city_kana": "シズオカシアオイク",
    "town": "中沢",
    "town_kana": "ナカザワ",
    "street": null,
    "office_name": null,
    "office_name_kana": null
  },
  "2222": {
    "postcode": "4212222",
    "prefecture": "静岡県",
    "prefecture_kana": "シズオカケン",
    "prefecture_code": 22,
    "city": "静岡市葵区",
    "city_kana": "シズオカシアオイク",
    "town": "桂山",
    "town_kana": "カヤマ",
    "street": null,
    "office_name": null,
    "office_name_kana": null
  },
  "2223": {
    "postcode": "4212223",
    "prefecture": "静岡県",
    "prefecture_kana": "シズオカケン",
    "prefecture_code": 22,
    "city": "静岡市葵区",
    "city_kana": "シズオカシアオイク",
    "town": "落合",
    "town_kana": "オチアイ",
    "street": null,
    "office_name": null,
    "office_name_kana": null
  },
  "2224": {
    "postcode": "4212224",
    "prefecture": "静岡県",
    "prefecture_kana": "シズオカケン",
    "prefecture_code": 22,
    "city": "静岡市葵区",
    "city_kana": "シズオカシアオイク",
    "town": "内匠",
    "town_kana": "タクミ",
    "street": null,
    "office_name": null,
    "office_name_kana": null
  },
  "2225": {
    "postcode": "4212225",
    "prefecture": "静岡県",
    "prefecture_kana": "シズオカケン",
    "prefecture_code": 22,
    "city": "静岡市葵区",
    "city_kana": "シズオカシアオイク",
    "town": "腰越",
    "town_kana": "コシゴエ",
    "street": null,
    "office_name": null,
    "office_name_kana": null
  },
  "2226": {
    "postcode": "4212226",
    "prefecture": "静岡県",
    "prefecture_kana": "シズオカケン",
    "prefecture_code": 22,
    "city": "静岡市葵区",
    "city_kana": "シズオカシアオイク",
    "town": "横沢",
    "town_kana": "ヨコサワ",
    "street": null,
    "office_name": null,
    "office_name_kana": null
  },
  "2227": {
    "postcode": "4212227",
    "prefecture": "静岡県",
    "prefecture_kana": "シズオカケン",
    "prefecture_code": 22,
    "city": "静岡市葵区",
    "city_kana": "シズオカシアオイク",
    "town": "大沢",
    "town_kana": "オオサワ",
    "street": null,
    "office_name": null,
    "office_name_kana": null
  },
  "2301": {
    "postcode": "4212301",
    "prefecture": "静岡県",
    "prefecture_kana": "シズオカケン",
    "prefecture_code": 22,
    "city": "静岡市葵区",
    "city_kana": "シズオカシアオイク",
    "town": "梅ケ島",
    "town_kana": "ウメガシマ",
    "street": null,
    "office_name": null,
    "office_name_kana": null
  },
  "2302": {
    "postcode": "4212302",
    "prefecture": "静岡県",
    "prefecture_kana": "シズオカケン",
    "prefecture_code": 22,
    "city": "静岡市葵区",
    "city_kana": "シズオカシアオイク",
    "town": "入島",
    "town_kana": "ニュウジマ",
    "street": null,
    "office_name": null,
    "office_name_kana": null
  },
  "2303": {
    "postcode": "4212303",
    "prefecture": "静岡県",
    "prefecture_kana": "シズオカケン",
    "prefecture_code": 22,
    "city": "静岡市葵区",
    "city_kana": "シズオカシアオイク",
    "town": "有東木",
    "town_kana": "ウトウギ",
    "street": null,
    "office_name": null,
    "office_name_kana": null
  },
  "2304": {
    "postcode": "4212304",
    "prefecture": "静岡県",
    "prefecture_kana": "シズオカケン",
    "prefecture_code": 22,
    "city": "静岡市葵区",
    "city_kana": "シズオカシアオイク",
    "town": "渡",
    "town_kana": "ド",
    "street": null,
    "office_name": null,
    "office_name_kana": null
  },
  "2305": {
    "postcode": "4212305",
    "prefecture": "静岡県",
    "prefecture_kana": "シズオカケン",
    "prefecture_code": 22,
    "city": "静岡市葵区",
    "city_kana": "シズオカシアオイク",
    "town": "中平",
    "town_kana": "ナカヒラ",
    "street": null,
    "office_name": null,
    "office_name_kana": null
  },
  "2306": {
    "postcode": "4212306",
    "prefecture": "静岡県",
    "prefecture_kana": "シズオカケン",
    "prefecture_code": 22,
    "city": "静岡市葵区",
    "city_kana": "シズオカシアオイク",
    "town": "平野",
    "town_kana": "ヒラノ",
    "street": null,
    "office_name": null,
    "office_name_kana": null
  },
  "2307": {
    "postcode": "4212307",
    "prefecture": "静岡県",
    "prefecture_kana": "シズオカケン",
    "prefecture_code": 22,
    "city": "静岡市葵区",
    "city_kana": "シズオカシアオイク",
    "town": "横山",
    "town_kana": "ヨコヤマ",
    "street": null,
    "office_name": null,
    "office_name_kana": null
  },
  "2308": {
    "postcode": "4212308",
    "prefecture": "静岡県",
    "prefecture_kana": "シズオカケン",
    "prefecture_code": 22,
    "city": "静岡市葵区",
    "city_kana": "シズオカシアオイク",
    "town": "蕨野",
    "town_kana": "ワラビノ",
    "street": null,
    "office_name": null,
    "office_name_kana": null
  },
  "2309": {
    "postcode": "4212309",
    "prefecture": "静岡県",
    "prefecture_kana": "シズオカケン",
    "prefecture_code": 22,
    "city": "静岡市葵区",
    "city_kana": "シズオカシアオイク",
    "town": "相淵",
    "town_kana": "アイブチ",
    "street": null,
    "office_name": null,
    "office_name_kana": null
  },
  "3101": {
    "postcode": "4213101",
    "prefecture": "静岡県",
    "prefecture_kana": "シズオカケン",
    "prefecture_code": 22,
    "city": "静岡市清水区",
    "city_kana": "シズオカシシミズク",
    "town": "由比入山",
    "town_kana": "ユイイリヤマ",
    "street": null,
    "office_name": null,
    "office_name_kana": null
  },
  "3102": {
    "postcode": "4213102",
    "prefecture": "静岡県",
    "prefecture_kana": "シズオカケン",
    "prefecture_code": 22,
    "city": "静岡市清水区",
    "city_kana": "シズオカシシミズク",
    "town": "由比東山寺",
    "town_kana": "ユイヒガシヤマデラ",
    "street": null,
    "office_name": null,
    "office_name_kana": null
  },
  "3103": {
    "postcode": "4213103",
    "prefecture": "静岡県",
    "prefecture_kana": "シズオカケン",
    "prefecture_code": 22,
    "city": "静岡市清水区",
    "city_kana": "シズオカシシミズク",
    "town": "由比",
    "town_kana": "ユイ",
    "street": null,
    "office_name": null,
    "office_name_kana": null
  },
  "3104": {
    "postcode": "4213104",
    "prefecture": "静岡県",
    "prefecture_kana": "シズオカケン",
    "prefecture_code": 22,
    "city": "静岡市清水区",
    "city_kana": "シズオカシシミズク",
    "town": "由比北田",
    "town_kana": "ユイキタダ",
    "street": null,
    "office_name": null,
    "office_name_kana": null
  },
  "3105": {
    "postcode": "4213105",
    "prefecture": "静岡県",
    "prefecture_kana": "シズオカケン",
    "prefecture_code": 22,
    "city": "静岡市清水区",
    "city_kana": "シズオカシシミズク",
    "town": "由比町屋原",
    "town_kana": "ユイマチヤハラ",
    "street": null,
    "office_name": null,
    "office_name_kana": null
  },
  "3106": {
    "postcode": "4213106",
    "prefecture": "静岡県",
    "prefecture_kana": "シズオカケン",
    "prefecture_code": 22,
    "city": "静岡市清水区",
    "city_kana": "シズオカシシミズク",
    "town": "由比西山寺",
    "town_kana": "ユイニシヤマデラ",
    "street": null,
    "office_name": null,
    "office_name_kana": null
  },
  "3107": {
    "postcode": "4213107",
    "prefecture": "静岡県",
    "prefecture_kana": "シズオカケン",
    "prefecture_code": 22,
    "city": "静岡市清水区",
    "city_kana": "シズオカシシミズク",
    "town": "由比阿僧",
    "town_kana": "ユイアソウ",
    "street": null,
    "office_name": null,
    "office_name_kana": null
  },
  "3111": {
    "postcode": "4213111",
    "prefecture": "静岡県",
    "prefecture_kana": "シズオカケン",
    "prefecture_code": 22,
    "city": "静岡市清水区",
    "city_kana": "シズオカシシミズク",
    "town": "由比今宿",
    "town_kana": "ユイイマジュク",
    "street": null,
    "office_name": null,
    "office_name_kana": null
  },
  "3112": {
    "postcode": "4213112",
    "prefecture": "静岡県",
    "prefecture_kana": "シズオカケン",
    "prefecture_code": 22,
    "city": "静岡市清水区",
    "city_kana": "シズオカシシミズク",
    "town": "由比寺尾",
    "town_kana": "ユイテラオ",
    "street": null,
    "office_name": null,
    "office_name_kana": null
  },
  "3114": {
    "postcode": "4213114",
    "prefecture": "静岡県",
    "prefecture_kana": "シズオカケン",
    "prefecture_code": 22,
    "city": "静岡市清水区",
    "city_kana": "シズオカシシミズク",
    "town": "由比東倉澤",
    "town_kana": "ユイヒガシクラサワ",
    "street": null,
    "office_name": null,
    "office_name_kana": null
  },
  "3115": {
    "postcode": "4213115",
    "prefecture": "静岡県",
    "prefecture_kana": "シズオカケン",
    "prefecture_code": 22,
    "city": "静岡市清水区",
    "city_kana": "シズオカシシミズク",
    "town": "由比西倉澤",
    "town_kana": "ユイニシクラサワ",
    "street": null,
    "office_name": null,
    "office_name_kana": null
  },
  "3201": {
    "postcode": "4213201",
    "prefecture": "静岡県",
    "prefecture_kana": "シズオカケン",
    "prefecture_code": 22,
    "city": "静岡市清水区",
    "city_kana": "シズオカシシミズク",
    "town": "蒲原東",
    "town_kana": "カンバラヒガシ",
    "street": null,
    "office_name": null,
    "office_name_kana": null
  },
  "3202": {
    "postcode": "4213202",
    "prefecture": "静岡県",
    "prefecture_kana": "シズオカケン",
    "prefecture_code": 22,
    "city": "静岡市清水区",
    "city_kana": "シズオカシシミズク",
    "town": "蒲原新栄",
    "town_kana": "カンバラシンエイ",
    "street": null,
    "office_name": null,
    "office_name_kana": null
  },
  "3203": {
    "postcode": "4213203",
    "prefecture": "静岡県",
    "prefecture_kana": "シズオカケン",
    "prefecture_code": 22,
    "city": "静岡市清水区",
    "city_kana": "シズオカシシミズク",
    "town": "蒲原",
    "town_kana": "カンバラ",
    "street": null,
    "office_name": null,
    "office_name_kana": null
  },
  "3211": {
    "postcode": "4213211",
    "prefecture": "静岡県",
    "prefecture_kana": "シズオカケン",
    "prefecture_code": 22,
    "city": "静岡市清水区",
    "city_kana": "シズオカシシミズク",
    "town": "蒲原新田",
    "town_kana": "カンバラシンデン",
    "street": null,
    "office_name": null,
    "office_name_kana": null
  },
  "3212": {
    "postcode": "4213212",
    "prefecture": "静岡県",
    "prefecture_kana": "シズオカケン",
    "prefecture_code": 22,
    "city": "静岡市清水区",
    "city_kana": "シズオカシシミズク",
    "town": "蒲原小金",
    "town_kana": "カンバラコガネ",
    "street": null,
    "office_name": null,
    "office_name_kana": null
  },
  "3213": {
    "postcode": "4213213",
    "prefecture": "静岡県",
    "prefecture_kana": "シズオカケン",
    "prefecture_code": 22,
    "city": "静岡市清水区",
    "city_kana": "シズオカシシミズク",
    "town": "蒲原中",
    "town_kana": "カンバラナカ",
    "street": null,
    "office_name": null,
    "office_name_kana": null
  },
  "3214": {
    "postcode": "4213214",
    "prefecture": "静岡県",
    "prefecture_kana": "シズオカケン",
    "prefecture_code": 22,
    "city": "静岡市清水区",
    "city_kana": "シズオカシシミズク",
    "town": "蒲原堰沢",
    "town_kana": "カンバラセギザワ",
    "street": null,
    "office_name": null,
    "office_name_kana": null
  },
  "3215": {
    "postcode": "4213215",
    "prefecture": "静岡県",
    "prefecture_kana": "シズオカケン",
    "prefecture_code": 22,
    "city": "静岡市清水区",
    "city_kana": "シズオカシシミズク",
    "town": "蒲原神沢",
    "town_kana": "カンバラカンザワ",
    "street": null,
    "office_name": null,
    "office_name_kana": null
  },
  "3292": {
    "postcode": "4213292",
    "prefecture": "静岡県",
    "prefecture_kana": "シズオカケン",
    "prefecture_code": 22,
    "city": "静岡市清水区",
    "city_kana": "シズオカシシミズク",
    "town": "蒲原",
    "town_kana": "カンバラ",
    "street": "５２１５−１",
    "office_name": "リョービ　株式会社　静岡工場",
    "office_name_kana": "リヨ-ビ カブシキガイシヤ シズオカコウジヨウ"
  },
  "3295": {
    "postcode": "4213295",
    "prefecture": "静岡県",
    "prefecture_kana": "シズオカケン",
    "prefecture_code": 22,
    "city": "静岡市清水区",
    "city_kana": "シズオカシシミズク",
    "town": "蒲原",
    "town_kana": "カンバラ",
    "street": "４丁目２６−６（蒲原郵便局私書箱第７号）",
    "office_name": "株式会社　ホテイフーズコーポレーション",
    "office_name_kana": "カブシキガイシヤ ホテイフ-ズコ-ポレ-シヨン"
  },
  "3296": {
    "postcode": "4213296",
    "prefecture": "静岡県",
    "prefecture_kana": "シズオカケン",
    "prefecture_code": 22,
    "city": "静岡市清水区",
    "city_kana": "シズオカシシミズク",
    "town": "蒲原",
    "town_kana": "カンバラ",
    "street": "５１９０−２",
    "office_name": "ニチフリ食品　株式会社",
    "office_name_kana": "ニチフリシヨクヒン カブシキガイシヤ"
  },
  "3297": {
    "postcode": "4213297",
    "prefecture": "静岡県",
    "prefecture_kana": "シズオカケン",
    "prefecture_code": 22,
    "city": "静岡市清水区",
    "city_kana": "シズオカシシミズク",
    "town": "蒲原",
    "town_kana": "カンバラ",
    "street": "１６１（蒲原郵便局私書箱第４号）",
    "office_name": "日本軽金属　株式会社　蒲原製造所",
    "office_name_kana": "ニツポンケイキンゾク カブシキガイシヤ カンバラセイゾウシヨ"
  },
  "3301": {
    "postcode": "4213301",
    "prefecture": "静岡県",
    "prefecture_kana": "シズオカケン",
    "prefecture_code": 22,
    "city": "富士市",
    "city_kana": "フジシ",
    "town": "北松野",
    "town_kana": "キタマツノ",
    "street": null,
    "office_name": null,
    "office_name_kana": null
  },
  "3302": {
    "postcode": "4213302",
    "prefecture": "静岡県",
    "prefecture_kana": "シズオカケン",
    "prefecture_code": 22,
    "city": "富士市",
    "city_kana": "フジシ",
    "town": "中野台",
    "town_kana": "ナカノダイ",
    "street": null,
    "office_name": null,
    "office_name_kana": null
  },
  "3303": {
    "postcode": "4213303",
    "prefecture": "静岡県",
    "prefecture_kana": "シズオカケン",
    "prefecture_code": 22,
    "city": "富士市",
    "city_kana": "フジシ",
    "town": "南松野",
    "town_kana": "ミナミマツノ",
    "street": null,
    "office_name": null,
    "office_name_kana": null
  },
  "3304": {
    "postcode": "4213304",
    "prefecture": "静岡県",
    "prefecture_kana": "シズオカケン",
    "prefecture_code": 22,
    "city": "富士市",
    "city_kana": "フジシ",
    "town": "木島",
    "town_kana": "キジマ",
    "street": null,
    "office_name": null,
    "office_name_kana": null
  },
  "3305": {
    "postcode": "4213305",
    "prefecture": "静岡県",
    "prefecture_kana": "シズオカケン",
    "prefecture_code": 22,
    "city": "富士市",
    "city_kana": "フジシ",
    "town": "岩淵",
    "town_kana": "イワブチ",
    "street": null,
    "office_name": null,
    "office_name_kana": null
  },
  "3306": {
    "postcode": "4213306",
    "prefecture": "静岡県",
    "prefecture_kana": "シズオカケン",
    "prefecture_code": 22,
    "city": "富士市",
    "city_kana": "フジシ",
    "town": "中之郷",
    "town_kana": "ナカノゴウ",
    "street": null,
    "office_name": null,
    "office_name_kana": null
  },
  "3392": {
    "postcode": "4213392",
    "prefecture": "静岡県",
    "prefecture_kana": "シズオカケン",
    "prefecture_code": 22,
    "city": "富士市",
    "city_kana": "フジシ",
    "town": "中之郷",
    "town_kana": "ナカノゴウ",
    "street": "５７５−１",
    "office_name": "コアレックス信栄　株式会社",
    "office_name_kana": "コアレツクスシンエイ カブシキガイシヤ"
  }
}