{
  "0001": {
    "postcode": "4240001",
    "prefecture": "静岡県",
    "prefecture_kana": "シズオカケン",
    "prefecture_code": 22,
    "city": "静岡市清水区",
    "city_kana": "シズオカシシミズク",
    "town": "梅ケ谷",
    "town_kana": "ウメガヤ",
    "street": null,
    "office_name": null,
    "office_name_kana": null
  },
  "0002": {
    "postcode": "4240002",
    "prefecture": "静岡県",
    "prefecture_kana": "シズオカケン",
    "prefecture_code": 22,
    "city": "静岡市清水区",
    "city_kana": "シズオカシシミズク",
    "town": "山原",
    "town_kana": "ヤンバラ",
    "street": null,
    "office_name": null,
    "office_name_kana": null
  },
  "0003": {
    "postcode": "4240003",
    "prefecture": "静岡県",
    "prefecture_kana": "シズオカケン",
    "prefecture_code": 22,
    "city": "静岡市清水区",
    "city_kana": "シズオカシシミズク",
    "town": "蜂ケ谷",
    "town_kana": "ハチガヤ",
    "street": null,
    "office_name": null,
    "office_name_kana": null
  },
  "0004": {
    "postcode": "4240004",
    "prefecture": "静岡県",
    "prefecture_kana": "シズオカケン",
    "prefecture_code": 22,
    "city": "静岡市清水区",
    "city_kana": "シズオカシシミズク",
    "town": "蜂ケ谷南町",
    "town_kana": "ハチガヤミナミチョウ",
    "street": null,
    "office_name": null,
    "office_name_kana": null
  },
  "0005": {
    "postcode": "4240005",
    "prefecture": "静岡県",
    "prefecture_kana": "シズオカケン",
    "prefecture_code": 22,
    "city": "静岡市清水区",
    "city_kana": "シズオカシシミズク",
    "town": "石川",
    "town_kana": "イシカワ",
    "street": null,
    "office_name": null,
    "office_name_kana": null
  },
  "0006": {
    "postcode": "4240006",
    "prefecture": "静岡県",
    "prefecture_kana": "シズオカケン",
    "prefecture_code": 22,
    "city": "静岡市清水区",
    "city_kana": "シズオカシシミズク",
    "town": "石川本町",
    "town_kana": "イシカワホンチョウ",
    "street": null,
    "office_name": null,
    "office_name_kana": null
  },
  "0007": {
    "postcode": "4240007",
    "prefecture": "静岡県",
    "prefecture_kana": "シズオカケン",
    "prefecture_code": 22,
    "city": "静岡市清水区",
    "city_kana": "シズオカシシミズク",
    "town": "石川新町",
    "town_kana": "イシカワシンマチ",
    "street": null,
    "office_name": null,
    "office_name_kana": null
  },
  "0008": {
    "postcode": "4240008",
    "prefecture": "静岡県",
    "prefecture_kana": "シズオカケン",
    "prefecture_code": 22,
    "city": "静岡市清水区",
    "city_kana": "シズオカシシミズク",
    "town": "押切",
    "town_kana": "オシキリ",
    "street": null,
    "office_name": null,
    "office_name_kana": null
  },
  "0009": {
    "postcode": "4240009",
    "prefecture": "静岡県",
    "prefecture_kana": "シズオカケン",
    "prefecture_code": 22,
    "city": "静岡市清水区",
    "city_kana": "シズオカシシミズク",
    "town": "柏尾",
    "town_kana": "カシオ",
    "street": null,
    "office_name": null,
    "office_name_kana": null
  },
  "0011": {
    "postcode": "4240011",
    "prefecture": "静岡県",
    "prefecture_kana": "シズオカケン",
    "prefecture_code": 22,
    "city": "静岡市清水区",
    "city_kana": "シズオカシシミズク",
    "town": "下野町",
    "town_kana": "シモノチョウ",
    "street": null,
    "office_name": null,
    "office_name_kana": null
  },
  "0012": {
    "postcode": "4240012",
    "prefecture": "静岡県",
    "prefecture_kana": "シズオカケン",
    "prefecture_code": 22,
    "city": "静岡市清水区",
    "city_kana": "シズオカシシミズク",
    "town": "下野西",
    "town_kana": "シモノニシ",
    "street": null,
    "office_name": null,
    "office_name_kana": null
  },
  "0013": {
    "postcode": "4240013",
    "prefecture": "静岡県",
    "prefecture_kana": "シズオカケン",
    "prefecture_code": 22,
    "city": "静岡市清水区",
    "city_kana": "シズオカシシミズク",
    "town": "下野緑町",
    "town_kana": "シモノミドリチョウ",
    "street": null,
    "office_name": null,
    "office_name_kana": null
  },
  "0014": {
    "postcode": "4240014",
    "prefecture": "静岡県",
    "prefecture_kana": "シズオカケン",
    "prefecture_code": 22,
    "city": "静岡市清水区",
    "city_kana": "シズオカシシミズク",
    "town": "天王南",
    "town_kana": "テンノウミナミ",
    "street": null,
    "office_name": null,
    "office_name_kana": null
  },
  "0015": {
    "postcode": "4240015",
    "prefecture": "静岡県",
    "prefecture_kana": "シズオカケン",
    "prefecture_code": 22,
    "city": "静岡市清水区",
    "city_kana": "シズオカシシミズク",
    "town": "天王町",
    "town_kana": "テンノウチョウ",
    "street": null,
    "office_name": null,
    "office_name_kana": null
  },
  "0016": {
    "postcode": "4240016",
    "prefecture": "静岡県",
    "prefecture_kana": "シズオカケン",
    "prefecture_code": 22,
    "city": "静岡市清水区",
    "city_kana": "シズオカシシミズク",
    "town": "天王西",
    "town_kana": "テンノウニシ",
    "street": null,
    "office_name": null,
    "office_name_kana": null
  },
  "0017": {
    "postcode": "4240017",
    "prefecture": "静岡県",
    "prefecture_kana": "シズオカケン",
    "prefecture_code": 22,
    "city": "静岡市清水区",
    "city_kana": "シズオカシシミズク",
    "town": "天王東",
    "town_kana": "テンノウヒガシ",
    "street": null,
    "office_name": null,
    "office_name_kana": null
  },
  "0018": {
    "postcode": "4240018",
    "prefecture": "静岡県",
    "prefecture_kana": "シズオカケン",
    "prefecture_code": 22,
    "city": "静岡市清水区",
    "city_kana": "シズオカシシミズク",
    "town": "弥生町",
    "town_kana": "ヤヨイチョウ",
    "street": null,
    "office_name": null,
    "office_name_kana": null
  },
  "0021": {
    "postcode": "4240021",
    "prefecture": "静岡県",
    "prefecture_kana": "シズオカケン",
    "prefecture_code": 22,
    "city": "静岡市清水区",
    "city_kana": "シズオカシシミズク",
    "town": "下野北",
    "town_kana": "シモノキタ",
    "street": null,
    "office_name": null,
    "office_name_kana": null
  },
  "0022": {
    "postcode": "4240022",
    "prefecture": "静岡県",
    "prefecture_kana": "シズオカケン",
    "prefecture_code": 22,
    "city": "静岡市清水区",
    "city_kana": "シズオカシシミズク",
    "town": "八坂町",
    "town_kana": "ヤサカチョウ",
    "street": null,
    "office_name": null,
    "office_name_kana": null
  },
  "0023": {
    "postcode": "4240023",
    "prefecture": "静岡県",
    "prefecture_kana": "シズオカケン",
    "prefecture_code": 22,
    "city": "静岡市清水区",
    "city_kana": "シズオカシシミズク",
    "town": "八坂北",
    "town_kana": "ヤサカキタ",
    "street": null,
    "office_name": null,
    "office_name_kana": null
  },
  "0024": {
    "postcode": "4240024",
    "prefecture": "静岡県",
    "prefecture_kana": "シズオカケン",
    "prefecture_code": 22,
    "city": "静岡市清水区",
    "city_kana": "シズオカシシミズク",
    "town": "八坂東",
    "town_kana": "ヤサカヒガシ",
    "street": null,
    "office_name": null,
    "office_name_kana": null
  },
  "0025": {
    "postcode": "4240025",
    "prefecture": "静岡県",
    "prefecture_kana": "シズオカケン",
    "prefecture_code": 22,
    "city": "静岡市清水区",
    "city_kana": "シズオカシシミズク",
    "town": "八坂西町",
    "town_kana": "ヤサカニシチョウ",
    "street": null,
    "office_name": null,
    "office_name_kana": null
  },
  "0026": {
    "postcode": "4240026",
    "prefecture": "静岡県",
    "prefecture_kana": "シズオカケン",
    "prefecture_code": 22,
    "city": "静岡市清水区",
    "city_kana": "シズオカシシミズク",
    "town": "八坂南町",
    "town_kana": "ヤサカミナミチョウ",
    "street": null,
    "office_name": null,
    "office_name_kana": null
  },
  "0027": {
    "postcode": "4240027",
    "prefecture": "静岡県",
    "prefecture_kana": "シズオカケン",
    "prefecture_code": 22,
    "city": "静岡市清水区",
    "city_kana": "シズオカシシミズク",
    "town": "飯田町",
    "town_kana": "イイダチョウ",
    "street": null,
    "office_name": null,
    "office_name_kana": null
  },
  "0028": {
    "postcode": "4240028",
    "prefecture": "静岡県",
    "prefecture_kana": "シズオカケン",
    "prefecture_code": 22,
    "city": "静岡市清水区",
    "city_kana": "シズオカシシミズク",
    "town": "下野東",
    "town_kana": "シモノヒガシ",
    "street": null,
    "office_name": null,
    "office_name_kana": null
  },
  "0029": {
    "postcode": "4240029",
    "prefecture": "静岡県",
    "prefecture_kana": "シズオカケン",
    "prefecture_code": 22,
    "city": "静岡市清水区",
    "city_kana": "シズオカシシミズク",
    "town": "下野中",
    "town_kana": "シモノナカ",
    "street": null,
    "office_name": null,
    "office_name_kana": null
  },
  "0031": {
    "postcode": "4240031",
    "prefecture": "静岡県",
    "prefecture_kana": "シズオカケン",
    "prefecture_code": 22,
    "city": "静岡市清水区",
    "city_kana": "シズオカシシミズク",
    "town": "横砂",
    "town_kana": "ヨコスナ",
    "street": null,
    "office_name": null,
    "office_name_kana": null
  },
  "0032": {
    "postcode": "4240032",
    "prefecture": "静岡県",
    "prefecture_kana": "シズオカケン",
    "prefecture_code": 22,
    "city": "静岡市清水区",
    "city_kana": "シズオカシシミズク",
    "town": "横砂東町",
    "town_kana": "ヨコスナヒガシチョウ",
    "street": null,
    "office_name": null,
    "office_name_kana": null
  },
  "0033": {
    "postcode": "4240033",
    "prefecture": "静岡県",
    "prefecture_kana": "シズオカケン",
    "prefecture_code": 22,
    "city": "静岡市清水区",
    "city_kana": "シズオカシシミズク",
    "town": "横砂本町",
    "town_kana": "ヨコスナホンチョウ",
    "street": null,
    "office_name": null,
    "office_name_kana": null
  },
  "0034": {
    "postcode": "4240034",
    "prefecture": "静岡県",
    "prefecture_kana": "シズオカケン",
    "prefecture_code": 22,
    "city": "静岡市清水区",
    "city_kana": "シズオカシシミズク",
    "town": "横砂中町",
    "town_kana": "ヨコスナナカチョウ",
    "street": null,
    "office_name": null,
    "office_name_kana": null
  },
  "0035": {
    "postcode": "4240035",
    "prefecture": "静岡県",
    "prefecture_kana": "シズオカケン",
    "prefecture_code": 22,
    "city": "静岡市清水区",
    "city_kana": "シズオカシシミズク",
    "town": "横砂南町",
    "town_kana": "ヨコスナミナミチョウ",
    "street": null,
    "office_name": null,
    "office_name_kana": null
  },
  "0036": {
    "postcode": "4240036",
    "prefecture": "静岡県",
    "prefecture_kana": "シズオカケン",
    "prefecture_code": 22,
    "city": "静岡市清水区",
    "city_kana": "シズオカシシミズク",
    "town": "横砂西町",
    "town_kana": "ヨコスナニシチョウ",
    "street": null,
    "office_name": null,
    "office_name_kana": null
  },
  "0037": {
    "postcode": "4240037",
    "prefecture": "静岡県",
    "prefecture_kana": "シズオカケン",
    "prefecture_code": 22,
    "city": "静岡市清水区",
    "city_kana": "シズオカシシミズク",
    "town": "袖師町",
    "town_kana": "ソデシチョウ",
    "street": null,
    "office_name": null,
    "office_name_kana": null
  },
  "0038": {
    "postcode": "4240038",
    "prefecture": "静岡県",
    "prefecture_kana": "シズオカケン",
    "prefecture_code": 22,
    "city": "静岡市清水区",
    "city_kana": "シズオカシシミズク",
    "town": "西久保",
    "town_kana": "ニシクボ",
    "street": null,
    "office_name": null,
    "office_name_kana": null
  },
  "0041": {
    "postcode": "4240041",
    "prefecture": "静岡県",
    "prefecture_kana": "シズオカケン",
    "prefecture_code": 22,
    "city": "静岡市清水区",
    "city_kana": "シズオカシシミズク",
    "town": "高橋",
    "town_kana": "タカハシ",
    "street": null,
    "office_name": null,
    "office_name_kana": null
  },
  "0042": {
    "postcode": "4240042",
    "prefecture": "静岡県",
    "prefecture_kana": "シズオカケン",
    "prefecture_code": 22,
    "city": "静岡市清水区",
    "city_kana": "シズオカシシミズク",
    "town": "高橋南町",
    "town_kana": "タカハシミナミチョウ",
    "street": null,
    "office_name": null,
    "office_name_kana": null
  },
  "0043": {
    "postcode": "4240043",
    "prefecture": "静岡県",
    "prefecture_kana": "シズオカケン",
    "prefecture_code": 22,
    "city": "静岡市清水区",
    "city_kana": "シズオカシシミズク",
    "town": "永楽町",
    "town_kana": "エイラクチョウ",
    "street": null,
    "office_name": null,
    "office_name_kana": null
  },
  "0044": {
    "postcode": "4240044",
    "prefecture": "静岡県",
    "prefecture_kana": "シズオカケン",
    "prefecture_code": 22,
    "city": "静岡市清水区",
    "city_kana": "シズオカシシミズク",
    "town": "江尻台町",
    "town_kana": "エジリダイマチ",
    "street": null,
    "office_name": null,
    "office_name_kana": null
  },
  "0045": {
    "postcode": "4240045",
    "prefecture": "静岡県",
    "prefecture_kana": "シズオカケン",
    "prefecture_code": 22,
    "city": "静岡市清水区",
    "city_kana": "シズオカシシミズク",
    "town": "東大曲町",
    "town_kana": "ヒガシオオマガリチョウ",
    "street": null,
    "office_name": null,
    "office_name_kana": null
  },
  "0046": {
    "postcode": "4240046",
    "prefecture": "静岡県",
    "prefecture_kana": "シズオカケン",
    "prefecture_code": 22,
    "city": "静岡市清水区",
    "city_kana": "シズオカシシミズク",
    "town": "西大曲町",
    "town_kana": "ニシオオマガリチョウ",
    "street": null,
    "office_name": null,
    "office_name_kana": null
  },
  "0047": {
    "postcode": "4240047",
    "prefecture": "静岡県",
    "prefecture_kana": "シズオカケン",
    "prefecture_code": 22,
    "city": "静岡市清水区",
    "city_kana": "シズオカシシミズク",
    "town": "鶴舞町",
    "town_kana": "ツルマイチョウ",
    "street": null,
    "office_name": null,
    "office_name_kana": null
  },
  "0048": {
    "postcode": "4240048",
    "prefecture": "静岡県",
    "prefecture_kana": "シズオカケン",
    "prefecture_code": 22,
    "city": "静岡市清水区",
    "city_kana": "シズオカシシミズク",
    "town": "高橋町",
    "town_kana": "タカハシチョウ",
    "street": null,
    "office_name": null,
    "office_name_kana": null
  },
  "0051": {
    "postcode": "4240051",
    "prefecture": "静岡県",
    "prefecture_kana": "シズオカケン",
    "prefecture_code": 22,
    "city": "静岡市清水区",
    "city_kana": "シズオカシシミズク",
    "town": "北脇新田",
    "town_kana": "キタワキシンデン",
    "street": null,
    "office_name": null,
    "office_name_kana": null
  },
  "0052": {
    "postcode": "4240052",
    "prefecture": "静岡県",
    "prefecture_kana": "シズオカケン",
    "prefecture_code": 22,
    "city": "静岡市清水区",
    "city_kana": "シズオカシシミズク",
    "town": "北脇",
    "town_kana": "キタワキ",
    "street": null,
    "office_name": null,
    "office_name_kana": null
  },
  "0053": {
    "postcode": "4240053",
    "prefecture": "静岡県",
    "prefecture_kana": "シズオカケン",
    "prefecture_code": 22,
    "city": "静岡市清水区",
    "city_kana": "シズオカシシミズク",
    "town": "渋川",
    "town_kana": "シブカワ",
    "street": null,
    "office_name": null,
    "office_name_kana": null
  },
  "0054": {
    "postcode": "4240054",
    "prefecture": "静岡県",
    "prefecture_kana": "シズオカケン",
    "prefecture_code": 22,
    "city": "静岡市清水区",
    "city_kana": "シズオカシシミズク",
    "town": "恵比寿町",
    "town_kana": "エビスチョウ",
    "street": null,
    "office_name": null,
    "office_name_kana": null
  },
  "0055": {
    "postcode": "4240055",
    "prefecture": "静岡県",
    "prefecture_kana": "シズオカケン",
    "prefecture_code": 22,
    "city": "静岡市清水区",
    "city_kana": "シズオカシシミズク",
    "town": "吉川",
    "town_kana": "キッカワ",
    "street": null,
    "office_name": null,
    "office_name_kana": null
  },
  "0056": {
    "postcode": "4240056",
    "prefecture": "静岡県",
    "prefecture_kana": "シズオカケン",
    "prefecture_code": 22,
    "city": "静岡市清水区",
    "city_kana": "シズオカシシミズク",
    "town": "半左衛門新田",
    "town_kana": "ハンザエモンシンデン",
    "street": null,
    "office_name": null,
    "office_name_kana": null
  },
  "0057": {
    "postcode": "4240057",
    "prefecture": "静岡県",
    "prefecture_kana": "シズオカケン",
    "prefecture_code": 22,
    "city": "静岡市清水区",
    "city_kana": "シズオカシシミズク",
    "town": "堀込",
    "town_kana": "ホリゴメ",
    "street": null,
    "office_name": null,
    "office_name_kana": null
  },
  "0061": {
    "postcode": "4240061",
    "prefecture": "静岡県",
    "prefecture_kana": "シズオカケン",
    "prefecture_code": 22,
    "city": "静岡市清水区",
    "city_kana": "シズオカシシミズク",
    "town": "大内",
    "town_kana": "オオウチ",
    "street": null,
    "office_name": null,
    "office_name_kana": null
  },
  "0062": {
    "postcode": "4240062",
    "prefecture": "静岡県",
    "prefecture_kana": "シズオカケン",
    "prefecture_code": 22,
    "city": "静岡市清水区",
    "city_kana": "シズオカシシミズク",
    "town": "大内新田",
    "town_kana": "オオウチシンデン",
    "street": null,
    "office_name": null,
    "office_name_kana": null
  },
  "0063": {
    "postcode": "4240063",
    "prefecture": "静岡県",
    "prefecture_kana": "シズオカケン",
    "prefecture_code": 22,
    "city": "静岡市清水区",
    "city_kana": "シズオカシシミズク",
    "town": "能島",
    "town_kana": "ノウジマ",
    "street": null,
    "office_name": null,
    "office_name_kana": null
  },
  "0064": {
    "postcode": "4240064",
    "prefecture": "静岡県",
    "prefecture_kana": "シズオカケン",
    "prefecture_code": 22,
    "city": "静岡市清水区",
    "city_kana": "シズオカシシミズク",
    "town": "長崎新田",
    "town_kana": "ナガサキシンデン",
    "street": null,
    "office_name": null,
    "office_name_kana": null
  },
  "0065": {
    "postcode": "4240065",
    "prefecture": "静岡県",
    "prefecture_kana": "シズオカケン",
    "prefecture_code": 22,
    "city": "静岡市清水区",
    "city_kana": "シズオカシシミズク",
    "town": "長崎",
    "town_kana": "ナガサキ",
    "street": null,
    "office_name": null,
    "office_name_kana": null
  },
  "0066": {
    "postcode": "4240066",
    "prefecture": "静岡県",
    "prefecture_kana": "シズオカケン",
    "prefecture_code": 22,
    "city": "静岡市清水区",
    "city_kana": "シズオカシシミズク",
    "town": "七ツ新屋",
    "town_kana": "ナナツシンヤ",
    "street": null,
    "office_name": null,
    "office_name_kana": null
  },
  "0067": {
    "postcode": "4240067",
    "prefecture": "静岡県",
    "prefecture_kana": "シズオカケン",
    "prefecture_code": 22,
    "city": "静岡市清水区",
    "city_kana": "シズオカシシミズク",
    "town": "鳥坂",
    "town_kana": "トリサカ",
    "street": null,
    "office_name": null,
    "office_name_kana": null
  },
  "0068": {
    "postcode": "4240068",
    "prefecture": "静岡県",
    "prefecture_kana": "シズオカケン",
    "prefecture_code": 22,
    "city": "静岡市清水区",
    "city_kana": "シズオカシシミズク",
    "town": "長崎南町",
    "town_kana": "ナガサキミナミチョウ",
    "street": null,
    "office_name": null,
    "office_name_kana": null
  },
  "0101": {
    "postcode": "4240101",
    "prefecture": "静岡県",
    "prefecture_kana": "シズオカケン",
    "prefecture_code": 22,
    "city": "静岡市清水区",
    "city_kana": "シズオカシシミズク",
    "town": "茂畑",
    "town_kana": "モバタ",
    "street": null,
    "office_name": null,
    "office_name_kana": null
  },
  "0102": {
    "postcode": "4240102",
    "prefecture": "静岡県",
    "prefecture_kana": "シズオカケン",
    "prefecture_code": 22,
    "city": "静岡市清水区",
    "city_kana": "シズオカシシミズク",
    "town": "広瀬",
    "town_kana": "ヒロセ",
    "street": null,
    "office_name": null,
    "office_name_kana": null
  },
  "0103": {
    "postcode": "4240103",
    "prefecture": "静岡県",
    "prefecture_kana": "シズオカケン",
    "prefecture_code": 22,
    "city": "静岡市清水区",
    "city_kana": "シズオカシシミズク",
    "town": "尾羽",
    "town_kana": "オバネ",
    "street": null,
    "office_name": null,
    "office_name_kana": null
  },
  "0104": {
    "postcode": "4240104",
    "prefecture": "静岡県",
    "prefecture_kana": "シズオカケン",
    "prefecture_code": 22,
    "city": "静岡市清水区",
    "city_kana": "シズオカシシミズク",
    "town": "草ケ谷",
    "town_kana": "クサガヤ",
    "street": null,
    "office_name": null,
    "office_name_kana": null
  },
  "0105": {
    "postcode": "4240105",
    "prefecture": "静岡県",
    "prefecture_kana": "シズオカケン",
    "prefecture_code": 22,
    "city": "静岡市清水区",
    "city_kana": "シズオカシシミズク",
    "town": "山切",
    "town_kana": "ヤマキリ",
    "street": null,
    "office_name": null,
    "office_name_kana": null
  },
  "0106": {
    "postcode": "4240106",
    "prefecture": "静岡県",
    "prefecture_kana": "シズオカケン",
    "prefecture_code": 22,
    "city": "静岡市清水区",
    "city_kana": "シズオカシシミズク",
    "town": "杉山",
    "town_kana": "スギヤマ",
    "street": null,
    "office_name": null,
    "office_name_kana": null
  },
  "0107": {
    "postcode": "4240107",
    "prefecture": "静岡県",
    "prefecture_kana": "シズオカケン",
    "prefecture_code": 22,
    "city": "静岡市清水区",
    "city_kana": "シズオカシシミズク",
    "town": "新丹谷",
    "town_kana": "アラタンヤ",
    "street": null,
    "office_name": null,
    "office_name_kana": null
  },
  "0111": {
    "postcode": "4240111",
    "prefecture": "静岡県",
    "prefecture_kana": "シズオカケン",
    "prefecture_code": 22,
    "city": "静岡市清水区",
    "city_kana": "シズオカシシミズク",
    "town": "吉原",
    "town_kana": "ヨシワラ",
    "street": null,
    "office_name": null,
    "office_name_kana": null
  },
  "0112": {
    "postcode": "4240112",
    "prefecture": "静岡県",
    "prefecture_kana": "シズオカケン",
    "prefecture_code": 22,
    "city": "静岡市清水区",
    "city_kana": "シズオカシシミズク",
    "town": "伊佐布",
    "town_kana": "イサブ",
    "street": null,
    "office_name": null,
    "office_name_kana": null
  },
  "0113": {
    "postcode": "4240113",
    "prefecture": "静岡県",
    "prefecture_kana": "シズオカケン",
    "prefecture_code": 22,
    "city": "静岡市清水区",
    "city_kana": "シズオカシシミズク",
    "town": "原",
    "town_kana": "ハラ",
    "street": null,
    "office_name": null,
    "office_name_kana": null
  },
  "0114": {
    "postcode": "4240114",
    "prefecture": "静岡県",
    "prefecture_kana": "シズオカケン",
    "prefecture_code": 22,
    "city": "静岡市清水区",
    "city_kana": "シズオカシシミズク",
    "town": "庵原町",
    "town_kana": "イハラチョウ",
    "street": null,
    "office_name": null,
    "office_name_kana": null
  },
  "0192": {
    "postcode": "4240192",
    "prefecture": "静岡県",
    "prefecture_kana": "シズオカケン",
    "prefecture_code": 22,
    "city": "静岡市清水区",
    "city_kana": "シズオカシシミズク",
    "town": "庵原町",
    "town_kana": "イハラチョウ",
    "street": "１",
    "office_name": "清水農業協同組合",
    "office_name_kana": "シミズノウギヨウキヨウドウクミアイ"
  },
  "0193": {
    "postcode": "4240193",
    "prefecture": "静岡県",
    "prefecture_kana": "シズオカケン",
    "prefecture_code": 22,
    "city": "静岡市清水区",
    "city_kana": "シズオカシシミズク",
    "town": "庵原町",
    "town_kana": "イハラチョウ",
    "street": "５７８−１",
    "office_name": "ＪＡ静岡厚生連　清水厚生病院",
    "office_name_kana": "ジエイエ-シズオカコウセイレン シミズコウセイビヨウイン"
  },
  "0201": {
    "postcode": "4240201",
    "prefecture": "静岡県",
    "prefecture_kana": "シズオカケン",
    "prefecture_code": 22,
    "city": "静岡市清水区",
    "city_kana": "シズオカシシミズク",
    "town": "承元寺町",
    "town_kana": "ショウゲンジチョウ",
    "street": null,
    "office_name": null,
    "office_name_kana": null
  },
  "0202": {
    "postcode": "4240202",
    "prefecture": "静岡県",
    "prefecture_kana": "シズオカケン",
    "prefecture_code": 22,
    "city": "静岡市清水区",
    "city_kana": "シズオカシシミズク",
    "town": "興津井上町",
    "town_kana": "オキツイノウエチョウ",
    "street": null,
    "office_name": null,
    "office_name_kana": null
  },
  "0203": {
    "postcode": "4240203",
    "prefecture": "静岡県",
    "prefecture_kana": "シズオカケン",
    "prefecture_code": 22,
    "city": "静岡市清水区",
    "city_kana": "シズオカシシミズク",
    "town": "興津東町",
    "town_kana": "オキツアズマチョウ",
    "street": null,
    "office_name": null,
    "office_name_kana": null
  },
  "0204": {
    "postcode": "4240204",
    "prefecture": "静岡県",
    "prefecture_kana": "シズオカケン",
    "prefecture_code": 22,
    "city": "静岡市清水区",
    "city_kana": "シズオカシシミズク",
    "town": "興津中町",
    "town_kana": "オキツナカチョウ",
    "street": null,
    "office_name": null,
    "office_name_kana": null
  },
  "0205": {
    "postcode": "4240205",
    "prefecture": "静岡県",
    "prefecture_kana": "シズオカケン",
    "prefecture_code": 22,
    "city": "静岡市清水区",
    "city_kana": "シズオカシシミズク",
    "town": "興津本町",
    "town_kana": "オキツホンチョウ",
    "street": null,
    "office_name": null,
    "office_name_kana": null
  },
  "0206": {
    "postcode": "4240206",
    "prefecture": "静岡県",
    "prefecture_kana": "シズオカケン",
    "prefecture_code": 22,
    "city": "静岡市清水区",
    "city_kana": "シズオカシシミズク",
    "town": "興津清見寺町",
    "town_kana": "オキツセイケンジチョウ",
    "street": null,
    "office_name": null,
    "office_name_kana": null
  },
  "0211": {
    "postcode": "4240211",
    "prefecture": "静岡県",
    "prefecture_kana": "シズオカケン",
    "prefecture_code": 22,
    "city": "静岡市清水区",
    "city_kana": "シズオカシシミズク",
    "town": "谷津町",
    "town_kana": "ヤツチョウ",
    "street": null,
    "office_name": null,
    "office_name_kana": null
  },
  "0212": {
    "postcode": "4240212",
    "prefecture": "静岡県",
    "prefecture_kana": "シズオカケン",
    "prefecture_code": 22,
    "city": "静岡市清水区",
    "city_kana": "シズオカシシミズク",
    "town": "八木間町",
    "town_kana": "ヤギマチョウ",
    "street": null,
    "office_name": null,
    "office_name_kana": null
  },
  "0292": {
    "postcode": "4240292",
    "prefecture": "静岡県",
    "prefecture_kana": "シズオカケン",
    "prefecture_code": 22,
    "city": "静岡市清水区",
    "city_kana": "シズオカシシミズク",
    "town": "興津中町",
    "town_kana": "オキツナカチョウ",
    "street": "４８５番地の６",
    "office_name": "独立行政法人　農業・食品産業技術総合研究機構　果樹研究所カンキツ研究興津拠点",
    "office_name_kana": "ドクリツギヨウセイホウジン ノウギヨウ・シヨクヒンサンギヨウギジユツソウゴウケンキユウキコウ カジユケンキユウシヨカンキツケンキユウオキツキヨテン"
  },
  "0301": {
    "postcode": "4240301",
    "prefecture": "静岡県",
    "prefecture_kana": "シズオカケン",
    "prefecture_code": 22,
    "city": "静岡市清水区",
    "city_kana": "シズオカシシミズク",
    "town": "宍原",
    "town_kana": "シシハラ",
    "street": null,
    "office_name": null,
    "office_name_kana": null
  },
  "0302": {
    "postcode": "4240302",
    "prefecture": "静岡県",
    "prefecture_kana": "シズオカケン",
    "prefecture_code": 22,
    "city": "静岡市清水区",
    "city_kana": "シズオカシシミズク",
    "town": "小河内",
    "town_kana": "コゴウチ",
    "street": null,
    "office_name": null,
    "office_name_kana": null
  },
  "0303": {
    "postcode": "4240303",
    "prefecture": "静岡県",
    "prefecture_kana": "シズオカケン",
    "prefecture_code": 22,
    "city": "静岡市清水区",
    "city_kana": "シズオカシシミズク",
    "town": "但沼町",
    "town_kana": "タダヌマチョウ",
    "street": null,
    "office_name": null,
    "office_name_kana": null
  },
  "0304": {
    "postcode": "4240304",
    "prefecture": "静岡県",
    "prefecture_kana": "シズオカケン",
    "prefecture_code": 22,
    "city": "静岡市清水区",
    "city_kana": "シズオカシシミズク",
    "town": "立花",
    "town_kana": "タチバナ",
    "street": null,
    "office_name": null,
    "office_name_kana": null
  },
  "0305": {
    "postcode": "4240305",
    "prefecture": "静岡県",
    "prefecture_kana": "シズオカケン",
    "prefecture_code": 22,
    "city": "静岡市清水区",
    "city_kana": "シズオカシシミズク",
    "town": "小島町",
    "town_kana": "オジマチョウ",
    "street": null,
    "office_name": null,
    "office_name_kana": null
  },
  "0306": {
    "postcode": "4240306",
    "prefecture": "静岡県",
    "prefecture_kana": "シズオカケン",
    "prefecture_code": 22,
    "city": "静岡市清水区",
    "city_kana": "シズオカシシミズク",
    "town": "小島本町",
    "town_kana": "オジマホンチョウ",
    "street": null,
    "office_name": null,
    "office_name_kana": null
  },
  "0401": {
    "postcode": "4240401",
    "prefecture": "静岡県",
    "prefecture_kana": "シズオカケン",
    "prefecture_code": 22,
    "city": "静岡市清水区",
    "city_kana": "シズオカシシミズク",
    "town": "中河内",
    "town_kana": "ナカゴウチ",
    "street": null,
    "office_name": null,
    "office_name_kana": null
  },
  "0402": {
    "postcode": "4240402",
    "prefecture": "静岡県",
    "prefecture_kana": "シズオカケン",
    "prefecture_code": 22,
    "city": "静岡市清水区",
    "city_kana": "シズオカシシミズク",
    "town": "清地",
    "town_kana": "キヨジ",
    "street": null,
    "office_name": null,
    "office_name_kana": null
  },
  "0403": {
    "postcode": "4240403",
    "prefecture": "静岡県",
    "prefecture_kana": "シズオカケン",
    "prefecture_code": 22,
    "city": "静岡市清水区",
    "city_kana": "シズオカシシミズク",
    "town": "和田島",
    "town_kana": "ワダシマ",
    "street": null,
    "office_name": null,
    "office_name_kana": null
  },
  "0404": {
    "postcode": "4240404",
    "prefecture": "静岡県",
    "prefecture_kana": "シズオカケン",
    "prefecture_code": 22,
    "city": "静岡市清水区",
    "city_kana": "シズオカシシミズク",
    "town": "高山",
    "town_kana": "タカヤマ",
    "street": null,
    "office_name": null,
    "office_name_kana": null
  },
  "0405": {
    "postcode": "4240405",
    "prefecture": "静岡県",
    "prefecture_kana": "シズオカケン",
    "prefecture_code": 22,
    "city": "静岡市清水区",
    "city_kana": "シズオカシシミズク",
    "town": "茂野島",
    "town_kana": "シゲノシマ",
    "street": null,
    "office_name": null,
    "office_name_kana": null
  },
  "0406": {
    "postcode": "4240406",
    "prefecture": "静岡県",
    "prefecture_kana": "シズオカケン",
    "prefecture_code": 22,
    "city": "静岡市清水区",
    "city_kana": "シズオカシシミズク",
    "town": "葛沢",
    "town_kana": "トズラサワ",
    "street": null,
    "office_name": null,
    "office_name_kana": null
  },
  "0411": {
    "postcode": "4240411",
    "prefecture": "静岡県",
    "prefecture_kana": "シズオカケン",
    "prefecture_code": 22,
    "city": "静岡市清水区",
    "city_kana": "シズオカシシミズク",
    "town": "大平",
    "town_kana": "オオヒラ",
    "street": null,
    "office_name": null,
    "office_name_kana": null
  },
  "0412": {
    "postcode": "4240412",
    "prefecture": "静岡県",
    "prefecture_kana": "シズオカケン",
    "prefecture_code": 22,
    "city": "静岡市清水区",
    "city_kana": "シズオカシシミズク",
    "town": "河内",
    "town_kana": "コウチ",
    "street": null,
    "office_name": null,
    "office_name_kana": null
  },
  "0413": {
    "postcode": "4240413",
    "prefecture": "静岡県",
    "prefecture_kana": "シズオカケン",
    "prefecture_code": 22,
    "city": "静岡市清水区",
    "city_kana": "シズオカシシミズク",
    "town": "西里",
    "town_kana": "ニシザト",
    "street": null,
    "office_name": null,
    "office_name_kana": null
  },
  "0414": {
    "postcode": "4240414",
    "prefecture": "静岡県",
    "prefecture_kana": "シズオカケン",
    "prefecture_code": 22,
    "city": "静岡市清水区",
    "city_kana": "シズオカシシミズク",
    "town": "土",
    "town_kana": "ド",
    "street": null,
    "office_name": null,
    "office_name_kana": null
  },
  "0415": {
    "postcode": "4240415",
    "prefecture": "静岡県",
    "prefecture_kana": "シズオカケン",
    "prefecture_code": 22,
    "city": "静岡市清水区",
    "city_kana": "シズオカシシミズク",
    "town": "布沢",
    "town_kana": "ヌノザワ",
    "street": null,
    "office_name": null,
    "office_name_kana": null
  },
  "0801": {
    "postcode": "4240801",
    "prefecture": "静岡県",
    "prefecture_kana": "シズオカケン",
    "prefecture_code": 22,
    "city": "静岡市清水区",
    "city_kana": "シズオカシシミズク",
    "town": "秋吉町",
    "town_kana": "アキヨシチョウ",
    "street": null,
    "office_name": null,
    "office_name_kana": null
  },
  "0802": {
    "postcode": "4240802",
    "prefecture": "静岡県",
    "prefecture_kana": "シズオカケン",
    "prefecture_code": 22,
    "city": "静岡市清水区",
    "city_kana": "シズオカシシミズク",
    "town": "矢倉町",
    "town_kana": "ヤグラチョウ",
    "street": null,
    "office_name": null,
    "office_name_kana": null
  },
  "0803": {
    "postcode": "4240803",
    "prefecture": "静岡県",
    "prefecture_kana": "シズオカケン",
    "prefecture_code": 22,
    "city": "静岡市清水区",
    "city_kana": "シズオカシシミズク",
    "town": "宮下町",
    "town_kana": "ミヤシタチョウ",
    "street": null,
    "office_name": null,
    "office_name_kana": null
  },
  "0804": {
    "postcode": "4240804",
    "prefecture": "静岡県",
    "prefecture_kana": "シズオカケン",
    "prefecture_code": 22,
    "city": "静岡市清水区",
    "city_kana": "シズオカシシミズク",
    "town": "田町",
    "town_kana": "タマチ",
    "street": null,
    "office_name": null,
    "office_name_kana": null
  },
  "0805": {
    "postcode": "4240805",
    "prefecture": "静岡県",
    "prefecture_kana": "シズオカケン",
    "prefecture_code": 22,
    "city": "静岡市清水区",
    "city_kana": "シズオカシシミズク",
    "town": "愛染町",
    "town_kana": "アイゾメチョウ",
    "street": null,
    "office_name": null,
    "office_name_kana": null
  },
  "0806": {
    "postcode": "4240806",
    "prefecture": "静岡県",
    "prefecture_kana": "シズオカケン",
    "prefecture_code": 22,
    "city": "静岡市清水区",
    "city_kana": "シズオカシシミズク",
    "town": "辻",
    "town_kana": "ツジ",
    "street": null,
    "office_name": null,
    "office_name_kana": null
  },
  "0807": {
    "postcode": "4240807",
    "prefecture": "静岡県",
    "prefecture_kana": "シズオカケン",
    "prefecture_code": 22,
    "city": "静岡市清水区",
    "city_kana": "シズオカシシミズク",
    "town": "宮代町",
    "town_kana": "ミヤシロチョウ",
    "street": null,
    "office_name": null,
    "office_name_kana": null
  },
  "0808": {
    "postcode": "4240808",
    "prefecture": "静岡県",
    "prefecture_kana": "シズオカケン",
    "prefecture_code": 22,
    "city": "静岡市清水区",
    "city_kana": "シズオカシシミズク",
    "town": "大手",
    "town_kana": "オオテ",
    "street": null,
    "office_name": null,
    "office_name_kana": null
  },
  "0809": {
    "postcode": "4240809",
    "prefecture": "静岡県",
    "prefecture_kana": "シズオカケン",
    "prefecture_code": 22,
    "city": "静岡市清水区",
    "city_kana": "シズオカシシミズク",
    "town": "天神",
    "town_kana": "テンジン",
    "street": null,
    "office_name": null,
    "office_name_kana": null
  },
  "0811": {
    "postcode": "4240811",
    "prefecture": "静岡県",
    "prefecture_kana": "シズオカケン",
    "prefecture_code": 22,
    "city": "静岡市清水区",
    "city_kana": "シズオカシシミズク",
    "town": "二の丸町",
    "town_kana": "ニノマルチョウ",
    "street": null,
    "office_name": null,
    "office_name_kana": null
  },
  "0812": {
    "postcode": "4240812",
    "prefecture": "静岡県",
    "prefecture_kana": "シズオカケン",
    "prefecture_code": 22,
    "city": "静岡市清水区",
    "city_kana": "シズオカシシミズク",
    "town": "小芝町",
    "town_kana": "オシバチョウ",
    "street": null,
    "office_name": null,
    "office_name_kana": null
  },
  "0813": {
    "postcode": "4240813",
    "prefecture": "静岡県",
    "prefecture_kana": "シズオカケン",
    "prefecture_code": 22,
    "city": "静岡市清水区",
    "city_kana": "シズオカシシミズク",
    "town": "宝町",
    "town_kana": "タカラチョウ",
    "street": null,
    "office_name": null,
    "office_name_kana": null
  },
  "0814": {
    "postcode": "4240814",
    "prefecture": "静岡県",
    "prefecture_kana": "シズオカケン",
    "prefecture_code": 22,
    "city": "静岡市清水区",
    "city_kana": "シズオカシシミズク",
    "town": "本郷町",
    "town_kana": "ホンゴウチョウ",
    "street": null,
    "office_name": null,
    "office_name_kana": null
  },
  "0815": {
    "postcode": "4240815",
    "prefecture": "静岡県",
    "prefecture_kana": "シズオカケン",
    "prefecture_code": 22,
    "city": "静岡市清水区",
    "city_kana": "シズオカシシミズク",
    "town": "江尻東",
    "town_kana": "エジリヒガシ",
    "street": null,
    "office_name": null,
    "office_name_kana": null
  },
  "0816": {
    "postcode": "4240816",
    "prefecture": "静岡県",
    "prefecture_kana": "シズオカケン",
    "prefecture_code": 22,
    "city": "静岡市清水区",
    "city_kana": "シズオカシシミズク",
    "town": "真砂町",
    "town_kana": "マサゴチョウ",
    "street": null,
    "office_name": null,
    "office_name_kana": null
  },
  "0817": {
    "postcode": "4240817",
    "prefecture": "静岡県",
    "prefecture_kana": "シズオカケン",
    "prefecture_code": 22,
    "city": "静岡市清水区",
    "city_kana": "シズオカシシミズク",
    "town": "銀座",
    "town_kana": "ギンザ",
    "street": null,
    "office_name": null,
    "office_name_kana": null
  },
  "0818": {
    "postcode": "4240818",
    "prefecture": "静岡県",
    "prefecture_kana": "シズオカケン",
    "prefecture_code": 22,
    "city": "静岡市清水区",
    "city_kana": "シズオカシシミズク",
    "town": "江尻町",
    "town_kana": "エジリチョウ",
    "street": null,
    "office_name": null,
    "office_name_kana": null
  },
  "0819": {
    "postcode": "4240819",
    "prefecture": "静岡県",
    "prefecture_kana": "シズオカケン",
    "prefecture_code": 22,
    "city": "静岡市清水区",
    "city_kana": "シズオカシシミズク",
    "town": "元城町",
    "town_kana": "モトシロチョウ",
    "street": null,
    "office_name": null,
    "office_name_kana": null
  },
  "0821": {
    "postcode": "4240821",
    "prefecture": "静岡県",
    "prefecture_kana": "シズオカケン",
    "prefecture_code": 22,
    "city": "静岡市清水区",
    "city_kana": "シズオカシシミズク",
    "town": "相生町",
    "town_kana": "アイオイチョウ",
    "street": null,
    "office_name": null,
    "office_name_kana": null
  },
  "0822": {
    "postcode": "4240822",
    "prefecture": "静岡県",
    "prefecture_kana": "シズオカケン",
    "prefecture_code": 22,
    "city": "静岡市清水区",
    "city_kana": "シズオカシシミズク",
    "town": "旭町",
    "town_kana": "アサヒチョウ",
    "street": null,
    "office_name": null,
    "office_name_kana": null
  },
  "0823": {
    "postcode": "4240823",
    "prefecture": "静岡県",
    "prefecture_kana": "シズオカケン",
    "prefecture_code": 22,
    "city": "静岡市清水区",
    "city_kana": "シズオカシシミズク",
    "town": "島崎町",
    "town_kana": "シマザキチョウ",
    "street": null,
    "office_name": null,
    "office_name_kana": null
  },
  "0824": {
    "postcode": "4240824",
    "prefecture": "静岡県",
    "prefecture_kana": "シズオカケン",
    "prefecture_code": 22,
    "city": "静岡市清水区",
    "city_kana": "シズオカシシミズク",
    "town": "新港町",
    "town_kana": "シンミナトチョウ",
    "street": null,
    "office_name": null,
    "office_name_kana": null
  },
  "0825": {
    "postcode": "4240825",
    "prefecture": "静岡県",
    "prefecture_kana": "シズオカケン",
    "prefecture_code": 22,
    "city": "静岡市清水区",
    "city_kana": "シズオカシシミズク",
    "town": "松原町",
    "town_kana": "マツバラチョウ",
    "street": null,
    "office_name": null,
    "office_name_kana": null
  },
  "0826": {
    "postcode": "4240826",
    "prefecture": "静岡県",
    "prefecture_kana": "シズオカケン",
    "prefecture_code": 22,
    "city": "静岡市清水区",
    "city_kana": "シズオカシシミズク",
    "town": "万世町",
    "town_kana": "マンセイチョウ",
    "street": null,
    "office_name": null,
    "office_name_kana": null
  },
  "0827": {
    "postcode": "4240827",
    "prefecture": "静岡県",
    "prefecture_kana": "シズオカケン",
    "prefecture_code": 22,
    "city": "静岡市清水区",
    "city_kana": "シズオカシシミズク",
    "town": "上",
    "town_kana": "カミ",
    "street": null,
    "office_name": null,
    "office_name_kana": null
  },
  "0828": {
    "postcode": "4240828",
    "prefecture": "静岡県",
    "prefecture_kana": "シズオカケン",
    "prefecture_code": 22,
    "city": "静岡市清水区",
    "city_kana": "シズオカシシミズク",
    "town": "千歳町",
    "town_kana": "チトセチョウ",
    "street": null,
    "office_name": null,
    "office_name_kana": null
  },
  "0829": {
    "postcode": "4240829",
    "prefecture": "静岡県",
    "prefecture_kana": "シズオカケン",
    "prefecture_code": 22,
    "city": "静岡市清水区",
    "city_kana": "シズオカシシミズク",
    "town": "巴町",
    "town_kana": "トモエチョウ",
    "street": null,
    "office_name": null,
    "office_name_kana": null
  },
  "0831": {
    "postcode": "4240831",
    "prefecture": "静岡県",
    "prefecture_kana": "シズオカケン",
    "prefecture_code": 22,
    "city": "静岡市清水区",
    "city_kana": "シズオカシシミズク",
    "town": "入江",
    "town_kana": "イリエ",
    "street": null,
    "office_name": null,
    "office_name_kana": null
  },
  "0832": {
    "postcode": "4240832",
    "prefecture": "静岡県",
    "prefecture_kana": "シズオカケン",
    "prefecture_code": 22,
    "city": "静岡市清水区",
    "city_kana": "シズオカシシミズク",
    "town": "入江南町",
    "town_kana": "イリエミナミチョウ",
    "street": null,
    "office_name": null,
    "office_name_kana": null
  },
  "0833": {
    "postcode": "4240833",
    "prefecture": "静岡県",
    "prefecture_kana": "シズオカケン",
    "prefecture_code": 22,
    "city": "静岡市清水区",
    "city_kana": "シズオカシシミズク",
    "town": "新富町",
    "town_kana": "シントミチョウ",
    "street": null,
    "office_name": null,
    "office_name_kana": null
  },
  "0834": {
    "postcode": "4240834",
    "prefecture": "静岡県",
    "prefecture_kana": "シズオカケン",
    "prefecture_code": 22,
    "city": "静岡市清水区",
    "city_kana": "シズオカシシミズク",
    "town": "浜田町",
    "town_kana": "ハマダチョウ",
    "street": null,
    "office_name": null,
    "office_name_kana": null
  },
  "0835": {
    "postcode": "4240835",
    "prefecture": "静岡県",
    "prefecture_kana": "シズオカケン",
    "prefecture_code": 22,
    "city": "静岡市清水区",
    "city_kana": "シズオカシシミズク",
    "town": "上清水町",
    "town_kana": "カミシミズチョウ",
    "street": null,
    "office_name": null,
    "office_name_kana": null
  },
  "0836": {
    "postcode": "4240836",
    "prefecture": "静岡県",
    "prefecture_kana": "シズオカケン",
    "prefecture_code": 22,
    "city": "静岡市清水区",
    "city_kana": "シズオカシシミズク",
    "town": "桜が丘町",
    "town_kana": "サクラガオカチョウ",
    "street": null,
    "office_name": null,
    "office_name_kana": null
  },
  "0837": {
    "postcode": "4240837",
    "prefecture": "静岡県",
    "prefecture_kana": "シズオカケン",
    "prefecture_code": 22,
    "city": "静岡市清水区",
    "city_kana": "シズオカシシミズク",
    "town": "桜橋町",
    "town_kana": "サクラバシチョウ",
    "street": null,
    "office_name": null,
    "office_name_kana": null
  },
  "0838": {
    "postcode": "4240838",
    "prefecture": "静岡県",
    "prefecture_kana": "シズオカケン",
    "prefecture_code": 22,
    "city": "静岡市清水区",
    "city_kana": "シズオカシシミズク",
    "town": "淡島町",
    "town_kana": "アワシマチョウ",
    "street": null,
    "office_name": null,
    "office_name_kana": null
  },
  "0839": {
    "postcode": "4240839",
    "prefecture": "静岡県",
    "prefecture_kana": "シズオカケン",
    "prefecture_code": 22,
    "city": "静岡市清水区",
    "city_kana": "シズオカシシミズク",
    "town": "入江岡町",
    "town_kana": "イリエオカチョウ",
    "street": null,
    "office_name": null,
    "office_name_kana": null
  },
  "0841": {
    "postcode": "4240841",
    "prefecture": "静岡県",
    "prefecture_kana": "シズオカケン",
    "prefecture_code": 22,
    "city": "静岡市清水区",
    "city_kana": "シズオカシシミズク",
    "town": "追分",
    "town_kana": "オイワケ",
    "street": null,
    "office_name": null,
    "office_name_kana": null
  },
  "0842": {
    "postcode": "4240842",
    "prefecture": "静岡県",
    "prefecture_kana": "シズオカケン",
    "prefecture_code": 22,
    "city": "静岡市清水区",
    "city_kana": "シズオカシシミズク",
    "town": "春日",
    "town_kana": "カスガ",
    "street": null,
    "office_name": null,
    "office_name_kana": null
  },
  "0843": {
    "postcode": "4240843",
    "prefecture": "静岡県",
    "prefecture_kana": "シズオカケン",
    "prefecture_code": 22,
    "city": "静岡市清水区",
    "city_kana": "シズオカシシミズク",
    "town": "青葉町",
    "town_kana": "アオバチョウ",
    "street": null,
    "office_name": null,
    "office_name_kana": null
  },
  "0844": {
    "postcode": "4240844",
    "prefecture": "静岡県",
    "prefecture_kana": "シズオカケン",
    "prefecture_code": 22,
    "city": "静岡市清水区",
    "city_kana": "シズオカシシミズク",
    "town": "西高町",
    "town_kana": "ニシタカチョウ",
    "street": null,
    "office_name": null,
    "office_name_kana": null
  },
  "0845": {
    "postcode": "4240845",
    "prefecture": "静岡県",
    "prefecture_kana": "シズオカケン",
    "prefecture_code": 22,
    "city": "静岡市清水区",
    "city_kana": "シズオカシシミズク",
    "town": "船原",
    "town_kana": "フナバラ",
    "street": null,
    "office_name": null,
    "office_name_kana": null
  },
  "0846": {
    "postcode": "4240846",
    "prefecture": "静岡県",
    "prefecture_kana": "シズオカケン",
    "prefecture_code": 22,
    "city": "静岡市清水区",
    "city_kana": "シズオカシシミズク",
    "town": "木の下町",
    "town_kana": "キノシタチョウ",
    "street": null,
    "office_name": null,
    "office_name_kana": null
  },
  "0847": {
    "postcode": "4240847",
    "prefecture": "静岡県",
    "prefecture_kana": "シズオカケン",
    "prefecture_code": 22,
    "city": "静岡市清水区",
    "city_kana": "シズオカシシミズク",
    "town": "大坪",
    "town_kana": "オオツボ",
    "street": null,
    "office_name": null,
    "office_name_kana": null
  },
  "0851": {
    "postcode": "4240851",
    "prefecture": "静岡県",
    "prefecture_kana": "シズオカケン",
    "prefecture_code": 22,
    "city": "静岡市清水区",
    "city_kana": "シズオカシシミズク",
    "town": "堂林",
    "town_kana": "ドウバヤシ",
    "street": null,
    "office_name": null,
    "office_name_kana": null
  },
  "0852": {
    "postcode": "4240852",
    "prefecture": "静岡県",
    "prefecture_kana": "シズオカケン",
    "prefecture_code": 22,
    "city": "静岡市清水区",
    "city_kana": "シズオカシシミズク",
    "town": "神田町",
    "town_kana": "カンダチョウ",
    "street": null,
    "office_name": null,
    "office_name_kana": null
  },
  "0853": {
    "postcode": "4240853",
    "prefecture": "静岡県",
    "prefecture_kana": "シズオカケン",
    "prefecture_code": 22,
    "city": "静岡市清水区",
    "city_kana": "シズオカシシミズク",
    "town": "月見町",
    "town_kana": "ツキミチョウ",
    "street": null,
    "office_name": null,
    "office_name_kana": null
  },
  "0854": {
    "postcode": "4240854",
    "prefecture": "静岡県",
    "prefecture_kana": "シズオカケン",
    "prefecture_code": 22,
    "city": "静岡市清水区",
    "city_kana": "シズオカシシミズク",
    "town": "中矢部町",
    "town_kana": "ナカヤベチョウ",
    "street": null,
    "office_name": null,
    "office_name_kana": null
  },
  "0855": {
    "postcode": "4240855",
    "prefecture": "静岡県",
    "prefecture_kana": "シズオカケン",
    "prefecture_code": 22,
    "city": "静岡市清水区",
    "city_kana": "シズオカシシミズク",
    "town": "庄福町",
    "town_kana": "ショウフクチョウ",
    "street": null,
    "office_name": null,
    "office_name_kana": null
  },
  "0856": {
    "postcode": "4240856",
    "prefecture": "静岡県",
    "prefecture_kana": "シズオカケン",
    "prefecture_code": 22,
    "city": "静岡市清水区",
    "city_kana": "シズオカシシミズク",
    "town": "上力町",
    "town_kana": "ジョウリキチョウ",
    "street": null,
    "office_name": null,
    "office_name_kana": null
  },
  "0857": {
    "postcode": "4240857",
    "prefecture": "静岡県",
    "prefecture_kana": "シズオカケン",
    "prefecture_code": 22,
    "city": "静岡市清水区",
    "city_kana": "シズオカシシミズク",
    "town": "川原町",
    "town_kana": "カワハラチョウ",
    "street": null,
    "office_name": null,
    "office_name_kana": null
  },
  "0858": {
    "postcode": "4240858",
    "prefecture": "静岡県",
    "prefecture_kana": "シズオカケン",
    "prefecture_code": 22,
    "city": "静岡市清水区",
    "city_kana": "シズオカシシミズク",
    "town": "大沢町",
    "town_kana": "オオサワチョウ",
    "street": null,
    "office_name": null,
    "office_name_kana": null
  },
  "0861": {
    "postcode": "4240861",
    "prefecture": "静岡県",
    "prefecture_kana": "シズオカケン",
    "prefecture_code": 22,
    "city": "静岡市清水区",
    "city_kana": "シズオカシシミズク",
    "town": "船越町",
    "town_kana": "フナコシチョウ",
    "street": null,
    "office_name": null,
    "office_name_kana": null
  },
  "0862": {
    "postcode": "4240862",
    "prefecture": "静岡県",
    "prefecture_kana": "シズオカケン",
    "prefecture_code": 22,
    "city": "静岡市清水区",
    "city_kana": "シズオカシシミズク",
    "town": "船越東町",
    "town_kana": "フナコシヒガシチョウ",
    "street": null,
    "office_name": null,
    "office_name_kana": null
  },
  "0863": {
    "postcode": "4240863",
    "prefecture": "静岡県",
    "prefecture_kana": "シズオカケン",
    "prefecture_code": 22,
    "city": "静岡市清水区",
    "city_kana": "シズオカシシミズク",
    "town": "船越南町",
    "town_kana": "フナコシミナミチョウ",
    "street": null,
    "office_name": null,
    "office_name_kana": null
  },
  "0864": {
    "postcode": "4240864",
    "prefecture": "静岡県",
    "prefecture_kana": "シズオカケン",
    "prefecture_code": 22,
    "city": "静岡市清水区",
    "city_kana": "シズオカシシミズク",
    "town": "南矢部",
    "town_kana": "ミナミヤベ",
    "street": null,
    "office_name": null,
    "office_name_kana": null
  },
  "0865": {
    "postcode": "4240865",
    "prefecture": "静岡県",
    "prefecture_kana": "シズオカケン",
    "prefecture_code": 22,
    "city": "静岡市清水区",
    "city_kana": "シズオカシシミズク",
    "town": "北矢部",
    "town_kana": "キタヤベ",
    "street": null,
    "office_name": null,
    "office_name_kana": null
  },
  "0866": {
    "postcode": "4240866",
    "prefecture": "静岡県",
    "prefecture_kana": "シズオカケン",
    "prefecture_code": 22,
    "city": "静岡市清水区",
    "city_kana": "シズオカシシミズク",
    "town": "船越",
    "town_kana": "フナコシ",
    "street": null,
    "office_name": null,
    "office_name_kana": null
  },
  "0871": {
    "postcode": "4240871",
    "prefecture": "静岡県",
    "prefecture_kana": "シズオカケン",
    "prefecture_code": 22,
    "city": "静岡市清水区",
    "city_kana": "シズオカシシミズク",
    "town": "上原",
    "town_kana": "ウワハラ",
    "street": null,
    "office_name": null,
    "office_name_kana": null
  },
  "0872": {
    "postcode": "4240872",
    "prefecture": "静岡県",
    "prefecture_kana": "シズオカケン",
    "prefecture_code": 22,
    "city": "静岡市清水区",
    "city_kana": "シズオカシシミズク",
    "town": "平川地",
    "town_kana": "ヒラカワジ",
    "street": null,
    "office_name": null,
    "office_name_kana": null
  },
  "0873": {
    "postcode": "4240873",
    "prefecture": "静岡県",
    "prefecture_kana": "シズオカケン",
    "prefecture_code": 22,
    "city": "静岡市清水区",
    "city_kana": "シズオカシシミズク",
    "town": "有東坂",
    "town_kana": "ウトウザカ",
    "street": null,
    "office_name": null,
    "office_name_kana": null
  },
  "0874": {
    "postcode": "4240874",
    "prefecture": "静岡県",
    "prefecture_kana": "シズオカケン",
    "prefecture_code": 22,
    "city": "静岡市清水区",
    "city_kana": "シズオカシシミズク",
    "town": "今泉",
    "town_kana": "イマイズミ",
    "street": null,
    "office_name": null,
    "office_name_kana": null
  },
  "0875": {
    "postcode": "4240875",
    "prefecture": "静岡県",
    "prefecture_kana": "シズオカケン",
    "prefecture_code": 22,
    "city": "静岡市清水区",
    "city_kana": "シズオカシシミズク",
    "town": "馬走",
    "town_kana": "マバセ",
    "street": null,
    "office_name": null,
    "office_name_kana": null
  },
  "0876": {
    "postcode": "4240876",
    "prefecture": "静岡県",
    "prefecture_kana": "シズオカケン",
    "prefecture_code": 22,
    "city": "静岡市清水区",
    "city_kana": "シズオカシシミズク",
    "town": "馬走北",
    "town_kana": "マバセキタ",
    "street": null,
    "office_name": null,
    "office_name_kana": null
  },
  "0877": {
    "postcode": "4240877",
    "prefecture": "静岡県",
    "prefecture_kana": "シズオカケン",
    "prefecture_code": 22,
    "city": "静岡市清水区",
    "city_kana": "シズオカシシミズク",
    "town": "馬走坂の上",
    "town_kana": "マバセサカノウエ",
    "street": null,
    "office_name": null,
    "office_name_kana": null
  },
  "0878": {
    "postcode": "4240878",
    "prefecture": "静岡県",
    "prefecture_kana": "シズオカケン",
    "prefecture_code": 22,
    "city": "静岡市清水区",
    "city_kana": "シズオカシシミズク",
    "town": "御門台",
    "town_kana": "ミカドダイ",
    "street": null,
    "office_name": null,
    "office_name_kana": null
  },
  "0879": {
    "postcode": "4240879",
    "prefecture": "静岡県",
    "prefecture_kana": "シズオカケン",
    "prefecture_code": 22,
    "city": "静岡市清水区",
    "city_kana": "シズオカシシミズク",
    "town": "有度本町",
    "town_kana": "ウドホンチョウ",
    "street": null,
    "office_name": null,
    "office_name_kana": null
  },
  "0881": {
    "postcode": "4240881",
    "prefecture": "静岡県",
    "prefecture_kana": "シズオカケン",
    "prefecture_code": 22,
    "city": "静岡市清水区",
    "city_kana": "シズオカシシミズク",
    "town": "楠",
    "town_kana": "クスノキ",
    "street": null,
    "office_name": null,
    "office_name_kana": null
  },
  "0882": {
    "postcode": "4240882",
    "prefecture": "静岡県",
    "prefecture_kana": "シズオカケン",
    "prefecture_code": 22,
    "city": "静岡市清水区",
    "city_kana": "シズオカシシミズク",
    "town": "楠新田",
    "town_kana": "クスノキシンデン",
    "street": null,
    "office_name": null,
    "office_name_kana": null
  },
  "0883": {
    "postcode": "4240883",
    "prefecture": "静岡県",
    "prefecture_kana": "シズオカケン",
    "prefecture_code": 22,
    "city": "静岡市清水区",
    "city_kana": "シズオカシシミズク",
    "town": "草薙北",
    "town_kana": "クサナギキタ",
    "street": null,
    "office_name": null,
    "office_name_kana": null
  },
  "0884": {
    "postcode": "4240884",
    "prefecture": "静岡県",
    "prefecture_kana": "シズオカケン",
    "prefecture_code": 22,
    "city": "静岡市清水区",
    "city_kana": "シズオカシシミズク",
    "town": "草薙一里山",
    "town_kana": "クサナギイチリヤマ",
    "street": null,
    "office_name": null,
    "office_name_kana": null
  },
  "0885": {
    "postcode": "4240885",
    "prefecture": "静岡県",
    "prefecture_kana": "シズオカケン",
    "prefecture_code": 22,
    "city": "静岡市清水区",
    "city_kana": "シズオカシシミズク",
    "town": "草薙杉道",
    "town_kana": "クサナギスギミチ",
    "street": null,
    "office_name": null,
    "office_name_kana": null
  },
  "0886": {
    "postcode": "4240886",
    "prefecture": "静岡県",
    "prefecture_kana": "シズオカケン",
    "prefecture_code": 22,
    "city": "静岡市清水区",
    "city_kana": "シズオカシシミズク",
    "town": "草薙",
    "town_kana": "クサナギ",
    "street": null,
    "office_name": null,
    "office_name_kana": null
  },
  "0887": {
    "postcode": "4240887",
    "prefecture": "静岡県",
    "prefecture_kana": "シズオカケン",
    "prefecture_code": 22,
    "city": "静岡市清水区",
    "city_kana": "シズオカシシミズク",
    "town": "谷田",
    "town_kana": "ヤダ",
    "street": null,
    "office_name": null,
    "office_name_kana": null
  },
  "0888": {
    "postcode": "4240888",
    "prefecture": "静岡県",
    "prefecture_kana": "シズオカケン",
    "prefecture_code": 22,
    "city": "静岡市清水区",
    "city_kana": "シズオカシシミズク",
    "town": "中之郷",
    "town_kana": "ナカノゴウ",
    "street": null,
    "office_name": null,
    "office_name_kana": null
  },
  "0901": {
    "postcode": "4240901",
    "prefecture": "静岡県",
    "prefecture_kana": "シズオカケン",
    "prefecture_code": 22,
    "city": "静岡市清水区",
    "city_kana": "シズオカシシミズク",
    "town": "三保",
    "town_kana": "ミホ",
    "street": null,
    "office_name": null,
    "office_name_kana": null
  },
  "0902": {
    "postcode": "4240902",
    "prefecture": "静岡県",
    "prefecture_kana": "シズオカケン",
    "prefecture_code": 22,
    "city": "静岡市清水区",
    "city_kana": "シズオカシシミズク",
    "town": "折戸",
    "town_kana": "オリド",
    "street": null,
    "office_name": null,
    "office_name_kana": null
  },
  "0903": {
    "postcode": "4240903",
    "prefecture": "静岡県",
    "prefecture_kana": "シズオカケン",
    "prefecture_code": 22,
    "city": "静岡市清水区",
    "city_kana": "シズオカシシミズク",
    "town": "駒越南町",
    "town_kana": "コマゴエミナミチョウ",
    "street": null,
    "office_name": null,
    "office_name_kana": null
  },
  "0904": {
    "postcode": "4240904",
    "prefecture": "静岡県",
    "prefecture_kana": "シズオカケン",
    "prefecture_code": 22,
    "city": "静岡市清水区",
    "city_kana": "シズオカシシミズク",
    "town": "駒越中",
    "town_kana": "コマゴエナカ",
    "street": null,
    "office_name": null,
    "office_name_kana": null
  },
  "0905": {
    "postcode": "4240905",
    "prefecture": "静岡県",
    "prefecture_kana": "シズオカケン",
    "prefecture_code": 22,
    "city": "静岡市清水区",
    "city_kana": "シズオカシシミズク",
    "town": "駒越西",
    "town_kana": "コマゴエニシ",
    "street": null,
    "office_name": null,
    "office_name_kana": null
  },
  "0906": {
    "postcode": "4240906",
    "prefecture": "静岡県",
    "prefecture_kana": "シズオカケン",
    "prefecture_code": 22,
    "city": "静岡市清水区",
    "city_kana": "シズオカシシミズク",
    "town": "駒越北町",
    "town_kana": "コマゴエキタマチ",
    "street": null,
    "office_name": null,
    "office_name_kana": null
  },
  "0907": {
    "postcode": "4240907",
    "prefecture": "静岡県",
    "prefecture_kana": "シズオカケン",
    "prefecture_code": 22,
    "city": "静岡市清水区",
    "city_kana": "シズオカシシミズク",
    "town": "駒越東町",
    "town_kana": "コマゴエヒガシチョウ",
    "street": null,
    "office_name": null,
    "office_name_kana": null
  },
  "0908": {
    "postcode": "4240908",
    "prefecture": "静岡県",
    "prefecture_kana": "シズオカケン",
    "prefecture_code": 22,
    "city": "静岡市清水区",
    "city_kana": "シズオカシシミズク",
    "town": "三保松原町",
    "town_kana": "ミホマツバラチョウ",
    "street": null,
    "office_name": null,
    "office_name_kana": null
  },
  "0911": {
    "postcode": "4240911",
    "prefecture": "静岡県",
    "prefecture_kana": "シズオカケン",
    "prefecture_code": 22,
    "city": "静岡市清水区",
    "city_kana": "シズオカシシミズク",
    "town": "宮加三",
    "town_kana": "ミヤカミ",
    "street": null,
    "office_name": null,
    "office_name_kana": null
  },
  "0912": {
    "postcode": "4240912",
    "prefecture": "静岡県",
    "prefecture_kana": "シズオカケン",
    "prefecture_code": 22,
    "city": "静岡市清水区",
    "city_kana": "シズオカシシミズク",
    "town": "殿沢",
    "town_kana": "トノサワ",
    "street": null,
    "office_name": null,
    "office_name_kana": null
  },
  "0913": {
    "postcode": "4240913",
    "prefecture": "静岡県",
    "prefecture_kana": "シズオカケン",
    "prefecture_code": 22,
    "city": "静岡市清水区",
    "city_kana": "シズオカシシミズク",
    "town": "迎山町",
    "town_kana": "ムカエヤマチョウ",
    "street": null,
    "office_name": null,
    "office_name_kana": null
  },
  "0914": {
    "postcode": "4240914",
    "prefecture": "静岡県",
    "prefecture_kana": "シズオカケン",
    "prefecture_code": 22,
    "city": "静岡市清水区",
    "city_kana": "シズオカシシミズク",
    "town": "港南町",
    "town_kana": "コウナンチョウ",
    "street": null,
    "office_name": null,
    "office_name_kana": null
  },
  "0915": {
    "postcode": "4240915",
    "prefecture": "静岡県",
    "prefecture_kana": "シズオカケン",
    "prefecture_code": 22,
    "city": "静岡市清水区",
    "city_kana": "シズオカシシミズク",
    "town": "増",
    "town_kana": "ゾウ",
    "street": null,
    "office_name": null,
    "office_name_kana": null
  },
  "0916": {
    "postcode": "4240916",
    "prefecture": "静岡県",
    "prefecture_kana": "シズオカケン",
    "prefecture_code": 22,
    "city": "静岡市清水区",
    "city_kana": "シズオカシシミズク",
    "town": "蛇塚",
    "town_kana": "ヘビツカ",
    "street": null,
    "office_name": null,
    "office_name_kana": null
  },
  "0917": {
    "postcode": "4240917",
    "prefecture": "静岡県",
    "prefecture_kana": "シズオカケン",
    "prefecture_code": 22,
    "city": "静岡市清水区",
    "city_kana": "シズオカシシミズク",
    "town": "駒越",
    "town_kana": "コマゴエ",
    "street": null,
    "office_name": null,
    "office_name_kana": null
  },
  "0921": {
    "postcode": "4240921",
    "prefecture": "静岡県",
    "prefecture_kana": "シズオカケン",
    "prefecture_code": 22,
    "city": "静岡市清水区",
    "city_kana": "シズオカシシミズク",
    "town": "松井町",
    "town_kana": "マツイチョウ",
    "street": null,
    "office_name": null,
    "office_name_kana": null
  },
  "0922": {
    "postcode": "4240922",
    "prefecture": "静岡県",
    "prefecture_kana": "シズオカケン",
    "prefecture_code": 22,
    "city": "静岡市清水区",
    "city_kana": "シズオカシシミズク",
    "town": "日の出町",
    "town_kana": "ヒノデチョウ",
    "street": null,
    "office_name": null,
    "office_name_kana": null
  },
  "0923": {
    "postcode": "4240923",
    "prefecture": "静岡県",
    "prefecture_kana": "シズオカケン",
    "prefecture_code": 22,
    "city": "静岡市清水区",
    "city_kana": "シズオカシシミズク",
    "town": "幸町",
    "town_kana": "サイワイチョウ",
    "street": null,
    "office_name": null,
    "office_name_kana": null
  },
  "0924": {
    "postcode": "4240924",
    "prefecture": "静岡県",
    "prefecture_kana": "シズオカケン",
    "prefecture_code": 22,
    "city": "静岡市清水区",
    "city_kana": "シズオカシシミズク",
    "town": "清開",
    "town_kana": "セイカイ",
    "street": null,
    "office_name": null,
    "office_name_kana": null
  },
  "0925": {
    "postcode": "4240925",
    "prefecture": "静岡県",
    "prefecture_kana": "シズオカケン",
    "prefecture_code": 22,
    "city": "静岡市清水区",
    "city_kana": "シズオカシシミズク",
    "town": "清水村松地先新田",
    "town_kana": "シミズムラマツチサキシンデン",
    "street": null,
    "office_name": null,
    "office_name_kana": null
  },
  "0926": {
    "postcode": "4240926",
    "prefecture": "静岡県",
    "prefecture_kana": "シズオカケン",
    "prefecture_code": 22,
    "city": "静岡市清水区",
    "city_kana": "シズオカシシミズク",
    "town": "村松",
    "town_kana": "ムラマツ",
    "street": null,
    "office_name": null,
    "office_name_kana": null
  },
  "0927": {
    "postcode": "4240927",
    "prefecture": "静岡県",
    "prefecture_kana": "シズオカケン",
    "prefecture_code": 22,
    "city": "静岡市清水区",
    "city_kana": "シズオカシシミズク",
    "town": "新緑町",
    "town_kana": "シンミドリチョウ",
    "street": null,
    "office_name": null,
    "office_name_kana": null
  },
  "0928": {
    "postcode": "4240928",
    "prefecture": "静岡県",
    "prefecture_kana": "シズオカケン",
    "prefecture_code": 22,
    "city": "静岡市清水区",
    "city_kana": "シズオカシシミズク",
    "town": "緑が丘町",
    "town_kana": "ミドリガオカチョウ",
    "street": null,
    "office_name": null,
    "office_name_kana": null
  },
  "0929": {
    "postcode": "4240929",
    "prefecture": "静岡県",
    "prefecture_kana": "シズオカケン",
    "prefecture_code": 22,
    "city": "静岡市清水区",
    "city_kana": "シズオカシシミズク",
    "town": "日立町",
    "town_kana": "ヒタチチョウ",
    "street": null,
    "office_name": null,
    "office_name_kana": null
  },
  "0931": {
    "postcode": "4240931",
    "prefecture": "静岡県",
    "prefecture_kana": "シズオカケン",
    "prefecture_code": 22,
    "city": "静岡市清水区",
    "city_kana": "シズオカシシミズク",
    "town": "岡町",
    "town_kana": "オカマチ",
    "street": null,
    "office_name": null,
    "office_name_kana": null
  },
  "0932": {
    "postcode": "4240932",
    "prefecture": "静岡県",
    "prefecture_kana": "シズオカケン",
    "prefecture_code": 22,
    "city": "静岡市清水区",
    "city_kana": "シズオカシシミズク",
    "town": "南岡町",
    "town_kana": "ミナミオカマチ",
    "street": null,
    "office_name": null,
    "office_name_kana": null
  },
  "0933": {
    "postcode": "4240933",
    "prefecture": "静岡県",
    "prefecture_kana": "シズオカケン",
    "prefecture_code": 22,
    "city": "静岡市清水区",
    "city_kana": "シズオカシシミズク",
    "town": "三光町",
    "town_kana": "サンコウチョウ",
    "street": null,
    "office_name": null,
    "office_name_kana": null
  },
  "0934": {
    "postcode": "4240934",
    "prefecture": "静岡県",
    "prefecture_kana": "シズオカケン",
    "prefecture_code": 22,
    "city": "静岡市清水区",
    "city_kana": "シズオカシシミズク",
    "town": "村松原",
    "town_kana": "ムラマツハラ",
    "street": null,
    "office_name": null,
    "office_name_kana": null
  },
  "0935": {
    "postcode": "4240935",
    "prefecture": "静岡県",
    "prefecture_kana": "シズオカケン",
    "prefecture_code": 22,
    "city": "静岡市清水区",
    "city_kana": "シズオカシシミズク",
    "town": "沼田町",
    "town_kana": "ヌマタチョウ",
    "street": null,
    "office_name": null,
    "office_name_kana": null
  },
  "0936": {
    "postcode": "4240936",
    "prefecture": "静岡県",
    "prefecture_kana": "シズオカケン",
    "prefecture_code": 22,
    "city": "静岡市清水区",
    "city_kana": "シズオカシシミズク",
    "town": "向田町",
    "town_kana": "ムカイダチョウ",
    "street": null,
    "office_name": null,
    "office_name_kana": null
  },
  "0937": {
    "postcode": "4240937",
    "prefecture": "静岡県",
    "prefecture_kana": "シズオカケン",
    "prefecture_code": 22,
    "city": "静岡市清水区",
    "city_kana": "シズオカシシミズク",
    "town": "北矢部町",
    "town_kana": "キタヤベチョウ",
    "street": null,
    "office_name": null,
    "office_name_kana": null
  },
  "0938": {
    "postcode": "4240938",
    "prefecture": "静岡県",
    "prefecture_kana": "シズオカケン",
    "prefecture_code": 22,
    "city": "静岡市清水区",
    "city_kana": "シズオカシシミズク",
    "town": "梅が岡",
    "town_kana": "ウメガオカ",
    "street": null,
    "office_name": null,
    "office_name_kana": null
  },
  "0939": {
    "postcode": "4240939",
    "prefecture": "静岡県",
    "prefecture_kana": "シズオカケン",
    "prefecture_code": 22,
    "city": "静岡市清水区",
    "city_kana": "シズオカシシミズク",
    "town": "下清水町",
    "town_kana": "シモシミズチョウ",
    "street": null,
    "office_name": null,
    "office_name_kana": null
  },
  "0941": {
    "postcode": "4240941",
    "prefecture": "静岡県",
    "prefecture_kana": "シズオカケン",
    "prefecture_code": 22,
    "city": "静岡市清水区",
    "city_kana": "シズオカシシミズク",
    "town": "富士見町",
    "town_kana": "フジミチョウ",
    "street": null,
    "office_name": null,
    "office_name_kana": null
  },
  "0942": {
    "postcode": "4240942",
    "prefecture": "静岡県",
    "prefecture_kana": "シズオカケン",
    "prefecture_code": 22,
    "city": "静岡市清水区",
    "city_kana": "シズオカシシミズク",
    "town": "入船町",
    "town_kana": "イリフネチョウ",
    "street": null,
    "office_name": null,
    "office_name_kana": null
  },
  "0943": {
    "postcode": "4240943",
    "prefecture": "静岡県",
    "prefecture_kana": "シズオカケン",
    "prefecture_code": 22,
    "city": "静岡市清水区",
    "city_kana": "シズオカシシミズク",
    "town": "港町",
    "town_kana": "ミナトチョウ",
    "street": null,
    "office_name": null,
    "office_name_kana": null
  },
  "0944": {
    "postcode": "4240944",
    "prefecture": "静岡県",
    "prefecture_kana": "シズオカケン",
    "prefecture_code": 22,
    "city": "静岡市清水区",
    "city_kana": "シズオカシシミズク",
    "town": "築地町",
    "town_kana": "ツキジチョウ",
    "street": null,
    "office_name": null,
    "office_name_kana": null
  },
  "0945": {
    "postcode": "4240945",
    "prefecture": "静岡県",
    "prefecture_kana": "シズオカケン",
    "prefecture_code": 22,
    "city": "静岡市清水区",
    "city_kana": "シズオカシシミズク",
    "town": "美濃輪町",
    "town_kana": "ミノワチョウ",
    "street": null,
    "office_name": null,
    "office_name_kana": null
  },
  "0946": {
    "postcode": "4240946",
    "prefecture": "静岡県",
    "prefecture_kana": "シズオカケン",
    "prefecture_code": 22,
    "city": "静岡市清水区",
    "city_kana": "シズオカシシミズク",
    "town": "八千代町",
    "town_kana": "ヤチヨチョウ",
    "street": null,
    "office_name": null,
    "office_name_kana": null
  },
  "0947": {
    "postcode": "4240947",
    "prefecture": "静岡県",
    "prefecture_kana": "シズオカケン",
    "prefecture_code": 22,
    "city": "静岡市清水区",
    "city_kana": "シズオカシシミズク",
    "town": "清水町",
    "town_kana": "シミズマチ",
    "street": null,
    "office_name": null,
    "office_name_kana": null
  },
  "0948": {
    "postcode": "4240948",
    "prefecture": "静岡県",
    "prefecture_kana": "シズオカケン",
    "prefecture_code": 22,
    "city": "静岡市清水区",
    "city_kana": "シズオカシシミズク",
    "town": "梅田町",
    "town_kana": "ウメダチョウ",
    "street": null,
    "office_name": null,
    "office_name_kana": null
  },
  "0949": {
    "postcode": "4240949",
    "prefecture": "静岡県",
    "prefecture_kana": "シズオカケン",
    "prefecture_code": 22,
    "city": "静岡市清水区",
    "city_kana": "シズオカシシミズク",
    "town": "本町",
    "town_kana": "ホンマチ",
    "street": null,
    "office_name": null,
    "office_name_kana": null
  },
  "8502": {
    "postcode": "4248502",
    "prefecture": "静岡県",
    "prefecture_kana": "シズオカケン",
    "prefecture_code": 22,
    "city": "静岡市清水区",
    "city_kana": "シズオカシシミズク",
    "town": "北脇",
    "town_kana": "キタワキ",
    "street": "２４２",
    "office_name": "東海溶材　株式会社",
    "office_name_kana": "トウカイヨウザイ カブシキガイシヤ"
  },
  "8503": {
    "postcode": "4248503",
    "prefecture": "静岡県",
    "prefecture_kana": "シズオカケン",
    "prefecture_code": 22,
    "city": "静岡市清水区",
    "city_kana": "シズオカシシミズク",
    "town": "長崎南町",
    "town_kana": "ナガサキミナミチョウ",
    "street": "５番１号",
    "office_name": "静岡スバル自動車　株式会社",
    "office_name_kana": "シズオカスバルジドウシヤ カブシキガイシヤ"
  },
  "8510": {
    "postcode": "4248510",
    "prefecture": "静岡県",
    "prefecture_kana": "シズオカケン",
    "prefecture_code": 22,
    "city": "静岡市清水区",
    "city_kana": "シズオカシシミズク",
    "town": "三保",
    "town_kana": "ミホ",
    "street": "３８７−７",
    "office_name": "株式会社　アイ・テック",
    "office_name_kana": "カブシキガイシヤ アイ・テツク"
  },
  "8511": {
    "postcode": "4248511",
    "prefecture": "静岡県",
    "prefecture_kana": "シズオカケン",
    "prefecture_code": 22,
    "city": "静岡市清水区",
    "city_kana": "シズオカシシミズク",
    "town": "島崎町",
    "town_kana": "シマザキチョウ",
    "street": "１６１番地の１３",
    "office_name": "東洋冷蔵　株式会社（清水）",
    "office_name_kana": "トウヨウレイゾウ カブシキガイシヤ(シミズ)"
  },
  "8550": {
    "postcode": "4248550",
    "prefecture": "静岡県",
    "prefecture_kana": "シズオカケン",
    "prefecture_code": 22,
    "city": "静岡市清水区",
    "city_kana": "シズオカシシミズク",
    "town": "秋吉町",
    "town_kana": "アキヨシチョウ",
    "street": "５−１０",
    "office_name": "静岡県立　清水東高等学校",
    "office_name_kana": "シズオカケンリツ シミズヒガシコウトウガツコウ"
  },
  "8555": {
    "postcode": "4248555",
    "prefecture": "静岡県",
    "prefecture_kana": "シズオカケン",
    "prefecture_code": 22,
    "city": "静岡市清水区",
    "city_kana": "シズオカシシミズク",
    "town": "北脇",
    "town_kana": "キタワキ",
    "street": "２３２",
    "office_name": "菊池建設　株式会社",
    "office_name_kana": "キクチケンセツ カブシキガイシヤ"
  },
  "8558": {
    "postcode": "4248558",
    "prefecture": "静岡県",
    "prefecture_kana": "シズオカケン",
    "prefecture_code": 22,
    "city": "静岡市清水区",
    "city_kana": "シズオカシシミズク",
    "town": "吉川",
    "town_kana": "キッカワ",
    "street": "８１３",
    "office_name": "日本ケミカル工業　株式会社",
    "office_name_kana": "ニホンケミカルコウギヨウ カブシキガイシヤ"
  },
  "8566": {
    "postcode": "4248566",
    "prefecture": "静岡県",
    "prefecture_kana": "シズオカケン",
    "prefecture_code": 22,
    "city": "静岡市清水区",
    "city_kana": "シズオカシシミズク",
    "town": "七ツ新屋",
    "town_kana": "ナナツシンヤ",
    "street": "５０５番地",
    "office_name": "株式会社　駿河生産プラットフォーム",
    "office_name_kana": "カブシキガイシヤ スルガセイサンプラツトフオ-ム"
  },
  "8601": {
    "postcode": "4248601",
    "prefecture": "静岡県",
    "prefecture_kana": "シズオカケン",
    "prefecture_code": 22,
    "city": "静岡市清水区",
    "city_kana": "シズオカシシミズク",
    "town": "桜が丘町",
    "town_kana": "サクラガオカチョウ",
    "street": "１３−２３",
    "office_name": "社会保険　桜ケ丘総合病院",
    "office_name_kana": "シヤカイホケン サクラガオカソウゴウビヨウイン"
  },
  "8602": {
    "postcode": "4248602",
    "prefecture": "静岡県",
    "prefecture_kana": "シズオカケン",
    "prefecture_code": 22,
    "city": "静岡市清水区",
    "city_kana": "シズオカシシミズク",
    "town": "草薙北",
    "town_kana": "クサナギキタ",
    "street": "１−１０",
    "office_name": "静岡コンピューターサービス　株式会社",
    "office_name_kana": "シズオカコンピユ-タ-サ-ビス カブシキガイシヤ"
  },
  "8603": {
    "postcode": "4248603",
    "prefecture": "静岡県",
    "prefecture_kana": "シズオカケン",
    "prefecture_code": 22,
    "city": "静岡市清水区",
    "city_kana": "シズオカシシミズク",
    "town": "三保",
    "town_kana": "ミホ",
    "street": "３８７−１",
    "office_name": "ＪＦＥエンジニアリング　株式会社　清水製作所",
    "office_name_kana": "ジエイエフイ-エンジニアリング カブシキガイシヤ シミズセイサクジヨ"
  },
  "8610": {
    "postcode": "4248610",
    "prefecture": "静岡県",
    "prefecture_kana": "シズオカケン",
    "prefecture_code": 22,
    "city": "静岡市清水区",
    "city_kana": "シズオカシシミズク",
    "town": "折戸",
    "town_kana": "オリド",
    "street": "３丁目２０−１",
    "office_name": "東海大学　清水校舎",
    "office_name_kana": "トウカイダイガク シミズコウシヤ"
  },
  "8611": {
    "postcode": "4248611",
    "prefecture": "静岡県",
    "prefecture_kana": "シズオカケン",
    "prefecture_code": 22,
    "city": "静岡市清水区",
    "city_kana": "シズオカシシミズク",
    "town": "折戸",
    "town_kana": "オリド",
    "street": "３丁目２０−１",
    "office_name": "東海大学付属翔洋中等・高等学校",
    "office_name_kana": "トウカイダイガクフゾクシヨウヨウチユウトウ・コウトウガツコウ"
  },
  "8620": {
    "postcode": "4248620",
    "prefecture": "静岡県",
    "prefecture_kana": "シズオカケン",
    "prefecture_code": 22,
    "city": "静岡市清水区",
    "city_kana": "シズオカシシミズク",
    "town": "三保",
    "town_kana": "ミホ",
    "street": "２３８９",
    "office_name": "東海大学　社会教育センター",
    "office_name_kana": "トウカイダイガク シヤカイキヨウイクセンタ-"
  },
  "8622": {
    "postcode": "4248622",
    "prefecture": "静岡県",
    "prefecture_kana": "シズオカケン",
    "prefecture_code": 22,
    "city": "静岡市清水区",
    "city_kana": "シズオカシシミズク",
    "town": "折戸",
    "town_kana": "オリド",
    "street": "３丁目２−１",
    "office_name": "静岡県立　清水南高等学校",
    "office_name_kana": "シズオカケンリツ シミズミナミコウトウガツコウ"
  },
  "8624": {
    "postcode": "4248624",
    "prefecture": "静岡県",
    "prefecture_kana": "シズオカケン",
    "prefecture_code": 22,
    "city": "静岡市清水区",
    "city_kana": "シズオカシシミズク",
    "town": "中之郷",
    "town_kana": "ナカノゴウ",
    "street": "３丁目２−１",
    "office_name": "学校法人　星美学園",
    "office_name_kana": "ガツコウホウジン セイビガクエン"
  },
  "8631": {
    "postcode": "4248631",
    "prefecture": "静岡県",
    "prefecture_kana": "シズオカケン",
    "prefecture_code": 22,
    "city": "静岡市清水区",
    "city_kana": "シズオカシシミズク",
    "town": "三保",
    "town_kana": "ミホ",
    "street": "３６００",
    "office_name": "三井・デュポンフロロケミカル　株式会社　清水工場",
    "office_name_kana": "ミツイ・デユポンフロロケミカル カブシキガイシヤ シミズコウジヨウ"
  },
  "8633": {
    "postcode": "4248633",
    "prefecture": "静岡県",
    "prefecture_kana": "シズオカケン",
    "prefecture_code": 22,
    "city": "静岡市清水区",
    "city_kana": "シズオカシシミズク",
    "town": "折戸",
    "town_kana": "オリド",
    "street": "５丁目７−１",
    "office_name": "独立行政法人　水産総合研究センター　国際水産資源研究所",
    "office_name_kana": "ドクリツギヨウセイホウジン スイサンソウゴウケンキユウセンタ- コクサイスイサンシゲンケンキユウシヨ"
  },
  "8636": {
    "postcode": "4248636",
    "prefecture": "静岡県",
    "prefecture_kana": "シズオカケン",
    "prefecture_code": 22,
    "city": "静岡市清水区",
    "city_kana": "シズオカシシミズク",
    "town": "宮加三",
    "town_kana": "ミヤカミ",
    "street": "１２３１",
    "office_name": "静岡市立　清水病院",
    "office_name_kana": "シズオカシリツ シミズビヨウイン"
  },
  "8637": {
    "postcode": "4248637",
    "prefecture": "静岡県",
    "prefecture_kana": "シズオカケン",
    "prefecture_code": 22,
    "city": "静岡市清水区",
    "city_kana": "シズオカシシミズク",
    "town": "青葉町",
    "town_kana": "アオバチョウ",
    "street": "５−１",
    "office_name": "静岡県立　清水西高等学校",
    "office_name_kana": "シズオカケンリツ シミズニシコウトウガツコウ"
  },
  "8648": {
    "postcode": "4248648",
    "prefecture": "静岡県",
    "prefecture_kana": "シズオカケン",
    "prefecture_code": 22,
    "city": "静岡市清水区",
    "city_kana": "シズオカシシミズク",
    "town": "中之郷",
    "town_kana": "ナカノゴウ",
    "street": "３丁目６−１",
    "office_name": "大和製缶　株式会社",
    "office_name_kana": "ダイワセイカン カブシキガイシヤ"
  },
  "8650": {
    "postcode": "4248650",
    "prefecture": "静岡県",
    "prefecture_kana": "シズオカケン",
    "prefecture_code": 22,
    "city": "静岡市清水区",
    "city_kana": "シズオカシシミズク",
    "town": "松原町",
    "town_kana": "マツバラチョウ",
    "street": "２−１５",
    "office_name": "静岡地方法務局　清水出張所",
    "office_name_kana": "シズオカチホウホウムキヨク シミズシユツチヨウジヨ"
  },
  "8666": {
    "postcode": "4248666",
    "prefecture": "静岡県",
    "prefecture_kana": "シズオカケン",
    "prefecture_code": 22,
    "city": "静岡市清水区",
    "city_kana": "シズオカシシミズク",
    "town": "日の出町",
    "town_kana": "ヒノデチョウ",
    "street": "４−１８",
    "office_name": "清和海運　株式会社",
    "office_name_kana": "セイワカイウン カブシキガイシヤ"
  },
  "8668": {
    "postcode": "4248668",
    "prefecture": "静岡県",
    "prefecture_kana": "シズオカケン",
    "prefecture_code": 22,
    "city": "静岡市清水区",
    "city_kana": "シズオカシシミズク",
    "town": "村松",
    "town_kana": "ムラマツ",
    "street": "４１",
    "office_name": "株式会社　古川組　静岡支店",
    "office_name_kana": "カブシキガイシヤ フルカワグミ シズオカシテン"
  },
  "8677": {
    "postcode": "4248677",
    "prefecture": "静岡県",
    "prefecture_kana": "シズオカケン",
    "prefecture_code": 22,
    "city": "静岡市清水区",
    "city_kana": "シズオカシシミズク",
    "town": "草薙北",
    "town_kana": "クサナギキタ",
    "street": "２−１",
    "office_name": "株式会社　静岡銀行",
    "office_name_kana": "カブシキガイシヤ シズオカギンコウ"
  },
  "8678": {
    "postcode": "4248678",
    "prefecture": "静岡県",
    "prefecture_kana": "シズオカケン",
    "prefecture_code": 22,
    "city": "静岡市清水区",
    "city_kana": "シズオカシシミズク",
    "town": "折戸",
    "town_kana": "オリド",
    "street": "３丁目１８番１号",
    "office_name": "独立行政法人　海員学校国立清水海上技術短期大学校",
    "office_name_kana": "ドクリツギヨウセイホウジン カイインガツコウ コクリツシミズカイジヨウギジユツタンキダイガツコウ"
  },
  "8686": {
    "postcode": "4248686",
    "prefecture": "静岡県",
    "prefecture_kana": "シズオカケン",
    "prefecture_code": 22,
    "city": "静岡市清水区",
    "city_kana": "シズオカシシミズク",
    "town": "三保",
    "town_kana": "ミホ",
    "street": "４９１−１",
    "office_name": "株式会社　カナサシ重工",
    "office_name_kana": "カブシキガイシヤ カナサシジユウコウ"
  },
  "8688": {
    "postcode": "4248688",
    "prefecture": "静岡県",
    "prefecture_kana": "シズオカケン",
    "prefecture_code": 22,
    "city": "静岡市清水区",
    "city_kana": "シズオカシシミズク",
    "town": "草薙北",
    "town_kana": "クサナギキタ",
    "street": "３−１８",
    "office_name": "協和医科器械　株式会社",
    "office_name_kana": "キヨウワイカキカイ カブシキガイシヤ"
  },
  "8701": {
    "postcode": "4248701",
    "prefecture": "静岡県",
    "prefecture_kana": "シズオカケン",
    "prefecture_code": 22,
    "city": "静岡市清水区",
    "city_kana": "シズオカシシミズク",
    "town": "旭町",
    "town_kana": "アサヒチョウ",
    "street": "６−８",
    "office_name": "静岡市役所　清水庁舎",
    "office_name_kana": "シズオカシヤクシヨ シミズチヨウシヤ"
  },
  "8708": {
    "postcode": "4248708",
    "prefecture": "静岡県",
    "prefecture_kana": "シズオカケン",
    "prefecture_code": 22,
    "city": "静岡市清水区",
    "city_kana": "シズオカシシミズク",
    "town": "長崎",
    "town_kana": "ナガサキ",
    "street": "１１６２",
    "office_name": "村上貿易　株式会社",
    "office_name_kana": "ムラカミボウエキ カブシキガイシヤ"
  },
  "8715": {
    "postcode": "4248715",
    "prefecture": "静岡県",
    "prefecture_kana": "シズオカケン",
    "prefecture_code": 22,
    "city": "静岡市清水区",
    "city_kana": "シズオカシシミズク",
    "town": "天神",
    "town_kana": "テンジン",
    "street": "１丁目８番２５号",
    "office_name": "株式会社　清水銀行",
    "office_name_kana": "カブシキガイシヤ シミズギンコウ"
  },
  "8717": {
    "postcode": "4248717",
    "prefecture": "静岡県",
    "prefecture_kana": "シズオカケン",
    "prefecture_code": 22,
    "city": "静岡市清水区",
    "city_kana": "シズオカシシミズク",
    "town": "松原町",
    "town_kana": "マツバラチョウ",
    "street": "６−１６",
    "office_name": "株式会社　三明",
    "office_name_kana": "カブシキガイシヤ サンメイ"
  },
  "8719": {
    "postcode": "4248719",
    "prefecture": "静岡県",
    "prefecture_kana": "シズオカケン",
    "prefecture_code": 22,
    "city": "静岡市清水区",
    "city_kana": "シズオカシシミズク",
    "town": "馬走",
    "town_kana": "マバセ",
    "street": "１５００−２",
    "office_name": "株式会社　日本平ホテル",
    "office_name_kana": "カブシキガイシヤ ニツポンダイラホテル"
  },
  "8720": {
    "postcode": "4248720",
    "prefecture": "静岡県",
    "prefecture_kana": "シズオカケン",
    "prefecture_code": 22,
    "city": "静岡市清水区",
    "city_kana": "シズオカシシミズク",
    "town": "駒越北町",
    "town_kana": "コマゴエキタマチ",
    "street": "１３−１（清水郵便局私書箱第１５９号）",
    "office_name": "株式会社　ノダ　清水事業所",
    "office_name_kana": "カブシキガイシヤ ノダ シミズジギヨウシヨ"
  },
  "8721": {
    "postcode": "4248721",
    "prefecture": "静岡県",
    "prefecture_kana": "シズオカケン",
    "prefecture_code": 22,
    "city": "静岡市清水区",
    "city_kana": "シズオカシシミズク",
    "town": "万世町",
    "town_kana": "マンセイチョウ",
    "street": "２丁目３−７",
    "office_name": "株式会社　静岡銀行　清水支店",
    "office_name_kana": "カブシキガイシヤ シズオカギンコウ シミズシテン"
  },
  "8724": {
    "postcode": "4248724",
    "prefecture": "静岡県",
    "prefecture_kana": "シズオカケン",
    "prefecture_code": 22,
    "city": "静岡市清水区",
    "city_kana": "シズオカシシミズク",
    "town": "袖師町",
    "town_kana": "ソデシチョウ",
    "street": "１９００（清水郵便局私書箱第２４号）",
    "office_name": "東燃ゼネラル石油　株式会社　清水油漕所",
    "office_name_kana": "トウネンゼネラルセキユ カブシキガイシヤ シミズユソウシヨ"
  },
  "8727": {
    "postcode": "4248727",
    "prefecture": "静岡県",
    "prefecture_kana": "シズオカケン",
    "prefecture_code": 22,
    "city": "静岡市清水区",
    "city_kana": "シズオカシシミズク",
    "town": "入船町",
    "town_kana": "イリフネチョウ",
    "street": "１−１０（清水郵便局私書箱第２７号）",
    "office_name": "望月燃料　株式会社",
    "office_name_kana": "モチヅキネンリヨウ カブシキガイシヤ"
  },
  "8730": {
    "postcode": "4248730",
    "prefecture": "静岡県",
    "prefecture_kana": "シズオカケン",
    "prefecture_code": 22,
    "city": "静岡市清水区",
    "city_kana": "シズオカシシミズク",
    "town": "永楽町",
    "town_kana": "エイラクチョウ",
    "street": "３番５号",
    "office_name": "株式会社　ヤヨイサンフーズ",
    "office_name_kana": "カブシキガイシヤ ヤヨイサンフ-ズ"
  },
  "8734": {
    "postcode": "4248734",
    "prefecture": "静岡県",
    "prefecture_kana": "シズオカケン",
    "prefecture_code": 22,
    "city": "静岡市清水区",
    "city_kana": "シズオカシシミズク",
    "town": "相生町",
    "town_kana": "アイオイチョウ",
    "street": "６番１７号",
    "office_name": "清水商工会議所",
    "office_name_kana": "シミズシヨウコウカイギシヨ"
  },
  "8750": {
    "postcode": "4248750",
    "prefecture": "静岡県",
    "prefecture_kana": "シズオカケン",
    "prefecture_code": 22,
    "city": "静岡市清水区",
    "city_kana": "シズオカシシミズク",
    "town": "島崎町",
    "town_kana": "シマザキチョウ",
    "street": "１５１（清水郵便局私書箱第５０号）",
    "office_name": "はごろもフーズ　株式会社",
    "office_name_kana": "ハゴロモフ-ズ カブシキガイシヤ"
  },
  "8751": {
    "postcode": "4248751",
    "prefecture": "静岡県",
    "prefecture_kana": "シズオカケン",
    "prefecture_code": 22,
    "city": "静岡市清水区",
    "city_kana": "シズオカシシミズク",
    "town": "松原町",
    "town_kana": "マツバラチョウ",
    "street": "２番１５号清水合同庁舎５階",
    "office_name": "清水税務署",
    "office_name_kana": "シミズゼイムシヨ"
  },
  "8752": {
    "postcode": "4248752",
    "prefecture": "静岡県",
    "prefecture_kana": "シズオカケン",
    "prefecture_code": 22,
    "city": "静岡市清水区",
    "city_kana": "シズオカシシミズク",
    "town": "桜が丘町",
    "town_kana": "サクラガオカチョウ",
    "street": "７−１５（清水郵便局私書箱第５２号）",
    "office_name": "静岡市立　清水商業高等学校",
    "office_name_kana": "シズオカシリツ シミズシヨウギヨウコウトウガツコウ"
  },
  "8755": {
    "postcode": "4248755",
    "prefecture": "静岡県",
    "prefecture_kana": "シズオカケン",
    "prefecture_code": 22,
    "city": "静岡市清水区",
    "city_kana": "シズオカシシミズク",
    "town": "下野緑町",
    "town_kana": "シモノミドリチョウ",
    "street": "１５−１０（清水郵便局私書箱第１４７号）",
    "office_name": "北静木材　株式会社",
    "office_name_kana": "ホクセイモクザイ カブシキガイシヤ"
  },
  "8760": {
    "postcode": "4248760",
    "prefecture": "静岡県",
    "prefecture_kana": "シズオカケン",
    "prefecture_code": 22,
    "city": "静岡市清水区",
    "city_kana": "シズオカシシミズク",
    "town": "入船町",
    "town_kana": "イリフネチョウ",
    "street": "１４−１２（清水郵便局私書箱第１００号）",
    "office_name": "アオキトランス　株式会社",
    "office_name_kana": "アオキトランス カブシキガイシヤ"
  },
  "8767": {
    "postcode": "4248767",
    "prefecture": "静岡県",
    "prefecture_kana": "シズオカケン",
    "prefecture_code": 22,
    "city": "静岡市清水区",
    "city_kana": "シズオカシシミズク",
    "town": "渋川",
    "town_kana": "シブカワ",
    "street": "１００（清水郵便局私書箱第８０号）",
    "office_name": "クミアイ化学工業　株式会社",
    "office_name_kana": "クミアイカガクコウギヨウ カブシキガイシヤ"
  },
  "8782": {
    "postcode": "4248782",
    "prefecture": "静岡県",
    "prefecture_kana": "シズオカケン",
    "prefecture_code": 22,
    "city": "静岡市清水区",
    "city_kana": "シズオカシシミズク",
    "town": "長崎",
    "town_kana": "ナガサキ",
    "street": "２１０−１",
    "office_name": "株式会社　とらや",
    "office_name_kana": "カブシキガイシヤ トラヤ"
  }
}