{
  "0101": {
    "postcode": "4310101",
    "prefecture": "静岡県",
    "prefecture_kana": "シズオカケン",
    "prefecture_code": 22,
    "city": "浜松市中央区",
    "city_kana": "ハママツシチュウオウク",
    "town": "雄踏町山崎",
    "town_kana": "ユウトウチョウヤマザキ",
    "street": null,
    "office_name": null,
    "office_name_kana": null
  },
  "0102": {
    "postcode": "4310102",
    "prefecture": "静岡県",
    "prefecture_kana": "シズオカケン",
    "prefecture_code": 22,
    "city": "浜松市中央区",
    "city_kana": "ハママツシチュウオウク",
    "town": "雄踏町宇布見",
    "town_kana": "ユウトウチョウウブミ",
    "street": null,
    "office_name": null,
    "office_name_kana": null
  },
  "0103": {
    "postcode": "4310103",
    "prefecture": "静岡県",
    "prefecture_kana": "シズオカケン",
    "prefecture_code": 22,
    "city": "浜松市中央区",
    "city_kana": "ハママツシチュウオウク",
    "town": "雄踏",
    "town_kana": "ユウトウ",
    "street": null,
    "office_name": null,
    "office_name_kana": null
  },
  "0192": {
    "postcode": "4310192",
    "prefecture": "静岡県",
    "prefecture_kana": "シズオカケン",
    "prefecture_code": 22,
    "city": "浜松市中央区",
    "city_kana": "ハママツシチュウオウク",
    "town": "雄踏町宇布見",
    "town_kana": "ユウトウチョウウブミ",
    "street": "７１１１",
    "office_name": "株式会社　アツミテック",
    "office_name_kana": "カブシキガイシヤ アツミテツク"
  },
  "0193": {
    "postcode": "4310193",
    "prefecture": "静岡県",
    "prefecture_kana": "シズオカケン",
    "prefecture_code": 22,
    "city": "浜松市中央区",
    "city_kana": "ハママツシチュウオウク",
    "town": "雄踏",
    "town_kana": "ユウトウ",
    "street": "１丁目３１番１号",
    "office_name": "浜松市中央区西行政センター",
    "office_name_kana": "ハママツシチユウオウクニシギヨウセイセンタ-"
  },
  "0201": {
    "postcode": "4310201",
    "prefecture": "静岡県",
    "prefecture_kana": "シズオカケン",
    "prefecture_code": 22,
    "city": "浜松市中央区",
    "city_kana": "ハママツシチュウオウク",
    "town": "篠原町",
    "town_kana": "シノハラチョウ",
    "street": null,
    "office_name": null,
    "office_name_kana": null
  },
  "0202": {
    "postcode": "4310202",
    "prefecture": "静岡県",
    "prefecture_kana": "シズオカケン",
    "prefecture_code": 22,
    "city": "浜松市中央区",
    "city_kana": "ハママツシチュウオウク",
    "town": "坪井町",
    "town_kana": "ツボイチョウ",
    "street": null,
    "office_name": null,
    "office_name_kana": null
  },
  "0203": {
    "postcode": "4310203",
    "prefecture": "静岡県",
    "prefecture_kana": "シズオカケン",
    "prefecture_code": 22,
    "city": "浜松市中央区",
    "city_kana": "ハママツシチュウオウク",
    "town": "馬郡町",
    "town_kana": "マゴオリチョウ",
    "street": null,
    "office_name": null,
    "office_name_kana": null
  },
  "0211": {
    "postcode": "4310211",
    "prefecture": "静岡県",
    "prefecture_kana": "シズオカケン",
    "prefecture_code": 22,
    "city": "浜松市中央区",
    "city_kana": "ハママツシチュウオウク",
    "town": "舞阪町舞阪",
    "town_kana": "マイサカチョウマイサカ",
    "street": null,
    "office_name": null,
    "office_name_kana": null
  },
  "0212": {
    "postcode": "4310212",
    "prefecture": "静岡県",
    "prefecture_kana": "シズオカケン",
    "prefecture_code": 22,
    "city": "浜松市中央区",
    "city_kana": "ハママツシチュウオウク",
    "town": "舞阪町長十新田",
    "town_kana": "マイサカチョウチョウジュウシンデン",
    "street": null,
    "office_name": null,
    "office_name_kana": null
  },
  "0213": {
    "postcode": "4310213",
    "prefecture": "静岡県",
    "prefecture_kana": "シズオカケン",
    "prefecture_code": 22,
    "city": "浜松市中央区",
    "city_kana": "ハママツシチュウオウク",
    "town": "舞阪町浜田",
    "town_kana": "マイサカチョウハマダ",
    "street": null,
    "office_name": null,
    "office_name_kana": null
  },
  "0214": {
    "postcode": "4310214",
    "prefecture": "静岡県",
    "prefecture_kana": "シズオカケン",
    "prefecture_code": 22,
    "city": "浜松市中央区",
    "city_kana": "ハママツシチュウオウク",
    "town": "舞阪町弁天島",
    "town_kana": "マイサカチョウベンテンジマ",
    "street": null,
    "office_name": null,
    "office_name_kana": null
  },
  "0292": {
    "postcode": "4310292",
    "prefecture": "静岡県",
    "prefecture_kana": "シズオカケン",
    "prefecture_code": 22,
    "city": "浜松市中央区",
    "city_kana": "ハママツシチュウオウク",
    "town": "舞阪町舞阪",
    "town_kana": "マイサカチョウマイサカ",
    "street": "２７０１番地の９",
    "office_name": "浜松市舞阪支所",
    "office_name_kana": "ハママツシマイサカシシヨ"
  },
  "0295": {
    "postcode": "4310295",
    "prefecture": "静岡県",
    "prefecture_kana": "シズオカケン",
    "prefecture_code": 22,
    "city": "浜松市中央区",
    "city_kana": "ハママツシチュウオウク",
    "town": "篠原町",
    "town_kana": "シノハラチョウ",
    "street": "１８３０３−９",
    "office_name": "大和養魚　株式会社",
    "office_name_kana": "ダイワヨウギヨ カブシキガイシヤ"
  },
  "0298": {
    "postcode": "4310298",
    "prefecture": "静岡県",
    "prefecture_kana": "シズオカケン",
    "prefecture_code": 22,
    "city": "浜松市中央区",
    "city_kana": "ハママツシチュウオウク",
    "town": "篠原町",
    "town_kana": "シノハラチョウ",
    "street": "２１３３９番地",
    "office_name": "スズキ直納　株式会社",
    "office_name_kana": "スズキチヨクノウ カブシキガイシヤ"
  },
  "0301": {
    "postcode": "4310301",
    "prefecture": "静岡県",
    "prefecture_kana": "シズオカケン",
    "prefecture_code": 22,
    "city": "湖西市",
    "city_kana": "コサイシ",
    "town": "新居町中之郷",
    "town_kana": "アライチョウナカノゴウ",
    "street": null,
    "office_name": null,
    "office_name_kana": null
  },
  "0302": {
    "postcode": "4310302",
    "prefecture": "静岡県",
    "prefecture_kana": "シズオカケン",
    "prefecture_code": 22,
    "city": "湖西市",
    "city_kana": "コサイシ",
    "town": "新居町新居",
    "town_kana": "アライチョウアライ",
    "street": null,
    "office_name": null,
    "office_name_kana": null
  },
  "0303": {
    "postcode": "4310303",
    "prefecture": "静岡県",
    "prefecture_kana": "シズオカケン",
    "prefecture_code": 22,
    "city": "湖西市",
    "city_kana": "コサイシ",
    "town": "新居町浜名",
    "town_kana": "アライチョウハマナ",
    "street": null,
    "office_name": null,
    "office_name_kana": null
  },
  "0304": {
    "postcode": "4310304",
    "prefecture": "静岡県",
    "prefecture_kana": "シズオカケン",
    "prefecture_code": 22,
    "city": "湖西市",
    "city_kana": "コサイシ",
    "town": "新居町内山",
    "town_kana": "アライチョウウチヤマ",
    "street": null,
    "office_name": null,
    "office_name_kana": null
  },
  "0395": {
    "postcode": "4310395",
    "prefecture": "静岡県",
    "prefecture_kana": "シズオカケン",
    "prefecture_code": 22,
    "city": "湖西市",
    "city_kana": "コサイシ",
    "town": "新居町浜名",
    "town_kana": "アライチョウハマナ",
    "street": "５１９−１",
    "office_name": "湖西市　新居支所",
    "office_name_kana": "コサイシ アライシシヨ"
  },
  "0400": {
    "postcode": "4310400",
    "prefecture": "静岡県",
    "prefecture_kana": "シズオカケン",
    "prefecture_code": 22,
    "city": "湖西市",
    "city_kana": "コサイシ",
    "town": "",
    "town_kana": "",
    "street": null,
    "office_name": null,
    "office_name_kana": null
  },
  "0401": {
    "postcode": "4310401",
    "prefecture": "静岡県",
    "prefecture_kana": "シズオカケン",
    "prefecture_code": 22,
    "city": "湖西市",
    "city_kana": "コサイシ",
    "town": "横山",
    "town_kana": "ヨコヤマ",
    "street": null,
    "office_name": null,
    "office_name_kana": null
  },
  "0402": {
    "postcode": "4310402",
    "prefecture": "静岡県",
    "prefecture_kana": "シズオカケン",
    "prefecture_code": 22,
    "city": "湖西市",
    "city_kana": "コサイシ",
    "town": "利木",
    "town_kana": "リキ",
    "street": null,
    "office_name": null,
    "office_name_kana": null
  },
  "0403": {
    "postcode": "4310403",
    "prefecture": "静岡県",
    "prefecture_kana": "シズオカケン",
    "prefecture_code": 22,
    "city": "湖西市",
    "city_kana": "コサイシ",
    "town": "大知波",
    "town_kana": "オオチバ",
    "street": null,
    "office_name": null,
    "office_name_kana": null
  },
  "0404": {
    "postcode": "4310404",
    "prefecture": "静岡県",
    "prefecture_kana": "シズオカケン",
    "prefecture_code": 22,
    "city": "湖西市",
    "city_kana": "コサイシ",
    "town": "太田",
    "town_kana": "オオタ",
    "street": null,
    "office_name": null,
    "office_name_kana": null
  },
  "0405": {
    "postcode": "4310405",
    "prefecture": "静岡県",
    "prefecture_kana": "シズオカケン",
    "prefecture_code": 22,
    "city": "湖西市",
    "city_kana": "コサイシ",
    "town": "神座",
    "town_kana": "カンザ",
    "street": null,
    "office_name": null,
    "office_name_kana": null
  },
  "0411": {
    "postcode": "4310411",
    "prefecture": "静岡県",
    "prefecture_kana": "シズオカケン",
    "prefecture_code": 22,
    "city": "湖西市",
    "city_kana": "コサイシ",
    "town": "入出",
    "town_kana": "イリデ",
    "street": null,
    "office_name": null,
    "office_name_kana": null
  },
  "0412": {
    "postcode": "4310412",
    "prefecture": "静岡県",
    "prefecture_kana": "シズオカケン",
    "prefecture_code": 22,
    "city": "湖西市",
    "city_kana": "コサイシ",
    "town": "内浦",
    "town_kana": "ウチウラ",
    "street": null,
    "office_name": null,
    "office_name_kana": null
  },
  "0421": {
    "postcode": "4310421",
    "prefecture": "静岡県",
    "prefecture_kana": "シズオカケン",
    "prefecture_code": 22,
    "city": "湖西市",
    "city_kana": "コサイシ",
    "town": "新所",
    "town_kana": "シンジョ",
    "street": null,
    "office_name": null,
    "office_name_kana": null
  },
  "0422": {
    "postcode": "4310422",
    "prefecture": "静岡県",
    "prefecture_kana": "シズオカケン",
    "prefecture_code": 22,
    "city": "湖西市",
    "city_kana": "コサイシ",
    "town": "岡崎",
    "town_kana": "オカサキ",
    "street": null,
    "office_name": null,
    "office_name_kana": null
  },
  "0423": {
    "postcode": "4310423",
    "prefecture": "静岡県",
    "prefecture_kana": "シズオカケン",
    "prefecture_code": 22,
    "city": "湖西市",
    "city_kana": "コサイシ",
    "town": "新所・岡崎・梅田入会地",
    "town_kana": "シンジョ・オカサキ・ウメダニュウカイチ",
    "street": null,
    "office_name": null,
    "office_name_kana": null
  },
  "0424": {
    "postcode": "4310424",
    "prefecture": "静岡県",
    "prefecture_kana": "シズオカケン",
    "prefecture_code": 22,
    "city": "湖西市",
    "city_kana": "コサイシ",
    "town": "新所原",
    "town_kana": "シンジョハラ",
    "street": null,
    "office_name": null,
    "office_name_kana": null
  },
  "0425": {
    "postcode": "4310425",
    "prefecture": "静岡県",
    "prefecture_kana": "シズオカケン",
    "prefecture_code": 22,
    "city": "湖西市",
    "city_kana": "コサイシ",
    "town": "梅田",
    "town_kana": "ウメダ",
    "street": null,
    "office_name": null,
    "office_name_kana": null
  },
  "0426": {
    "postcode": "4310426",
    "prefecture": "静岡県",
    "prefecture_kana": "シズオカケン",
    "prefecture_code": 22,
    "city": "湖西市",
    "city_kana": "コサイシ",
    "town": "新所原東",
    "town_kana": "シンジョハラヒガシ",
    "street": null,
    "office_name": null,
    "office_name_kana": null
  },
  "0427": {
    "postcode": "4310427",
    "prefecture": "静岡県",
    "prefecture_kana": "シズオカケン",
    "prefecture_code": 22,
    "city": "湖西市",
    "city_kana": "コサイシ",
    "town": "駅南",
    "town_kana": "エキミナミ",
    "street": null,
    "office_name": null,
    "office_name_kana": null
  },
  "0428": {
    "postcode": "4310428",
    "prefecture": "静岡県",
    "prefecture_kana": "シズオカケン",
    "prefecture_code": 22,
    "city": "湖西市",
    "city_kana": "コサイシ",
    "town": "ときわ",
    "town_kana": "トキワ",
    "street": null,
    "office_name": null,
    "office_name_kana": null
  },
  "0429": {
    "postcode": "4310429",
    "prefecture": "静岡県",
    "prefecture_kana": "シズオカケン",
    "prefecture_code": 22,
    "city": "湖西市",
    "city_kana": "コサイシ",
    "town": "南台",
    "town_kana": "ミナミダイ",
    "street": null,
    "office_name": null,
    "office_name_kana": null
  },
  "0431": {
    "postcode": "4310431",
    "prefecture": "静岡県",
    "prefecture_kana": "シズオカケン",
    "prefecture_code": 22,
    "city": "湖西市",
    "city_kana": "コサイシ",
    "town": "鷲津",
    "town_kana": "ワシヅ",
    "street": null,
    "office_name": null,
    "office_name_kana": null
  },
  "0432": {
    "postcode": "4310432",
    "prefecture": "静岡県",
    "prefecture_kana": "シズオカケン",
    "prefecture_code": 22,
    "city": "湖西市",
    "city_kana": "コサイシ",
    "town": "風の杜",
    "town_kana": "カゼノモリ",
    "street": null,
    "office_name": null,
    "office_name_kana": null
  },
  "0441": {
    "postcode": "4310441",
    "prefecture": "静岡県",
    "prefecture_kana": "シズオカケン",
    "prefecture_code": 22,
    "city": "湖西市",
    "city_kana": "コサイシ",
    "town": "吉美",
    "town_kana": "キビ",
    "street": null,
    "office_name": null,
    "office_name_kana": null
  },
  "0442": {
    "postcode": "4310442",
    "prefecture": "静岡県",
    "prefecture_kana": "シズオカケン",
    "prefecture_code": 22,
    "city": "湖西市",
    "city_kana": "コサイシ",
    "town": "古見",
    "town_kana": "コミ",
    "street": null,
    "office_name": null,
    "office_name_kana": null
  },
  "0443": {
    "postcode": "4310443",
    "prefecture": "静岡県",
    "prefecture_kana": "シズオカケン",
    "prefecture_code": 22,
    "city": "湖西市",
    "city_kana": "コサイシ",
    "town": "山口",
    "town_kana": "ヤマグチ",
    "street": null,
    "office_name": null,
    "office_name_kana": null
  },
  "0444": {
    "postcode": "4310444",
    "prefecture": "静岡県",
    "prefecture_kana": "シズオカケン",
    "prefecture_code": 22,
    "city": "湖西市",
    "city_kana": "コサイシ",
    "town": "坊瀬",
    "town_kana": "ボウゼ",
    "street": null,
    "office_name": null,
    "office_name_kana": null
  },
  "0451": {
    "postcode": "4310451",
    "prefecture": "静岡県",
    "prefecture_kana": "シズオカケン",
    "prefecture_code": 22,
    "city": "湖西市",
    "city_kana": "コサイシ",
    "town": "白須賀",
    "town_kana": "シラスカ",
    "street": null,
    "office_name": null,
    "office_name_kana": null
  },
  "0452": {
    "postcode": "4310452",
    "prefecture": "静岡県",
    "prefecture_kana": "シズオカケン",
    "prefecture_code": 22,
    "city": "湖西市",
    "city_kana": "コサイシ",
    "town": "境宿",
    "town_kana": "サカイジュク",
    "street": null,
    "office_name": null,
    "office_name_kana": null
  },
  "0492": {
    "postcode": "4310492",
    "prefecture": "静岡県",
    "prefecture_kana": "シズオカケン",
    "prefecture_code": 22,
    "city": "湖西市",
    "city_kana": "コサイシ",
    "town": "吉美",
    "town_kana": "キビ",
    "street": "３２６８",
    "office_name": "湖西市役所",
    "office_name_kana": "コサイシヤクシヨ"
  },
  "0493": {
    "postcode": "4310493",
    "prefecture": "静岡県",
    "prefecture_kana": "シズオカケン",
    "prefecture_code": 22,
    "city": "湖西市",
    "city_kana": "コサイシ",
    "town": "梅田",
    "town_kana": "ウメダ",
    "street": "３９０番地",
    "office_name": "株式会社　デンソー湖西製作所",
    "office_name_kana": "カブシキガイシヤ デンソ-コサイセイサクシヨ"
  },
  "0494": {
    "postcode": "4310494",
    "prefecture": "静岡県",
    "prefecture_kana": "シズオカケン",
    "prefecture_code": 22,
    "city": "湖西市",
    "city_kana": "コサイシ",
    "town": "鷲津",
    "town_kana": "ワシヅ",
    "street": "２４１８",
    "office_name": "株式会社　ユニバンス",
    "office_name_kana": "カブシキガイシヤ ユニバンス"
  },
  "0495": {
    "postcode": "4310495",
    "prefecture": "静岡県",
    "prefecture_kana": "シズオカケン",
    "prefecture_code": 22,
    "city": "湖西市",
    "city_kana": "コサイシ",
    "town": "鷲津",
    "town_kana": "ワシヅ",
    "street": "２２８１番地",
    "office_name": "ＦＤＫ　株式会社　湖西工場",
    "office_name_kana": "エフデイ-ケイ カブシキガイシヤ コサイコウジヨウ"
  },
  "0496": {
    "postcode": "4310496",
    "prefecture": "静岡県",
    "prefecture_kana": "シズオカケン",
    "prefecture_code": 22,
    "city": "湖西市",
    "city_kana": "コサイシ",
    "town": "境宿",
    "town_kana": "サカイジュク",
    "street": "５５４",
    "office_name": "ソニーブロードキャストプロダクツ　株式会社",
    "office_name_kana": "ソニ-ブロ-ドキヤストプロダクツ カブシキガイシヤ"
  },
  "1101": {
    "postcode": "4311101",
    "prefecture": "静岡県",
    "prefecture_kana": "シズオカケン",
    "prefecture_code": 22,
    "city": "浜松市中央区",
    "city_kana": "ハママツシチュウオウク",
    "town": "和光町",
    "town_kana": "ワコウチョウ",
    "street": null,
    "office_name": null,
    "office_name_kana": null
  },
  "1102": {
    "postcode": "4311102",
    "prefecture": "静岡県",
    "prefecture_kana": "シズオカケン",
    "prefecture_code": 22,
    "city": "浜松市中央区",
    "city_kana": "ハママツシチュウオウク",
    "town": "大山町",
    "town_kana": "オオヤマチョウ",
    "street": null,
    "office_name": null,
    "office_name_kana": null
  },
  "1103": {
    "postcode": "4311103",
    "prefecture": "静岡県",
    "prefecture_kana": "シズオカケン",
    "prefecture_code": 22,
    "city": "浜松市中央区",
    "city_kana": "ハママツシチュウオウク",
    "town": "湖東町",
    "town_kana": "コトウチョウ",
    "street": null,
    "office_name": null,
    "office_name_kana": null
  },
  "1104": {
    "postcode": "4311104",
    "prefecture": "静岡県",
    "prefecture_kana": "シズオカケン",
    "prefecture_code": 22,
    "city": "浜松市中央区",
    "city_kana": "ハママツシチュウオウク",
    "town": "桜台",
    "town_kana": "サクラダイ",
    "street": null,
    "office_name": null,
    "office_name_kana": null
  },
  "1111": {
    "postcode": "4311111",
    "prefecture": "静岡県",
    "prefecture_kana": "シズオカケン",
    "prefecture_code": 22,
    "city": "浜松市中央区",
    "city_kana": "ハママツシチュウオウク",
    "town": "伊左地町",
    "town_kana": "イサジチョウ",
    "street": null,
    "office_name": null,
    "office_name_kana": null
  },
  "1112": {
    "postcode": "4311112",
    "prefecture": "静岡県",
    "prefecture_kana": "シズオカケン",
    "prefecture_code": 22,
    "city": "浜松市中央区",
    "city_kana": "ハママツシチュウオウク",
    "town": "大人見町",
    "town_kana": "オオヒトミチョウ",
    "street": null,
    "office_name": null,
    "office_name_kana": null
  },
  "1113": {
    "postcode": "4311113",
    "prefecture": "静岡県",
    "prefecture_kana": "シズオカケン",
    "prefecture_code": 22,
    "city": "浜松市中央区",
    "city_kana": "ハママツシチュウオウク",
    "town": "古人見町",
    "town_kana": "コヒトミチョウ",
    "street": null,
    "office_name": null,
    "office_name_kana": null
  },
  "1114": {
    "postcode": "4311114",
    "prefecture": "静岡県",
    "prefecture_kana": "シズオカケン",
    "prefecture_code": 22,
    "city": "浜松市中央区",
    "city_kana": "ハママツシチュウオウク",
    "town": "佐浜町",
    "town_kana": "サハマチョウ",
    "street": null,
    "office_name": null,
    "office_name_kana": null
  },
  "1115": {
    "postcode": "4311115",
    "prefecture": "静岡県",
    "prefecture_kana": "シズオカケン",
    "prefecture_code": 22,
    "city": "浜松市中央区",
    "city_kana": "ハママツシチュウオウク",
    "town": "和地町",
    "town_kana": "ワジチョウ",
    "street": null,
    "office_name": null,
    "office_name_kana": null
  },
  "1201": {
    "postcode": "4311201",
    "prefecture": "静岡県",
    "prefecture_kana": "シズオカケン",
    "prefecture_code": 22,
    "city": "浜松市中央区",
    "city_kana": "ハママツシチュウオウク",
    "town": "深萩町",
    "town_kana": "フカハギチョウ",
    "street": null,
    "office_name": null,
    "office_name_kana": null
  },
  "1202": {
    "postcode": "4311202",
    "prefecture": "静岡県",
    "prefecture_kana": "シズオカケン",
    "prefecture_code": 22,
    "city": "浜松市中央区",
    "city_kana": "ハママツシチュウオウク",
    "town": "呉松町",
    "town_kana": "クレマツチョウ",
    "street": null,
    "office_name": null,
    "office_name_kana": null
  },
  "1203": {
    "postcode": "4311203",
    "prefecture": "静岡県",
    "prefecture_kana": "シズオカケン",
    "prefecture_code": 22,
    "city": "浜松市中央区",
    "city_kana": "ハママツシチュウオウク",
    "town": "平松町",
    "town_kana": "ヒラマツチョウ",
    "street": null,
    "office_name": null,
    "office_name_kana": null
  },
  "1204": {
    "postcode": "4311204",
    "prefecture": "静岡県",
    "prefecture_kana": "シズオカケン",
    "prefecture_code": 22,
    "city": "浜松市中央区",
    "city_kana": "ハママツシチュウオウク",
    "town": "白洲町",
    "town_kana": "シラスチョウ",
    "street": null,
    "office_name": null,
    "office_name_kana": null
  },
  "1205": {
    "postcode": "4311205",
    "prefecture": "静岡県",
    "prefecture_kana": "シズオカケン",
    "prefecture_code": 22,
    "city": "浜松市中央区",
    "city_kana": "ハママツシチュウオウク",
    "town": "協和町",
    "town_kana": "キョウワチョウ",
    "street": null,
    "office_name": null,
    "office_name_kana": null
  },
  "1206": {
    "postcode": "4311206",
    "prefecture": "静岡県",
    "prefecture_kana": "シズオカケン",
    "prefecture_code": 22,
    "city": "浜松市中央区",
    "city_kana": "ハママツシチュウオウク",
    "town": "庄和町",
    "town_kana": "ショウワチョウ",
    "street": null,
    "office_name": null,
    "office_name_kana": null
  },
  "1207": {
    "postcode": "4311207",
    "prefecture": "静岡県",
    "prefecture_kana": "シズオカケン",
    "prefecture_code": 22,
    "city": "浜松市中央区",
    "city_kana": "ハママツシチュウオウク",
    "town": "村櫛町",
    "town_kana": "ムラクシチョウ",
    "street": null,
    "office_name": null,
    "office_name_kana": null
  },
  "1208": {
    "postcode": "4311208",
    "prefecture": "静岡県",
    "prefecture_kana": "シズオカケン",
    "prefecture_code": 22,
    "city": "浜松市中央区",
    "city_kana": "ハママツシチュウオウク",
    "town": "庄内町",
    "town_kana": "ショウナイチョウ",
    "street": null,
    "office_name": null,
    "office_name_kana": null
  },
  "1209": {
    "postcode": "4311209",
    "prefecture": "静岡県",
    "prefecture_kana": "シズオカケン",
    "prefecture_code": 22,
    "city": "浜松市中央区",
    "city_kana": "ハママツシチュウオウク",
    "town": "舘山寺町",
    "town_kana": "カンザンジチョウ",
    "street": null,
    "office_name": null,
    "office_name_kana": null
  },
  "1301": {
    "postcode": "4311301",
    "prefecture": "静岡県",
    "prefecture_kana": "シズオカケン",
    "prefecture_code": 22,
    "city": "浜松市浜名区",
    "city_kana": "ハママツシハマナク",
    "town": "細江町小野",
    "town_kana": "ホソエチョウオノ",
    "street": null,
    "office_name": null,
    "office_name_kana": null
  },
  "1302": {
    "postcode": "4311302",
    "prefecture": "静岡県",
    "prefecture_kana": "シズオカケン",
    "prefecture_code": 22,
    "city": "浜松市浜名区",
    "city_kana": "ハママツシハマナク",
    "town": "細江町広岡",
    "town_kana": "ホソエチョウヒロオカ",
    "street": null,
    "office_name": null,
    "office_name_kana": null
  },
  "1303": {
    "postcode": "4311303",
    "prefecture": "静岡県",
    "prefecture_kana": "シズオカケン",
    "prefecture_code": 22,
    "city": "浜松市浜名区",
    "city_kana": "ハママツシハマナク",
    "town": "細江町三和",
    "town_kana": "ホソエチョウミワ",
    "street": null,
    "office_name": null,
    "office_name_kana": null
  },
  "1304": {
    "postcode": "4311304",
    "prefecture": "静岡県",
    "prefecture_kana": "シズオカケン",
    "prefecture_code": 22,
    "city": "浜松市浜名区",
    "city_kana": "ハママツシハマナク",
    "town": "細江町中川",
    "town_kana": "ホソエチョウナカガワ",
    "street": null,
    "office_name": null,
    "office_name_kana": null
  },
  "1305": {
    "postcode": "4311305",
    "prefecture": "静岡県",
    "prefecture_kana": "シズオカケン",
    "prefecture_code": 22,
    "city": "浜松市浜名区",
    "city_kana": "ハママツシハマナク",
    "town": "細江町気賀",
    "town_kana": "ホソエチョウキガ",
    "street": null,
    "office_name": null,
    "office_name_kana": null
  },
  "1392": {
    "postcode": "4311392",
    "prefecture": "静岡県",
    "prefecture_kana": "シズオカケン",
    "prefecture_code": 22,
    "city": "浜松市浜名区",
    "city_kana": "ハママツシハマナク",
    "town": "細江町中川",
    "town_kana": "ホソエチョウナカガワ",
    "street": "７２２０−９９",
    "office_name": "社会福祉法人　聖隷福祉事業団　浜名湖エデンの園",
    "office_name_kana": "シヤカイフクシホウジン セイレイフクシジギヨウダン ハマナコエデンノソノ"
  },
  "1393": {
    "postcode": "4311393",
    "prefecture": "静岡県",
    "prefecture_kana": "シズオカケン",
    "prefecture_code": 22,
    "city": "浜松市浜名区",
    "city_kana": "ハママツシハマナク",
    "town": "細江町中川",
    "town_kana": "ホソエチョウナカガワ",
    "street": "７３９９",
    "office_name": "財団法人　日本老人福祉財団　浜松ゆうゆうの里",
    "office_name_kana": "ザイダンホウジン ニホンロウジンフクシザイダン ハママツユウユウノサト"
  },
  "1394": {
    "postcode": "4311394",
    "prefecture": "静岡県",
    "prefecture_kana": "シズオカケン",
    "prefecture_code": 22,
    "city": "浜松市浜名区",
    "city_kana": "ハママツシハマナク",
    "town": "細江町中川",
    "town_kana": "ホソエチョウナカガワ",
    "street": "７０００−３６",
    "office_name": "株式会社　エフ・シー・シー",
    "office_name_kana": "カブシキガイシヤ エフ・シ-・シ-"
  },
  "1395": {
    "postcode": "4311395",
    "prefecture": "静岡県",
    "prefecture_kana": "シズオカケン",
    "prefecture_code": 22,
    "city": "浜松市浜名区",
    "city_kana": "ハママツシハマナク",
    "town": "細江町気賀",
    "town_kana": "ホソエチョウキガ",
    "street": "３０５番地",
    "office_name": "浜松市浜名区北行政センター",
    "office_name_kana": "ハママツシハマナクキタギヨウセイセンタ-"
  },
  "1401": {
    "postcode": "4311401",
    "prefecture": "静岡県",
    "prefecture_kana": "シズオカケン",
    "prefecture_code": 22,
    "city": "浜松市浜名区",
    "city_kana": "ハママツシハマナク",
    "town": "三ヶ日町佐久米",
    "town_kana": "ミッカビチョウサクメ",
    "street": null,
    "office_name": null,
    "office_name_kana": null
  },
  "1402": {
    "postcode": "4311402",
    "prefecture": "静岡県",
    "prefecture_kana": "シズオカケン",
    "prefecture_code": 22,
    "city": "浜松市浜名区",
    "city_kana": "ハママツシハマナク",
    "town": "三ヶ日町都筑",
    "town_kana": "ミッカビチョウツヅキ",
    "street": null,
    "office_name": null,
    "office_name_kana": null
  },
  "1403": {
    "postcode": "4311403",
    "prefecture": "静岡県",
    "prefecture_kana": "シズオカケン",
    "prefecture_code": 22,
    "city": "浜松市浜名区",
    "city_kana": "ハママツシハマナク",
    "town": "三ヶ日町大崎",
    "town_kana": "ミッカビチョウオオサキ",
    "street": null,
    "office_name": null,
    "office_name_kana": null
  },
  "1404": {
    "postcode": "4311404",
    "prefecture": "静岡県",
    "prefecture_kana": "シズオカケン",
    "prefecture_code": 22,
    "city": "浜松市浜名区",
    "city_kana": "ハママツシハマナク",
    "town": "三ヶ日町宇志",
    "town_kana": "ミッカビチョウウシ",
    "street": null,
    "office_name": null,
    "office_name_kana": null
  },
  "1405": {
    "postcode": "4311405",
    "prefecture": "静岡県",
    "prefecture_kana": "シズオカケン",
    "prefecture_code": 22,
    "city": "浜松市浜名区",
    "city_kana": "ハママツシハマナク",
    "town": "三ヶ日町津々崎",
    "town_kana": "ミッカビチョウツヅサキ",
    "street": null,
    "office_name": null,
    "office_name_kana": null
  },
  "1406": {
    "postcode": "4311406",
    "prefecture": "静岡県",
    "prefecture_kana": "シズオカケン",
    "prefecture_code": 22,
    "city": "浜松市浜名区",
    "city_kana": "ハママツシハマナク",
    "town": "三ヶ日町駒場",
    "town_kana": "ミッカビチョウコマバ",
    "street": null,
    "office_name": null,
    "office_name_kana": null
  },
  "1407": {
    "postcode": "4311407",
    "prefecture": "静岡県",
    "prefecture_kana": "シズオカケン",
    "prefecture_code": 22,
    "city": "浜松市浜名区",
    "city_kana": "ハママツシハマナク",
    "town": "三ヶ日町大谷",
    "town_kana": "ミッカビチョウオオヤ",
    "street": null,
    "office_name": null,
    "office_name_kana": null
  },
  "1411": {
    "postcode": "4311411",
    "prefecture": "静岡県",
    "prefecture_kana": "シズオカケン",
    "prefecture_code": 22,
    "city": "浜松市浜名区",
    "city_kana": "ハママツシハマナク",
    "town": "三ヶ日町福長",
    "town_kana": "ミッカビチョウフクナガ",
    "street": null,
    "office_name": null,
    "office_name_kana": null
  },
  "1412": {
    "postcode": "4311412",
    "prefecture": "静岡県",
    "prefecture_kana": "シズオカケン",
    "prefecture_code": 22,
    "city": "浜松市浜名区",
    "city_kana": "ハママツシハマナク",
    "town": "三ヶ日町只木",
    "town_kana": "ミッカビチョウタダキ",
    "street": null,
    "office_name": null,
    "office_name_kana": null
  },
  "1413": {
    "postcode": "4311413",
    "prefecture": "静岡県",
    "prefecture_kana": "シズオカケン",
    "prefecture_code": 22,
    "city": "浜松市浜名区",
    "city_kana": "ハママツシハマナク",
    "town": "三ヶ日町摩訶耶",
    "town_kana": "ミッカビチョウマカヤ",
    "street": null,
    "office_name": null,
    "office_name_kana": null
  },
  "1414": {
    "postcode": "4311414",
    "prefecture": "静岡県",
    "prefecture_kana": "シズオカケン",
    "prefecture_code": 22,
    "city": "浜松市浜名区",
    "city_kana": "ハママツシハマナク",
    "town": "三ヶ日町三ヶ日",
    "town_kana": "ミッカビチョウミッカビ",
    "street": null,
    "office_name": null,
    "office_name_kana": null
  },
  "1415": {
    "postcode": "4311415",
    "prefecture": "静岡県",
    "prefecture_kana": "シズオカケン",
    "prefecture_code": 22,
    "city": "浜松市浜名区",
    "city_kana": "ハママツシハマナク",
    "town": "三ヶ日町岡本",
    "town_kana": "ミッカビチョウオカモト",
    "street": null,
    "office_name": null,
    "office_name_kana": null
  },
  "1416": {
    "postcode": "4311416",
    "prefecture": "静岡県",
    "prefecture_kana": "シズオカケン",
    "prefecture_code": 22,
    "city": "浜松市浜名区",
    "city_kana": "ハママツシハマナク",
    "town": "三ヶ日町釣",
    "town_kana": "ミッカビチョウツリ",
    "street": null,
    "office_name": null,
    "office_name_kana": null
  },
  "1417": {
    "postcode": "4311417",
    "prefecture": "静岡県",
    "prefecture_kana": "シズオカケン",
    "prefecture_code": 22,
    "city": "浜松市浜名区",
    "city_kana": "ハママツシハマナク",
    "town": "三ヶ日町平山",
    "town_kana": "ミッカビチョウヒラヤマ",
    "street": null,
    "office_name": null,
    "office_name_kana": null
  },
  "1421": {
    "postcode": "4311421",
    "prefecture": "静岡県",
    "prefecture_kana": "シズオカケン",
    "prefecture_code": 22,
    "city": "浜松市浜名区",
    "city_kana": "ハママツシハマナク",
    "town": "三ヶ日町本坂",
    "town_kana": "ミッカビチョウホンザカ",
    "street": null,
    "office_name": null,
    "office_name_kana": null
  },
  "1422": {
    "postcode": "4311422",
    "prefecture": "静岡県",
    "prefecture_kana": "シズオカケン",
    "prefecture_code": 22,
    "city": "浜松市浜名区",
    "city_kana": "ハママツシハマナク",
    "town": "三ヶ日町日比沢",
    "town_kana": "ミッカビチョウヒビサワ",
    "street": null,
    "office_name": null,
    "office_name_kana": null
  },
  "1423": {
    "postcode": "4311423",
    "prefecture": "静岡県",
    "prefecture_kana": "シズオカケン",
    "prefecture_code": 22,
    "city": "浜松市浜名区",
    "city_kana": "ハママツシハマナク",
    "town": "三ヶ日町鵺代",
    "town_kana": "ミッカビチョウヌエシロ",
    "street": null,
    "office_name": null,
    "office_name_kana": null
  },
  "1424": {
    "postcode": "4311424",
    "prefecture": "静岡県",
    "prefecture_kana": "シズオカケン",
    "prefecture_code": 22,
    "city": "浜松市浜名区",
    "city_kana": "ハママツシハマナク",
    "town": "三ヶ日町下尾奈",
    "town_kana": "ミッカビチョウシモオナ",
    "street": null,
    "office_name": null,
    "office_name_kana": null
  },
  "1425": {
    "postcode": "4311425",
    "prefecture": "静岡県",
    "prefecture_kana": "シズオカケン",
    "prefecture_code": 22,
    "city": "浜松市浜名区",
    "city_kana": "ハママツシハマナク",
    "town": "三ヶ日町上尾奈",
    "town_kana": "ミッカビチョウカミオナ",
    "street": null,
    "office_name": null,
    "office_name_kana": null
  },
  "1495": {
    "postcode": "4311495",
    "prefecture": "静岡県",
    "prefecture_kana": "シズオカケン",
    "prefecture_code": 22,
    "city": "浜松市浜名区",
    "city_kana": "ハママツシハマナク",
    "town": "三ヶ日町三ヶ日",
    "town_kana": "ミッカビチョウミッカビ",
    "street": "５００−１（三ヶ日郵便局私書箱第２号）",
    "office_name": "浜松市三ヶ日支所",
    "office_name_kana": "ハママツシミツカビシシヨ"
  },
  "1496": {
    "postcode": "4311496",
    "prefecture": "静岡県",
    "prefecture_kana": "シズオカケン",
    "prefecture_code": 22,
    "city": "浜松市浜名区",
    "city_kana": "ハママツシハマナク",
    "town": "三ヶ日町都筑",
    "town_kana": "ミッカビチョウツヅキ",
    "street": "２９７７−２",
    "office_name": "浜名湖三ケ日簡易保険保養センター",
    "office_name_kana": "ハマナコミツカビカンイホケンホヨウセンタ-"
  },
  "1497": {
    "postcode": "4311497",
    "prefecture": "静岡県",
    "prefecture_kana": "シズオカケン",
    "prefecture_code": 22,
    "city": "浜松市浜名区",
    "city_kana": "ハママツシハマナク",
    "town": "三ヶ日町三ヶ日",
    "town_kana": "ミッカビチョウミッカビ",
    "street": "８８５",
    "office_name": "三ケ日町　農業協同組合",
    "office_name_kana": "ミツカビチヨウ ノウギヨウキヨウドウクミアイ"
  },
  "2101": {
    "postcode": "4312101",
    "prefecture": "静岡県",
    "prefecture_kana": "シズオカケン",
    "prefecture_code": 22,
    "city": "浜松市浜名区",
    "city_kana": "ハママツシハマナク",
    "town": "滝沢町",
    "town_kana": "タキサワチョウ",
    "street": null,
    "office_name": null,
    "office_name_kana": null
  },
  "2102": {
    "postcode": "4312102",
    "prefecture": "静岡県",
    "prefecture_kana": "シズオカケン",
    "prefecture_code": 22,
    "city": "浜松市浜名区",
    "city_kana": "ハママツシハマナク",
    "town": "都田町",
    "town_kana": "ミヤコダチョウ",
    "street": null,
    "office_name": null,
    "office_name_kana": null
  },
  "2103": {
    "postcode": "4312103",
    "prefecture": "静岡県",
    "prefecture_kana": "シズオカケン",
    "prefecture_code": 22,
    "city": "浜松市浜名区",
    "city_kana": "ハママツシハマナク",
    "town": "新都田",
    "town_kana": "シンミヤコダ",
    "street": null,
    "office_name": null,
    "office_name_kana": null
  },
  "2104": {
    "postcode": "4312104",
    "prefecture": "静岡県",
    "prefecture_kana": "シズオカケン",
    "prefecture_code": 22,
    "city": "浜松市浜名区",
    "city_kana": "ハママツシハマナク",
    "town": "鷲沢町",
    "town_kana": "ワシザワチョウ",
    "street": null,
    "office_name": null,
    "office_name_kana": null
  },
  "2201": {
    "postcode": "4312201",
    "prefecture": "静岡県",
    "prefecture_kana": "シズオカケン",
    "prefecture_code": 22,
    "city": "浜松市浜名区",
    "city_kana": "ハママツシハマナク",
    "town": "引佐町東久留女木",
    "town_kana": "イナサチョウヒガシクルメキ",
    "street": null,
    "office_name": null,
    "office_name_kana": null
  },
  "2202": {
    "postcode": "4312202",
    "prefecture": "静岡県",
    "prefecture_kana": "シズオカケン",
    "prefecture_code": 22,
    "city": "浜松市浜名区",
    "city_kana": "ハママツシハマナク",
    "town": "引佐町川名",
    "town_kana": "イナサチョウカワナ",
    "street": null,
    "office_name": null,
    "office_name_kana": null
  },
  "2203": {
    "postcode": "4312203",
    "prefecture": "静岡県",
    "prefecture_kana": "シズオカケン",
    "prefecture_code": 22,
    "city": "浜松市浜名区",
    "city_kana": "ハママツシハマナク",
    "town": "引佐町三岳",
    "town_kana": "イナサチョウミタケ",
    "street": null,
    "office_name": null,
    "office_name_kana": null
  },
  "2204": {
    "postcode": "4312204",
    "prefecture": "静岡県",
    "prefecture_kana": "シズオカケン",
    "prefecture_code": 22,
    "city": "浜松市浜名区",
    "city_kana": "ハママツシハマナク",
    "town": "引佐町兎荷",
    "town_kana": "イナサチョウトッカ",
    "street": null,
    "office_name": null,
    "office_name_kana": null
  },
  "2205": {
    "postcode": "4312205",
    "prefecture": "静岡県",
    "prefecture_kana": "シズオカケン",
    "prefecture_code": 22,
    "city": "浜松市浜名区",
    "city_kana": "ハママツシハマナク",
    "town": "引佐町伊平",
    "town_kana": "イナサチョウイダイラ",
    "street": null,
    "office_name": null,
    "office_name_kana": null
  },
  "2206": {
    "postcode": "4312206",
    "prefecture": "静岡県",
    "prefecture_kana": "シズオカケン",
    "prefecture_code": 22,
    "city": "浜松市浜名区",
    "city_kana": "ハママツシハマナク",
    "town": "引佐町西黒田",
    "town_kana": "イナサチョウニシクロダ",
    "street": null,
    "office_name": null,
    "office_name_kana": null
  },
  "2207": {
    "postcode": "4312207",
    "prefecture": "静岡県",
    "prefecture_kana": "シズオカケン",
    "prefecture_code": 22,
    "city": "浜松市浜名区",
    "city_kana": "ハママツシハマナク",
    "town": "引佐町東黒田",
    "town_kana": "イナサチョウヒガシクロダ",
    "street": null,
    "office_name": null,
    "office_name_kana": null
  },
  "2211": {
    "postcode": "4312211",
    "prefecture": "静岡県",
    "prefecture_kana": "シズオカケン",
    "prefecture_code": 22,
    "city": "浜松市浜名区",
    "city_kana": "ハママツシハマナク",
    "town": "引佐町花平",
    "town_kana": "イナサチョウハナダイラ",
    "street": null,
    "office_name": null,
    "office_name_kana": null
  },
  "2212": {
    "postcode": "4312212",
    "prefecture": "静岡県",
    "prefecture_kana": "シズオカケン",
    "prefecture_code": 22,
    "city": "浜松市浜名区",
    "city_kana": "ハママツシハマナク",
    "town": "引佐町井伊谷",
    "town_kana": "イナサチョウイイノヤ",
    "street": null,
    "office_name": null,
    "office_name_kana": null
  },
  "2213": {
    "postcode": "4312213",
    "prefecture": "静岡県",
    "prefecture_kana": "シズオカケン",
    "prefecture_code": 22,
    "city": "浜松市浜名区",
    "city_kana": "ハママツシハマナク",
    "town": "引佐町金指",
    "town_kana": "イナサチョウカナサシ",
    "street": null,
    "office_name": null,
    "office_name_kana": null
  },
  "2214": {
    "postcode": "4312214",
    "prefecture": "静岡県",
    "prefecture_kana": "シズオカケン",
    "prefecture_code": 22,
    "city": "浜松市浜名区",
    "city_kana": "ハママツシハマナク",
    "town": "引佐町横尾",
    "town_kana": "イナサチョウヨコオ",
    "street": null,
    "office_name": null,
    "office_name_kana": null
  },
  "2215": {
    "postcode": "4312215",
    "prefecture": "静岡県",
    "prefecture_kana": "シズオカケン",
    "prefecture_code": 22,
    "city": "浜松市浜名区",
    "city_kana": "ハママツシハマナク",
    "town": "引佐町白岩",
    "town_kana": "イナサチョウシライワ",
    "street": null,
    "office_name": null,
    "office_name_kana": null
  },
  "2216": {
    "postcode": "4312216",
    "prefecture": "静岡県",
    "prefecture_kana": "シズオカケン",
    "prefecture_code": 22,
    "city": "浜松市浜名区",
    "city_kana": "ハママツシハマナク",
    "town": "神宮寺町",
    "town_kana": "ジングウジチョウ",
    "street": null,
    "office_name": null,
    "office_name_kana": null
  },
  "2221": {
    "postcode": "4312221",
    "prefecture": "静岡県",
    "prefecture_kana": "シズオカケン",
    "prefecture_code": 22,
    "city": "浜松市浜名区",
    "city_kana": "ハママツシハマナク",
    "town": "引佐町田畑",
    "town_kana": "イナサチョウタバタケ",
    "street": null,
    "office_name": null,
    "office_name_kana": null
  },
  "2222": {
    "postcode": "4312222",
    "prefecture": "静岡県",
    "prefecture_kana": "シズオカケン",
    "prefecture_code": 22,
    "city": "浜松市浜名区",
    "city_kana": "ハママツシハマナク",
    "town": "引佐町黒渕",
    "town_kana": "イナサチョウクロブチ",
    "street": null,
    "office_name": null,
    "office_name_kana": null
  },
  "2223": {
    "postcode": "4312223",
    "prefecture": "静岡県",
    "prefecture_kana": "シズオカケン",
    "prefecture_code": 22,
    "city": "浜松市浜名区",
    "city_kana": "ハママツシハマナク",
    "town": "引佐町栃窪",
    "town_kana": "イナサチョウトチクボ",
    "street": null,
    "office_name": null,
    "office_name_kana": null
  },
  "2224": {
    "postcode": "4312224",
    "prefecture": "静岡県",
    "prefecture_kana": "シズオカケン",
    "prefecture_code": 22,
    "city": "浜松市浜名区",
    "city_kana": "ハママツシハマナク",
    "town": "引佐町奥山",
    "town_kana": "イナサチョウオクヤマ",
    "street": null,
    "office_name": null,
    "office_name_kana": null
  },
  "2225": {
    "postcode": "4312225",
    "prefecture": "静岡県",
    "prefecture_kana": "シズオカケン",
    "prefecture_code": 22,
    "city": "浜松市浜名区",
    "city_kana": "ハママツシハマナク",
    "town": "引佐町狩宿",
    "town_kana": "イナサチョウカリシュク",
    "street": null,
    "office_name": null,
    "office_name_kana": null
  },
  "2226": {
    "postcode": "4312226",
    "prefecture": "静岡県",
    "prefecture_kana": "シズオカケン",
    "prefecture_code": 22,
    "city": "浜松市浜名区",
    "city_kana": "ハママツシハマナク",
    "town": "引佐町谷沢",
    "town_kana": "イナサチョウヤザワ",
    "street": null,
    "office_name": null,
    "office_name_kana": null
  },
  "2295": {
    "postcode": "4312295",
    "prefecture": "静岡県",
    "prefecture_kana": "シズオカケン",
    "prefecture_code": 22,
    "city": "浜松市浜名区",
    "city_kana": "ハママツシハマナク",
    "town": "引佐町井伊谷",
    "town_kana": "イナサチョウイイノヤ",
    "street": "６１６−５",
    "office_name": "浜松市　引佐支所",
    "office_name_kana": "ハママツシ イナサシシヨ"
  },
  "2531": {
    "postcode": "4312531",
    "prefecture": "静岡県",
    "prefecture_kana": "シズオカケン",
    "prefecture_code": 22,
    "city": "浜松市浜名区",
    "city_kana": "ハママツシハマナク",
    "town": "引佐町東久留女木",
    "town_kana": "イナサチョウヒガシクルメキ",
    "street": null,
    "office_name": null,
    "office_name_kana": null
  },
  "2532": {
    "postcode": "4312532",
    "prefecture": "静岡県",
    "prefecture_kana": "シズオカケン",
    "prefecture_code": 22,
    "city": "浜松市浜名区",
    "city_kana": "ハママツシハマナク",
    "town": "引佐町西久留女木",
    "town_kana": "イナサチョウニシクルメキ",
    "street": null,
    "office_name": null,
    "office_name_kana": null
  },
  "2533": {
    "postcode": "4312533",
    "prefecture": "静岡県",
    "prefecture_kana": "シズオカケン",
    "prefecture_code": 22,
    "city": "浜松市浜名区",
    "city_kana": "ハママツシハマナク",
    "town": "引佐町四方浄",
    "town_kana": "イナサチョウシホウジョウ",
    "street": null,
    "office_name": null,
    "office_name_kana": null
  },
  "2534": {
    "postcode": "4312534",
    "prefecture": "静岡県",
    "prefecture_kana": "シズオカケン",
    "prefecture_code": 22,
    "city": "浜松市浜名区",
    "city_kana": "ハママツシハマナク",
    "town": "引佐町別所",
    "town_kana": "イナサチョウベッシヨ",
    "street": null,
    "office_name": null,
    "office_name_kana": null
  },
  "2535": {
    "postcode": "4312535",
    "prefecture": "静岡県",
    "prefecture_kana": "シズオカケン",
    "prefecture_code": 22,
    "city": "浜松市浜名区",
    "city_kana": "ハママツシハマナク",
    "town": "引佐町的場",
    "town_kana": "イナサチョウマトバ",
    "street": null,
    "office_name": null,
    "office_name_kana": null
  },
  "2536": {
    "postcode": "4312536",
    "prefecture": "静岡県",
    "prefecture_kana": "シズオカケン",
    "prefecture_code": 22,
    "city": "浜松市浜名区",
    "city_kana": "ハママツシハマナク",
    "town": "引佐町田沢",
    "town_kana": "イナサチョウタザワ",
    "street": null,
    "office_name": null,
    "office_name_kana": null
  },
  "2537": {
    "postcode": "4312537",
    "prefecture": "静岡県",
    "prefecture_kana": "シズオカケン",
    "prefecture_code": 22,
    "city": "浜松市浜名区",
    "city_kana": "ハママツシハマナク",
    "town": "引佐町渋川",
    "town_kana": "イナサチョウシブカワ",
    "street": null,
    "office_name": null,
    "office_name_kana": null
  },
  "3101": {
    "postcode": "4313101",
    "prefecture": "静岡県",
    "prefecture_kana": "シズオカケン",
    "prefecture_code": 22,
    "city": "浜松市中央区",
    "city_kana": "ハママツシチュウオウク",
    "town": "豊町",
    "town_kana": "ユタカチョウ",
    "street": null,
    "office_name": null,
    "office_name_kana": null
  },
  "3102": {
    "postcode": "4313102",
    "prefecture": "静岡県",
    "prefecture_kana": "シズオカケン",
    "prefecture_code": 22,
    "city": "浜松市中央区",
    "city_kana": "ハママツシチュウオウク",
    "town": "豊西町",
    "town_kana": "トヨニシチョウ",
    "street": null,
    "office_name": null,
    "office_name_kana": null
  },
  "3103": {
    "postcode": "4313103",
    "prefecture": "静岡県",
    "prefecture_kana": "シズオカケン",
    "prefecture_code": 22,
    "city": "浜松市中央区",
    "city_kana": "ハママツシチュウオウク",
    "town": "常光町",
    "town_kana": "ジョウコウチョウ",
    "street": null,
    "office_name": null,
    "office_name_kana": null
  },
  "3104": {
    "postcode": "4313104",
    "prefecture": "静岡県",
    "prefecture_kana": "シズオカケン",
    "prefecture_code": 22,
    "city": "浜松市中央区",
    "city_kana": "ハママツシチュウオウク",
    "town": "貴平町",
    "town_kana": "キヘイチョウ",
    "street": null,
    "office_name": null,
    "office_name_kana": null
  },
  "3105": {
    "postcode": "4313105",
    "prefecture": "静岡県",
    "prefecture_kana": "シズオカケン",
    "prefecture_code": 22,
    "city": "浜松市中央区",
    "city_kana": "ハママツシチュウオウク",
    "town": "笠井新田町",
    "town_kana": "カサイシンデンチョウ",
    "street": null,
    "office_name": null,
    "office_name_kana": null
  },
  "3106": {
    "postcode": "4313106",
    "prefecture": "静岡県",
    "prefecture_kana": "シズオカケン",
    "prefecture_code": 22,
    "city": "浜松市中央区",
    "city_kana": "ハママツシチュウオウク",
    "town": "笠井上町",
    "town_kana": "カサイカミマチ",
    "street": null,
    "office_name": null,
    "office_name_kana": null
  },
  "3107": {
    "postcode": "4313107",
    "prefecture": "静岡県",
    "prefecture_kana": "シズオカケン",
    "prefecture_code": 22,
    "city": "浜松市中央区",
    "city_kana": "ハママツシチュウオウク",
    "town": "笠井町",
    "town_kana": "カサイチョウ",
    "street": null,
    "office_name": null,
    "office_name_kana": null
  },
  "3108": {
    "postcode": "4313108",
    "prefecture": "静岡県",
    "prefecture_kana": "シズオカケン",
    "prefecture_code": 22,
    "city": "浜松市中央区",
    "city_kana": "ハママツシチュウオウク",
    "town": "恒武町",
    "town_kana": "ツネタケチョウ",
    "street": null,
    "office_name": null,
    "office_name_kana": null
  },
  "3111": {
    "postcode": "4313111",
    "prefecture": "静岡県",
    "prefecture_kana": "シズオカケン",
    "prefecture_code": 22,
    "city": "浜松市中央区",
    "city_kana": "ハママツシチュウオウク",
    "town": "中郡町",
    "town_kana": "ナカゴオリチョウ",
    "street": null,
    "office_name": null,
    "office_name_kana": null
  },
  "3112": {
    "postcode": "4313112",
    "prefecture": "静岡県",
    "prefecture_kana": "シズオカケン",
    "prefecture_code": 22,
    "city": "浜松市中央区",
    "city_kana": "ハママツシチュウオウク",
    "town": "大島町",
    "town_kana": "オオシマチョウ",
    "street": null,
    "office_name": null,
    "office_name_kana": null
  },
  "3113": {
    "postcode": "4313113",
    "prefecture": "静岡県",
    "prefecture_kana": "シズオカケン",
    "prefecture_code": 22,
    "city": "浜松市中央区",
    "city_kana": "ハママツシチュウオウク",
    "town": "大瀬町",
    "town_kana": "オオセチョウ",
    "street": null,
    "office_name": null,
    "office_name_kana": null
  },
  "3114": {
    "postcode": "4313114",
    "prefecture": "静岡県",
    "prefecture_kana": "シズオカケン",
    "prefecture_code": 22,
    "city": "浜松市中央区",
    "city_kana": "ハママツシチュウオウク",
    "town": "積志町",
    "town_kana": "セキシチョウ",
    "street": null,
    "office_name": null,
    "office_name_kana": null
  },
  "3115": {
    "postcode": "4313115",
    "prefecture": "静岡県",
    "prefecture_kana": "シズオカケン",
    "prefecture_code": 22,
    "city": "浜松市中央区",
    "city_kana": "ハママツシチュウオウク",
    "town": "西ケ崎町",
    "town_kana": "ニシガサキチョウ",
    "street": null,
    "office_name": null,
    "office_name_kana": null
  },
  "3121": {
    "postcode": "4313121",
    "prefecture": "静岡県",
    "prefecture_kana": "シズオカケン",
    "prefecture_code": 22,
    "city": "浜松市中央区",
    "city_kana": "ハママツシチュウオウク",
    "town": "有玉北町",
    "town_kana": "アリタマキタマチ",
    "street": null,
    "office_name": null,
    "office_name_kana": null
  },
  "3122": {
    "postcode": "4313122",
    "prefecture": "静岡県",
    "prefecture_kana": "シズオカケン",
    "prefecture_code": 22,
    "city": "浜松市中央区",
    "city_kana": "ハママツシチュウオウク",
    "town": "有玉南町",
    "town_kana": "アリタマミナミマチ",
    "street": null,
    "office_name": null,
    "office_name_kana": null
  },
  "3123": {
    "postcode": "4313123",
    "prefecture": "静岡県",
    "prefecture_kana": "シズオカケン",
    "prefecture_code": 22,
    "city": "浜松市中央区",
    "city_kana": "ハママツシチュウオウク",
    "town": "有玉西町",
    "town_kana": "アリタマニシマチ",
    "street": null,
    "office_name": null,
    "office_name_kana": null
  },
  "3124": {
    "postcode": "4313124",
    "prefecture": "静岡県",
    "prefecture_kana": "シズオカケン",
    "prefecture_code": 22,
    "city": "浜松市中央区",
    "city_kana": "ハママツシチュウオウク",
    "town": "半田町",
    "town_kana": "ハンダチョウ",
    "street": null,
    "office_name": null,
    "office_name_kana": null
  },
  "3125": {
    "postcode": "4313125",
    "prefecture": "静岡県",
    "prefecture_kana": "シズオカケン",
    "prefecture_code": 22,
    "city": "浜松市中央区",
    "city_kana": "ハママツシチュウオウク",
    "town": "半田山",
    "town_kana": "ハンダヤマ",
    "street": null,
    "office_name": null,
    "office_name_kana": null
  },
  "3126": {
    "postcode": "4313126",
    "prefecture": "静岡県",
    "prefecture_kana": "シズオカケン",
    "prefecture_code": 22,
    "city": "浜松市中央区",
    "city_kana": "ハママツシチュウオウク",
    "town": "有玉台",
    "town_kana": "アリタマダイ",
    "street": null,
    "office_name": null,
    "office_name_kana": null
  },
  "3192": {
    "postcode": "4313192",
    "prefecture": "静岡県",
    "prefecture_kana": "シズオカケン",
    "prefecture_code": 22,
    "city": "浜松市中央区",
    "city_kana": "ハママツシチュウオウク",
    "town": "半田山",
    "town_kana": "ハンダヤマ",
    "street": "１丁目２０−１",
    "office_name": "浜松医科大学",
    "office_name_kana": "ハママツイカダイガク"
  },
  "3193": {
    "postcode": "4313193",
    "prefecture": "静岡県",
    "prefecture_kana": "シズオカケン",
    "prefecture_code": 22,
    "city": "浜松市中央区",
    "city_kana": "ハママツシチュウオウク",
    "town": "有玉南町",
    "town_kana": "アリタマミナミマチ",
    "street": "１９７５",
    "office_name": "とぴあ浜松農業協同組合",
    "office_name_kana": "トピアハママツノウギヨウキヨウドウクミアイ"
  },
  "3194": {
    "postcode": "4313194",
    "prefecture": "静岡県",
    "prefecture_kana": "シズオカケン",
    "prefecture_code": 22,
    "city": "浜松市中央区",
    "city_kana": "ハママツシチュウオウク",
    "town": "豊町",
    "town_kana": "ユタカチョウ",
    "street": "５０８−１",
    "office_name": "株式会社　ユタカ技研",
    "office_name_kana": "カブシキガイシヤ ユタカギケン"
  },
  "3195": {
    "postcode": "4313195",
    "prefecture": "静岡県",
    "prefecture_kana": "シズオカケン",
    "prefecture_code": 22,
    "city": "浜松市中央区",
    "city_kana": "ハママツシチュウオウク",
    "town": "有玉西町",
    "town_kana": "アリタマニシマチ",
    "street": "３００",
    "office_name": "株式会社　日進機械製作所",
    "office_name_kana": "カブシキガイシヤ ニツシンキカイセイサクシヨ"
  },
  "3196": {
    "postcode": "4313196",
    "prefecture": "静岡県",
    "prefecture_kana": "シズオカケン",
    "prefecture_code": 22,
    "city": "浜松市中央区",
    "city_kana": "ハママツシチュウオウク",
    "town": "常光町",
    "town_kana": "ジョウコウチョウ",
    "street": "８１２",
    "office_name": "浜松ホトニクス　株式会社　常光製作所",
    "office_name_kana": "ハママツホトニクス カブシキガイシヤ ジヨウコウセイサクジヨ"
  },
  "3301": {
    "postcode": "4313301",
    "prefecture": "静岡県",
    "prefecture_kana": "シズオカケン",
    "prefecture_code": 22,
    "city": "浜松市天竜区",
    "city_kana": "ハママツシテンリュウク",
    "town": "横川",
    "town_kana": "ヨコカワ",
    "street": null,
    "office_name": null,
    "office_name_kana": null
  },
  "3302": {
    "postcode": "4313302",
    "prefecture": "静岡県",
    "prefecture_kana": "シズオカケン",
    "prefecture_code": 22,
    "city": "浜松市天竜区",
    "city_kana": "ハママツシテンリュウク",
    "town": "只来",
    "town_kana": "タダライ",
    "street": null,
    "office_name": null,
    "office_name_kana": null
  },
  "3303": {
    "postcode": "4313303",
    "prefecture": "静岡県",
    "prefecture_kana": "シズオカケン",
    "prefecture_code": 22,
    "city": "浜松市天竜区",
    "city_kana": "ハママツシテンリュウク",
    "town": "山東",
    "town_kana": "ヤマヒガシ",
    "street": null,
    "office_name": null,
    "office_name_kana": null
  },
  "3304": {
    "postcode": "4313304",
    "prefecture": "静岡県",
    "prefecture_kana": "シズオカケン",
    "prefecture_code": 22,
    "city": "浜松市天竜区",
    "city_kana": "ハママツシテンリュウク",
    "town": "次郎八新田",
    "town_kana": "ジロウハチシンデン",
    "street": null,
    "office_name": null,
    "office_name_kana": null
  },
  "3305": {
    "postcode": "4313305",
    "prefecture": "静岡県",
    "prefecture_kana": "シズオカケン",
    "prefecture_code": 22,
    "city": "浜松市天竜区",
    "city_kana": "ハママツシテンリュウク",
    "town": "大谷",
    "town_kana": "オオヤ",
    "street": null,
    "office_name": null,
    "office_name_kana": null
  },
  "3306": {
    "postcode": "4313306",
    "prefecture": "静岡県",
    "prefecture_kana": "シズオカケン",
    "prefecture_code": 22,
    "city": "浜松市天竜区",
    "city_kana": "ハママツシテンリュウク",
    "town": "船明",
    "town_kana": "フナギラ",
    "street": null,
    "office_name": null,
    "office_name_kana": null
  },
  "3311": {
    "postcode": "4313311",
    "prefecture": "静岡県",
    "prefecture_kana": "シズオカケン",
    "prefecture_code": 22,
    "city": "浜松市天竜区",
    "city_kana": "ハママツシテンリュウク",
    "town": "二俣町阿蔵",
    "town_kana": "フタマタチョウアクラ",
    "street": null,
    "office_name": null,
    "office_name_kana": null
  },
  "3312": {
    "postcode": "4313312",
    "prefecture": "静岡県",
    "prefecture_kana": "シズオカケン",
    "prefecture_code": 22,
    "city": "浜松市天竜区",
    "city_kana": "ハママツシテンリュウク",
    "town": "二俣町南鹿島",
    "town_kana": "フタマタチョウミナミカジマ",
    "street": null,
    "office_name": null,
    "office_name_kana": null
  },
  "3313": {
    "postcode": "4313313",
    "prefecture": "静岡県",
    "prefecture_kana": "シズオカケン",
    "prefecture_code": 22,
    "city": "浜松市天竜区",
    "city_kana": "ハママツシテンリュウク",
    "town": "二俣町鹿島",
    "town_kana": "フタマタチョウカジマ",
    "street": null,
    "office_name": null,
    "office_name_kana": null
  },
  "3314": {
    "postcode": "4313314",
    "prefecture": "静岡県",
    "prefecture_kana": "シズオカケン",
    "prefecture_code": 22,
    "city": "浜松市天竜区",
    "city_kana": "ハママツシテンリュウク",
    "town": "二俣町二俣",
    "town_kana": "フタマタチョウフタマタ",
    "street": null,
    "office_name": null,
    "office_name_kana": null
  },
  "3315": {
    "postcode": "4313315",
    "prefecture": "静岡県",
    "prefecture_kana": "シズオカケン",
    "prefecture_code": 22,
    "city": "浜松市天竜区",
    "city_kana": "ハママツシテンリュウク",
    "town": "二俣町大園",
    "town_kana": "フタマタチョウオオソノ",
    "street": null,
    "office_name": null,
    "office_name_kana": null
  },
  "3392": {
    "postcode": "4313392",
    "prefecture": "静岡県",
    "prefecture_kana": "シズオカケン",
    "prefecture_code": 22,
    "city": "浜松市天竜区",
    "city_kana": "ハママツシテンリュウク",
    "town": "二俣町二俣",
    "town_kana": "フタマタチョウフタマタ",
    "street": "４８１",
    "office_name": "浜松市天竜区役所",
    "office_name_kana": "ハママツシテンリユウクヤクシヨ"
  },
  "3393": {
    "postcode": "4313393",
    "prefecture": "静岡県",
    "prefecture_kana": "シズオカケン",
    "prefecture_code": 22,
    "city": "浜松市天竜区",
    "city_kana": "ハママツシテンリュウク",
    "town": "二俣町南鹿島",
    "town_kana": "フタマタチョウミナミカジマ",
    "street": "２３番地",
    "office_name": "矢崎エナジーシステム　株式会社　天竜工場",
    "office_name_kana": "ヤザキエナジ-システム カブシキガイシヤ テンリユウコウジヨウ"
  },
  "3421": {
    "postcode": "4313421",
    "prefecture": "静岡県",
    "prefecture_kana": "シズオカケン",
    "prefecture_code": 22,
    "city": "浜松市天竜区",
    "city_kana": "ハママツシテンリュウク",
    "town": "日明",
    "town_kana": "ヒアリ",
    "street": null,
    "office_name": null,
    "office_name_kana": null
  },
  "3422": {
    "postcode": "4313422",
    "prefecture": "静岡県",
    "prefecture_kana": "シズオカケン",
    "prefecture_code": 22,
    "city": "浜松市天竜区",
    "city_kana": "ハママツシテンリュウク",
    "town": "米沢",
    "town_kana": "ミナザワ",
    "street": null,
    "office_name": null,
    "office_name_kana": null
  },
  "3423": {
    "postcode": "4313423",
    "prefecture": "静岡県",
    "prefecture_kana": "シズオカケン",
    "prefecture_code": 22,
    "city": "浜松市天竜区",
    "city_kana": "ハママツシテンリュウク",
    "town": "渡ケ島",
    "town_kana": "ワタガシマ",
    "street": null,
    "office_name": null,
    "office_name_kana": null
  },
  "3424": {
    "postcode": "4313424",
    "prefecture": "静岡県",
    "prefecture_kana": "シズオカケン",
    "prefecture_code": 22,
    "city": "浜松市天竜区",
    "city_kana": "ハママツシテンリュウク",
    "town": "緑恵台",
    "town_kana": "リョクケイダイ",
    "street": null,
    "office_name": null,
    "office_name_kana": null
  },
  "3425": {
    "postcode": "4313425",
    "prefecture": "静岡県",
    "prefecture_kana": "シズオカケン",
    "prefecture_code": 22,
    "city": "浜松市天竜区",
    "city_kana": "ハママツシテンリュウク",
    "town": "青谷",
    "town_kana": "アオヤ",
    "street": null,
    "office_name": null,
    "office_name_kana": null
  },
  "3426": {
    "postcode": "4313426",
    "prefecture": "静岡県",
    "prefecture_kana": "シズオカケン",
    "prefecture_code": 22,
    "city": "浜松市天竜区",
    "city_kana": "ハママツシテンリュウク",
    "town": "両島",
    "town_kana": "リョウシマ",
    "street": null,
    "office_name": null,
    "office_name_kana": null
  },
  "3427": {
    "postcode": "4313427",
    "prefecture": "静岡県",
    "prefecture_kana": "シズオカケン",
    "prefecture_code": 22,
    "city": "浜松市天竜区",
    "city_kana": "ハママツシテンリュウク",
    "town": "上野",
    "town_kana": "カミノ",
    "street": null,
    "office_name": null,
    "office_name_kana": null
  },
  "3428": {
    "postcode": "4313428",
    "prefecture": "静岡県",
    "prefecture_kana": "シズオカケン",
    "prefecture_code": 22,
    "city": "浜松市天竜区",
    "city_kana": "ハママツシテンリュウク",
    "town": "石神",
    "town_kana": "イシガミ",
    "street": null,
    "office_name": null,
    "office_name_kana": null
  },
  "3492": {
    "postcode": "4313492",
    "prefecture": "静岡県",
    "prefecture_kana": "シズオカケン",
    "prefecture_code": 22,
    "city": "浜松市天竜区",
    "city_kana": "ハママツシテンリュウク",
    "town": "渡ケ島",
    "town_kana": "ワタガシマ",
    "street": "２１７−３",
    "office_name": "天竜厚生会",
    "office_name_kana": "テンリユウコウセイカイ"
  },
  "3531": {
    "postcode": "4313531",
    "prefecture": "静岡県",
    "prefecture_kana": "シズオカケン",
    "prefecture_code": 22,
    "city": "浜松市天竜区",
    "city_kana": "ハママツシテンリュウク",
    "town": "東藤平",
    "town_kana": "ヒガシフジダイラ",
    "street": null,
    "office_name": null,
    "office_name_kana": null
  },
  "3532": {
    "postcode": "4313532",
    "prefecture": "静岡県",
    "prefecture_kana": "シズオカケン",
    "prefecture_code": 22,
    "city": "浜松市天竜区",
    "city_kana": "ハママツシテンリュウク",
    "town": "西藤平",
    "town_kana": "ニシフジダイラ",
    "street": null,
    "office_name": null,
    "office_name_kana": null
  },
  "3533": {
    "postcode": "4313533",
    "prefecture": "静岡県",
    "prefecture_kana": "シズオカケン",
    "prefecture_code": 22,
    "city": "浜松市天竜区",
    "city_kana": "ハママツシテンリュウク",
    "town": "長沢",
    "town_kana": "ナガサワ",
    "street": null,
    "office_name": null,
    "office_name_kana": null
  },
  "3534": {
    "postcode": "4313534",
    "prefecture": "静岡県",
    "prefecture_kana": "シズオカケン",
    "prefecture_code": 22,
    "city": "浜松市天竜区",
    "city_kana": "ハママツシテンリュウク",
    "town": "懐山",
    "town_kana": "フトコロヤマ",
    "street": null,
    "office_name": null,
    "office_name_kana": null
  },
  "3535": {
    "postcode": "4313535",
    "prefecture": "静岡県",
    "prefecture_kana": "シズオカケン",
    "prefecture_code": 22,
    "city": "浜松市天竜区",
    "city_kana": "ハママツシテンリュウク",
    "town": "芦窪",
    "town_kana": "アシクボ",
    "street": null,
    "office_name": null,
    "office_name_kana": null
  },
  "3536": {
    "postcode": "4313536",
    "prefecture": "静岡県",
    "prefecture_kana": "シズオカケン",
    "prefecture_code": 22,
    "city": "浜松市天竜区",
    "city_kana": "ハママツシテンリュウク",
    "town": "阿寺",
    "town_kana": "アテラ",
    "street": null,
    "office_name": null,
    "office_name_kana": null
  },
  "3641": {
    "postcode": "4313641",
    "prefecture": "静岡県",
    "prefecture_kana": "シズオカケン",
    "prefecture_code": 22,
    "city": "浜松市天竜区",
    "city_kana": "ハママツシテンリュウク",
    "town": "熊",
    "town_kana": "クマ",
    "street": null,
    "office_name": null,
    "office_name_kana": null
  },
  "3642": {
    "postcode": "4313642",
    "prefecture": "静岡県",
    "prefecture_kana": "シズオカケン",
    "prefecture_code": 22,
    "city": "浜松市天竜区",
    "city_kana": "ハママツシテンリュウク",
    "town": "大栗安",
    "town_kana": "オオグリヤス",
    "street": null,
    "office_name": null,
    "office_name_kana": null
  },
  "3643": {
    "postcode": "4313643",
    "prefecture": "静岡県",
    "prefecture_kana": "シズオカケン",
    "prefecture_code": 22,
    "city": "浜松市天竜区",
    "city_kana": "ハママツシテンリュウク",
    "town": "神沢",
    "town_kana": "カンザワ",
    "street": null,
    "office_name": null,
    "office_name_kana": null
  },
  "3751": {
    "postcode": "4313751",
    "prefecture": "静岡県",
    "prefecture_kana": "シズオカケン",
    "prefecture_code": 22,
    "city": "浜松市天竜区",
    "city_kana": "ハママツシテンリュウク",
    "town": "東雲名",
    "town_kana": "ヒガシウンナ",
    "street": null,
    "office_name": null,
    "office_name_kana": null
  },
  "3752": {
    "postcode": "4313752",
    "prefecture": "静岡県",
    "prefecture_kana": "シズオカケン",
    "prefecture_code": 22,
    "city": "浜松市天竜区",
    "city_kana": "ハママツシテンリュウク",
    "town": "小川",
    "town_kana": "オガワ",
    "street": null,
    "office_name": null,
    "office_name_kana": null
  },
  "3753": {
    "postcode": "4313753",
    "prefecture": "静岡県",
    "prefecture_kana": "シズオカケン",
    "prefecture_code": 22,
    "city": "浜松市天竜区",
    "city_kana": "ハママツシテンリュウク",
    "town": "佐久",
    "town_kana": "サク",
    "street": null,
    "office_name": null,
    "office_name_kana": null
  },
  "3754": {
    "postcode": "4313754",
    "prefecture": "静岡県",
    "prefecture_kana": "シズオカケン",
    "prefecture_code": 22,
    "city": "浜松市天竜区",
    "city_kana": "ハママツシテンリュウク",
    "town": "相津",
    "town_kana": "ソウヅ",
    "street": null,
    "office_name": null,
    "office_name_kana": null
  },
  "3755": {
    "postcode": "4313755",
    "prefecture": "静岡県",
    "prefecture_kana": "シズオカケン",
    "prefecture_code": 22,
    "city": "浜松市天竜区",
    "city_kana": "ハママツシテンリュウク",
    "town": "大川",
    "town_kana": "オオカワ",
    "street": null,
    "office_name": null,
    "office_name_kana": null
  },
  "3756": {
    "postcode": "4313756",
    "prefecture": "静岡県",
    "prefecture_kana": "シズオカケン",
    "prefecture_code": 22,
    "city": "浜松市天竜区",
    "city_kana": "ハママツシテンリュウク",
    "town": "谷山",
    "town_kana": "ヤヤマ",
    "street": null,
    "office_name": null,
    "office_name_kana": null
  },
  "3761": {
    "postcode": "4313761",
    "prefecture": "静岡県",
    "prefecture_kana": "シズオカケン",
    "prefecture_code": 22,
    "city": "浜松市天竜区",
    "city_kana": "ハママツシテンリュウク",
    "town": "西雲名",
    "town_kana": "ニシウンナ",
    "street": null,
    "office_name": null,
    "office_name_kana": null
  },
  "3762": {
    "postcode": "4313762",
    "prefecture": "静岡県",
    "prefecture_kana": "シズオカケン",
    "prefecture_code": 22,
    "city": "浜松市天竜区",
    "city_kana": "ハママツシテンリュウク",
    "town": "伊砂",
    "town_kana": "イスカ",
    "street": null,
    "office_name": null,
    "office_name_kana": null
  },
  "3763": {
    "postcode": "4313763",
    "prefecture": "静岡県",
    "prefecture_kana": "シズオカケン",
    "prefecture_code": 22,
    "city": "浜松市天竜区",
    "city_kana": "ハママツシテンリュウク",
    "town": "月",
    "town_kana": "ツキ",
    "street": null,
    "office_name": null,
    "office_name_kana": null
  },
  "3764": {
    "postcode": "4313764",
    "prefecture": "静岡県",
    "prefecture_kana": "シズオカケン",
    "prefecture_code": 22,
    "city": "浜松市天竜区",
    "city_kana": "ハママツシテンリュウク",
    "town": "横山町",
    "town_kana": "ヨコヤマチョウ",
    "street": null,
    "office_name": null,
    "office_name_kana": null
  },
  "3801": {
    "postcode": "4313801",
    "prefecture": "静岡県",
    "prefecture_kana": "シズオカケン",
    "prefecture_code": 22,
    "city": "浜松市天竜区",
    "city_kana": "ハママツシテンリュウク",
    "town": "龍山町瀬尻",
    "town_kana": "タツヤマチョウセジリ",
    "street": null,
    "office_name": null,
    "office_name_kana": null
  },
  "3802": {
    "postcode": "4313802",
    "prefecture": "静岡県",
    "prefecture_kana": "シズオカケン",
    "prefecture_code": 22,
    "city": "浜松市天竜区",
    "city_kana": "ハママツシテンリュウク",
    "town": "龍山町下平山",
    "town_kana": "タツヤマチョウシモヒラヤマ",
    "street": null,
    "office_name": null,
    "office_name_kana": null
  },
  "3803": {
    "postcode": "4313803",
    "prefecture": "静岡県",
    "prefecture_kana": "シズオカケン",
    "prefecture_code": 22,
    "city": "浜松市天竜区",
    "city_kana": "ハママツシテンリュウク",
    "town": "龍山町戸倉",
    "town_kana": "タツヤマチョウトクラ",
    "street": null,
    "office_name": null,
    "office_name_kana": null
  },
  "3804": {
    "postcode": "4313804",
    "prefecture": "静岡県",
    "prefecture_kana": "シズオカケン",
    "prefecture_code": 22,
    "city": "浜松市天竜区",
    "city_kana": "ハママツシテンリュウク",
    "town": "龍山町大嶺",
    "town_kana": "タツヤマチョウオオミネ",
    "street": null,
    "office_name": null,
    "office_name_kana": null
  },
  "3901": {
    "postcode": "4313901",
    "prefecture": "静岡県",
    "prefecture_kana": "シズオカケン",
    "prefecture_code": 22,
    "city": "浜松市天竜区",
    "city_kana": "ハママツシテンリュウク",
    "town": "佐久間町佐久間",
    "town_kana": "サクマチョウサクマ",
    "street": null,
    "office_name": null,
    "office_name_kana": null
  },
  "3902": {
    "postcode": "4313902",
    "prefecture": "静岡県",
    "prefecture_kana": "シズオカケン",
    "prefecture_code": 22,
    "city": "浜松市天竜区",
    "city_kana": "ハママツシテンリュウク",
    "town": "佐久間町大井",
    "town_kana": "サクマチョウオオイ",
    "street": null,
    "office_name": null,
    "office_name_kana": null
  },
  "3903": {
    "postcode": "4313903",
    "prefecture": "静岡県",
    "prefecture_kana": "シズオカケン",
    "prefecture_code": 22,
    "city": "浜松市天竜区",
    "city_kana": "ハママツシテンリュウク",
    "town": "佐久間町上平山",
    "town_kana": "サクマチョウカミヒラヤマ",
    "street": null,
    "office_name": null,
    "office_name_kana": null
  },
  "3904": {
    "postcode": "4313904",
    "prefecture": "静岡県",
    "prefecture_kana": "シズオカケン",
    "prefecture_code": 22,
    "city": "浜松市天竜区",
    "city_kana": "ハママツシテンリュウク",
    "town": "佐久間町戸口",
    "town_kana": "サクマチョウトグチ",
    "street": null,
    "office_name": null,
    "office_name_kana": null
  },
  "3905": {
    "postcode": "4313905",
    "prefecture": "静岡県",
    "prefecture_kana": "シズオカケン",
    "prefecture_code": 22,
    "city": "浜松市天竜区",
    "city_kana": "ハママツシテンリュウク",
    "town": "佐久間町半場",
    "town_kana": "サクマチョウハンバ",
    "street": null,
    "office_name": null,
    "office_name_kana": null
  },
  "3906": {
    "postcode": "4313906",
    "prefecture": "静岡県",
    "prefecture_kana": "シズオカケン",
    "prefecture_code": 22,
    "city": "浜松市天竜区",
    "city_kana": "ハママツシテンリュウク",
    "town": "佐久間町浦川",
    "town_kana": "サクマチョウウラカワ",
    "street": null,
    "office_name": null,
    "office_name_kana": null
  },
  "3907": {
    "postcode": "4313907",
    "prefecture": "静岡県",
    "prefecture_kana": "シズオカケン",
    "prefecture_code": 22,
    "city": "浜松市天竜区",
    "city_kana": "ハママツシテンリュウク",
    "town": "佐久間町川合",
    "town_kana": "サクマチョウカワイ",
    "street": null,
    "office_name": null,
    "office_name_kana": null
  },
  "3908": {
    "postcode": "4313908",
    "prefecture": "静岡県",
    "prefecture_kana": "シズオカケン",
    "prefecture_code": 22,
    "city": "浜松市天竜区",
    "city_kana": "ハママツシテンリュウク",
    "town": "佐久間町中部",
    "town_kana": "サクマチョウナカベ",
    "street": null,
    "office_name": null,
    "office_name_kana": null
  },
  "4101": {
    "postcode": "4314101",
    "prefecture": "静岡県",
    "prefecture_kana": "シズオカケン",
    "prefecture_code": 22,
    "city": "浜松市天竜区",
    "city_kana": "ハママツシテンリュウク",
    "town": "水窪町奥領家",
    "town_kana": "ミサクボチョウオクリョウケ",
    "street": null,
    "office_name": null,
    "office_name_kana": null
  },
  "4102": {
    "postcode": "4314102",
    "prefecture": "静岡県",
    "prefecture_kana": "シズオカケン",
    "prefecture_code": 22,
    "city": "浜松市天竜区",
    "city_kana": "ハママツシテンリュウク",
    "town": "水窪町地頭方",
    "town_kana": "ミサクボチョウジトウガタ",
    "street": null,
    "office_name": null,
    "office_name_kana": null
  },
  "4103": {
    "postcode": "4314103",
    "prefecture": "静岡県",
    "prefecture_kana": "シズオカケン",
    "prefecture_code": 22,
    "city": "浜松市天竜区",
    "city_kana": "ハママツシテンリュウク",
    "town": "水窪町山住",
    "town_kana": "ミサクボチョウヤマズミ",
    "street": null,
    "office_name": null,
    "office_name_kana": null
  },
  "4111": {
    "postcode": "4314111",
    "prefecture": "静岡県",
    "prefecture_kana": "シズオカケン",
    "prefecture_code": 22,
    "city": "浜松市天竜区",
    "city_kana": "ハママツシテンリュウク",
    "town": "佐久間町相月",
    "town_kana": "サクマチョウアイヅキ",
    "street": null,
    "office_name": null,
    "office_name_kana": null
  },
  "4112": {
    "postcode": "4314112",
    "prefecture": "静岡県",
    "prefecture_kana": "シズオカケン",
    "prefecture_code": 22,
    "city": "浜松市天竜区",
    "city_kana": "ハママツシテンリュウク",
    "town": "佐久間町奥領家",
    "town_kana": "サクマチョウオクリョウケ",
    "street": null,
    "office_name": null,
    "office_name_kana": null
  },
  "4121": {
    "postcode": "4314121",
    "prefecture": "愛知県",
    "prefecture_kana": "アイチケン",
    "prefecture_code": 23,
    "city": "北設楽郡豊根村",
    "city_kana": "キタシタラグントヨネムラ",
    "town": "富山",
    "town_kana": "トミヤマ",
    "street": null,
    "office_name": null,
    "office_name_kana": null
  },
  "4195": {
    "postcode": "4314195",
    "prefecture": "静岡県",
    "prefecture_kana": "シズオカケン",
    "prefecture_code": 22,
    "city": "浜松市天竜区",
    "city_kana": "ハママツシテンリュウク",
    "town": "水窪町奥領家",
    "town_kana": "ミサクボチョウオクリョウケ",
    "street": "２９５５の１",
    "office_name": "水窪支所",
    "office_name_kana": "ミサクボシシヨ"
  }
}