{
  "0001": {
    "postcode": "4340001",
    "prefecture": "静岡県",
    "prefecture_kana": "シズオカケン",
    "prefecture_code": 22,
    "city": "浜松市浜名区",
    "city_kana": "ハママツシハマナク",
    "town": "堀谷",
    "town_kana": "ホリヤ",
    "street": null,
    "office_name": null,
    "office_name_kana": null
  },
  "0002": {
    "postcode": "4340002",
    "prefecture": "静岡県",
    "prefecture_kana": "シズオカケン",
    "prefecture_code": 22,
    "city": "浜松市浜名区",
    "city_kana": "ハママツシハマナク",
    "town": "尾野",
    "town_kana": "オノ",
    "street": null,
    "office_name": null,
    "office_name_kana": null
  },
  "0003": {
    "postcode": "4340003",
    "prefecture": "静岡県",
    "prefecture_kana": "シズオカケン",
    "prefecture_code": 22,
    "city": "浜松市浜名区",
    "city_kana": "ハママツシハマナク",
    "town": "新原",
    "town_kana": "シンパラ",
    "street": null,
    "office_name": null,
    "office_name_kana": null
  },
  "0004": {
    "postcode": "4340004",
    "prefecture": "静岡県",
    "prefecture_kana": "シズオカケン",
    "prefecture_code": 22,
    "city": "浜松市浜名区",
    "city_kana": "ハママツシハマナク",
    "town": "宮口",
    "town_kana": "ミヤグチ",
    "street": null,
    "office_name": null,
    "office_name_kana": null
  },
  "0005": {
    "postcode": "4340005",
    "prefecture": "静岡県",
    "prefecture_kana": "シズオカケン",
    "prefecture_code": 22,
    "city": "浜松市浜名区",
    "city_kana": "ハママツシハマナク",
    "town": "大平",
    "town_kana": "オイダイラ",
    "street": null,
    "office_name": null,
    "office_name_kana": null
  },
  "0006": {
    "postcode": "4340006",
    "prefecture": "静岡県",
    "prefecture_kana": "シズオカケン",
    "prefecture_code": 22,
    "city": "浜松市浜名区",
    "city_kana": "ハママツシハマナク",
    "town": "四大地",
    "town_kana": "ヨンダイチ",
    "street": null,
    "office_name": null,
    "office_name_kana": null
  },
  "0007": {
    "postcode": "4340007",
    "prefecture": "静岡県",
    "prefecture_kana": "シズオカケン",
    "prefecture_code": 22,
    "city": "浜松市浜名区",
    "city_kana": "ハママツシハマナク",
    "town": "灰木",
    "town_kana": "ハイノキ",
    "street": null,
    "office_name": null,
    "office_name_kana": null
  },
  "0011": {
    "postcode": "4340011",
    "prefecture": "静岡県",
    "prefecture_kana": "シズオカケン",
    "prefecture_code": 22,
    "city": "浜松市浜名区",
    "city_kana": "ハママツシハマナク",
    "town": "上島",
    "town_kana": "カミジマ",
    "street": null,
    "office_name": null,
    "office_name_kana": null
  },
  "0012": {
    "postcode": "4340012",
    "prefecture": "静岡県",
    "prefecture_kana": "シズオカケン",
    "prefecture_code": 22,
    "city": "浜松市浜名区",
    "city_kana": "ハママツシハマナク",
    "town": "中瀬",
    "town_kana": "ナカゼ",
    "street": null,
    "office_name": null,
    "office_name_kana": null
  },
  "0013": {
    "postcode": "4340013",
    "prefecture": "静岡県",
    "prefecture_kana": "シズオカケン",
    "prefecture_code": 22,
    "city": "浜松市浜名区",
    "city_kana": "ハママツシハマナク",
    "town": "永島",
    "town_kana": "ナガシマ",
    "street": null,
    "office_name": null,
    "office_name_kana": null
  },
  "0014": {
    "postcode": "4340014",
    "prefecture": "静岡県",
    "prefecture_kana": "シズオカケン",
    "prefecture_code": 22,
    "city": "浜松市浜名区",
    "city_kana": "ハママツシハマナク",
    "town": "本沢合",
    "town_kana": "ホンザワイ",
    "street": null,
    "office_name": null,
    "office_name_kana": null
  },
  "0015": {
    "postcode": "4340015",
    "prefecture": "静岡県",
    "prefecture_kana": "シズオカケン",
    "prefecture_code": 22,
    "city": "浜松市浜名区",
    "city_kana": "ハママツシハマナク",
    "town": "於呂",
    "town_kana": "オロ",
    "street": null,
    "office_name": null,
    "office_name_kana": null
  },
  "0016": {
    "postcode": "4340016",
    "prefecture": "静岡県",
    "prefecture_kana": "シズオカケン",
    "prefecture_code": 22,
    "city": "浜松市浜名区",
    "city_kana": "ハママツシハマナク",
    "town": "根堅",
    "town_kana": "ネガタ",
    "street": null,
    "office_name": null,
    "office_name_kana": null
  },
  "0017": {
    "postcode": "4340017",
    "prefecture": "静岡県",
    "prefecture_kana": "シズオカケン",
    "prefecture_code": 22,
    "city": "浜松市浜名区",
    "city_kana": "ハママツシハマナク",
    "town": "豊保",
    "town_kana": "トヨヤス",
    "street": null,
    "office_name": null,
    "office_name_kana": null
  },
  "0018": {
    "postcode": "4340018",
    "prefecture": "静岡県",
    "prefecture_kana": "シズオカケン",
    "prefecture_code": 22,
    "city": "浜松市浜名区",
    "city_kana": "ハママツシハマナク",
    "town": "西中瀬",
    "town_kana": "ニシナカゼ",
    "street": null,
    "office_name": null,
    "office_name_kana": null
  },
  "0021": {
    "postcode": "4340021",
    "prefecture": "静岡県",
    "prefecture_kana": "シズオカケン",
    "prefecture_code": 22,
    "city": "浜松市浜名区",
    "city_kana": "ハママツシハマナク",
    "town": "八幡",
    "town_kana": "ヤワタ",
    "street": null,
    "office_name": null,
    "office_name_kana": null
  },
  "0022": {
    "postcode": "4340022",
    "prefecture": "静岡県",
    "prefecture_kana": "シズオカケン",
    "prefecture_code": 22,
    "city": "浜松市浜名区",
    "city_kana": "ハママツシハマナク",
    "town": "新堀",
    "town_kana": "ニイボリ",
    "street": null,
    "office_name": null,
    "office_name_kana": null
  },
  "0023": {
    "postcode": "4340023",
    "prefecture": "静岡県",
    "prefecture_kana": "シズオカケン",
    "prefecture_code": 22,
    "city": "浜松市浜名区",
    "city_kana": "ハママツシハマナク",
    "town": "高薗",
    "town_kana": "タカソノ",
    "street": null,
    "office_name": null,
    "office_name_kana": null
  },
  "0024": {
    "postcode": "4340024",
    "prefecture": "静岡県",
    "prefecture_kana": "シズオカケン",
    "prefecture_code": 22,
    "city": "浜松市浜名区",
    "city_kana": "ハママツシハマナク",
    "town": "竜南",
    "town_kana": "リュウナン",
    "street": null,
    "office_name": null,
    "office_name_kana": null
  },
  "0025": {
    "postcode": "4340025",
    "prefecture": "静岡県",
    "prefecture_kana": "シズオカケン",
    "prefecture_code": 22,
    "city": "浜松市浜名区",
    "city_kana": "ハママツシハマナク",
    "town": "善地",
    "town_kana": "ゼンジ",
    "street": null,
    "office_name": null,
    "office_name_kana": null
  },
  "0026": {
    "postcode": "4340026",
    "prefecture": "静岡県",
    "prefecture_kana": "シズオカケン",
    "prefecture_code": 22,
    "city": "浜松市浜名区",
    "city_kana": "ハママツシハマナク",
    "town": "東美薗",
    "town_kana": "ヒガシミソノ",
    "street": null,
    "office_name": null,
    "office_name_kana": null
  },
  "0027": {
    "postcode": "4340027",
    "prefecture": "静岡県",
    "prefecture_kana": "シズオカケン",
    "prefecture_code": 22,
    "city": "浜松市浜名区",
    "city_kana": "ハママツシハマナク",
    "town": "油一色",
    "town_kana": "アブライシキ",
    "street": null,
    "office_name": null,
    "office_name_kana": null
  },
  "0028": {
    "postcode": "4340028",
    "prefecture": "静岡県",
    "prefecture_kana": "シズオカケン",
    "prefecture_code": 22,
    "city": "浜松市浜名区",
    "city_kana": "ハママツシハマナク",
    "town": "上善地",
    "town_kana": "カミゼンジ",
    "street": null,
    "office_name": null,
    "office_name_kana": null
  },
  "0029": {
    "postcode": "4340029",
    "prefecture": "静岡県",
    "prefecture_kana": "シズオカケン",
    "prefecture_code": 22,
    "city": "浜松市浜名区",
    "city_kana": "ハママツシハマナク",
    "town": "新野",
    "town_kana": "ニイノ",
    "street": null,
    "office_name": null,
    "office_name_kana": null
  },
  "0031": {
    "postcode": "4340031",
    "prefecture": "静岡県",
    "prefecture_kana": "シズオカケン",
    "prefecture_code": 22,
    "city": "浜松市浜名区",
    "city_kana": "ハママツシハマナク",
    "town": "小林",
    "town_kana": "コバヤシ",
    "street": null,
    "office_name": null,
    "office_name_kana": null
  },
  "0032": {
    "postcode": "4340032",
    "prefecture": "静岡県",
    "prefecture_kana": "シズオカケン",
    "prefecture_code": 22,
    "city": "浜松市浜名区",
    "city_kana": "ハママツシハマナク",
    "town": "道本",
    "town_kana": "ドウホン",
    "street": null,
    "office_name": null,
    "office_name_kana": null
  },
  "0033": {
    "postcode": "4340033",
    "prefecture": "静岡県",
    "prefecture_kana": "シズオカケン",
    "prefecture_code": 22,
    "city": "浜松市浜名区",
    "city_kana": "ハママツシハマナク",
    "town": "西美薗",
    "town_kana": "ニシミソノ",
    "street": null,
    "office_name": null,
    "office_name_kana": null
  },
  "0034": {
    "postcode": "4340034",
    "prefecture": "静岡県",
    "prefecture_kana": "シズオカケン",
    "prefecture_code": 22,
    "city": "浜松市浜名区",
    "city_kana": "ハママツシハマナク",
    "town": "高畑",
    "town_kana": "タカバタケ",
    "street": null,
    "office_name": null,
    "office_name_kana": null
  },
  "0035": {
    "postcode": "4340035",
    "prefecture": "静岡県",
    "prefecture_kana": "シズオカケン",
    "prefecture_code": 22,
    "city": "浜松市浜名区",
    "city_kana": "ハママツシハマナク",
    "town": "寺島",
    "town_kana": "テラジマ",
    "street": null,
    "office_name": null,
    "office_name_kana": null
  },
  "0036": {
    "postcode": "4340036",
    "prefecture": "静岡県",
    "prefecture_kana": "シズオカケン",
    "prefecture_code": 22,
    "city": "浜松市浜名区",
    "city_kana": "ハママツシハマナク",
    "town": "横須賀",
    "town_kana": "ヨコスカ",
    "street": null,
    "office_name": null,
    "office_name_kana": null
  },
  "0037": {
    "postcode": "4340037",
    "prefecture": "静岡県",
    "prefecture_kana": "シズオカケン",
    "prefecture_code": 22,
    "city": "浜松市浜名区",
    "city_kana": "ハママツシハマナク",
    "town": "沼",
    "town_kana": "ヌマ",
    "street": null,
    "office_name": null,
    "office_name_kana": null
  },
  "0038": {
    "postcode": "4340038",
    "prefecture": "静岡県",
    "prefecture_kana": "シズオカケン",
    "prefecture_code": 22,
    "city": "浜松市浜名区",
    "city_kana": "ハママツシハマナク",
    "town": "貴布祢",
    "town_kana": "キブネ",
    "street": null,
    "office_name": null,
    "office_name_kana": null
  },
  "0041": {
    "postcode": "4340041",
    "prefecture": "静岡県",
    "prefecture_kana": "シズオカケン",
    "prefecture_code": 22,
    "city": "浜松市浜名区",
    "city_kana": "ハママツシハマナク",
    "town": "平口",
    "town_kana": "ヒラクチ",
    "street": null,
    "office_name": null,
    "office_name_kana": null
  },
  "0042": {
    "postcode": "4340042",
    "prefecture": "静岡県",
    "prefecture_kana": "シズオカケン",
    "prefecture_code": 22,
    "city": "浜松市浜名区",
    "city_kana": "ハママツシハマナク",
    "town": "小松",
    "town_kana": "コマツ",
    "street": null,
    "office_name": null,
    "office_name_kana": null
  },
  "0043": {
    "postcode": "4340043",
    "prefecture": "静岡県",
    "prefecture_kana": "シズオカケン",
    "prefecture_code": 22,
    "city": "浜松市浜名区",
    "city_kana": "ハママツシハマナク",
    "town": "中条",
    "town_kana": "ナカジョウ",
    "street": null,
    "office_name": null,
    "office_name_kana": null
  },
  "0044": {
    "postcode": "4340044",
    "prefecture": "静岡県",
    "prefecture_kana": "シズオカケン",
    "prefecture_code": 22,
    "city": "浜松市浜名区",
    "city_kana": "ハママツシハマナク",
    "town": "内野",
    "town_kana": "ウチノ",
    "street": null,
    "office_name": null,
    "office_name_kana": null
  },
  "0045": {
    "postcode": "4340045",
    "prefecture": "静岡県",
    "prefecture_kana": "シズオカケン",
    "prefecture_code": 22,
    "city": "浜松市浜名区",
    "city_kana": "ハママツシハマナク",
    "town": "内野台",
    "town_kana": "ウチノダイ",
    "street": null,
    "office_name": null,
    "office_name_kana": null
  },
  "0046": {
    "postcode": "4340046",
    "prefecture": "静岡県",
    "prefecture_kana": "シズオカケン",
    "prefecture_code": 22,
    "city": "浜松市浜名区",
    "city_kana": "ハママツシハマナク",
    "town": "染地台",
    "town_kana": "ソメジダイ",
    "street": null,
    "office_name": null,
    "office_name_kana": null
  },
  "8501": {
    "postcode": "4348501",
    "prefecture": "静岡県",
    "prefecture_kana": "シズオカケン",
    "prefecture_code": 22,
    "city": "浜松市浜名区",
    "city_kana": "ハママツシハマナク",
    "town": "中条",
    "town_kana": "ナカジョウ",
    "street": "１２８０",
    "office_name": "ヤマハ発動機　株式会社　浜北工場",
    "office_name_kana": "ヤマハハツドウキ カブシキガイシヤ ハマキタコウジヨウ"
  },
  "8502": {
    "postcode": "4348502",
    "prefecture": "静岡県",
    "prefecture_kana": "シズオカケン",
    "prefecture_code": 22,
    "city": "浜松市浜名区",
    "city_kana": "ハママツシハマナク",
    "town": "貴布祢",
    "town_kana": "キブネ",
    "street": "１２００",
    "office_name": "プレ葉ウォーク浜北",
    "office_name_kana": "プレハウオ-クハマキタ"
  },
  "8505": {
    "postcode": "4348505",
    "prefecture": "静岡県",
    "prefecture_kana": "シズオカケン",
    "prefecture_code": 22,
    "city": "浜松市浜名区",
    "city_kana": "ハママツシハマナク",
    "town": "中瀬",
    "town_kana": "ナカゼ",
    "street": "１６２１",
    "office_name": "静岡県立浜北特別支援学校",
    "office_name_kana": "シズオカケンリツハマキタトクベツシエンガツコウ"
  },
  "8511": {
    "postcode": "4348511",
    "prefecture": "静岡県",
    "prefecture_kana": "シズオカケン",
    "prefecture_code": 22,
    "city": "浜松市浜名区",
    "city_kana": "ハママツシハマナク",
    "town": "於呂",
    "town_kana": "オロ",
    "street": "４２０１−２",
    "office_name": "独立行政法人　国立病院機構　天竜病院",
    "office_name_kana": "ドクリツギヨウセイホウジン コクリツビヨウインキコウ テンリユウビヨウイン"
  },
  "8533": {
    "postcode": "4348533",
    "prefecture": "静岡県",
    "prefecture_kana": "シズオカケン",
    "prefecture_code": 22,
    "city": "浜松市浜名区",
    "city_kana": "ハママツシハマナク",
    "town": "小林",
    "town_kana": "コバヤシ",
    "street": "１０８８−１",
    "office_name": "浜松赤十字病院",
    "office_name_kana": "ハママツセキジユウジビヨウイン"
  },
  "8550": {
    "postcode": "4348550",
    "prefecture": "静岡県",
    "prefecture_kana": "シズオカケン",
    "prefecture_code": 22,
    "city": "浜松市浜名区",
    "city_kana": "ハママツシハマナク",
    "town": "貴布祢",
    "town_kana": "キブネ",
    "street": "３０００",
    "office_name": "浜名区役所",
    "office_name_kana": "ハマナクヤクシヨ"
  },
  "8601": {
    "postcode": "4348601",
    "prefecture": "静岡県",
    "prefecture_kana": "シズオカケン",
    "prefecture_code": 22,
    "city": "浜松市浜名区",
    "city_kana": "ハママツシハマナク",
    "town": "平口",
    "town_kana": "ヒラクチ",
    "street": "５０００",
    "office_name": "浜松ホトニクス　株式会社　中央研究所",
    "office_name_kana": "ハママツホトニクス カブシキガイシヤ チユウオウケンキユウジヨ"
  }
}