{
  "0000": {
    "postcode": "4370000",
    "prefecture": "静岡県",
    "prefecture_kana": "シズオカケン",
    "prefecture_code": 22,
    "city": "袋井市",
    "city_kana": "フクロイシ",
    "town": "",
    "town_kana": "",
    "street": null,
    "office_name": null,
    "office_name_kana": null
  },
  "0001": {
    "postcode": "4370001",
    "prefecture": "静岡県",
    "prefecture_kana": "シズオカケン",
    "prefecture_code": 22,
    "city": "袋井市",
    "city_kana": "フクロイシ",
    "town": "山田",
    "town_kana": "ヤマダ",
    "street": null,
    "office_name": null,
    "office_name_kana": null
  },
  "0002": {
    "postcode": "4370002",
    "prefecture": "静岡県",
    "prefecture_kana": "シズオカケン",
    "prefecture_code": 22,
    "city": "袋井市",
    "city_kana": "フクロイシ",
    "town": "川会",
    "town_kana": "カワエ",
    "street": null,
    "office_name": null,
    "office_name_kana": null
  },
  "0003": {
    "postcode": "4370003",
    "prefecture": "静岡県",
    "prefecture_kana": "シズオカケン",
    "prefecture_code": 22,
    "city": "袋井市",
    "city_kana": "フクロイシ",
    "town": "萱間",
    "town_kana": "カヤマ",
    "street": null,
    "office_name": null,
    "office_name_kana": null
  },
  "0004": {
    "postcode": "4370004",
    "prefecture": "静岡県",
    "prefecture_kana": "シズオカケン",
    "prefecture_code": 22,
    "city": "袋井市",
    "city_kana": "フクロイシ",
    "town": "友永",
    "town_kana": "トモナガ",
    "street": null,
    "office_name": null,
    "office_name_kana": null
  },
  "0005": {
    "postcode": "4370005",
    "prefecture": "静岡県",
    "prefecture_kana": "シズオカケン",
    "prefecture_code": 22,
    "city": "袋井市",
    "city_kana": "フクロイシ",
    "town": "見取",
    "town_kana": "ミドリ",
    "street": null,
    "office_name": null,
    "office_name_kana": null
  },
  "0006": {
    "postcode": "4370006",
    "prefecture": "静岡県",
    "prefecture_kana": "シズオカケン",
    "prefecture_code": 22,
    "city": "袋井市",
    "city_kana": "フクロイシ",
    "town": "大谷",
    "town_kana": "オオヤ",
    "street": null,
    "office_name": null,
    "office_name_kana": null
  },
  "0011": {
    "postcode": "4370011",
    "prefecture": "静岡県",
    "prefecture_kana": "シズオカケン",
    "prefecture_code": 22,
    "city": "袋井市",
    "city_kana": "フクロイシ",
    "town": "村松",
    "town_kana": "ムラマツ",
    "street": null,
    "office_name": null,
    "office_name_kana": null
  },
  "0012": {
    "postcode": "4370012",
    "prefecture": "静岡県",
    "prefecture_kana": "シズオカケン",
    "prefecture_code": 22,
    "city": "袋井市",
    "city_kana": "フクロイシ",
    "town": "国本",
    "town_kana": "クニモト",
    "street": null,
    "office_name": null,
    "office_name_kana": null
  },
  "0013": {
    "postcode": "4370013",
    "prefecture": "静岡県",
    "prefecture_kana": "シズオカケン",
    "prefecture_code": 22,
    "city": "袋井市",
    "city_kana": "フクロイシ",
    "town": "新屋",
    "town_kana": "アラヤ",
    "street": null,
    "office_name": null,
    "office_name_kana": null
  },
  "0014": {
    "postcode": "4370014",
    "prefecture": "静岡県",
    "prefecture_kana": "シズオカケン",
    "prefecture_code": 22,
    "city": "袋井市",
    "city_kana": "フクロイシ",
    "town": "永楽町",
    "town_kana": "エイラクチョウ",
    "street": null,
    "office_name": null,
    "office_name_kana": null
  },
  "0015": {
    "postcode": "4370015",
    "prefecture": "静岡県",
    "prefecture_kana": "シズオカケン",
    "prefecture_code": 22,
    "city": "袋井市",
    "city_kana": "フクロイシ",
    "town": "旭町",
    "town_kana": "アサヒチョウ",
    "street": null,
    "office_name": null,
    "office_name_kana": null
  },
  "0016": {
    "postcode": "4370016",
    "prefecture": "静岡県",
    "prefecture_kana": "シズオカケン",
    "prefecture_code": 22,
    "city": "袋井市",
    "city_kana": "フクロイシ",
    "town": "葵町",
    "town_kana": "アオイチョウ",
    "street": null,
    "office_name": null,
    "office_name_kana": null
  },
  "0017": {
    "postcode": "4370017",
    "prefecture": "静岡県",
    "prefecture_kana": "シズオカケン",
    "prefecture_code": 22,
    "city": "袋井市",
    "city_kana": "フクロイシ",
    "town": "鷲巣",
    "town_kana": "ワシズ",
    "street": null,
    "office_name": null,
    "office_name_kana": null
  },
  "0021": {
    "postcode": "4370021",
    "prefecture": "静岡県",
    "prefecture_kana": "シズオカケン",
    "prefecture_code": 22,
    "city": "袋井市",
    "city_kana": "フクロイシ",
    "town": "広岡",
    "town_kana": "ヒロオカ",
    "street": null,
    "office_name": null,
    "office_name_kana": null
  },
  "0022": {
    "postcode": "4370022",
    "prefecture": "静岡県",
    "prefecture_kana": "シズオカケン",
    "prefecture_code": 22,
    "city": "袋井市",
    "city_kana": "フクロイシ",
    "town": "方丈",
    "town_kana": "ホウジョウ",
    "street": null,
    "office_name": null,
    "office_name_kana": null
  },
  "0023": {
    "postcode": "4370023",
    "prefecture": "静岡県",
    "prefecture_kana": "シズオカケン",
    "prefecture_code": 22,
    "city": "袋井市",
    "city_kana": "フクロイシ",
    "town": "高尾",
    "town_kana": "タカオ",
    "street": null,
    "office_name": null,
    "office_name_kana": null
  },
  "0024": {
    "postcode": "4370024",
    "prefecture": "静岡県",
    "prefecture_kana": "シズオカケン",
    "prefecture_code": 22,
    "city": "袋井市",
    "city_kana": "フクロイシ",
    "town": "三門町",
    "town_kana": "ミカドチョウ",
    "street": null,
    "office_name": null,
    "office_name_kana": null
  },
  "0025": {
    "postcode": "4370025",
    "prefecture": "静岡県",
    "prefecture_kana": "シズオカケン",
    "prefecture_code": 22,
    "city": "袋井市",
    "city_kana": "フクロイシ",
    "town": "栄町",
    "town_kana": "サカエマチ",
    "street": null,
    "office_name": null,
    "office_name_kana": null
  },
  "0026": {
    "postcode": "4370026",
    "prefecture": "静岡県",
    "prefecture_kana": "シズオカケン",
    "prefecture_code": 22,
    "city": "袋井市",
    "city_kana": "フクロイシ",
    "town": "袋井",
    "town_kana": "フクロイ",
    "street": null,
    "office_name": null,
    "office_name_kana": null
  },
  "0027": {
    "postcode": "4370027",
    "prefecture": "静岡県",
    "prefecture_kana": "シズオカケン",
    "prefecture_code": 22,
    "city": "袋井市",
    "city_kana": "フクロイシ",
    "town": "高尾町",
    "town_kana": "タカオチョウ",
    "street": null,
    "office_name": null,
    "office_name_kana": null
  },
  "0028": {
    "postcode": "4370028",
    "prefecture": "静岡県",
    "prefecture_kana": "シズオカケン",
    "prefecture_code": 22,
    "city": "袋井市",
    "city_kana": "フクロイシ",
    "town": "神長",
    "town_kana": "カミナガ",
    "street": null,
    "office_name": null,
    "office_name_kana": null
  },
  "0029": {
    "postcode": "4370029",
    "prefecture": "静岡県",
    "prefecture_kana": "シズオカケン",
    "prefecture_code": 22,
    "city": "袋井市",
    "city_kana": "フクロイシ",
    "town": "掛之上",
    "town_kana": "カケノウエ",
    "street": null,
    "office_name": null,
    "office_name_kana": null
  },
  "0031": {
    "postcode": "4370031",
    "prefecture": "静岡県",
    "prefecture_kana": "シズオカケン",
    "prefecture_code": 22,
    "city": "袋井市",
    "city_kana": "フクロイシ",
    "town": "愛野",
    "town_kana": "アイノ",
    "street": null,
    "office_name": null,
    "office_name_kana": null
  },
  "0032": {
    "postcode": "4370032",
    "prefecture": "静岡県",
    "prefecture_kana": "シズオカケン",
    "prefecture_code": 22,
    "city": "袋井市",
    "city_kana": "フクロイシ",
    "town": "豊沢",
    "town_kana": "トヨサワ",
    "street": null,
    "office_name": null,
    "office_name_kana": null
  },
  "0033": {
    "postcode": "4370033",
    "prefecture": "静岡県",
    "prefecture_kana": "シズオカケン",
    "prefecture_code": 22,
    "city": "袋井市",
    "city_kana": "フクロイシ",
    "town": "上田町",
    "town_kana": "ウエダチョウ",
    "street": null,
    "office_name": null,
    "office_name_kana": null
  },
  "0034": {
    "postcode": "4370034",
    "prefecture": "静岡県",
    "prefecture_kana": "シズオカケン",
    "prefecture_code": 22,
    "city": "袋井市",
    "city_kana": "フクロイシ",
    "town": "青木町",
    "town_kana": "アオキチョウ",
    "street": null,
    "office_name": null,
    "office_name_kana": null
  },
  "0035": {
    "postcode": "4370035",
    "prefecture": "静岡県",
    "prefecture_kana": "シズオカケン",
    "prefecture_code": 22,
    "city": "袋井市",
    "city_kana": "フクロイシ",
    "town": "砂本町",
    "town_kana": "スナモトチョウ",
    "street": null,
    "office_name": null,
    "office_name_kana": null
  },
  "0036": {
    "postcode": "4370036",
    "prefecture": "静岡県",
    "prefecture_kana": "シズオカケン",
    "prefecture_code": 22,
    "city": "袋井市",
    "city_kana": "フクロイシ",
    "town": "小川町",
    "town_kana": "オガワチョウ",
    "street": null,
    "office_name": null,
    "office_name_kana": null
  },
  "0037": {
    "postcode": "4370037",
    "prefecture": "静岡県",
    "prefecture_kana": "シズオカケン",
    "prefecture_code": 22,
    "city": "袋井市",
    "city_kana": "フクロイシ",
    "town": "清水町",
    "town_kana": "シミズチョウ",
    "street": null,
    "office_name": null,
    "office_name_kana": null
  },
  "0038": {
    "postcode": "4370038",
    "prefecture": "静岡県",
    "prefecture_kana": "シズオカケン",
    "prefecture_code": 22,
    "city": "袋井市",
    "city_kana": "フクロイシ",
    "town": "大門",
    "town_kana": "ダイモン",
    "street": null,
    "office_name": null,
    "office_name_kana": null
  },
  "0039": {
    "postcode": "4370039",
    "prefecture": "静岡県",
    "prefecture_kana": "シズオカケン",
    "prefecture_code": 22,
    "city": "袋井市",
    "city_kana": "フクロイシ",
    "town": "愛野東",
    "town_kana": "アイノヒガシ",
    "street": null,
    "office_name": null,
    "office_name_kana": null
  },
  "0040": {
    "postcode": "4370040",
    "prefecture": "静岡県",
    "prefecture_kana": "シズオカケン",
    "prefecture_code": 22,
    "city": "袋井市",
    "city_kana": "フクロイシ",
    "town": "愛野南",
    "town_kana": "アイノミナミ",
    "street": null,
    "office_name": null,
    "office_name_kana": null
  },
  "0041": {
    "postcode": "4370041",
    "prefecture": "静岡県",
    "prefecture_kana": "シズオカケン",
    "prefecture_code": 22,
    "city": "袋井市",
    "city_kana": "フクロイシ",
    "town": "睦町",
    "town_kana": "ムツミチョウ",
    "street": null,
    "office_name": null,
    "office_name_kana": null
  },
  "0042": {
    "postcode": "4370042",
    "prefecture": "静岡県",
    "prefecture_kana": "シズオカケン",
    "prefecture_code": 22,
    "city": "袋井市",
    "city_kana": "フクロイシ",
    "town": "山名町",
    "town_kana": "ヤマナチョウ",
    "street": null,
    "office_name": null,
    "office_name_kana": null
  },
  "0043": {
    "postcode": "4370043",
    "prefecture": "静岡県",
    "prefecture_kana": "シズオカケン",
    "prefecture_code": 22,
    "city": "袋井市",
    "city_kana": "フクロイシ",
    "town": "新池",
    "town_kana": "ニイケ",
    "street": null,
    "office_name": null,
    "office_name_kana": null
  },
  "0044": {
    "postcode": "4370044",
    "prefecture": "静岡県",
    "prefecture_kana": "シズオカケン",
    "prefecture_code": 22,
    "city": "袋井市",
    "city_kana": "フクロイシ",
    "town": "松袋井",
    "town_kana": "マツブクロイ",
    "street": null,
    "office_name": null,
    "office_name_kana": null
  },
  "0045": {
    "postcode": "4370045",
    "prefecture": "静岡県",
    "prefecture_kana": "シズオカケン",
    "prefecture_code": 22,
    "city": "袋井市",
    "city_kana": "フクロイシ",
    "town": "彦島",
    "town_kana": "ヒコジマ",
    "street": null,
    "office_name": null,
    "office_name_kana": null
  },
  "0046": {
    "postcode": "4370046",
    "prefecture": "静岡県",
    "prefecture_kana": "シズオカケン",
    "prefecture_code": 22,
    "city": "袋井市",
    "city_kana": "フクロイシ",
    "town": "木原",
    "town_kana": "キワラ",
    "street": null,
    "office_name": null,
    "office_name_kana": null
  },
  "0047": {
    "postcode": "4370047",
    "prefecture": "静岡県",
    "prefecture_kana": "シズオカケン",
    "prefecture_code": 22,
    "city": "袋井市",
    "city_kana": "フクロイシ",
    "town": "西田",
    "town_kana": "ニシダ",
    "street": null,
    "office_name": null,
    "office_name_kana": null
  },
  "0051": {
    "postcode": "4370051",
    "prefecture": "静岡県",
    "prefecture_kana": "シズオカケン",
    "prefecture_code": 22,
    "city": "袋井市",
    "city_kana": "フクロイシ",
    "town": "深見",
    "town_kana": "フカミ",
    "street": null,
    "office_name": null,
    "office_name_kana": null
  },
  "0052": {
    "postcode": "4370052",
    "prefecture": "静岡県",
    "prefecture_kana": "シズオカケン",
    "prefecture_code": 22,
    "city": "袋井市",
    "city_kana": "フクロイシ",
    "town": "太田",
    "town_kana": "オオタ",
    "street": null,
    "office_name": null,
    "office_name_kana": null
  },
  "0053": {
    "postcode": "4370053",
    "prefecture": "静岡県",
    "prefecture_kana": "シズオカケン",
    "prefecture_code": 22,
    "city": "袋井市",
    "city_kana": "フクロイシ",
    "town": "延久",
    "town_kana": "ノベヒサ",
    "street": null,
    "office_name": null,
    "office_name_kana": null
  },
  "0054": {
    "postcode": "4370054",
    "prefecture": "静岡県",
    "prefecture_kana": "シズオカケン",
    "prefecture_code": 22,
    "city": "袋井市",
    "city_kana": "フクロイシ",
    "town": "徳光",
    "town_kana": "トクミツ",
    "street": null,
    "office_name": null,
    "office_name_kana": null
  },
  "0055": {
    "postcode": "4370055",
    "prefecture": "静岡県",
    "prefecture_kana": "シズオカケン",
    "prefecture_code": 22,
    "city": "袋井市",
    "city_kana": "フクロイシ",
    "town": "土橋",
    "town_kana": "ツチハシ",
    "street": null,
    "office_name": null,
    "office_name_kana": null
  },
  "0056": {
    "postcode": "4370056",
    "prefecture": "静岡県",
    "prefecture_kana": "シズオカケン",
    "prefecture_code": 22,
    "city": "袋井市",
    "city_kana": "フクロイシ",
    "town": "小山",
    "town_kana": "オヤマ",
    "street": null,
    "office_name": null,
    "office_name_kana": null
  },
  "0057": {
    "postcode": "4370057",
    "prefecture": "静岡県",
    "prefecture_kana": "シズオカケン",
    "prefecture_code": 22,
    "city": "袋井市",
    "city_kana": "フクロイシ",
    "town": "横井",
    "town_kana": "ヨコイ",
    "street": null,
    "office_name": null,
    "office_name_kana": null
  },
  "0061": {
    "postcode": "4370061",
    "prefecture": "静岡県",
    "prefecture_kana": "シズオカケン",
    "prefecture_code": 22,
    "city": "袋井市",
    "city_kana": "フクロイシ",
    "town": "久能",
    "town_kana": "クノ",
    "street": null,
    "office_name": null,
    "office_name_kana": null
  },
  "0062": {
    "postcode": "4370062",
    "prefecture": "静岡県",
    "prefecture_kana": "シズオカケン",
    "prefecture_code": 22,
    "city": "袋井市",
    "city_kana": "フクロイシ",
    "town": "泉町",
    "town_kana": "イズミチョウ",
    "street": null,
    "office_name": null,
    "office_name_kana": null
  },
  "0063": {
    "postcode": "4370063",
    "prefecture": "静岡県",
    "prefecture_kana": "シズオカケン",
    "prefecture_code": 22,
    "city": "袋井市",
    "city_kana": "フクロイシ",
    "town": "田町",
    "town_kana": "タマチ",
    "street": null,
    "office_name": null,
    "office_name_kana": null
  },
  "0064": {
    "postcode": "4370064",
    "prefecture": "静岡県",
    "prefecture_kana": "シズオカケン",
    "prefecture_code": 22,
    "city": "袋井市",
    "city_kana": "フクロイシ",
    "town": "川井",
    "town_kana": "カワイ",
    "street": null,
    "office_name": null,
    "office_name_kana": null
  },
  "0065": {
    "postcode": "4370065",
    "prefecture": "静岡県",
    "prefecture_kana": "シズオカケン",
    "prefecture_code": 22,
    "city": "袋井市",
    "city_kana": "フクロイシ",
    "town": "堀越",
    "town_kana": "ホリコシ",
    "street": null,
    "office_name": null,
    "office_name_kana": null
  },
  "0066": {
    "postcode": "4370066",
    "prefecture": "静岡県",
    "prefecture_kana": "シズオカケン",
    "prefecture_code": 22,
    "city": "袋井市",
    "city_kana": "フクロイシ",
    "town": "山科",
    "town_kana": "ヤマシナ",
    "street": null,
    "office_name": null,
    "office_name_kana": null
  },
  "0067": {
    "postcode": "4370067",
    "prefecture": "静岡県",
    "prefecture_kana": "シズオカケン",
    "prefecture_code": 22,
    "city": "袋井市",
    "city_kana": "フクロイシ",
    "town": "天神町",
    "town_kana": "テンジンチョウ",
    "street": null,
    "office_name": null,
    "office_name_kana": null
  },
  "0121": {
    "postcode": "4370121",
    "prefecture": "静岡県",
    "prefecture_kana": "シズオカケン",
    "prefecture_code": 22,
    "city": "袋井市",
    "city_kana": "フクロイシ",
    "town": "宇刈",
    "town_kana": "ウガリ",
    "street": null,
    "office_name": null,
    "office_name_kana": null
  },
  "0122": {
    "postcode": "4370122",
    "prefecture": "静岡県",
    "prefecture_kana": "シズオカケン",
    "prefecture_code": 22,
    "city": "袋井市",
    "city_kana": "フクロイシ",
    "town": "春岡",
    "town_kana": "ハルオカ",
    "street": null,
    "office_name": null,
    "office_name_kana": null
  },
  "0123": {
    "postcode": "4370123",
    "prefecture": "静岡県",
    "prefecture_kana": "シズオカケン",
    "prefecture_code": 22,
    "city": "袋井市",
    "city_kana": "フクロイシ",
    "town": "下山梨",
    "town_kana": "シモヤマナシ",
    "street": null,
    "office_name": null,
    "office_name_kana": null
  },
  "0124": {
    "postcode": "4370124",
    "prefecture": "静岡県",
    "prefecture_kana": "シズオカケン",
    "prefecture_code": 22,
    "city": "袋井市",
    "city_kana": "フクロイシ",
    "town": "沖山梨",
    "town_kana": "オキヤマナシ",
    "street": null,
    "office_name": null,
    "office_name_kana": null
  },
  "0125": {
    "postcode": "4370125",
    "prefecture": "静岡県",
    "prefecture_kana": "シズオカケン",
    "prefecture_code": 22,
    "city": "袋井市",
    "city_kana": "フクロイシ",
    "town": "上山梨",
    "town_kana": "カミヤマナシ",
    "street": null,
    "office_name": null,
    "office_name_kana": null
  },
  "0126": {
    "postcode": "4370126",
    "prefecture": "静岡県",
    "prefecture_kana": "シズオカケン",
    "prefecture_code": 22,
    "city": "袋井市",
    "city_kana": "フクロイシ",
    "town": "月見町",
    "town_kana": "ツキミチョウ",
    "street": null,
    "office_name": null,
    "office_name_kana": null
  },
  "0127": {
    "postcode": "4370127",
    "prefecture": "静岡県",
    "prefecture_kana": "シズオカケン",
    "prefecture_code": 22,
    "city": "袋井市",
    "city_kana": "フクロイシ",
    "town": "可睡の杜",
    "town_kana": "カスイノモリ",
    "street": null,
    "office_name": null,
    "office_name_kana": null
  },
  "0200": {
    "postcode": "4370200",
    "prefecture": "静岡県",
    "prefecture_kana": "シズオカケン",
    "prefecture_code": 22,
    "city": "周智郡森町",
    "city_kana": "シュウチグンモリマチ",
    "town": "",
    "town_kana": "",
    "street": null,
    "office_name": null,
    "office_name_kana": null
  },
  "0201": {
    "postcode": "4370201",
    "prefecture": "静岡県",
    "prefecture_kana": "シズオカケン",
    "prefecture_code": 22,
    "city": "周智郡森町",
    "city_kana": "シュウチグンモリマチ",
    "town": "嵯塚",
    "town_kana": "サヅカ",
    "street": null,
    "office_name": null,
    "office_name_kana": null
  },
  "0202": {
    "postcode": "4370202",
    "prefecture": "静岡県",
    "prefecture_kana": "シズオカケン",
    "prefecture_code": 22,
    "city": "周智郡森町",
    "city_kana": "シュウチグンモリマチ",
    "town": "亀久保",
    "town_kana": "カメクボ",
    "street": null,
    "office_name": null,
    "office_name_kana": null
  },
  "0203": {
    "postcode": "4370203",
    "prefecture": "静岡県",
    "prefecture_kana": "シズオカケン",
    "prefecture_code": 22,
    "city": "周智郡森町",
    "city_kana": "シュウチグンモリマチ",
    "town": "鍛冶島",
    "town_kana": "カジシマ",
    "street": null,
    "office_name": null,
    "office_name_kana": null
  },
  "0204": {
    "postcode": "4370204",
    "prefecture": "静岡県",
    "prefecture_kana": "シズオカケン",
    "prefecture_code": 22,
    "city": "周智郡森町",
    "city_kana": "シュウチグンモリマチ",
    "town": "問詰",
    "town_kana": "トイヅメ",
    "street": null,
    "office_name": null,
    "office_name_kana": null
  },
  "0205": {
    "postcode": "4370205",
    "prefecture": "静岡県",
    "prefecture_kana": "シズオカケン",
    "prefecture_code": 22,
    "city": "周智郡森町",
    "city_kana": "シュウチグンモリマチ",
    "town": "大鳥居",
    "town_kana": "オオトリイ",
    "street": null,
    "office_name": null,
    "office_name_kana": null
  },
  "0206": {
    "postcode": "4370206",
    "prefecture": "静岡県",
    "prefecture_kana": "シズオカケン",
    "prefecture_code": 22,
    "city": "周智郡森町",
    "city_kana": "シュウチグンモリマチ",
    "town": "葛布",
    "town_kana": "カツブ",
    "street": null,
    "office_name": null,
    "office_name_kana": null
  },
  "0207": {
    "postcode": "4370207",
    "prefecture": "静岡県",
    "prefecture_kana": "シズオカケン",
    "prefecture_code": 22,
    "city": "周智郡森町",
    "city_kana": "シュウチグンモリマチ",
    "town": "西俣",
    "town_kana": "ニシマタ",
    "street": null,
    "office_name": null,
    "office_name_kana": null
  },
  "0208": {
    "postcode": "4370208",
    "prefecture": "静岡県",
    "prefecture_kana": "シズオカケン",
    "prefecture_code": 22,
    "city": "周智郡森町",
    "city_kana": "シュウチグンモリマチ",
    "town": "三倉",
    "town_kana": "ミクラ",
    "street": null,
    "office_name": null,
    "office_name_kana": null
  },
  "0211": {
    "postcode": "4370211",
    "prefecture": "静岡県",
    "prefecture_kana": "シズオカケン",
    "prefecture_code": 22,
    "city": "周智郡森町",
    "city_kana": "シュウチグンモリマチ",
    "town": "城下",
    "town_kana": "シロシタ",
    "street": null,
    "office_name": null,
    "office_name_kana": null
  },
  "0212": {
    "postcode": "4370212",
    "prefecture": "静岡県",
    "prefecture_kana": "シズオカケン",
    "prefecture_code": 22,
    "city": "周智郡森町",
    "city_kana": "シュウチグンモリマチ",
    "town": "向天方",
    "town_kana": "ムカイアマガタ",
    "street": null,
    "office_name": null,
    "office_name_kana": null
  },
  "0213": {
    "postcode": "4370213",
    "prefecture": "静岡県",
    "prefecture_kana": "シズオカケン",
    "prefecture_code": 22,
    "city": "周智郡森町",
    "city_kana": "シュウチグンモリマチ",
    "town": "睦実",
    "town_kana": "ムツミ",
    "street": null,
    "office_name": null,
    "office_name_kana": null
  },
  "0214": {
    "postcode": "4370214",
    "prefecture": "静岡県",
    "prefecture_kana": "シズオカケン",
    "prefecture_code": 22,
    "city": "周智郡森町",
    "city_kana": "シュウチグンモリマチ",
    "town": "草ケ谷",
    "town_kana": "クサガヤ",
    "street": null,
    "office_name": null,
    "office_name_kana": null
  },
  "0215": {
    "postcode": "4370215",
    "prefecture": "静岡県",
    "prefecture_kana": "シズオカケン",
    "prefecture_code": 22,
    "city": "周智郡森町",
    "city_kana": "シュウチグンモリマチ",
    "town": "森",
    "town_kana": "モリ",
    "street": null,
    "office_name": null,
    "office_name_kana": null
  },
  "0216": {
    "postcode": "4370216",
    "prefecture": "静岡県",
    "prefecture_kana": "シズオカケン",
    "prefecture_code": 22,
    "city": "周智郡森町",
    "city_kana": "シュウチグンモリマチ",
    "town": "天宮",
    "town_kana": "アメノミヤ",
    "street": null,
    "office_name": null,
    "office_name_kana": null
  },
  "0217": {
    "postcode": "4370217",
    "prefecture": "静岡県",
    "prefecture_kana": "シズオカケン",
    "prefecture_code": 22,
    "city": "周智郡森町",
    "city_kana": "シュウチグンモリマチ",
    "town": "薄場",
    "town_kana": "ウスバ",
    "street": null,
    "office_name": null,
    "office_name_kana": null
  },
  "0221": {
    "postcode": "4370221",
    "prefecture": "静岡県",
    "prefecture_kana": "シズオカケン",
    "prefecture_code": 22,
    "city": "周智郡森町",
    "city_kana": "シュウチグンモリマチ",
    "town": "円田",
    "town_kana": "エンデン",
    "street": null,
    "office_name": null,
    "office_name_kana": null
  },
  "0222": {
    "postcode": "4370222",
    "prefecture": "静岡県",
    "prefecture_kana": "シズオカケン",
    "prefecture_code": 22,
    "city": "周智郡森町",
    "city_kana": "シュウチグンモリマチ",
    "town": "飯田",
    "town_kana": "イイダ",
    "street": null,
    "office_name": null,
    "office_name_kana": null
  },
  "0223": {
    "postcode": "4370223",
    "prefecture": "静岡県",
    "prefecture_kana": "シズオカケン",
    "prefecture_code": 22,
    "city": "周智郡森町",
    "city_kana": "シュウチグンモリマチ",
    "town": "中川",
    "town_kana": "ナカガワ",
    "street": null,
    "office_name": null,
    "office_name_kana": null
  },
  "0224": {
    "postcode": "4370224",
    "prefecture": "静岡県",
    "prefecture_kana": "シズオカケン",
    "prefecture_code": 22,
    "city": "周智郡森町",
    "city_kana": "シュウチグンモリマチ",
    "town": "牛飼",
    "town_kana": "ウシカイ",
    "street": null,
    "office_name": null,
    "office_name_kana": null
  },
  "0225": {
    "postcode": "4370225",
    "prefecture": "静岡県",
    "prefecture_kana": "シズオカケン",
    "prefecture_code": 22,
    "city": "周智郡森町",
    "city_kana": "シュウチグンモリマチ",
    "town": "谷中",
    "town_kana": "ヤナカ",
    "street": null,
    "office_name": null,
    "office_name_kana": null
  },
  "0226": {
    "postcode": "4370226",
    "prefecture": "静岡県",
    "prefecture_kana": "シズオカケン",
    "prefecture_code": 22,
    "city": "周智郡森町",
    "city_kana": "シュウチグンモリマチ",
    "town": "一宮",
    "town_kana": "イチミヤ",
    "street": null,
    "office_name": null,
    "office_name_kana": null
  },
  "0227": {
    "postcode": "4370227",
    "prefecture": "静岡県",
    "prefecture_kana": "シズオカケン",
    "prefecture_code": 22,
    "city": "周智郡森町",
    "city_kana": "シュウチグンモリマチ",
    "town": "橘",
    "town_kana": "タチバナ",
    "street": null,
    "office_name": null,
    "office_name_kana": null
  },
  "0292": {
    "postcode": "4370292",
    "prefecture": "静岡県",
    "prefecture_kana": "シズオカケン",
    "prefecture_code": 22,
    "city": "周智郡森町",
    "city_kana": "シュウチグンモリマチ",
    "town": "森",
    "town_kana": "モリ",
    "street": "１４５０−６",
    "office_name": "ヤマハモーターエレクトロニクス　株式会社",
    "office_name_kana": "ヤマハモ-タ-エレクトロニクス カブシキガイシヤ"
  },
  "0293": {
    "postcode": "4370293",
    "prefecture": "静岡県",
    "prefecture_kana": "シズオカケン",
    "prefecture_code": 22,
    "city": "周智郡森町",
    "city_kana": "シュウチグンモリマチ",
    "town": "森",
    "town_kana": "モリ",
    "street": "２１０１−１",
    "office_name": "森町役場",
    "office_name_kana": "モリマチヤクバ"
  },
  "0601": {
    "postcode": "4370601",
    "prefecture": "静岡県",
    "prefecture_kana": "シズオカケン",
    "prefecture_code": 22,
    "city": "浜松市天竜区",
    "city_kana": "ハママツシテンリュウク",
    "town": "春野町川上",
    "town_kana": "ハルノチョウカワカミ",
    "street": null,
    "office_name": null,
    "office_name_kana": null
  },
  "0602": {
    "postcode": "4370602",
    "prefecture": "静岡県",
    "prefecture_kana": "シズオカケン",
    "prefecture_code": 22,
    "city": "浜松市天竜区",
    "city_kana": "ハママツシテンリュウク",
    "town": "春野町杉",
    "town_kana": "ハルノチョウスギ",
    "street": null,
    "office_name": null,
    "office_name_kana": null
  },
  "0603": {
    "postcode": "4370603",
    "prefecture": "静岡県",
    "prefecture_kana": "シズオカケン",
    "prefecture_code": 22,
    "city": "浜松市天竜区",
    "city_kana": "ハママツシテンリュウク",
    "town": "春野町五和",
    "town_kana": "ハルノチョウゴワ",
    "street": null,
    "office_name": null,
    "office_name_kana": null
  },
  "0604": {
    "postcode": "4370604",
    "prefecture": "静岡県",
    "prefecture_kana": "シズオカケン",
    "prefecture_code": 22,
    "city": "浜松市天竜区",
    "city_kana": "ハママツシテンリュウク",
    "town": "春野町宮川",
    "town_kana": "ハルノチョウミヤガワ",
    "street": null,
    "office_name": null,
    "office_name_kana": null
  },
  "0605": {
    "postcode": "4370605",
    "prefecture": "静岡県",
    "prefecture_kana": "シズオカケン",
    "prefecture_code": 22,
    "city": "浜松市天竜区",
    "city_kana": "ハママツシテンリュウク",
    "town": "春野町気田",
    "town_kana": "ハルノチョウケタ",
    "street": null,
    "office_name": null,
    "office_name_kana": null
  },
  "0606": {
    "postcode": "4370606",
    "prefecture": "静岡県",
    "prefecture_kana": "シズオカケン",
    "prefecture_code": 22,
    "city": "浜松市天竜区",
    "city_kana": "ハママツシテンリュウク",
    "town": "春野町豊岡",
    "town_kana": "ハルノチョウトヨオカ",
    "street": null,
    "office_name": null,
    "office_name_kana": null
  },
  "0607": {
    "postcode": "4370607",
    "prefecture": "静岡県",
    "prefecture_kana": "シズオカケン",
    "prefecture_code": 22,
    "city": "浜松市天竜区",
    "city_kana": "ハママツシテンリュウク",
    "town": "春野町石切",
    "town_kana": "ハルノチョウイシキリ",
    "street": null,
    "office_name": null,
    "office_name_kana": null
  },
  "0608": {
    "postcode": "4370608",
    "prefecture": "静岡県",
    "prefecture_kana": "シズオカケン",
    "prefecture_code": 22,
    "city": "浜松市天竜区",
    "city_kana": "ハママツシテンリュウク",
    "town": "春野町小俣京丸",
    "town_kana": "ハルノチョウオマタキョウマル",
    "street": null,
    "office_name": null,
    "office_name_kana": null
  },
  "0611": {
    "postcode": "4370611",
    "prefecture": "静岡県",
    "prefecture_kana": "シズオカケン",
    "prefecture_code": 22,
    "city": "浜松市天竜区",
    "city_kana": "ハママツシテンリュウク",
    "town": "春野町田河内",
    "town_kana": "ハルノチョウタゴウチ",
    "street": null,
    "office_name": null,
    "office_name_kana": null
  },
  "0612": {
    "postcode": "4370612",
    "prefecture": "静岡県",
    "prefecture_kana": "シズオカケン",
    "prefecture_code": 22,
    "city": "浜松市天竜区",
    "city_kana": "ハママツシテンリュウク",
    "town": "春野町花島",
    "town_kana": "ハルノチョウハナジマ",
    "street": null,
    "office_name": null,
    "office_name_kana": null
  },
  "0613": {
    "postcode": "4370613",
    "prefecture": "静岡県",
    "prefecture_kana": "シズオカケン",
    "prefecture_code": 22,
    "city": "浜松市天竜区",
    "city_kana": "ハママツシテンリュウク",
    "town": "春野町牧野",
    "town_kana": "ハルノチョウマキノ",
    "street": null,
    "office_name": null,
    "office_name_kana": null
  },
  "0614": {
    "postcode": "4370614",
    "prefecture": "静岡県",
    "prefecture_kana": "シズオカケン",
    "prefecture_code": 22,
    "city": "浜松市天竜区",
    "city_kana": "ハママツシテンリュウク",
    "town": "春野町長蔵寺",
    "town_kana": "ハルノチョウチョウゾウジ",
    "street": null,
    "office_name": null,
    "office_name_kana": null
  },
  "0615": {
    "postcode": "4370615",
    "prefecture": "静岡県",
    "prefecture_kana": "シズオカケン",
    "prefecture_code": 22,
    "city": "浜松市天竜区",
    "city_kana": "ハママツシテンリュウク",
    "town": "春野町石打松下",
    "town_kana": "ハルノチョウイシウチマツシタ",
    "street": null,
    "office_name": null,
    "office_name_kana": null
  },
  "0616": {
    "postcode": "4370616",
    "prefecture": "静岡県",
    "prefecture_kana": "シズオカケン",
    "prefecture_code": 22,
    "city": "浜松市天竜区",
    "city_kana": "ハママツシテンリュウク",
    "town": "春野町田黒",
    "town_kana": "ハルノチョウタグロ",
    "street": null,
    "office_name": null,
    "office_name_kana": null
  },
  "0617": {
    "postcode": "4370617",
    "prefecture": "静岡県",
    "prefecture_kana": "シズオカケン",
    "prefecture_code": 22,
    "city": "浜松市天竜区",
    "city_kana": "ハママツシテンリュウク",
    "town": "春野町筏戸大上",
    "town_kana": "ハルノチョウイカンドオオカミ",
    "street": null,
    "office_name": null,
    "office_name_kana": null
  },
  "0618": {
    "postcode": "4370618",
    "prefecture": "静岡県",
    "prefecture_kana": "シズオカケン",
    "prefecture_code": 22,
    "city": "浜松市天竜区",
    "city_kana": "ハママツシテンリュウク",
    "town": "春野町越木平",
    "town_kana": "ハルノチョウコシキダイラ",
    "street": null,
    "office_name": null,
    "office_name_kana": null
  },
  "0621": {
    "postcode": "4370621",
    "prefecture": "静岡県",
    "prefecture_kana": "シズオカケン",
    "prefecture_code": 22,
    "city": "浜松市天竜区",
    "city_kana": "ハママツシテンリュウク",
    "town": "春野町砂川",
    "town_kana": "ハルノチョウイサガワ",
    "street": null,
    "office_name": null,
    "office_name_kana": null
  },
  "0622": {
    "postcode": "4370622",
    "prefecture": "静岡県",
    "prefecture_kana": "シズオカケン",
    "prefecture_code": 22,
    "city": "浜松市天竜区",
    "city_kana": "ハママツシテンリュウク",
    "town": "春野町大時",
    "town_kana": "ハルノチョウオオトキ",
    "street": null,
    "office_name": null,
    "office_name_kana": null
  },
  "0623": {
    "postcode": "4370623",
    "prefecture": "静岡県",
    "prefecture_kana": "シズオカケン",
    "prefecture_code": 22,
    "city": "浜松市天竜区",
    "city_kana": "ハママツシテンリュウク",
    "town": "春野町胡桃平",
    "town_kana": "ハルノチョウクルミダイラ",
    "street": null,
    "office_name": null,
    "office_name_kana": null
  },
  "0624": {
    "postcode": "4370624",
    "prefecture": "静岡県",
    "prefecture_kana": "シズオカケン",
    "prefecture_code": 22,
    "city": "浜松市天竜区",
    "city_kana": "ハママツシテンリュウク",
    "town": "春野町和泉平",
    "town_kana": "ハルノチョウイズミダイラ",
    "street": null,
    "office_name": null,
    "office_name_kana": null
  },
  "0625": {
    "postcode": "4370625",
    "prefecture": "静岡県",
    "prefecture_kana": "シズオカケン",
    "prefecture_code": 22,
    "city": "浜松市天竜区",
    "city_kana": "ハママツシテンリュウク",
    "town": "春野町堀之内",
    "town_kana": "ハルノチョウホリノウチ",
    "street": null,
    "office_name": null,
    "office_name_kana": null
  },
  "0626": {
    "postcode": "4370626",
    "prefecture": "静岡県",
    "prefecture_kana": "シズオカケン",
    "prefecture_code": 22,
    "city": "浜松市天竜区",
    "city_kana": "ハママツシテンリュウク",
    "town": "春野町領家",
    "town_kana": "ハルノチョウリョウケ",
    "street": null,
    "office_name": null,
    "office_name_kana": null
  },
  "0692": {
    "postcode": "4370692",
    "prefecture": "静岡県",
    "prefecture_kana": "シズオカケン",
    "prefecture_code": 22,
    "city": "浜松市天竜区",
    "city_kana": "ハママツシテンリュウク",
    "town": "春野町宮川",
    "town_kana": "ハルノチョウミヤガワ",
    "street": "１４６７−２",
    "office_name": "春野支所",
    "office_name_kana": "ハルノシシヨ"
  },
  "0693": {
    "postcode": "4370693",
    "prefecture": "静岡県",
    "prefecture_kana": "シズオカケン",
    "prefecture_code": 22,
    "city": "浜松市天竜区",
    "city_kana": "ハママツシテンリュウク",
    "town": "春野町領家",
    "town_kana": "ハルノチョウリョウケ",
    "street": "８４１",
    "office_name": "秋葉神社",
    "office_name_kana": "アキハジンジヤ"
  },
  "1101": {
    "postcode": "4371101",
    "prefecture": "静岡県",
    "prefecture_kana": "シズオカケン",
    "prefecture_code": 22,
    "city": "袋井市",
    "city_kana": "フクロイシ",
    "town": "浅羽",
    "town_kana": "アサバ",
    "street": null,
    "office_name": null,
    "office_name_kana": null
  },
  "1102": {
    "postcode": "4371102",
    "prefecture": "静岡県",
    "prefecture_kana": "シズオカケン",
    "prefecture_code": 22,
    "city": "袋井市",
    "city_kana": "フクロイシ",
    "town": "浅名",
    "town_kana": "アサナ",
    "street": null,
    "office_name": null,
    "office_name_kana": null
  },
  "1103": {
    "postcode": "4371103",
    "prefecture": "静岡県",
    "prefecture_kana": "シズオカケン",
    "prefecture_code": 22,
    "city": "袋井市",
    "city_kana": "フクロイシ",
    "town": "豊住",
    "town_kana": "トヨズミ",
    "street": null,
    "office_name": null,
    "office_name_kana": null
  },
  "1104": {
    "postcode": "4371104",
    "prefecture": "静岡県",
    "prefecture_kana": "シズオカケン",
    "prefecture_code": 22,
    "city": "袋井市",
    "city_kana": "フクロイシ",
    "town": "新堀",
    "town_kana": "ニイボリ",
    "street": null,
    "office_name": null,
    "office_name_kana": null
  },
  "1105": {
    "postcode": "4371105",
    "prefecture": "静岡県",
    "prefecture_kana": "シズオカケン",
    "prefecture_code": 22,
    "city": "袋井市",
    "city_kana": "フクロイシ",
    "town": "梅山",
    "town_kana": "ウメヤマ",
    "street": null,
    "office_name": null,
    "office_name_kana": null
  },
  "1111": {
    "postcode": "4371111",
    "prefecture": "静岡県",
    "prefecture_kana": "シズオカケン",
    "prefecture_code": 22,
    "city": "袋井市",
    "city_kana": "フクロイシ",
    "town": "中新田",
    "town_kana": "ナカシンデン",
    "street": null,
    "office_name": null,
    "office_name_kana": null
  },
  "1112": {
    "postcode": "4371112",
    "prefecture": "静岡県",
    "prefecture_kana": "シズオカケン",
    "prefecture_code": 22,
    "city": "袋井市",
    "city_kana": "フクロイシ",
    "town": "大野",
    "town_kana": "オオノ",
    "street": null,
    "office_name": null,
    "office_name_kana": null
  },
  "1113": {
    "postcode": "4371113",
    "prefecture": "静岡県",
    "prefecture_kana": "シズオカケン",
    "prefecture_code": 22,
    "city": "袋井市",
    "city_kana": "フクロイシ",
    "town": "東同笠",
    "town_kana": "ヒガシドウリ",
    "street": null,
    "office_name": null,
    "office_name_kana": null
  },
  "1114": {
    "postcode": "4371114",
    "prefecture": "静岡県",
    "prefecture_kana": "シズオカケン",
    "prefecture_code": 22,
    "city": "袋井市",
    "city_kana": "フクロイシ",
    "town": "西同笠",
    "town_kana": "ニシドウリ",
    "street": null,
    "office_name": null,
    "office_name_kana": null
  },
  "1115": {
    "postcode": "4371115",
    "prefecture": "静岡県",
    "prefecture_kana": "シズオカケン",
    "prefecture_code": 22,
    "city": "袋井市",
    "city_kana": "フクロイシ",
    "town": "湊",
    "town_kana": "ミナト",
    "street": null,
    "office_name": null,
    "office_name_kana": null
  },
  "1116": {
    "postcode": "4371116",
    "prefecture": "静岡県",
    "prefecture_kana": "シズオカケン",
    "prefecture_code": 22,
    "city": "袋井市",
    "city_kana": "フクロイシ",
    "town": "太郎助",
    "town_kana": "タロスケ",
    "street": null,
    "office_name": null,
    "office_name_kana": null
  },
  "1117": {
    "postcode": "4371117",
    "prefecture": "静岡県",
    "prefecture_kana": "シズオカケン",
    "prefecture_code": 22,
    "city": "袋井市",
    "city_kana": "フクロイシ",
    "town": "松原",
    "town_kana": "マツバラ",
    "street": null,
    "office_name": null,
    "office_name_kana": null
  },
  "1118": {
    "postcode": "4371118",
    "prefecture": "静岡県",
    "prefecture_kana": "シズオカケン",
    "prefecture_code": 22,
    "city": "袋井市",
    "city_kana": "フクロイシ",
    "town": "西ケ崎",
    "town_kana": "ニシガサキ",
    "street": null,
    "office_name": null,
    "office_name_kana": null
  },
  "1119": {
    "postcode": "4371119",
    "prefecture": "静岡県",
    "prefecture_kana": "シズオカケン",
    "prefecture_code": 22,
    "city": "袋井市",
    "city_kana": "フクロイシ",
    "town": "初越",
    "town_kana": "ハヅコシ",
    "street": null,
    "office_name": null,
    "office_name_kana": null
  },
  "1121": {
    "postcode": "4371121",
    "prefecture": "静岡県",
    "prefecture_kana": "シズオカケン",
    "prefecture_code": 22,
    "city": "袋井市",
    "city_kana": "フクロイシ",
    "town": "諸井",
    "town_kana": "モロイ",
    "street": null,
    "office_name": null,
    "office_name_kana": null
  },
  "1122": {
    "postcode": "4371122",
    "prefecture": "静岡県",
    "prefecture_kana": "シズオカケン",
    "prefecture_code": 22,
    "city": "袋井市",
    "city_kana": "フクロイシ",
    "town": "浅岡",
    "town_kana": "アサオカ",
    "street": null,
    "office_name": null,
    "office_name_kana": null
  },
  "1123": {
    "postcode": "4371123",
    "prefecture": "静岡県",
    "prefecture_kana": "シズオカケン",
    "prefecture_code": 22,
    "city": "袋井市",
    "city_kana": "フクロイシ",
    "town": "浅羽一色",
    "town_kana": "アサバイシキ",
    "street": null,
    "office_name": null,
    "office_name_kana": null
  },
  "1124": {
    "postcode": "4371124",
    "prefecture": "静岡県",
    "prefecture_kana": "シズオカケン",
    "prefecture_code": 22,
    "city": "袋井市",
    "city_kana": "フクロイシ",
    "town": "富里",
    "town_kana": "トミサト",
    "street": null,
    "office_name": null,
    "office_name_kana": null
  },
  "1125": {
    "postcode": "4371125",
    "prefecture": "静岡県",
    "prefecture_kana": "シズオカケン",
    "prefecture_code": 22,
    "city": "袋井市",
    "city_kana": "フクロイシ",
    "town": "中",
    "town_kana": "ナカ",
    "street": null,
    "office_name": null,
    "office_name_kana": null
  },
  "1126": {
    "postcode": "4371126",
    "prefecture": "静岡県",
    "prefecture_kana": "シズオカケン",
    "prefecture_code": 22,
    "city": "袋井市",
    "city_kana": "フクロイシ",
    "town": "長溝",
    "town_kana": "ナガミゾ",
    "street": null,
    "office_name": null,
    "office_name_kana": null
  },
  "1192": {
    "postcode": "4371192",
    "prefecture": "静岡県",
    "prefecture_kana": "シズオカケン",
    "prefecture_code": 22,
    "city": "袋井市",
    "city_kana": "フクロイシ",
    "town": "浅名",
    "town_kana": "アサナ",
    "street": "１０２８",
    "office_name": "袋井市　浅羽支所",
    "office_name_kana": "フクロイシアサハシシヨ"
  },
  "1193": {
    "postcode": "4371193",
    "prefecture": "静岡県",
    "prefecture_kana": "シズオカケン",
    "prefecture_code": 22,
    "city": "袋井市",
    "city_kana": "フクロイシ",
    "town": "浅名",
    "town_kana": "アサナ",
    "street": "１７４３−１",
    "office_name": "ミネベア　株式会社　浜松製作所",
    "office_name_kana": "ミネベア カブシキガイシヤ ハママツセイサクジヨ"
  },
  "1194": {
    "postcode": "4371194",
    "prefecture": "静岡県",
    "prefecture_kana": "シズオカケン",
    "prefecture_code": 22,
    "city": "袋井市",
    "city_kana": "フクロイシ",
    "town": "松原",
    "town_kana": "マツバラ",
    "street": "２６０１",
    "office_name": "株式会社　ショーワ　浅羽工場",
    "office_name_kana": "カブシキガイシヤ シヨ-ワ アサバコウジヨウ"
  },
  "1195": {
    "postcode": "4371195",
    "prefecture": "静岡県",
    "prefecture_kana": "シズオカケン",
    "prefecture_code": 22,
    "city": "袋井市",
    "city_kana": "フクロイシ",
    "town": "浅羽",
    "town_kana": "アサバ",
    "street": "３７１１",
    "office_name": "天龍製鋸　株式会社",
    "office_name_kana": "テンリユウセイキヨ カブシキガイシヤ"
  },
  "1196": {
    "postcode": "4371196",
    "prefecture": "静岡県",
    "prefecture_kana": "シズオカケン",
    "prefecture_code": 22,
    "city": "袋井市",
    "city_kana": "フクロイシ",
    "town": "松原",
    "town_kana": "マツバラ",
    "street": "２４５５−２",
    "office_name": "株式会社　スタジオコバ",
    "office_name_kana": "カブシキガイシヤ スタジオコバ"
  },
  "1197": {
    "postcode": "4371197",
    "prefecture": "静岡県",
    "prefecture_kana": "シズオカケン",
    "prefecture_code": 22,
    "city": "袋井市",
    "city_kana": "フクロイシ",
    "town": "浅岡",
    "town_kana": "アサオカ",
    "street": "３５０番地",
    "office_name": "日本ハイパック　株式会社　静岡工場",
    "office_name_kana": "ニホンハイパツク カブシキガイシヤ シズオカコウジヨウ"
  },
  "1201": {
    "postcode": "4371201",
    "prefecture": "静岡県",
    "prefecture_kana": "シズオカケン",
    "prefecture_code": 22,
    "city": "磐田市",
    "city_kana": "イワタシ",
    "town": "豊浜中野",
    "town_kana": "トヨハマナカノ",
    "street": null,
    "office_name": null,
    "office_name_kana": null
  },
  "1202": {
    "postcode": "4371202",
    "prefecture": "静岡県",
    "prefecture_kana": "シズオカケン",
    "prefecture_code": 22,
    "city": "磐田市",
    "city_kana": "イワタシ",
    "town": "豊浜",
    "town_kana": "トヨハマ",
    "street": null,
    "office_name": null,
    "office_name_kana": null
  },
  "1203": {
    "postcode": "4371203",
    "prefecture": "静岡県",
    "prefecture_kana": "シズオカケン",
    "prefecture_code": 22,
    "city": "磐田市",
    "city_kana": "イワタシ",
    "town": "福田",
    "town_kana": "フクデ",
    "street": null,
    "office_name": null,
    "office_name_kana": null
  },
  "1204": {
    "postcode": "4371204",
    "prefecture": "静岡県",
    "prefecture_kana": "シズオカケン",
    "prefecture_code": 22,
    "city": "磐田市",
    "city_kana": "イワタシ",
    "town": "福田中島",
    "town_kana": "フクデナカジマ",
    "street": null,
    "office_name": null,
    "office_name_kana": null
  },
  "1205": {
    "postcode": "4371205",
    "prefecture": "静岡県",
    "prefecture_kana": "シズオカケン",
    "prefecture_code": 22,
    "city": "磐田市",
    "city_kana": "イワタシ",
    "town": "下太",
    "town_kana": "シモフト",
    "street": null,
    "office_name": null,
    "office_name_kana": null
  },
  "1206": {
    "postcode": "4371206",
    "prefecture": "静岡県",
    "prefecture_kana": "シズオカケン",
    "prefecture_code": 22,
    "city": "磐田市",
    "city_kana": "イワタシ",
    "town": "五十子",
    "town_kana": "イカゴ",
    "street": null,
    "office_name": null,
    "office_name_kana": null
  },
  "1207": {
    "postcode": "4371207",
    "prefecture": "静岡県",
    "prefecture_kana": "シズオカケン",
    "prefecture_code": 22,
    "city": "磐田市",
    "city_kana": "イワタシ",
    "town": "蛭池",
    "town_kana": "ヒルイケ",
    "street": null,
    "office_name": null,
    "office_name_kana": null
  },
  "1208": {
    "postcode": "4371208",
    "prefecture": "静岡県",
    "prefecture_kana": "シズオカケン",
    "prefecture_code": 22,
    "city": "磐田市",
    "city_kana": "イワタシ",
    "town": "東小島",
    "town_kana": "ヒガシコジマ",
    "street": null,
    "office_name": null,
    "office_name_kana": null
  },
  "1209": {
    "postcode": "4371209",
    "prefecture": "静岡県",
    "prefecture_kana": "シズオカケン",
    "prefecture_code": 22,
    "city": "磐田市",
    "city_kana": "イワタシ",
    "town": "南島",
    "town_kana": "ミナミシマ",
    "street": null,
    "office_name": null,
    "office_name_kana": null
  },
  "1211": {
    "postcode": "4371211",
    "prefecture": "静岡県",
    "prefecture_kana": "シズオカケン",
    "prefecture_code": 22,
    "city": "磐田市",
    "city_kana": "イワタシ",
    "town": "大原",
    "town_kana": "オオワラ",
    "street": null,
    "office_name": null,
    "office_name_kana": null
  },
  "1212": {
    "postcode": "4371212",
    "prefecture": "静岡県",
    "prefecture_kana": "シズオカケン",
    "prefecture_code": 22,
    "city": "磐田市",
    "city_kana": "イワタシ",
    "town": "南田",
    "town_kana": "ミナミダ",
    "street": null,
    "office_name": null,
    "office_name_kana": null
  },
  "1213": {
    "postcode": "4371213",
    "prefecture": "静岡県",
    "prefecture_kana": "シズオカケン",
    "prefecture_code": 22,
    "city": "磐田市",
    "city_kana": "イワタシ",
    "town": "塩新田",
    "town_kana": "シオシンデン",
    "street": null,
    "office_name": null,
    "office_name_kana": null
  },
  "1214": {
    "postcode": "4371214",
    "prefecture": "静岡県",
    "prefecture_kana": "シズオカケン",
    "prefecture_code": 22,
    "city": "磐田市",
    "city_kana": "イワタシ",
    "town": "清庵新田",
    "town_kana": "セイアンシンデン",
    "street": null,
    "office_name": null,
    "office_name_kana": null
  },
  "1215": {
    "postcode": "4371215",
    "prefecture": "静岡県",
    "prefecture_kana": "シズオカケン",
    "prefecture_code": 22,
    "city": "磐田市",
    "city_kana": "イワタシ",
    "town": "太郎馬新田",
    "town_kana": "タロマシンデン",
    "street": null,
    "office_name": null,
    "office_name_kana": null
  },
  "1216": {
    "postcode": "4371216",
    "prefecture": "静岡県",
    "prefecture_kana": "シズオカケン",
    "prefecture_code": 22,
    "city": "磐田市",
    "city_kana": "イワタシ",
    "town": "一色",
    "town_kana": "イッシキ",
    "street": null,
    "office_name": null,
    "office_name_kana": null
  },
  "1217": {
    "postcode": "4371217",
    "prefecture": "静岡県",
    "prefecture_kana": "シズオカケン",
    "prefecture_code": 22,
    "city": "磐田市",
    "city_kana": "イワタシ",
    "town": "宇兵衛新田",
    "town_kana": "ウヘエシンデン",
    "street": null,
    "office_name": null,
    "office_name_kana": null
  },
  "1218": {
    "postcode": "4371218",
    "prefecture": "静岡県",
    "prefecture_kana": "シズオカケン",
    "prefecture_code": 22,
    "city": "磐田市",
    "city_kana": "イワタシ",
    "town": "南田伊兵衛新田",
    "town_kana": "ミナミダイヘエシンデン",
    "street": null,
    "office_name": null,
    "office_name_kana": null
  },
  "1292": {
    "postcode": "4371292",
    "prefecture": "静岡県",
    "prefecture_kana": "シズオカケン",
    "prefecture_code": 22,
    "city": "磐田市",
    "city_kana": "イワタシ",
    "town": "福田",
    "town_kana": "フクデ",
    "street": "４００番地",
    "office_name": "磐田市　福田支所",
    "office_name_kana": "イワタシ フクダシシヨ"
  },
  "1301": {
    "postcode": "4371301",
    "prefecture": "静岡県",
    "prefecture_kana": "シズオカケン",
    "prefecture_code": 22,
    "city": "掛川市",
    "city_kana": "カケガワシ",
    "town": "横須賀",
    "town_kana": "ヨコスカ",
    "street": null,
    "office_name": null,
    "office_name_kana": null
  },
  "1302": {
    "postcode": "4371302",
    "prefecture": "静岡県",
    "prefecture_kana": "シズオカケン",
    "prefecture_code": 22,
    "city": "掛川市",
    "city_kana": "カケガワシ",
    "town": "大渕",
    "town_kana": "オオブチ",
    "street": null,
    "office_name": null,
    "office_name_kana": null
  },
  "1303": {
    "postcode": "4371303",
    "prefecture": "静岡県",
    "prefecture_kana": "シズオカケン",
    "prefecture_code": 22,
    "city": "掛川市",
    "city_kana": "カケガワシ",
    "town": "沖之須",
    "town_kana": "オキノス",
    "street": null,
    "office_name": null,
    "office_name_kana": null
  },
  "1304": {
    "postcode": "4371304",
    "prefecture": "静岡県",
    "prefecture_kana": "シズオカケン",
    "prefecture_code": 22,
    "city": "掛川市",
    "city_kana": "カケガワシ",
    "town": "西大渕",
    "town_kana": "ニシオオブチ",
    "street": null,
    "office_name": null,
    "office_name_kana": null
  },
  "1305": {
    "postcode": "4371305",
    "prefecture": "静岡県",
    "prefecture_kana": "シズオカケン",
    "prefecture_code": 22,
    "city": "掛川市",
    "city_kana": "カケガワシ",
    "town": "山崎",
    "town_kana": "ヤマザキ",
    "street": null,
    "office_name": null,
    "office_name_kana": null
  },
  "1306": {
    "postcode": "4371306",
    "prefecture": "静岡県",
    "prefecture_kana": "シズオカケン",
    "prefecture_code": 22,
    "city": "掛川市",
    "city_kana": "カケガワシ",
    "town": "洋望台",
    "town_kana": "ヨウボウダイ",
    "street": null,
    "office_name": null,
    "office_name_kana": null
  },
  "1311": {
    "postcode": "4371311",
    "prefecture": "静岡県",
    "prefecture_kana": "シズオカケン",
    "prefecture_code": 22,
    "city": "袋井市",
    "city_kana": "フクロイシ",
    "town": "山崎",
    "town_kana": "ヤマザキ",
    "street": null,
    "office_name": null,
    "office_name_kana": null
  },
  "1312": {
    "postcode": "4371312",
    "prefecture": "静岡県",
    "prefecture_kana": "シズオカケン",
    "prefecture_code": 22,
    "city": "袋井市",
    "city_kana": "フクロイシ",
    "town": "岡崎",
    "town_kana": "オカザキ",
    "street": null,
    "office_name": null,
    "office_name_kana": null
  },
  "1392": {
    "postcode": "4371392",
    "prefecture": "静岡県",
    "prefecture_kana": "シズオカケン",
    "prefecture_code": 22,
    "city": "掛川市",
    "city_kana": "カケガワシ",
    "town": "横須賀",
    "town_kana": "ヨコスカ",
    "street": "１４０９−２（大須賀郵便局私書箱第８号）",
    "office_name": "株式会社　遠興",
    "office_name_kana": "カブシキガイシヤ エンコウ"
  },
  "1393": {
    "postcode": "4371393",
    "prefecture": "静岡県",
    "prefecture_kana": "シズオカケン",
    "prefecture_code": 22,
    "city": "掛川市",
    "city_kana": "カケガワシ",
    "town": "西大渕",
    "town_kana": "ニシオオブチ",
    "street": "１００（大須賀郵便局私書箱第４号）",
    "office_name": "掛川市役所　大須賀支所",
    "office_name_kana": "カケガワシヤクシヨ オオスガシシヨ"
  },
  "1395": {
    "postcode": "4371395",
    "prefecture": "静岡県",
    "prefecture_kana": "シズオカケン",
    "prefecture_code": 22,
    "city": "掛川市",
    "city_kana": "カケガワシ",
    "town": "横須賀",
    "town_kana": "ヨコスカ",
    "street": "１４９１−１（大須賀郵便局私書箱第６号）",
    "office_name": "横須賀高等学校",
    "office_name_kana": "ヨコスガコウトウガツコウ"
  },
  "1397": {
    "postcode": "4371397",
    "prefecture": "静岡県",
    "prefecture_kana": "シズオカケン",
    "prefecture_code": 22,
    "city": "掛川市",
    "city_kana": "カケガワシ",
    "town": "大渕",
    "town_kana": "オオブチ",
    "street": "１２１１７",
    "office_name": "コーニングジャパン　株式会社",
    "office_name_kana": "コ-ニングジヤパン カブシキガイシヤ"
  },
  "1401": {
    "postcode": "4371401",
    "prefecture": "静岡県",
    "prefecture_kana": "シズオカケン",
    "prefecture_code": 22,
    "city": "掛川市",
    "city_kana": "カケガワシ",
    "town": "高瀬",
    "town_kana": "タカセ",
    "street": null,
    "office_name": null,
    "office_name_kana": null
  },
  "1402": {
    "postcode": "4371402",
    "prefecture": "静岡県",
    "prefecture_kana": "シズオカケン",
    "prefecture_code": 22,
    "city": "掛川市",
    "city_kana": "カケガワシ",
    "town": "中方",
    "town_kana": "ナカホウ",
    "street": null,
    "office_name": null,
    "office_name_kana": null
  },
  "1403": {
    "postcode": "4371403",
    "prefecture": "静岡県",
    "prefecture_kana": "シズオカケン",
    "prefecture_code": 22,
    "city": "掛川市",
    "city_kana": "カケガワシ",
    "town": "岩滑",
    "town_kana": "イワナメ",
    "street": null,
    "office_name": null,
    "office_name_kana": null
  },
  "1404": {
    "postcode": "4371404",
    "prefecture": "静岡県",
    "prefecture_kana": "シズオカケン",
    "prefecture_code": 22,
    "city": "掛川市",
    "city_kana": "カケガワシ",
    "town": "西之谷",
    "town_kana": "ニシノヤ",
    "street": null,
    "office_name": null,
    "office_name_kana": null
  },
  "1405": {
    "postcode": "4371405",
    "prefecture": "静岡県",
    "prefecture_kana": "シズオカケン",
    "prefecture_code": 22,
    "city": "掛川市",
    "city_kana": "カケガワシ",
    "town": "中",
    "town_kana": "ナカ",
    "street": null,
    "office_name": null,
    "office_name_kana": null
  },
  "1406": {
    "postcode": "4371406",
    "prefecture": "静岡県",
    "prefecture_kana": "シズオカケン",
    "prefecture_code": 22,
    "city": "掛川市",
    "city_kana": "カケガワシ",
    "town": "川久保",
    "town_kana": "カワクボ",
    "street": null,
    "office_name": null,
    "office_name_kana": null
  },
  "1407": {
    "postcode": "4371407",
    "prefecture": "静岡県",
    "prefecture_kana": "シズオカケン",
    "prefecture_code": 22,
    "city": "掛川市",
    "city_kana": "カケガワシ",
    "town": "小貫",
    "town_kana": "オヌキ",
    "street": null,
    "office_name": null,
    "office_name_kana": null
  },
  "1411": {
    "postcode": "4371411",
    "prefecture": "静岡県",
    "prefecture_kana": "シズオカケン",
    "prefecture_code": 22,
    "city": "掛川市",
    "city_kana": "カケガワシ",
    "town": "坂里",
    "town_kana": "サカサト",
    "street": null,
    "office_name": null,
    "office_name_kana": null
  },
  "1412": {
    "postcode": "4371412",
    "prefecture": "静岡県",
    "prefecture_kana": "シズオカケン",
    "prefecture_code": 22,
    "city": "掛川市",
    "city_kana": "カケガワシ",
    "town": "千浜",
    "town_kana": "チハマ",
    "street": null,
    "office_name": null,
    "office_name_kana": null
  },
  "1413": {
    "postcode": "4371413",
    "prefecture": "静岡県",
    "prefecture_kana": "シズオカケン",
    "prefecture_code": 22,
    "city": "掛川市",
    "city_kana": "カケガワシ",
    "town": "国安",
    "town_kana": "クニヤス",
    "street": null,
    "office_name": null,
    "office_name_kana": null
  },
  "1414": {
    "postcode": "4371414",
    "prefecture": "静岡県",
    "prefecture_kana": "シズオカケン",
    "prefecture_code": 22,
    "city": "掛川市",
    "city_kana": "カケガワシ",
    "town": "国包",
    "town_kana": "クニカネ",
    "street": null,
    "office_name": null,
    "office_name_kana": null
  },
  "1415": {
    "postcode": "4371415",
    "prefecture": "静岡県",
    "prefecture_kana": "シズオカケン",
    "prefecture_code": 22,
    "city": "掛川市",
    "city_kana": "カケガワシ",
    "town": "菊浜",
    "town_kana": "キクハマ",
    "street": null,
    "office_name": null,
    "office_name_kana": null
  },
  "1416": {
    "postcode": "4371416",
    "prefecture": "静岡県",
    "prefecture_kana": "シズオカケン",
    "prefecture_code": 22,
    "city": "掛川市",
    "city_kana": "カケガワシ",
    "town": "三俣",
    "town_kana": "ミツマタ",
    "street": null,
    "office_name": null,
    "office_name_kana": null
  },
  "1421": {
    "postcode": "4371421",
    "prefecture": "静岡県",
    "prefecture_kana": "シズオカケン",
    "prefecture_code": 22,
    "city": "掛川市",
    "city_kana": "カケガワシ",
    "town": "大坂",
    "town_kana": "オオサカ",
    "street": null,
    "office_name": null,
    "office_name_kana": null
  },
  "1422": {
    "postcode": "4371422",
    "prefecture": "静岡県",
    "prefecture_kana": "シズオカケン",
    "prefecture_code": 22,
    "city": "掛川市",
    "city_kana": "カケガワシ",
    "town": "海戸",
    "town_kana": "カイト",
    "street": null,
    "office_name": null,
    "office_name_kana": null
  },
  "1423": {
    "postcode": "4371423",
    "prefecture": "静岡県",
    "prefecture_kana": "シズオカケン",
    "prefecture_code": 22,
    "city": "掛川市",
    "city_kana": "カケガワシ",
    "town": "浜川新田",
    "town_kana": "ハマガワシンデン",
    "street": null,
    "office_name": null,
    "office_name_kana": null
  },
  "1424": {
    "postcode": "4371424",
    "prefecture": "静岡県",
    "prefecture_kana": "シズオカケン",
    "prefecture_code": 22,
    "city": "掛川市",
    "city_kana": "カケガワシ",
    "town": "浜野",
    "town_kana": "ハマノ",
    "street": null,
    "office_name": null,
    "office_name_kana": null
  },
  "1425": {
    "postcode": "4371425",
    "prefecture": "静岡県",
    "prefecture_kana": "シズオカケン",
    "prefecture_code": 22,
    "city": "掛川市",
    "city_kana": "カケガワシ",
    "town": "浜野新田",
    "town_kana": "ハマノシンデン",
    "street": null,
    "office_name": null,
    "office_name_kana": null
  },
  "1431": {
    "postcode": "4371431",
    "prefecture": "静岡県",
    "prefecture_kana": "シズオカケン",
    "prefecture_code": 22,
    "city": "掛川市",
    "city_kana": "カケガワシ",
    "town": "上土方落合",
    "town_kana": "カミヒジカタオチアイ",
    "street": null,
    "office_name": null,
    "office_name_kana": null
  },
  "1432": {
    "postcode": "4371432",
    "prefecture": "静岡県",
    "prefecture_kana": "シズオカケン",
    "prefecture_code": 22,
    "city": "掛川市",
    "city_kana": "カケガワシ",
    "town": "上土方工業団地",
    "town_kana": "カミヒジカタコウギョウダンチ",
    "street": null,
    "office_name": null,
    "office_name_kana": null
  },
  "1433": {
    "postcode": "4371433",
    "prefecture": "静岡県",
    "prefecture_kana": "シズオカケン",
    "prefecture_code": 22,
    "city": "掛川市",
    "city_kana": "カケガワシ",
    "town": "上土方",
    "town_kana": "カミヒジカタ",
    "street": null,
    "office_name": null,
    "office_name_kana": null
  },
  "1434": {
    "postcode": "4371434",
    "prefecture": "静岡県",
    "prefecture_kana": "シズオカケン",
    "prefecture_code": 22,
    "city": "掛川市",
    "city_kana": "カケガワシ",
    "town": "下土方",
    "town_kana": "シモヒジカタ",
    "street": null,
    "office_name": null,
    "office_name_kana": null
  },
  "1435": {
    "postcode": "4371435",
    "prefecture": "静岡県",
    "prefecture_kana": "シズオカケン",
    "prefecture_code": 22,
    "city": "掛川市",
    "city_kana": "カケガワシ",
    "town": "上土方嶺向",
    "town_kana": "カミヒジカタミネムカイ",
    "street": null,
    "office_name": null,
    "office_name_kana": null
  },
  "1436": {
    "postcode": "4371436",
    "prefecture": "静岡県",
    "prefecture_kana": "シズオカケン",
    "prefecture_code": 22,
    "city": "掛川市",
    "city_kana": "カケガワシ",
    "town": "今滝",
    "town_kana": "イマタキ",
    "street": null,
    "office_name": null,
    "office_name_kana": null
  },
  "1437": {
    "postcode": "4371437",
    "prefecture": "静岡県",
    "prefecture_kana": "シズオカケン",
    "prefecture_code": 22,
    "city": "掛川市",
    "city_kana": "カケガワシ",
    "town": "上土方旦付新田",
    "town_kana": "カミヒジカタダンヅクシンデン",
    "street": null,
    "office_name": null,
    "office_name_kana": null
  },
  "1438": {
    "postcode": "4371438",
    "prefecture": "静岡県",
    "prefecture_kana": "シズオカケン",
    "prefecture_code": 22,
    "city": "掛川市",
    "city_kana": "カケガワシ",
    "town": "入山瀬",
    "town_kana": "イリヤマセ",
    "street": null,
    "office_name": null,
    "office_name_kana": null
  },
  "1439": {
    "postcode": "4371439",
    "prefecture": "静岡県",
    "prefecture_kana": "シズオカケン",
    "prefecture_code": 22,
    "city": "掛川市",
    "city_kana": "カケガワシ",
    "town": "大坪台",
    "town_kana": "オオツボダイ",
    "street": null,
    "office_name": null,
    "office_name_kana": null
  },
  "1492": {
    "postcode": "4371492",
    "prefecture": "静岡県",
    "prefecture_kana": "シズオカケン",
    "prefecture_code": 22,
    "city": "掛川市",
    "city_kana": "カケガワシ",
    "town": "千浜",
    "town_kana": "チハマ",
    "street": "７８００番地",
    "office_name": "株式会社　キャタラー",
    "office_name_kana": "カブシキガイシヤ キヤタラ-"
  },
  "1493": {
    "postcode": "4371493",
    "prefecture": "静岡県",
    "prefecture_kana": "シズオカケン",
    "prefecture_code": 22,
    "city": "掛川市",
    "city_kana": "カケガワシ",
    "town": "千浜",
    "town_kana": "チハマ",
    "street": "４５６０番地",
    "office_name": "株式会社　プロスパイラマニュファクチャリング",
    "office_name_kana": "カブシキガイシヤ プロスパイラマニユフアクチヤリング"
  },
  "1494": {
    "postcode": "4371494",
    "prefecture": "静岡県",
    "prefecture_kana": "シズオカケン",
    "prefecture_code": 22,
    "city": "掛川市",
    "city_kana": "カケガワシ",
    "town": "国包",
    "town_kana": "クニカネ",
    "street": "１３６０番地",
    "office_name": "矢崎部品　株式会社　大浜工場",
    "office_name_kana": "ヤザキブヒン カブシキガイシヤ オオハマコウジヨウ"
  },
  "1495": {
    "postcode": "4371495",
    "prefecture": "静岡県",
    "prefecture_kana": "シズオカケン",
    "prefecture_code": 22,
    "city": "掛川市",
    "city_kana": "カケガワシ",
    "town": "中",
    "town_kana": "ナカ",
    "street": "１１００",
    "office_name": "積水ハウス　株式会社　静岡工場",
    "office_name_kana": "セキスイハウス カブシキガイシヤ シズオカコウジヨウ"
  },
  "1496": {
    "postcode": "4371496",
    "prefecture": "静岡県",
    "prefecture_kana": "シズオカケン",
    "prefecture_code": 22,
    "city": "掛川市",
    "city_kana": "カケガワシ",
    "town": "千浜",
    "town_kana": "チハマ",
    "street": "３８１０",
    "office_name": "クラリアントジャパン　株式会社　静岡工場",
    "office_name_kana": "クラリアントジヤパン カブシキガイシヤ シズオカコウジヨウ"
  },
  "1501": {
    "postcode": "4371501",
    "prefecture": "静岡県",
    "prefecture_kana": "シズオカケン",
    "prefecture_code": 22,
    "city": "菊川市",
    "city_kana": "キクガワシ",
    "town": "丹野",
    "town_kana": "タンノ",
    "street": null,
    "office_name": null,
    "office_name_kana": null
  },
  "1502": {
    "postcode": "4371502",
    "prefecture": "静岡県",
    "prefecture_kana": "シズオカケン",
    "prefecture_code": 22,
    "city": "菊川市",
    "city_kana": "キクガワシ",
    "town": "古谷",
    "town_kana": "フルヤ",
    "street": null,
    "office_name": null,
    "office_name_kana": null
  },
  "1503": {
    "postcode": "4371503",
    "prefecture": "静岡県",
    "prefecture_kana": "シズオカケン",
    "prefecture_code": 22,
    "city": "菊川市",
    "city_kana": "キクガワシ",
    "town": "川上",
    "town_kana": "カワカミ",
    "street": null,
    "office_name": null,
    "office_name_kana": null
  },
  "1504": {
    "postcode": "4371504",
    "prefecture": "静岡県",
    "prefecture_kana": "シズオカケン",
    "prefecture_code": 22,
    "city": "菊川市",
    "city_kana": "キクガワシ",
    "town": "花水木",
    "town_kana": "ハナミズキ",
    "street": null,
    "office_name": null,
    "office_name_kana": null
  },
  "1505": {
    "postcode": "4371505",
    "prefecture": "静岡県",
    "prefecture_kana": "シズオカケン",
    "prefecture_code": 22,
    "city": "菊川市",
    "city_kana": "キクガワシ",
    "town": "高橋",
    "town_kana": "タカハシ",
    "street": null,
    "office_name": null,
    "office_name_kana": null
  },
  "1506": {
    "postcode": "4371506",
    "prefecture": "静岡県",
    "prefecture_kana": "シズオカケン",
    "prefecture_code": 22,
    "city": "菊川市",
    "city_kana": "キクガワシ",
    "town": "河東",
    "town_kana": "カトウ",
    "street": null,
    "office_name": null,
    "office_name_kana": null
  },
  "1507": {
    "postcode": "4371507",
    "prefecture": "静岡県",
    "prefecture_kana": "シズオカケン",
    "prefecture_code": 22,
    "city": "菊川市",
    "city_kana": "キクガワシ",
    "town": "赤土",
    "town_kana": "アカツチ",
    "street": null,
    "office_name": null,
    "office_name_kana": null
  },
  "1511": {
    "postcode": "4371511",
    "prefecture": "静岡県",
    "prefecture_kana": "シズオカケン",
    "prefecture_code": 22,
    "city": "菊川市",
    "city_kana": "キクガワシ",
    "town": "目木",
    "town_kana": "モッキ",
    "street": null,
    "office_name": null,
    "office_name_kana": null
  },
  "1512": {
    "postcode": "4371512",
    "prefecture": "静岡県",
    "prefecture_kana": "シズオカケン",
    "prefecture_code": 22,
    "city": "菊川市",
    "city_kana": "キクガワシ",
    "town": "猿渡",
    "town_kana": "サルワタリ",
    "street": null,
    "office_name": null,
    "office_name_kana": null
  },
  "1513": {
    "postcode": "4371513",
    "prefecture": "静岡県",
    "prefecture_kana": "シズオカケン",
    "prefecture_code": 22,
    "city": "菊川市",
    "city_kana": "キクガワシ",
    "town": "棚草",
    "town_kana": "タナクサ",
    "street": null,
    "office_name": null,
    "office_name_kana": null
  },
  "1514": {
    "postcode": "4371514",
    "prefecture": "静岡県",
    "prefecture_kana": "シズオカケン",
    "prefecture_code": 22,
    "city": "菊川市",
    "city_kana": "キクガワシ",
    "town": "下平川",
    "town_kana": "シモヒラカワ",
    "street": null,
    "office_name": null,
    "office_name_kana": null
  },
  "1521": {
    "postcode": "4371521",
    "prefecture": "静岡県",
    "prefecture_kana": "シズオカケン",
    "prefecture_code": 22,
    "city": "菊川市",
    "city_kana": "キクガワシ",
    "town": "上平川",
    "town_kana": "カミヒラカワ",
    "street": null,
    "office_name": null,
    "office_name_kana": null
  },
  "1522": {
    "postcode": "4371522",
    "prefecture": "静岡県",
    "prefecture_kana": "シズオカケン",
    "prefecture_code": 22,
    "city": "菊川市",
    "city_kana": "キクガワシ",
    "town": "嶺田",
    "town_kana": "ミネダ",
    "street": null,
    "office_name": null,
    "office_name_kana": null
  },
  "1523": {
    "postcode": "4371523",
    "prefecture": "静岡県",
    "prefecture_kana": "シズオカケン",
    "prefecture_code": 22,
    "city": "菊川市",
    "city_kana": "キクガワシ",
    "town": "堂山新田",
    "town_kana": "ドウヤマシンデン",
    "street": null,
    "office_name": null,
    "office_name_kana": null
  },
  "1524": {
    "postcode": "4371524",
    "prefecture": "静岡県",
    "prefecture_kana": "シズオカケン",
    "prefecture_code": 22,
    "city": "菊川市",
    "city_kana": "キクガワシ",
    "town": "大石",
    "town_kana": "オオイシ",
    "street": null,
    "office_name": null,
    "office_name_kana": null
  },
  "1592": {
    "postcode": "4371592",
    "prefecture": "静岡県",
    "prefecture_kana": "シズオカケン",
    "prefecture_code": 22,
    "city": "菊川市",
    "city_kana": "キクガワシ",
    "town": "赤土",
    "town_kana": "アカツチ",
    "street": "１５０３",
    "office_name": "菊川市役所小笠支所",
    "office_name_kana": "キクカワシヨクシヨ オガサシシヨ"
  },
  "1593": {
    "postcode": "4371593",
    "prefecture": "静岡県",
    "prefecture_kana": "シズオカケン",
    "prefecture_code": 22,
    "city": "菊川市",
    "city_kana": "キクガワシ",
    "town": "下平川",
    "town_kana": "シモヒラカワ",
    "street": "５２８０",
    "office_name": "遠州夢咲　農業協同組合",
    "office_name_kana": "エンシユウユメサキ ノウギヨウキヨウドウクミアイ"
  },
  "1594": {
    "postcode": "4371594",
    "prefecture": "静岡県",
    "prefecture_kana": "シズオカケン",
    "prefecture_code": 22,
    "city": "菊川市",
    "city_kana": "キクガワシ",
    "town": "下平川",
    "town_kana": "シモヒラカワ",
    "street": "１２５６−１",
    "office_name": "フガク工機　株式会社",
    "office_name_kana": "フガクコウキ カブシキガイシヤ"
  },
  "1600": {
    "postcode": "4371600",
    "prefecture": "静岡県",
    "prefecture_kana": "シズオカケン",
    "prefecture_code": 22,
    "city": "御前崎市",
    "city_kana": "オマエザキシ",
    "town": "",
    "town_kana": "",
    "street": null,
    "office_name": null,
    "office_name_kana": null
  },
  "1601": {
    "postcode": "4371601",
    "prefecture": "静岡県",
    "prefecture_kana": "シズオカケン",
    "prefecture_code": 22,
    "city": "御前崎市",
    "city_kana": "オマエザキシ",
    "town": "上朝比奈",
    "town_kana": "カミアサヒナ",
    "street": null,
    "office_name": null,
    "office_name_kana": null
  },
  "1602": {
    "postcode": "4371602",
    "prefecture": "静岡県",
    "prefecture_kana": "シズオカケン",
    "prefecture_code": 22,
    "city": "御前崎市",
    "city_kana": "オマエザキシ",
    "town": "比木",
    "town_kana": "ヒキ",
    "street": null,
    "office_name": null,
    "office_name_kana": null
  },
  "1603": {
    "postcode": "4371603",
    "prefecture": "静岡県",
    "prefecture_kana": "シズオカケン",
    "prefecture_code": 22,
    "city": "御前崎市",
    "city_kana": "オマエザキシ",
    "town": "宮内",
    "town_kana": "ミヤウチ",
    "street": null,
    "office_name": null,
    "office_name_kana": null
  },
  "1604": {
    "postcode": "4371604",
    "prefecture": "静岡県",
    "prefecture_kana": "シズオカケン",
    "prefecture_code": 22,
    "city": "御前崎市",
    "city_kana": "オマエザキシ",
    "town": "佐倉",
    "town_kana": "サクラ",
    "street": null,
    "office_name": null,
    "office_name_kana": null
  },
  "1605": {
    "postcode": "4371605",
    "prefecture": "静岡県",
    "prefecture_kana": "シズオカケン",
    "prefecture_code": 22,
    "city": "御前崎市",
    "city_kana": "オマエザキシ",
    "town": "下朝比奈",
    "town_kana": "シモアサヒナ",
    "street": null,
    "office_name": null,
    "office_name_kana": null
  },
  "1611": {
    "postcode": "4371611",
    "prefecture": "静岡県",
    "prefecture_kana": "シズオカケン",
    "prefecture_code": 22,
    "city": "御前崎市",
    "city_kana": "オマエザキシ",
    "town": "新野",
    "town_kana": "ニイノ",
    "street": null,
    "office_name": null,
    "office_name_kana": null
  },
  "1612": {
    "postcode": "4371612",
    "prefecture": "静岡県",
    "prefecture_kana": "シズオカケン",
    "prefecture_code": 22,
    "city": "御前崎市",
    "city_kana": "オマエザキシ",
    "town": "池新田",
    "town_kana": "イケシンデン",
    "street": null,
    "office_name": null,
    "office_name_kana": null
  },
  "1613": {
    "postcode": "4371613",
    "prefecture": "静岡県",
    "prefecture_kana": "シズオカケン",
    "prefecture_code": 22,
    "city": "御前崎市",
    "city_kana": "オマエザキシ",
    "town": "合戸",
    "town_kana": "ゴウド",
    "street": null,
    "office_name": null,
    "office_name_kana": null
  },
  "1614": {
    "postcode": "4371614",
    "prefecture": "静岡県",
    "prefecture_kana": "シズオカケン",
    "prefecture_code": 22,
    "city": "御前崎市",
    "city_kana": "オマエザキシ",
    "town": "塩原新田",
    "town_kana": "シオバラシンデン",
    "street": null,
    "office_name": null,
    "office_name_kana": null
  },
  "1615": {
    "postcode": "4371615",
    "prefecture": "静岡県",
    "prefecture_kana": "シズオカケン",
    "prefecture_code": 22,
    "city": "御前崎市",
    "city_kana": "オマエザキシ",
    "town": "門屋",
    "town_kana": "カドヤ",
    "street": null,
    "office_name": null,
    "office_name_kana": null
  },
  "1621": {
    "postcode": "4371621",
    "prefecture": "静岡県",
    "prefecture_kana": "シズオカケン",
    "prefecture_code": 22,
    "city": "御前崎市",
    "city_kana": "オマエザキシ",
    "town": "御前崎",
    "town_kana": "オマエザキ",
    "street": null,
    "office_name": null,
    "office_name_kana": null
  },
  "1622": {
    "postcode": "4371622",
    "prefecture": "静岡県",
    "prefecture_kana": "シズオカケン",
    "prefecture_code": 22,
    "city": "御前崎市",
    "city_kana": "オマエザキシ",
    "town": "白羽",
    "town_kana": "シロワ",
    "street": null,
    "office_name": null,
    "office_name_kana": null
  },
  "1623": {
    "postcode": "4371623",
    "prefecture": "静岡県",
    "prefecture_kana": "シズオカケン",
    "prefecture_code": 22,
    "city": "御前崎市",
    "city_kana": "オマエザキシ",
    "town": "港",
    "town_kana": "ミナト",
    "street": null,
    "office_name": null,
    "office_name_kana": null
  },
  "1686": {
    "postcode": "4371686",
    "prefecture": "静岡県",
    "prefecture_kana": "シズオカケン",
    "prefecture_code": 22,
    "city": "御前崎市",
    "city_kana": "オマエザキシ",
    "town": "",
    "town_kana": "",
    "street": "高松２０７０−２",
    "office_name": "株式会社　静岡カントリー　浜岡コース",
    "office_name_kana": "カブシキガイシヤ シズオカカントリ- ハマオカコ-ス"
  },
  "1688": {
    "postcode": "4371688",
    "prefecture": "静岡県",
    "prefecture_kana": "シズオカケン",
    "prefecture_code": 22,
    "city": "御前崎市",
    "city_kana": "オマエザキシ",
    "town": "池新田",
    "town_kana": "イケシンデン",
    "street": "２０７０",
    "office_name": "御前崎市総合保健福祉センター",
    "office_name_kana": "オマエザキシソウゴウホケンフクシセンタ-"
  },
  "1692": {
    "postcode": "4371692",
    "prefecture": "静岡県",
    "prefecture_kana": "シズオカケン",
    "prefecture_code": 22,
    "city": "御前崎市",
    "city_kana": "オマエザキシ",
    "town": "池新田",
    "town_kana": "イケシンデン",
    "street": "５５８５（浜岡郵便局私書箱第４号）",
    "office_name": "御前崎市役所",
    "office_name_kana": "オマエザキシヤクシヨ"
  },
  "1693": {
    "postcode": "4371693",
    "prefecture": "静岡県",
    "prefecture_kana": "シズオカケン",
    "prefecture_code": 22,
    "city": "御前崎市",
    "city_kana": "オマエザキシ",
    "town": "佐倉",
    "town_kana": "サクラ",
    "street": "４７４４（浜岡郵便局私書箱第８号）",
    "office_name": "東海サンド　株式会社",
    "office_name_kana": "トウカイサンド カブシキガイシヤ"
  },
  "1694": {
    "postcode": "4371694",
    "prefecture": "静岡県",
    "prefecture_kana": "シズオカケン",
    "prefecture_code": 22,
    "city": "御前崎市",
    "city_kana": "オマエザキシ",
    "town": "白羽",
    "town_kana": "シロワ",
    "street": "６１７１番地の１",
    "office_name": "御前崎市教育会館・市役所　御前崎支所",
    "office_name_kana": "オマエザキシキヨウイクカイカン・シヤクシヨ オマエザキシシヨ"
  },
  "1695": {
    "postcode": "4371695",
    "prefecture": "静岡県",
    "prefecture_kana": "シズオカケン",
    "prefecture_code": 22,
    "city": "御前崎市",
    "city_kana": "オマエザキシ",
    "town": "佐倉",
    "town_kana": "サクラ",
    "street": "５５６１",
    "office_name": "中部電力　株式会社　浜岡原子力発電所　総合事務所",
    "office_name_kana": "チユウブデンリヨク カブシキガイシヤ ハマオカゲンシリヨクハツデンシヨ ソウゴウジムシヨ"
  },
  "1696": {
    "postcode": "4371696",
    "prefecture": "静岡県",
    "prefecture_kana": "シズオカケン",
    "prefecture_code": 22,
    "city": "御前崎市",
    "city_kana": "オマエザキシ",
    "town": "池新田",
    "town_kana": "イケシンデン",
    "street": "２０６０",
    "office_name": "市立御前崎総合病院",
    "office_name_kana": "シリツオマエザキソウゴウビヨウイン"
  },
  "1697": {
    "postcode": "4371697",
    "prefecture": "静岡県",
    "prefecture_kana": "シズオカケン",
    "prefecture_code": 22,
    "city": "御前崎市",
    "city_kana": "オマエザキシ",
    "town": "港",
    "town_kana": "ミナト",
    "street": "６６２０番地１５号",
    "office_name": "シェブロンジャパン　株式会社　御前崎事業場",
    "office_name_kana": "シエブロンジヤパン カブシキカイシヤ オマエザキジギヨウジヨウ"
  },
  "1698": {
    "postcode": "4371698",
    "prefecture": "静岡県",
    "prefecture_kana": "シズオカケン",
    "prefecture_code": 22,
    "city": "御前崎市",
    "city_kana": "オマエザキシ",
    "town": "門屋",
    "town_kana": "カドヤ",
    "street": "１３７０",
    "office_name": "エイケン工業　株式会社",
    "office_name_kana": "エイケンコウギヨウ カブシキガイシヤ"
  },
  "8501": {
    "postcode": "4378501",
    "prefecture": "静岡県",
    "prefecture_kana": "シズオカケン",
    "prefecture_code": 22,
    "city": "袋井市",
    "city_kana": "フクロイシ",
    "town": "国本",
    "town_kana": "クニモト",
    "street": "１６１６",
    "office_name": "株式会社　静岡カントリー　袋井コース",
    "office_name_kana": "カブシキガイシヤ シズオカカントリ- フクロイコ-ス"
  },
  "8502": {
    "postcode": "4378502",
    "prefecture": "静岡県",
    "prefecture_kana": "シズオカケン",
    "prefecture_code": 22,
    "city": "袋井市",
    "city_kana": "フクロイシ",
    "town": "鷲巣",
    "town_kana": "ワシズ",
    "street": "西ノ谷１５−１",
    "office_name": "ティーライフ　株式会社　物流センター",
    "office_name_kana": "テイ-ライフ カブシキガイシヤ ブツリユウセンタ-"
  },
  "8511": {
    "postcode": "4378511",
    "prefecture": "静岡県",
    "prefecture_kana": "シズオカケン",
    "prefecture_code": 22,
    "city": "袋井市",
    "city_kana": "フクロイシ",
    "town": "鷲巣",
    "town_kana": "ワシズ",
    "street": "１５−１",
    "office_name": "静岡パイオニア　株式会社",
    "office_name_kana": "シズオカパイオニア カブシキガイシヤ"
  },
  "8545": {
    "postcode": "4378545",
    "prefecture": "静岡県",
    "prefecture_kana": "シズオカケン",
    "prefecture_code": 22,
    "city": "袋井市",
    "city_kana": "フクロイシ",
    "town": "愛野",
    "town_kana": "アイノ",
    "street": "２３４５",
    "office_name": "エヌエスケー・ワーナー　株式会社",
    "office_name_kana": "エヌエスケ-・ワ-ナ- カブシキガイシヤ"
  },
  "8555": {
    "postcode": "4378555",
    "prefecture": "静岡県",
    "prefecture_kana": "シズオカケン",
    "prefecture_code": 22,
    "city": "袋井市",
    "city_kana": "フクロイシ",
    "town": "豊沢",
    "town_kana": "トヨサワ",
    "street": "２２００−２（袋井郵便局私書箱第３５号）",
    "office_name": "静岡理工科大学",
    "office_name_kana": "シズオカリコウカダイガク"
  },
  "8601": {
    "postcode": "4378601",
    "prefecture": "静岡県",
    "prefecture_kana": "シズオカケン",
    "prefecture_code": 22,
    "city": "袋井市",
    "city_kana": "フクロイシ",
    "town": "山名町",
    "town_kana": "ヤマナチョウ",
    "street": "４−１（袋井郵便局私書箱第５号）",
    "office_name": "静岡製機　株式会社",
    "office_name_kana": "シズオカセイキカブシキカイシヤ"
  },
  "8611": {
    "postcode": "4378611",
    "prefecture": "静岡県",
    "prefecture_kana": "シズオカケン",
    "prefecture_code": 22,
    "city": "袋井市",
    "city_kana": "フクロイシ",
    "town": "高尾",
    "town_kana": "タカオ",
    "street": "１２０２−１（袋井郵便局私書箱第１号）",
    "office_name": "豊田肥料　株式会社",
    "office_name_kana": "トヨダヒリヨウ カブシキガイシヤ"
  },
  "8666": {
    "postcode": "4378666",
    "prefecture": "静岡県",
    "prefecture_kana": "シズオカケン",
    "prefecture_code": 22,
    "city": "袋井市",
    "city_kana": "フクロイシ",
    "town": "新屋",
    "town_kana": "アラヤ",
    "street": "１丁目１−１（袋井郵便局私書箱第１５号）",
    "office_name": "袋井市役所",
    "office_name_kana": "フクロイシヤクシヨ"
  },
  "8686": {
    "postcode": "4378686",
    "prefecture": "静岡県",
    "prefecture_kana": "シズオカケン",
    "prefecture_code": 22,
    "city": "袋井市",
    "city_kana": "フクロイシ",
    "town": "川井",
    "town_kana": "カワイ",
    "street": "９８１（袋井郵便局私書箱第２５号）",
    "office_name": "丸尾興商　株式会社",
    "office_name_kana": "マルオコウシヨウカブシキカイシヤ"
  }
}