{
  "0000": {
    "postcode": "4550000",
    "prefecture": "愛知県",
    "prefecture_kana": "アイチケン",
    "prefecture_code": 23,
    "city": "名古屋市港区",
    "city_kana": "ナゴヤシミナトク",
    "town": "",
    "town_kana": "",
    "street": null,
    "office_name": null,
    "office_name_kana": null
  },
  "0001": {
    "postcode": "4550001",
    "prefecture": "愛知県",
    "prefecture_kana": "アイチケン",
    "prefecture_code": 23,
    "city": "名古屋市港区",
    "city_kana": "ナゴヤシミナトク",
    "town": "七番町",
    "town_kana": "シチバンチョウ",
    "street": null,
    "office_name": null,
    "office_name_kana": null
  },
  "0002": {
    "postcode": "4550002",
    "prefecture": "愛知県",
    "prefecture_kana": "アイチケン",
    "prefecture_code": 23,
    "city": "名古屋市港区",
    "city_kana": "ナゴヤシミナトク",
    "town": "東海通",
    "town_kana": "トウカイドオリ",
    "street": null,
    "office_name": null,
    "office_name_kana": null
  },
  "0003": {
    "postcode": "4550003",
    "prefecture": "愛知県",
    "prefecture_kana": "アイチケン",
    "prefecture_code": 23,
    "city": "名古屋市港区",
    "city_kana": "ナゴヤシミナトク",
    "town": "辰巳町",
    "town_kana": "タツミチョウ",
    "street": null,
    "office_name": null,
    "office_name_kana": null
  },
  "0004": {
    "postcode": "4550004",
    "prefecture": "愛知県",
    "prefecture_kana": "アイチケン",
    "prefecture_code": 23,
    "city": "名古屋市港区",
    "city_kana": "ナゴヤシミナトク",
    "town": "津金",
    "town_kana": "ツカネ",
    "street": null,
    "office_name": null,
    "office_name_kana": null
  },
  "0005": {
    "postcode": "4550005",
    "prefecture": "愛知県",
    "prefecture_kana": "アイチケン",
    "prefecture_code": 23,
    "city": "名古屋市港区",
    "city_kana": "ナゴヤシミナトク",
    "town": "新川町",
    "town_kana": "シンカワチョウ",
    "street": null,
    "office_name": null,
    "office_name_kana": null
  },
  "0006": {
    "postcode": "4550006",
    "prefecture": "愛知県",
    "prefecture_kana": "アイチケン",
    "prefecture_code": 23,
    "city": "名古屋市港区",
    "city_kana": "ナゴヤシミナトク",
    "town": "南十一番町",
    "town_kana": "ミナミ11バンチョウ",
    "street": null,
    "office_name": null,
    "office_name_kana": null
  },
  "0007": {
    "postcode": "4550007",
    "prefecture": "愛知県",
    "prefecture_kana": "アイチケン",
    "prefecture_code": 23,
    "city": "名古屋市港区",
    "city_kana": "ナゴヤシミナトク",
    "town": "南十番町",
    "town_kana": "ミナミ10バンチョウ",
    "street": null,
    "office_name": null,
    "office_name_kana": null
  },
  "0008": {
    "postcode": "4550008",
    "prefecture": "愛知県",
    "prefecture_kana": "アイチケン",
    "prefecture_code": 23,
    "city": "名古屋市港区",
    "city_kana": "ナゴヤシミナトク",
    "town": "九番町",
    "town_kana": "クバンチョウ",
    "street": null,
    "office_name": null,
    "office_name_kana": null
  },
  "0011": {
    "postcode": "4550011",
    "prefecture": "愛知県",
    "prefecture_kana": "アイチケン",
    "prefecture_code": 23,
    "city": "名古屋市港区",
    "city_kana": "ナゴヤシミナトク",
    "town": "千年",
    "town_kana": "チトセ",
    "street": null,
    "office_name": null,
    "office_name_kana": null
  },
  "0012": {
    "postcode": "4550012",
    "prefecture": "愛知県",
    "prefecture_kana": "アイチケン",
    "prefecture_code": 23,
    "city": "名古屋市港区",
    "city_kana": "ナゴヤシミナトク",
    "town": "作倉町",
    "town_kana": "サクラチョウ",
    "street": null,
    "office_name": null,
    "office_name_kana": null
  },
  "0013": {
    "postcode": "4550013",
    "prefecture": "愛知県",
    "prefecture_kana": "アイチケン",
    "prefecture_code": 23,
    "city": "名古屋市港区",
    "city_kana": "ナゴヤシミナトク",
    "town": "港陽",
    "town_kana": "コウヨウ",
    "street": null,
    "office_name": null,
    "office_name_kana": null
  },
  "0014": {
    "postcode": "4550014",
    "prefecture": "愛知県",
    "prefecture_kana": "アイチケン",
    "prefecture_code": 23,
    "city": "名古屋市港区",
    "city_kana": "ナゴヤシミナトク",
    "town": "港楽",
    "town_kana": "コウラク",
    "street": null,
    "office_name": null,
    "office_name_kana": null
  },
  "0015": {
    "postcode": "4550015",
    "prefecture": "愛知県",
    "prefecture_kana": "アイチケン",
    "prefecture_code": 23,
    "city": "名古屋市港区",
    "city_kana": "ナゴヤシミナトク",
    "town": "港栄",
    "town_kana": "コウエイ",
    "street": null,
    "office_name": null,
    "office_name_kana": null
  },
  "0016": {
    "postcode": "4550016",
    "prefecture": "愛知県",
    "prefecture_kana": "アイチケン",
    "prefecture_code": 23,
    "city": "名古屋市港区",
    "city_kana": "ナゴヤシミナトク",
    "town": "河口町",
    "town_kana": "カワクチチョウ",
    "street": null,
    "office_name": null,
    "office_name_kana": null
  },
  "0017": {
    "postcode": "4550017",
    "prefecture": "愛知県",
    "prefecture_kana": "アイチケン",
    "prefecture_code": 23,
    "city": "名古屋市港区",
    "city_kana": "ナゴヤシミナトク",
    "town": "金川町",
    "town_kana": "カネカワチョウ",
    "street": null,
    "office_name": null,
    "office_name_kana": null
  },
  "0018": {
    "postcode": "4550018",
    "prefecture": "愛知県",
    "prefecture_kana": "アイチケン",
    "prefecture_code": 23,
    "city": "名古屋市港区",
    "city_kana": "ナゴヤシミナトク",
    "town": "港明",
    "town_kana": "コウメイ",
    "street": null,
    "office_name": null,
    "office_name_kana": null
  },
  "0021": {
    "postcode": "4550021",
    "prefecture": "愛知県",
    "prefecture_kana": "アイチケン",
    "prefecture_code": 23,
    "city": "名古屋市港区",
    "city_kana": "ナゴヤシミナトク",
    "town": "木場町",
    "town_kana": "キバチョウ",
    "street": null,
    "office_name": null,
    "office_name_kana": null
  },
  "0022": {
    "postcode": "4550022",
    "prefecture": "愛知県",
    "prefecture_kana": "アイチケン",
    "prefecture_code": 23,
    "city": "名古屋市港区",
    "city_kana": "ナゴヤシミナトク",
    "town": "竜宮町",
    "town_kana": "リュウグウチョウ",
    "street": null,
    "office_name": null,
    "office_name_kana": null
  },
  "0023": {
    "postcode": "4550023",
    "prefecture": "愛知県",
    "prefecture_kana": "アイチケン",
    "prefecture_code": 23,
    "city": "名古屋市港区",
    "city_kana": "ナゴヤシミナトク",
    "town": "東築地町",
    "town_kana": "ヒガシツキジチョウ",
    "street": null,
    "office_name": null,
    "office_name_kana": null
  },
  "0024": {
    "postcode": "4550024",
    "prefecture": "愛知県",
    "prefecture_kana": "アイチケン",
    "prefecture_code": 23,
    "city": "名古屋市港区",
    "city_kana": "ナゴヤシミナトク",
    "town": "大江町",
    "town_kana": "オオエチョウ",
    "street": null,
    "office_name": null,
    "office_name_kana": null
  },
  "0025": {
    "postcode": "4550025",
    "prefecture": "愛知県",
    "prefecture_kana": "アイチケン",
    "prefecture_code": 23,
    "city": "名古屋市港区",
    "city_kana": "ナゴヤシミナトク",
    "town": "本星崎町",
    "town_kana": "モトホシザキチョウ",
    "street": null,
    "office_name": null,
    "office_name_kana": null
  },
  "0026": {
    "postcode": "4550026",
    "prefecture": "愛知県",
    "prefecture_kana": "アイチケン",
    "prefecture_code": 23,
    "city": "名古屋市港区",
    "city_kana": "ナゴヤシミナトク",
    "town": "昭和町",
    "town_kana": "ショウワチョウ",
    "street": null,
    "office_name": null,
    "office_name_kana": null
  },
  "0027": {
    "postcode": "4550027",
    "prefecture": "愛知県",
    "prefecture_kana": "アイチケン",
    "prefecture_code": 23,
    "city": "名古屋市港区",
    "city_kana": "ナゴヤシミナトク",
    "town": "船見町",
    "town_kana": "フナミチョウ",
    "street": null,
    "office_name": null,
    "office_name_kana": null
  },
  "0028": {
    "postcode": "4550028",
    "prefecture": "愛知県",
    "prefecture_kana": "アイチケン",
    "prefecture_code": 23,
    "city": "名古屋市港区",
    "city_kana": "ナゴヤシミナトク",
    "town": "潮見町",
    "town_kana": "シオミチョウ",
    "street": null,
    "office_name": null,
    "office_name_kana": null
  },
  "0031": {
    "postcode": "4550031",
    "prefecture": "愛知県",
    "prefecture_kana": "アイチケン",
    "prefecture_code": 23,
    "city": "名古屋市港区",
    "city_kana": "ナゴヤシミナトク",
    "town": "千鳥",
    "town_kana": "チドリ",
    "street": null,
    "office_name": null,
    "office_name_kana": null
  },
  "0032": {
    "postcode": "4550032",
    "prefecture": "愛知県",
    "prefecture_kana": "アイチケン",
    "prefecture_code": 23,
    "city": "名古屋市港区",
    "city_kana": "ナゴヤシミナトク",
    "town": "入船",
    "town_kana": "イリフネ",
    "street": null,
    "office_name": null,
    "office_name_kana": null
  },
  "0033": {
    "postcode": "4550033",
    "prefecture": "愛知県",
    "prefecture_kana": "アイチケン",
    "prefecture_code": 23,
    "city": "名古屋市港区",
    "city_kana": "ナゴヤシミナトク",
    "town": "港町",
    "town_kana": "ミナトマチ",
    "street": null,
    "office_name": null,
    "office_name_kana": null
  },
  "0034": {
    "postcode": "4550034",
    "prefecture": "愛知県",
    "prefecture_kana": "アイチケン",
    "prefecture_code": 23,
    "city": "名古屋市港区",
    "city_kana": "ナゴヤシミナトク",
    "town": "西倉町",
    "town_kana": "ニシクラチョウ",
    "street": null,
    "office_name": null,
    "office_name_kana": null
  },
  "0035": {
    "postcode": "4550035",
    "prefecture": "愛知県",
    "prefecture_kana": "アイチケン",
    "prefecture_code": 23,
    "city": "名古屋市港区",
    "city_kana": "ナゴヤシミナトク",
    "town": "熱田前新田",
    "town_kana": "アツタマエシンデン",
    "street": null,
    "office_name": null,
    "office_name_kana": null
  },
  "0036": {
    "postcode": "4550036",
    "prefecture": "愛知県",
    "prefecture_kana": "アイチケン",
    "prefecture_code": 23,
    "city": "名古屋市港区",
    "city_kana": "ナゴヤシミナトク",
    "town": "浜",
    "town_kana": "ハマ",
    "street": null,
    "office_name": null,
    "office_name_kana": null
  },
  "0037": {
    "postcode": "4550037",
    "prefecture": "愛知県",
    "prefecture_kana": "アイチケン",
    "prefecture_code": 23,
    "city": "名古屋市港区",
    "city_kana": "ナゴヤシミナトク",
    "town": "名港",
    "town_kana": "メイコウ",
    "street": null,
    "office_name": null,
    "office_name_kana": null
  },
  "0041": {
    "postcode": "4550041",
    "prefecture": "愛知県",
    "prefecture_kana": "アイチケン",
    "prefecture_code": 23,
    "city": "名古屋市港区",
    "city_kana": "ナゴヤシミナトク",
    "town": "幸町",
    "town_kana": "サイワイチョウ",
    "street": null,
    "office_name": null,
    "office_name_kana": null
  },
  "0042": {
    "postcode": "4550042",
    "prefecture": "愛知県",
    "prefecture_kana": "アイチケン",
    "prefecture_code": 23,
    "city": "名古屋市港区",
    "city_kana": "ナゴヤシミナトク",
    "town": "佐野町",
    "town_kana": "サノマチ",
    "street": null,
    "office_name": null,
    "office_name_kana": null
  },
  "0043": {
    "postcode": "4550043",
    "prefecture": "愛知県",
    "prefecture_kana": "アイチケン",
    "prefecture_code": 23,
    "city": "名古屋市港区",
    "city_kana": "ナゴヤシミナトク",
    "town": "魁町",
    "town_kana": "サキガケチョウ",
    "street": null,
    "office_name": null,
    "office_name_kana": null
  },
  "0044": {
    "postcode": "4550044",
    "prefecture": "愛知県",
    "prefecture_kana": "アイチケン",
    "prefecture_code": 23,
    "city": "名古屋市港区",
    "city_kana": "ナゴヤシミナトク",
    "town": "築三町",
    "town_kana": "ツキサンチョウ",
    "street": null,
    "office_name": null,
    "office_name_kana": null
  },
  "0045": {
    "postcode": "4550045",
    "prefecture": "愛知県",
    "prefecture_kana": "アイチケン",
    "prefecture_code": 23,
    "city": "名古屋市港区",
    "city_kana": "ナゴヤシミナトク",
    "town": "築地町",
    "town_kana": "ツキジチョウ",
    "street": null,
    "office_name": null,
    "office_name_kana": null
  },
  "0046": {
    "postcode": "4550046",
    "prefecture": "愛知県",
    "prefecture_kana": "アイチケン",
    "prefecture_code": 23,
    "city": "名古屋市港区",
    "city_kana": "ナゴヤシミナトク",
    "town": "大手町",
    "town_kana": "オオテマチ",
    "street": null,
    "office_name": null,
    "office_name_kana": null
  },
  "0047": {
    "postcode": "4550047",
    "prefecture": "愛知県",
    "prefecture_kana": "アイチケン",
    "prefecture_code": 23,
    "city": "名古屋市港区",
    "city_kana": "ナゴヤシミナトク",
    "town": "中之島通",
    "town_kana": "ナカノジマトオリ",
    "street": null,
    "office_name": null,
    "office_name_kana": null
  },
  "0051": {
    "postcode": "4550051",
    "prefecture": "愛知県",
    "prefecture_kana": "アイチケン",
    "prefecture_code": 23,
    "city": "名古屋市港区",
    "city_kana": "ナゴヤシミナトク",
    "town": "中川本町",
    "town_kana": "ナカガワホンマチ",
    "street": null,
    "office_name": null,
    "office_name_kana": null
  },
  "0052": {
    "postcode": "4550052",
    "prefecture": "愛知県",
    "prefecture_kana": "アイチケン",
    "prefecture_code": 23,
    "city": "名古屋市港区",
    "city_kana": "ナゴヤシミナトク",
    "town": "いろは町",
    "town_kana": "イロハチョウ",
    "street": null,
    "office_name": null,
    "office_name_kana": null
  },
  "0053": {
    "postcode": "4550053",
    "prefecture": "愛知県",
    "prefecture_kana": "アイチケン",
    "prefecture_code": 23,
    "city": "名古屋市港区",
    "city_kana": "ナゴヤシミナトク",
    "town": "名四町",
    "town_kana": "メイシチョウ",
    "street": null,
    "office_name": null,
    "office_name_kana": null
  },
  "0054": {
    "postcode": "4550054",
    "prefecture": "愛知県",
    "prefecture_kana": "アイチケン",
    "prefecture_code": 23,
    "city": "名古屋市港区",
    "city_kana": "ナゴヤシミナトク",
    "town": "遠若町",
    "town_kana": "エンジャクチョウ",
    "street": null,
    "office_name": null,
    "office_name_kana": null
  },
  "0055": {
    "postcode": "4550055",
    "prefecture": "愛知県",
    "prefecture_kana": "アイチケン",
    "prefecture_code": 23,
    "city": "名古屋市港区",
    "city_kana": "ナゴヤシミナトク",
    "town": "品川町",
    "town_kana": "シナガワチョウ",
    "street": null,
    "office_name": null,
    "office_name_kana": null
  },
  "0056": {
    "postcode": "4550056",
    "prefecture": "愛知県",
    "prefecture_kana": "アイチケン",
    "prefecture_code": 23,
    "city": "名古屋市港区",
    "city_kana": "ナゴヤシミナトク",
    "town": "砂美町",
    "town_kana": "スナミチョウ",
    "street": null,
    "office_name": null,
    "office_name_kana": null
  },
  "0057": {
    "postcode": "4550057",
    "prefecture": "愛知県",
    "prefecture_kana": "アイチケン",
    "prefecture_code": 23,
    "city": "名古屋市港区",
    "city_kana": "ナゴヤシミナトク",
    "town": "築盛町",
    "town_kana": "チクモリチョウ",
    "street": null,
    "office_name": null,
    "office_name_kana": null
  },
  "0061": {
    "postcode": "4550061",
    "prefecture": "愛知県",
    "prefecture_kana": "アイチケン",
    "prefecture_code": 23,
    "city": "名古屋市港区",
    "city_kana": "ナゴヤシミナトク",
    "town": "東土古町",
    "town_kana": "ヒガシドンゴチョウ",
    "street": null,
    "office_name": null,
    "office_name_kana": null
  },
  "0062": {
    "postcode": "4550062",
    "prefecture": "愛知県",
    "prefecture_kana": "アイチケン",
    "prefecture_code": 23,
    "city": "名古屋市港区",
    "city_kana": "ナゴヤシミナトク",
    "town": "小碓町",
    "town_kana": "オウスチョウ",
    "street": null,
    "office_name": null,
    "office_name_kana": null
  },
  "0063": {
    "postcode": "4550063",
    "prefecture": "愛知県",
    "prefecture_kana": "アイチケン",
    "prefecture_code": 23,
    "city": "名古屋市港区",
    "city_kana": "ナゴヤシミナトク",
    "town": "金船町",
    "town_kana": "カネフネチョウ",
    "street": null,
    "office_name": null,
    "office_name_kana": null
  },
  "0064": {
    "postcode": "4550064",
    "prefecture": "愛知県",
    "prefecture_kana": "アイチケン",
    "prefecture_code": 23,
    "city": "名古屋市港区",
    "city_kana": "ナゴヤシミナトク",
    "town": "本宮町",
    "town_kana": "ホングウチョウ",
    "street": null,
    "office_name": null,
    "office_name_kana": null
  },
  "0065": {
    "postcode": "4550065",
    "prefecture": "愛知県",
    "prefecture_kana": "アイチケン",
    "prefecture_code": 23,
    "city": "名古屋市港区",
    "city_kana": "ナゴヤシミナトク",
    "town": "本宮新町",
    "town_kana": "ホングウシンマチ",
    "street": null,
    "office_name": null,
    "office_name_kana": null
  },
  "0066": {
    "postcode": "4550066",
    "prefecture": "愛知県",
    "prefecture_kana": "アイチケン",
    "prefecture_code": 23,
    "city": "名古屋市港区",
    "city_kana": "ナゴヤシミナトク",
    "town": "寛政町",
    "town_kana": "カンセイチョウ",
    "street": null,
    "office_name": null,
    "office_name_kana": null
  },
  "0067": {
    "postcode": "4550067",
    "prefecture": "愛知県",
    "prefecture_kana": "アイチケン",
    "prefecture_code": 23,
    "city": "名古屋市港区",
    "city_kana": "ナゴヤシミナトク",
    "town": "港北町",
    "town_kana": "コウホクチョウ",
    "street": null,
    "office_name": null,
    "office_name_kana": null
  },
  "0068": {
    "postcode": "4550068",
    "prefecture": "愛知県",
    "prefecture_kana": "アイチケン",
    "prefecture_code": 23,
    "city": "名古屋市港区",
    "city_kana": "ナゴヤシミナトク",
    "town": "土古町",
    "town_kana": "ドンゴチョウ",
    "street": null,
    "office_name": null,
    "office_name_kana": null
  },
  "0069": {
    "postcode": "4550069",
    "prefecture": "愛知県",
    "prefecture_kana": "アイチケン",
    "prefecture_code": 23,
    "city": "名古屋市港区",
    "city_kana": "ナゴヤシミナトク",
    "town": "泰明町",
    "town_kana": "タイメイチョウ",
    "street": null,
    "office_name": null,
    "office_name_kana": null
  },
  "0071": {
    "postcode": "4550071",
    "prefecture": "愛知県",
    "prefecture_kana": "アイチケン",
    "prefecture_code": 23,
    "city": "名古屋市港区",
    "city_kana": "ナゴヤシミナトク",
    "town": "新船町",
    "town_kana": "シンフネチョウ",
    "street": null,
    "office_name": null,
    "office_name_kana": null
  },
  "0072": {
    "postcode": "4550072",
    "prefecture": "愛知県",
    "prefecture_kana": "アイチケン",
    "prefecture_code": 23,
    "city": "名古屋市港区",
    "city_kana": "ナゴヤシミナトク",
    "town": "須成町",
    "town_kana": "スナリチョウ",
    "street": null,
    "office_name": null,
    "office_name_kana": null
  },
  "0073": {
    "postcode": "4550073",
    "prefecture": "愛知県",
    "prefecture_kana": "アイチケン",
    "prefecture_code": 23,
    "city": "名古屋市港区",
    "city_kana": "ナゴヤシミナトク",
    "town": "川西通",
    "town_kana": "カワニシドオリ",
    "street": null,
    "office_name": null,
    "office_name_kana": null
  },
  "0074": {
    "postcode": "4550074",
    "prefecture": "愛知県",
    "prefecture_kana": "アイチケン",
    "prefecture_code": 23,
    "city": "名古屋市港区",
    "city_kana": "ナゴヤシミナトク",
    "town": "正保町",
    "town_kana": "ショウホウチョウ",
    "street": null,
    "office_name": null,
    "office_name_kana": null
  },
  "0075": {
    "postcode": "4550075",
    "prefecture": "愛知県",
    "prefecture_kana": "アイチケン",
    "prefecture_code": 23,
    "city": "名古屋市港区",
    "city_kana": "ナゴヤシミナトク",
    "town": "正徳町",
    "town_kana": "ショウトクチョウ",
    "street": null,
    "office_name": null,
    "office_name_kana": null
  },
  "0076": {
    "postcode": "4550076",
    "prefecture": "愛知県",
    "prefecture_kana": "アイチケン",
    "prefecture_code": 23,
    "city": "名古屋市港区",
    "city_kana": "ナゴヤシミナトク",
    "town": "川間町",
    "town_kana": "カワマチョウ",
    "street": null,
    "office_name": null,
    "office_name_kana": null
  },
  "0077": {
    "postcode": "4550077",
    "prefecture": "愛知県",
    "prefecture_kana": "アイチケン",
    "prefecture_code": 23,
    "city": "名古屋市港区",
    "city_kana": "ナゴヤシミナトク",
    "town": "小割通",
    "town_kana": "コワリドオリ",
    "street": null,
    "office_name": null,
    "office_name_kana": null
  },
  "0078": {
    "postcode": "4550078",
    "prefecture": "愛知県",
    "prefecture_kana": "アイチケン",
    "prefecture_code": 23,
    "city": "名古屋市港区",
    "city_kana": "ナゴヤシミナトク",
    "town": "丸池町",
    "town_kana": "マルイケチョウ",
    "street": null,
    "office_name": null,
    "office_name_kana": null
  },
  "0801": {
    "postcode": "4550801",
    "prefecture": "愛知県",
    "prefecture_kana": "アイチケン",
    "prefecture_code": 23,
    "city": "名古屋市港区",
    "city_kana": "ナゴヤシミナトク",
    "town": "小碓",
    "town_kana": "オウス",
    "street": null,
    "office_name": null,
    "office_name_kana": null
  },
  "0802": {
    "postcode": "4550802",
    "prefecture": "愛知県",
    "prefecture_kana": "アイチケン",
    "prefecture_code": 23,
    "city": "名古屋市港区",
    "city_kana": "ナゴヤシミナトク",
    "town": "入場町",
    "town_kana": "イリバチョウ",
    "street": null,
    "office_name": null,
    "office_name_kana": null
  },
  "0803": {
    "postcode": "4550803",
    "prefecture": "愛知県",
    "prefecture_kana": "アイチケン",
    "prefecture_code": 23,
    "city": "名古屋市港区",
    "city_kana": "ナゴヤシミナトク",
    "town": "入場",
    "town_kana": "イリバ",
    "street": null,
    "office_name": null,
    "office_name_kana": null
  },
  "0804": {
    "postcode": "4550804",
    "prefecture": "愛知県",
    "prefecture_kana": "アイチケン",
    "prefecture_code": 23,
    "city": "名古屋市港区",
    "city_kana": "ナゴヤシミナトク",
    "town": "当知",
    "town_kana": "トウチ",
    "street": null,
    "office_name": null,
    "office_name_kana": null
  },
  "0805": {
    "postcode": "4550805",
    "prefecture": "愛知県",
    "prefecture_kana": "アイチケン",
    "prefecture_code": 23,
    "city": "名古屋市港区",
    "city_kana": "ナゴヤシミナトク",
    "town": "当知町",
    "town_kana": "トウチチョウ",
    "street": null,
    "office_name": null,
    "office_name_kana": null
  },
  "0806": {
    "postcode": "4550806",
    "prefecture": "愛知県",
    "prefecture_kana": "アイチケン",
    "prefecture_code": 23,
    "city": "名古屋市港区",
    "city_kana": "ナゴヤシミナトク",
    "town": "明正",
    "town_kana": "メイショウ",
    "street": null,
    "office_name": null,
    "office_name_kana": null
  },
  "0811": {
    "postcode": "4550811",
    "prefecture": "愛知県",
    "prefecture_kana": "アイチケン",
    "prefecture_code": 23,
    "city": "名古屋市港区",
    "city_kana": "ナゴヤシミナトク",
    "town": "善進町",
    "town_kana": "ゼンシンチョウ",
    "street": null,
    "office_name": null,
    "office_name_kana": null
  },
  "0812": {
    "postcode": "4550812",
    "prefecture": "愛知県",
    "prefecture_kana": "アイチケン",
    "prefecture_code": 23,
    "city": "名古屋市港区",
    "city_kana": "ナゴヤシミナトク",
    "town": "善北町",
    "town_kana": "ゼンホクチョウ",
    "street": null,
    "office_name": null,
    "office_name_kana": null
  },
  "0813": {
    "postcode": "4550813",
    "prefecture": "愛知県",
    "prefecture_kana": "アイチケン",
    "prefecture_code": 23,
    "city": "名古屋市港区",
    "city_kana": "ナゴヤシミナトク",
    "town": "善進本町",
    "town_kana": "ゼンシンホンマチ",
    "street": null,
    "office_name": null,
    "office_name_kana": null
  },
  "0814": {
    "postcode": "4550814",
    "prefecture": "愛知県",
    "prefecture_kana": "アイチケン",
    "prefecture_code": 23,
    "city": "名古屋市港区",
    "city_kana": "ナゴヤシミナトク",
    "town": "善南町",
    "town_kana": "ゼンナンチョウ",
    "street": null,
    "office_name": null,
    "office_name_kana": null
  },
  "0815": {
    "postcode": "4550815",
    "prefecture": "愛知県",
    "prefecture_kana": "アイチケン",
    "prefecture_code": 23,
    "city": "名古屋市港区",
    "city_kana": "ナゴヤシミナトク",
    "town": "油屋町",
    "town_kana": "アブラヤチョウ",
    "street": null,
    "office_name": null,
    "office_name_kana": null
  },
  "0821": {
    "postcode": "4550821",
    "prefecture": "愛知県",
    "prefecture_kana": "アイチケン",
    "prefecture_code": 23,
    "city": "名古屋市港区",
    "city_kana": "ナゴヤシミナトク",
    "town": "高木町",
    "town_kana": "タカギチョウ",
    "street": null,
    "office_name": null,
    "office_name_kana": null
  },
  "0822": {
    "postcode": "4550822",
    "prefecture": "愛知県",
    "prefecture_kana": "アイチケン",
    "prefecture_code": 23,
    "city": "名古屋市港区",
    "city_kana": "ナゴヤシミナトク",
    "town": "甚兵衛通",
    "town_kana": "ジンベエトオリ",
    "street": null,
    "office_name": null,
    "office_name_kana": null
  },
  "0823": {
    "postcode": "4550823",
    "prefecture": "愛知県",
    "prefecture_kana": "アイチケン",
    "prefecture_code": 23,
    "city": "名古屋市港区",
    "city_kana": "ナゴヤシミナトク",
    "town": "惟信町",
    "town_kana": "イシンチョウ",
    "street": null,
    "office_name": null,
    "office_name_kana": null
  },
  "0824": {
    "postcode": "4550824",
    "prefecture": "愛知県",
    "prefecture_kana": "アイチケン",
    "prefecture_code": 23,
    "city": "名古屋市港区",
    "city_kana": "ナゴヤシミナトク",
    "town": "西川町",
    "town_kana": "ニシカワチョウ",
    "street": null,
    "office_name": null,
    "office_name_kana": null
  },
  "0825": {
    "postcode": "4550825",
    "prefecture": "愛知県",
    "prefecture_kana": "アイチケン",
    "prefecture_code": 23,
    "city": "名古屋市港区",
    "city_kana": "ナゴヤシミナトク",
    "town": "多加良浦町",
    "town_kana": "タカラウラチョウ",
    "street": null,
    "office_name": null,
    "office_name_kana": null
  },
  "0831": {
    "postcode": "4550831",
    "prefecture": "愛知県",
    "prefecture_kana": "アイチケン",
    "prefecture_code": 23,
    "city": "名古屋市港区",
    "city_kana": "ナゴヤシミナトク",
    "town": "十一屋",
    "town_kana": "ジュウイチヤ",
    "street": null,
    "office_name": null,
    "office_name_kana": null
  },
  "0832": {
    "postcode": "4550832",
    "prefecture": "愛知県",
    "prefecture_kana": "アイチケン",
    "prefecture_code": 23,
    "city": "名古屋市港区",
    "city_kana": "ナゴヤシミナトク",
    "town": "宝神",
    "town_kana": "ホウジン",
    "street": null,
    "office_name": null,
    "office_name_kana": null
  },
  "0833": {
    "postcode": "4550833",
    "prefecture": "愛知県",
    "prefecture_kana": "アイチケン",
    "prefecture_code": 23,
    "city": "名古屋市港区",
    "city_kana": "ナゴヤシミナトク",
    "town": "宝神町",
    "town_kana": "ホウジンチョウ",
    "street": null,
    "office_name": null,
    "office_name_kana": null
  },
  "0834": {
    "postcode": "4550834",
    "prefecture": "愛知県",
    "prefecture_kana": "アイチケン",
    "prefecture_code": 23,
    "city": "名古屋市港区",
    "city_kana": "ナゴヤシミナトク",
    "town": "神宮寺",
    "town_kana": "ジングウジ",
    "street": null,
    "office_name": null,
    "office_name_kana": null
  },
  "0835": {
    "postcode": "4550835",
    "prefecture": "愛知県",
    "prefecture_kana": "アイチケン",
    "prefecture_code": 23,
    "city": "名古屋市港区",
    "city_kana": "ナゴヤシミナトク",
    "town": "十一屋町",
    "town_kana": "ジュウイチヤチョウ",
    "street": null,
    "office_name": null,
    "office_name_kana": null
  },
  "0841": {
    "postcode": "4550841",
    "prefecture": "愛知県",
    "prefecture_kana": "アイチケン",
    "prefecture_code": 23,
    "city": "名古屋市港区",
    "city_kana": "ナゴヤシミナトク",
    "town": "一州町",
    "town_kana": "イッシュウチョウ",
    "street": null,
    "office_name": null,
    "office_name_kana": null
  },
  "0842": {
    "postcode": "4550842",
    "prefecture": "愛知県",
    "prefecture_kana": "アイチケン",
    "prefecture_code": 23,
    "city": "名古屋市港区",
    "city_kana": "ナゴヤシミナトク",
    "town": "稲永",
    "town_kana": "イナエイ",
    "street": null,
    "office_name": null,
    "office_name_kana": null
  },
  "0843": {
    "postcode": "4550843",
    "prefecture": "愛知県",
    "prefecture_kana": "アイチケン",
    "prefecture_code": 23,
    "city": "名古屋市港区",
    "city_kana": "ナゴヤシミナトク",
    "town": "錦町",
    "town_kana": "ニシキマチ",
    "street": null,
    "office_name": null,
    "office_name_kana": null
  },
  "0844": {
    "postcode": "4550844",
    "prefecture": "愛知県",
    "prefecture_kana": "アイチケン",
    "prefecture_code": 23,
    "city": "名古屋市港区",
    "city_kana": "ナゴヤシミナトク",
    "town": "潮凪町",
    "town_kana": "シオナギチョウ",
    "street": null,
    "office_name": null,
    "office_name_kana": null
  },
  "0845": {
    "postcode": "4550845",
    "prefecture": "愛知県",
    "prefecture_kana": "アイチケン",
    "prefecture_code": 23,
    "city": "名古屋市港区",
    "city_kana": "ナゴヤシミナトク",
    "town": "野跡",
    "town_kana": "ノセキ",
    "street": null,
    "office_name": null,
    "office_name_kana": null
  },
  "0846": {
    "postcode": "4550846",
    "prefecture": "愛知県",
    "prefecture_kana": "アイチケン",
    "prefecture_code": 23,
    "city": "名古屋市港区",
    "city_kana": "ナゴヤシミナトク",
    "town": "汐止町",
    "town_kana": "シオトメチョウ",
    "street": null,
    "office_name": null,
    "office_name_kana": null
  },
  "0847": {
    "postcode": "4550847",
    "prefecture": "愛知県",
    "prefecture_kana": "アイチケン",
    "prefecture_code": 23,
    "city": "名古屋市港区",
    "city_kana": "ナゴヤシミナトク",
    "town": "空見町",
    "town_kana": "ソラミチョウ",
    "street": null,
    "office_name": null,
    "office_name_kana": null
  },
  "0848": {
    "postcode": "4550848",
    "prefecture": "愛知県",
    "prefecture_kana": "アイチケン",
    "prefecture_code": 23,
    "city": "名古屋市港区",
    "city_kana": "ナゴヤシミナトク",
    "town": "金城ふ頭",
    "town_kana": "キンジョウフトウ",
    "street": null,
    "office_name": null,
    "office_name_kana": null
  },
  "0851": {
    "postcode": "4550851",
    "prefecture": "愛知県",
    "prefecture_kana": "アイチケン",
    "prefecture_code": 23,
    "city": "名古屋市港区",
    "city_kana": "ナゴヤシミナトク",
    "town": "東茶屋",
    "town_kana": "ヒガシチャヤ",
    "street": null,
    "office_name": null,
    "office_name_kana": null
  },
  "0852": {
    "postcode": "4550852",
    "prefecture": "愛知県",
    "prefecture_kana": "アイチケン",
    "prefecture_code": 23,
    "city": "名古屋市港区",
    "city_kana": "ナゴヤシミナトク",
    "town": "七島",
    "town_kana": "ナナシマ",
    "street": null,
    "office_name": null,
    "office_name_kana": null
  },
  "0853": {
    "postcode": "4550853",
    "prefecture": "愛知県",
    "prefecture_kana": "アイチケン",
    "prefecture_code": 23,
    "city": "名古屋市港区",
    "city_kana": "ナゴヤシミナトク",
    "town": "南陽町七島新田",
    "town_kana": "ナンヨウチョウナナシマシンデン",
    "street": null,
    "office_name": null,
    "office_name_kana": null
  },
  "0854": {
    "postcode": "4550854",
    "prefecture": "愛知県",
    "prefecture_kana": "アイチケン",
    "prefecture_code": 23,
    "city": "名古屋市港区",
    "city_kana": "ナゴヤシミナトク",
    "town": "藤高",
    "town_kana": "フジタカ",
    "street": null,
    "office_name": null,
    "office_name_kana": null
  },
  "0855": {
    "postcode": "4550855",
    "prefecture": "愛知県",
    "prefecture_kana": "アイチケン",
    "prefecture_code": 23,
    "city": "名古屋市港区",
    "city_kana": "ナゴヤシミナトク",
    "town": "藤前",
    "town_kana": "フジマエ",
    "street": null,
    "office_name": null,
    "office_name_kana": null
  },
  "0856": {
    "postcode": "4550856",
    "prefecture": "愛知県",
    "prefecture_kana": "アイチケン",
    "prefecture_code": 23,
    "city": "名古屋市港区",
    "city_kana": "ナゴヤシミナトク",
    "town": "川園",
    "town_kana": "カワソノ",
    "street": null,
    "office_name": null,
    "office_name_kana": null
  },
  "0857": {
    "postcode": "4550857",
    "prefecture": "愛知県",
    "prefecture_kana": "アイチケン",
    "prefecture_code": 23,
    "city": "名古屋市港区",
    "city_kana": "ナゴヤシミナトク",
    "town": "秋葉",
    "town_kana": "アキハ",
    "street": null,
    "office_name": null,
    "office_name_kana": null
  },
  "0858": {
    "postcode": "4550858",
    "prefecture": "愛知県",
    "prefecture_kana": "アイチケン",
    "prefecture_code": 23,
    "city": "名古屋市港区",
    "city_kana": "ナゴヤシミナトク",
    "town": "西茶屋",
    "town_kana": "ニシチャヤ",
    "street": null,
    "office_name": null,
    "office_name_kana": null
  },
  "0861": {
    "postcode": "4550861",
    "prefecture": "愛知県",
    "prefecture_kana": "アイチケン",
    "prefecture_code": 23,
    "city": "名古屋市港区",
    "city_kana": "ナゴヤシミナトク",
    "town": "大西",
    "town_kana": "オオニシ",
    "street": null,
    "office_name": null,
    "office_name_kana": null
  },
  "0862": {
    "postcode": "4550862",
    "prefecture": "愛知県",
    "prefecture_kana": "アイチケン",
    "prefecture_code": 23,
    "city": "名古屋市港区",
    "city_kana": "ナゴヤシミナトク",
    "town": "南陽町茶屋新田",
    "town_kana": "ナンヨウチョウチャヤシンデン",
    "street": null,
    "office_name": null,
    "office_name_kana": null
  },
  "0863": {
    "postcode": "4550863",
    "prefecture": "愛知県",
    "prefecture_kana": "アイチケン",
    "prefecture_code": 23,
    "city": "名古屋市港区",
    "city_kana": "ナゴヤシミナトク",
    "town": "新茶屋",
    "town_kana": "シンチャヤ",
    "street": null,
    "office_name": null,
    "office_name_kana": null
  },
  "0864": {
    "postcode": "4550864",
    "prefecture": "愛知県",
    "prefecture_kana": "アイチケン",
    "prefecture_code": 23,
    "city": "名古屋市港区",
    "city_kana": "ナゴヤシミナトク",
    "town": "小川",
    "town_kana": "オガワ",
    "street": null,
    "office_name": null,
    "office_name_kana": null
  },
  "0865": {
    "postcode": "4550865",
    "prefecture": "愛知県",
    "prefecture_kana": "アイチケン",
    "prefecture_code": 23,
    "city": "名古屋市港区",
    "city_kana": "ナゴヤシミナトク",
    "town": "天目町",
    "town_kana": "テンモクチョウ",
    "street": null,
    "office_name": null,
    "office_name_kana": null
  },
  "0866": {
    "postcode": "4550866",
    "prefecture": "愛知県",
    "prefecture_kana": "アイチケン",
    "prefecture_code": 23,
    "city": "名古屋市港区",
    "city_kana": "ナゴヤシミナトク",
    "town": "南陽町茶屋後新田",
    "town_kana": "ナンヨウチョウチャヤノチシンデン",
    "street": null,
    "office_name": null,
    "office_name_kana": null
  },
  "0867": {
    "postcode": "4550867",
    "prefecture": "愛知県",
    "prefecture_kana": "アイチケン",
    "prefecture_code": 23,
    "city": "名古屋市港区",
    "city_kana": "ナゴヤシミナトク",
    "town": "南陽町福田前新田",
    "town_kana": "ナンヨウチョウフクダマエシンデン",
    "street": null,
    "office_name": null,
    "office_name_kana": null
  },
  "0868": {
    "postcode": "4550868",
    "prefecture": "愛知県",
    "prefecture_kana": "アイチケン",
    "prefecture_code": 23,
    "city": "名古屋市港区",
    "city_kana": "ナゴヤシミナトク",
    "town": "南陽町西福田",
    "town_kana": "ナンヨウチョウニシフクタ",
    "street": null,
    "office_name": null,
    "office_name_kana": null
  },
  "0869": {
    "postcode": "4550869",
    "prefecture": "愛知県",
    "prefecture_kana": "アイチケン",
    "prefecture_code": 23,
    "city": "名古屋市港区",
    "city_kana": "ナゴヤシミナトク",
    "town": "協和",
    "town_kana": "キョウワ",
    "street": null,
    "office_name": null,
    "office_name_kana": null
  },
  "0871": {
    "postcode": "4550871",
    "prefecture": "愛知県",
    "prefecture_kana": "アイチケン",
    "prefecture_code": 23,
    "city": "名古屋市港区",
    "city_kana": "ナゴヤシミナトク",
    "town": "南陽町福田",
    "town_kana": "ナンヨウチョウフクタ",
    "street": null,
    "office_name": null,
    "office_name_kana": null
  },
  "0872": {
    "postcode": "4550872",
    "prefecture": "愛知県",
    "prefecture_kana": "アイチケン",
    "prefecture_code": 23,
    "city": "名古屋市港区",
    "city_kana": "ナゴヤシミナトク",
    "town": "西蟹田",
    "town_kana": "ニシカニタ",
    "street": null,
    "office_name": null,
    "office_name_kana": null
  },
  "0873": {
    "postcode": "4550873",
    "prefecture": "愛知県",
    "prefecture_kana": "アイチケン",
    "prefecture_code": 23,
    "city": "名古屋市港区",
    "city_kana": "ナゴヤシミナトク",
    "town": "春田野",
    "town_kana": "ハルタノ",
    "street": null,
    "office_name": null,
    "office_name_kana": null
  },
  "0874": {
    "postcode": "4550874",
    "prefecture": "愛知県",
    "prefecture_kana": "アイチケン",
    "prefecture_code": 23,
    "city": "名古屋市港区",
    "city_kana": "ナゴヤシミナトク",
    "town": "西福田",
    "town_kana": "ニシフクタ",
    "street": null,
    "office_name": null,
    "office_name_kana": null
  },
  "0875": {
    "postcode": "4550875",
    "prefecture": "愛知県",
    "prefecture_kana": "アイチケン",
    "prefecture_code": 23,
    "city": "名古屋市港区",
    "city_kana": "ナゴヤシミナトク",
    "town": "寺前町",
    "town_kana": "テラマエチョウ",
    "street": null,
    "office_name": null,
    "office_name_kana": null
  },
  "0876": {
    "postcode": "4550876",
    "prefecture": "愛知県",
    "prefecture_kana": "アイチケン",
    "prefecture_code": 23,
    "city": "名古屋市港区",
    "city_kana": "ナゴヤシミナトク",
    "town": "福屋",
    "town_kana": "フクヤ",
    "street": null,
    "office_name": null,
    "office_name_kana": null
  },
  "0877": {
    "postcode": "4550877",
    "prefecture": "愛知県",
    "prefecture_kana": "アイチケン",
    "prefecture_code": 23,
    "city": "名古屋市港区",
    "city_kana": "ナゴヤシミナトク",
    "town": "六軒家",
    "town_kana": "ロッケンヤ",
    "street": null,
    "office_name": null,
    "office_name_kana": null
  },
  "0878": {
    "postcode": "4550878",
    "prefecture": "愛知県",
    "prefecture_kana": "アイチケン",
    "prefecture_code": 23,
    "city": "名古屋市港区",
    "city_kana": "ナゴヤシミナトク",
    "town": "福前",
    "town_kana": "フクマエ",
    "street": null,
    "office_name": null,
    "office_name_kana": null
  },
  "0879": {
    "postcode": "4550879",
    "prefecture": "愛知県",
    "prefecture_kana": "アイチケン",
    "prefecture_code": 23,
    "city": "名古屋市港区",
    "city_kana": "ナゴヤシミナトク",
    "town": "畑中",
    "town_kana": "ハタナカ",
    "street": null,
    "office_name": null,
    "office_name_kana": null
  },
  "0881": {
    "postcode": "4550881",
    "prefecture": "愛知県",
    "prefecture_kana": "アイチケン",
    "prefecture_code": 23,
    "city": "名古屋市港区",
    "city_kana": "ナゴヤシミナトク",
    "town": "船頭場",
    "town_kana": "センドウバ",
    "street": null,
    "office_name": null,
    "office_name_kana": null
  },
  "0882": {
    "postcode": "4550882",
    "prefecture": "愛知県",
    "prefecture_kana": "アイチケン",
    "prefecture_code": 23,
    "city": "名古屋市港区",
    "city_kana": "ナゴヤシミナトク",
    "town": "小賀須",
    "town_kana": "コガス",
    "street": null,
    "office_name": null,
    "office_name_kana": null
  },
  "0883": {
    "postcode": "4550883",
    "prefecture": "愛知県",
    "prefecture_kana": "アイチケン",
    "prefecture_code": 23,
    "city": "名古屋市港区",
    "city_kana": "ナゴヤシミナトク",
    "town": "知多",
    "town_kana": "チタ",
    "street": null,
    "office_name": null,
    "office_name_kana": null
  },
  "0884": {
    "postcode": "4550884",
    "prefecture": "愛知県",
    "prefecture_kana": "アイチケン",
    "prefecture_code": 23,
    "city": "名古屋市港区",
    "city_kana": "ナゴヤシミナトク",
    "town": "七反野",
    "town_kana": "シチタンノ",
    "street": null,
    "office_name": null,
    "office_name_kana": null
  },
  "0885": {
    "postcode": "4550885",
    "prefecture": "愛知県",
    "prefecture_kana": "アイチケン",
    "prefecture_code": 23,
    "city": "名古屋市港区",
    "city_kana": "ナゴヤシミナトク",
    "town": "八百島",
    "town_kana": "ハッピャクジマ",
    "street": null,
    "office_name": null,
    "office_name_kana": null
  },
  "0886": {
    "postcode": "4550886",
    "prefecture": "愛知県",
    "prefecture_kana": "アイチケン",
    "prefecture_code": 23,
    "city": "名古屋市港区",
    "city_kana": "ナゴヤシミナトク",
    "town": "東蟹田",
    "town_kana": "ヒガシカニタ",
    "street": null,
    "office_name": null,
    "office_name_kana": null
  },
  "0887": {
    "postcode": "4550887",
    "prefecture": "愛知県",
    "prefecture_kana": "アイチケン",
    "prefecture_code": 23,
    "city": "名古屋市港区",
    "city_kana": "ナゴヤシミナトク",
    "town": "福田",
    "town_kana": "フクタ",
    "street": null,
    "office_name": null,
    "office_name_kana": null
  },
  "8501": {
    "postcode": "4558501",
    "prefecture": "愛知県",
    "prefecture_kana": "アイチケン",
    "prefecture_code": 23,
    "city": "名古屋市港区",
    "city_kana": "ナゴヤシミナトク",
    "town": "港明",
    "town_kana": "コウメイ",
    "street": "二丁目３番２号",
    "office_name": "ららぽーと名古屋みなとアクルス",
    "office_name_kana": "ララポ-トナゴヤミナトアクルス"
  },
  "8505": {
    "postcode": "4558505",
    "prefecture": "愛知県",
    "prefecture_kana": "アイチケン",
    "prefecture_code": 23,
    "city": "名古屋市港区",
    "city_kana": "ナゴヤシミナトク",
    "town": "船見町",
    "town_kana": "フナミチョウ",
    "street": "１番地８６",
    "office_name": "株式会社　ダイセキ",
    "office_name_kana": "カブシキガイシヤ ダイセキ"
  },
  "8512": {
    "postcode": "4558512",
    "prefecture": "愛知県",
    "prefecture_kana": "アイチケン",
    "prefecture_code": 23,
    "city": "名古屋市港区",
    "city_kana": "ナゴヤシミナトク",
    "town": "大江町",
    "town_kana": "オオエチョウ",
    "street": "３番１２",
    "office_name": "株式会社　テクノ中部",
    "office_name_kana": "カブシキガイシヤ テクノチユウブ"
  },
  "8515": {
    "postcode": "4558515",
    "prefecture": "愛知県",
    "prefecture_kana": "アイチケン",
    "prefecture_code": 23,
    "city": "名古屋市港区",
    "city_kana": "ナゴヤシミナトク",
    "town": "大江町",
    "town_kana": "オオエチョウ",
    "street": "１０番地",
    "office_name": "三菱重工業　株式会社　名古屋航空宇宙システム製作所",
    "office_name_kana": "ミツビシジユウコウギヨウ カブシキガイシヤ ナゴヤコウクウウチユウシステムセイサクシヨ"
  },
  "8521": {
    "postcode": "4558521",
    "prefecture": "愛知県",
    "prefecture_kana": "アイチケン",
    "prefecture_code": 23,
    "city": "名古屋市港区",
    "city_kana": "ナゴヤシミナトク",
    "town": "港楽",
    "town_kana": "コウラク",
    "street": "１丁目１３番１６号",
    "office_name": "ＮＴＴ　マーケティングアクト名古屋　株式会社　中央南営業所",
    "office_name_kana": "エヌテイテイ マ-ケテイングアクトナゴヤ カブシキガイシヤ チユウオウミナミエイギヨウシヨ"
  },
  "8525": {
    "postcode": "4558525",
    "prefecture": "愛知県",
    "prefecture_kana": "アイチケン",
    "prefecture_code": 23,
    "city": "名古屋市港区",
    "city_kana": "ナゴヤシミナトク",
    "town": "港明",
    "town_kana": "コウメイ",
    "street": "１丁目１０番４号",
    "office_name": "名古屋南労働基準監督署",
    "office_name_kana": "ナゴヤミナミロウドウキジユンカントクシヨ"
  },
  "8530": {
    "postcode": "4558530",
    "prefecture": "愛知県",
    "prefecture_kana": "アイチケン",
    "prefecture_code": 23,
    "city": "名古屋市港区",
    "city_kana": "ナゴヤシミナトク",
    "town": "港明",
    "town_kana": "コウメイ",
    "street": "１丁目１０番６号",
    "office_name": "独立行政法人　労働者健康安全機構　中部労災病院",
    "office_name_kana": "ドクリツギヨウセイホウジン ロウドウシヤケンコウアンゼンキコウ チユウブロウサイビヨウイン"
  },
  "8533": {
    "postcode": "4558533",
    "prefecture": "愛知県",
    "prefecture_kana": "アイチケン",
    "prefecture_code": 23,
    "city": "名古屋市港区",
    "city_kana": "ナゴヤシミナトク",
    "town": "港明",
    "town_kana": "コウメイ",
    "street": "一丁目１０番２８号",
    "office_name": "アピタ東海通店",
    "office_name_kana": "アピタトウカイドオリテン"
  },
  "8535": {
    "postcode": "4558535",
    "prefecture": "愛知県",
    "prefecture_kana": "アイチケン",
    "prefecture_code": 23,
    "city": "名古屋市港区",
    "city_kana": "ナゴヤシミナトク",
    "town": "入船",
    "town_kana": "イリフネ",
    "street": "二丁目３番１２号",
    "office_name": "名古屋税関",
    "office_name_kana": "ナゴヤゼイカン"
  },
  "8545": {
    "postcode": "4558545",
    "prefecture": "愛知県",
    "prefecture_kana": "アイチケン",
    "prefecture_code": 23,
    "city": "名古屋市港区",
    "city_kana": "ナゴヤシミナトク",
    "town": "築地町",
    "town_kana": "ツキジチョウ",
    "street": "２番地",
    "office_name": "国土交通省　中部地方整備局",
    "office_name_kana": "コクドコウツウシヨウ チユウブチホウセイビキヨク"
  },
  "8555": {
    "postcode": "4558555",
    "prefecture": "愛知県",
    "prefecture_kana": "アイチケン",
    "prefecture_code": 23,
    "city": "名古屋市港区",
    "city_kana": "ナゴヤシミナトク",
    "town": "大江町",
    "town_kana": "オオエチョウ",
    "street": "２番地の１５",
    "office_name": "三菱航空機　株式会社",
    "office_name_kana": "ミツビシコウクウキ カブシキガイシヤ"
  },
  "8560": {
    "postcode": "4558560",
    "prefecture": "愛知県",
    "prefecture_kana": "アイチケン",
    "prefecture_code": 23,
    "city": "名古屋市港区",
    "city_kana": "ナゴヤシミナトク",
    "town": "金城ふ頭",
    "town_kana": "キンジョウフトウ",
    "street": "二丁目２番地",
    "office_name": "名古屋市国際展示場（ポートメッセなごや）",
    "office_name_kana": "ナゴヤシコクサイテンジジヨウ ポ-トメツセナゴヤ"
  },
  "8577": {
    "postcode": "4558577",
    "prefecture": "愛知県",
    "prefecture_kana": "アイチケン",
    "prefecture_code": 23,
    "city": "名古屋市港区",
    "city_kana": "ナゴヤシミナトク",
    "town": "土古町",
    "town_kana": "ドンゴチョウ",
    "street": "四丁目１番地",
    "office_name": "株式会社　キラックス",
    "office_name_kana": "カブシキガイシヤ キラツクス"
  },
  "8585": {
    "postcode": "4558585",
    "prefecture": "愛知県",
    "prefecture_kana": "アイチケン",
    "prefecture_code": 23,
    "city": "名古屋市港区",
    "city_kana": "ナゴヤシミナトク",
    "town": "川間町",
    "town_kana": "カワマチョウ",
    "street": "１丁目１６３",
    "office_name": "吉田産業　株式会社",
    "office_name_kana": "ヨシダサンギヨウ カブシキガイシヤ"
  },
  "8601": {
    "postcode": "4558601",
    "prefecture": "愛知県",
    "prefecture_kana": "アイチケン",
    "prefecture_code": 23,
    "city": "名古屋市港区",
    "city_kana": "ナゴヤシミナトク",
    "town": "正保町",
    "town_kana": "ショウホウチョウ",
    "street": "５丁目１８番",
    "office_name": "法務省　名古屋入国管理局",
    "office_name_kana": "ホウムシヨウ ナゴヤニユウコクカンリキヨク"
  },
  "8605": {
    "postcode": "4558605",
    "prefecture": "愛知県",
    "prefecture_kana": "アイチケン",
    "prefecture_code": 23,
    "city": "名古屋市港区",
    "city_kana": "ナゴヤシミナトク",
    "town": "金城ふ頭",
    "town_kana": "キンジョウフトウ",
    "street": "二丁目２番地１",
    "office_name": "ＬＥＧＯＬＡＮＤ　Ｊａｐａｎ　株式会社",
    "office_name_kana": "レゴランド ジヤパン カブシキガイシヤ"
  },
  "8606": {
    "postcode": "4558606",
    "prefecture": "愛知県",
    "prefecture_kana": "アイチケン",
    "prefecture_code": 23,
    "city": "名古屋市港区",
    "city_kana": "ナゴヤシミナトク",
    "town": "金城ふ頭",
    "town_kana": "キンジョウフトウ",
    "street": "２丁目７−１",
    "office_name": "ＬＥＧＯＬＡＮＤ　Ｊａｐａｎ　Ｈｏｔｅｌ",
    "office_name_kana": "レゴランド ジヤパン ホテル"
  },
  "8610": {
    "postcode": "4558610",
    "prefecture": "愛知県",
    "prefecture_kana": "アイチケン",
    "prefecture_code": 23,
    "city": "名古屋市港区",
    "city_kana": "ナゴヤシミナトク",
    "town": "当知",
    "town_kana": "トウチ",
    "street": "二丁目１５０１番地",
    "office_name": "ユニー　株式会社　アピタ港店",
    "office_name_kana": "ユニ- カブシキガイシヤ アピタミナトテン"
  },
  "8620": {
    "postcode": "4558620",
    "prefecture": "愛知県",
    "prefecture_kana": "アイチケン",
    "prefecture_code": 23,
    "city": "名古屋市港区",
    "city_kana": "ナゴヤシミナトク",
    "town": "春田野",
    "town_kana": "ハルタノ",
    "street": "１丁目３３０",
    "office_name": "イオンリテール　株式会社　イオン南陽店",
    "office_name_kana": "イオンリテ-ル カブシキガイシヤ イオンナンヨウテン"
  },
  "8626": {
    "postcode": "4558626",
    "prefecture": "愛知県",
    "prefecture_kana": "アイチケン",
    "prefecture_code": 23,
    "city": "名古屋市港区",
    "city_kana": "ナゴヤシミナトク",
    "town": "九番町",
    "town_kana": "クバンチョウ",
    "street": "５丁目３番地１",
    "office_name": "名古屋市　ささしま市税事務所　東海通出張所",
    "office_name_kana": "ナゴヤシ ササシマシゼイジムシヨ トウカイドオリシユツチヨウジヨ"
  },
  "8630": {
    "postcode": "4558630",
    "prefecture": "愛知県",
    "prefecture_kana": "アイチケン",
    "prefecture_code": 23,
    "city": "名古屋市港区",
    "city_kana": "ナゴヤシミナトク",
    "town": "藤前",
    "town_kana": "フジマエ",
    "street": "５丁目４０１−１",
    "office_name": "ヤマト運輸　株式会社　中部支社",
    "office_name_kana": "ヤマトウンユ カブシキガイシヤ チユウブシシヤ"
  },
  "8639": {
    "postcode": "4558639",
    "prefecture": "愛知県",
    "prefecture_kana": "アイチケン",
    "prefecture_code": 23,
    "city": "名古屋市港区",
    "city_kana": "ナゴヤシミナトク",
    "town": "南陽町大字西福田",
    "town_kana": null,
    "street": "字源蔵池５６",
    "office_name": "（株）　服部家具センター",
    "office_name_kana": "(カブ) ハツトリカグセンタ-"
  },
  "8648": {
    "postcode": "4558648",
    "prefecture": "愛知県",
    "prefecture_kana": "アイチケン",
    "prefecture_code": 23,
    "city": "名古屋市港区",
    "city_kana": "ナゴヤシミナトク",
    "town": "藤前",
    "town_kana": "フジマエ",
    "street": "３丁目３０１番地",
    "office_name": "愛日木研　株式会社",
    "office_name_kana": "アイニチモクケン カブシキガイシヤ"
  },
  "8668": {
    "postcode": "4558668",
    "prefecture": "愛知県",
    "prefecture_kana": "アイチケン",
    "prefecture_code": 23,
    "city": "名古屋市港区",
    "city_kana": "ナゴヤシミナトク",
    "town": "築三町",
    "town_kana": "ツキサンチョウ",
    "street": "２丁目４１番（名古屋港郵便局私書箱第２１号）",
    "office_name": "共立マテリアル　株式会社",
    "office_name_kana": "キヨウリツマテリアル カブシキガイシヤ"
  },
  "8670": {
    "postcode": "4558670",
    "prefecture": "愛知県",
    "prefecture_kana": "アイチケン",
    "prefecture_code": 23,
    "city": "名古屋市港区",
    "city_kana": "ナゴヤシミナトク",
    "town": "千年",
    "town_kana": "チトセ",
    "street": "三丁目１番１２号（名古屋港郵便局私書箱第７号）",
    "office_name": "株式会社　ＵＡＣＪ名古屋製造所",
    "office_name_kana": "カブシキガイシヤ ユ-エ-シ-ジエ-ナゴヤセイゾウシヨ"
  },
  "8671": {
    "postcode": "4558671",
    "prefecture": "愛知県",
    "prefecture_kana": "アイチケン",
    "prefecture_code": 23,
    "city": "名古屋市港区",
    "city_kana": "ナゴヤシミナトク",
    "town": "南陽町大字西福田",
    "town_kana": null,
    "street": "字源蔵池１２４",
    "office_name": "株式会社　正直屋",
    "office_name_kana": "カブシキガイシヤ シヨウジキヤ"
  },
  "8777": {
    "postcode": "4558777",
    "prefecture": "愛知県",
    "prefecture_kana": "アイチケン",
    "prefecture_code": 23,
    "city": "名古屋市港区",
    "city_kana": "ナゴヤシミナトク",
    "town": "川園",
    "town_kana": "カワソノ",
    "street": "一丁目１１１番地",
    "office_name": "株式会社　東京インテリア家具　名古屋本店",
    "office_name_kana": "カブシキカイシヤ トウキヨウインテリアカグ ナゴヤホンテン"
  }
}