{
  "0000": {
    "postcode": "4620000",
    "prefecture": "愛知県",
    "prefecture_kana": "アイチケン",
    "prefecture_code": 23,
    "city": "名古屋市北区",
    "city_kana": "ナゴヤシキタク",
    "town": "",
    "town_kana": "",
    "street": null,
    "office_name": null,
    "office_name_kana": null
  },
  "0001": {
    "postcode": "4620001",
    "prefecture": "愛知県",
    "prefecture_kana": "アイチケン",
    "prefecture_code": 23,
    "city": "名古屋市北区",
    "city_kana": "ナゴヤシキタク",
    "town": "北久手町",
    "town_kana": "キタクテチョウ",
    "street": null,
    "office_name": null,
    "office_name_kana": null
  },
  "0002": {
    "postcode": "4620002",
    "prefecture": "愛知県",
    "prefecture_kana": "アイチケン",
    "prefecture_code": 23,
    "city": "名古屋市北区",
    "city_kana": "ナゴヤシキタク",
    "town": "六が池町",
    "town_kana": "ロクガイケチョウ",
    "street": null,
    "office_name": null,
    "office_name_kana": null
  },
  "0003": {
    "postcode": "4620003",
    "prefecture": "愛知県",
    "prefecture_kana": "アイチケン",
    "prefecture_code": 23,
    "city": "名古屋市北区",
    "city_kana": "ナゴヤシキタク",
    "town": "桐畑町",
    "town_kana": "キリハタチョウ",
    "street": null,
    "office_name": null,
    "office_name_kana": null
  },
  "0004": {
    "postcode": "4620004",
    "prefecture": "愛知県",
    "prefecture_kana": "アイチケン",
    "prefecture_code": 23,
    "city": "名古屋市北区",
    "city_kana": "ナゴヤシキタク",
    "town": "三軒町",
    "town_kana": "サンゲンチョウ",
    "street": null,
    "office_name": null,
    "office_name_kana": null
  },
  "0005": {
    "postcode": "4620005",
    "prefecture": "愛知県",
    "prefecture_kana": "アイチケン",
    "prefecture_code": 23,
    "city": "名古屋市北区",
    "city_kana": "ナゴヤシキタク",
    "town": "池花町",
    "town_kana": "イケハナチョウ",
    "street": null,
    "office_name": null,
    "office_name_kana": null
  },
  "0006": {
    "postcode": "4620006",
    "prefecture": "愛知県",
    "prefecture_kana": "アイチケン",
    "prefecture_code": 23,
    "city": "名古屋市北区",
    "city_kana": "ナゴヤシキタク",
    "town": "若鶴町",
    "town_kana": "ワカヅルチョウ",
    "street": null,
    "office_name": null,
    "office_name_kana": null
  },
  "0007": {
    "postcode": "4620007",
    "prefecture": "愛知県",
    "prefecture_kana": "アイチケン",
    "prefecture_code": 23,
    "city": "名古屋市北区",
    "city_kana": "ナゴヤシキタク",
    "town": "如意",
    "town_kana": "ニョイ",
    "street": null,
    "office_name": null,
    "office_name_kana": null
  },
  "0008": {
    "postcode": "4620008",
    "prefecture": "愛知県",
    "prefecture_kana": "アイチケン",
    "prefecture_code": 23,
    "city": "名古屋市北区",
    "city_kana": "ナゴヤシキタク",
    "town": "如来町",
    "town_kana": "ニョライチョウ",
    "street": null,
    "office_name": null,
    "office_name_kana": null
  },
  "0009": {
    "postcode": "4620009",
    "prefecture": "愛知県",
    "prefecture_kana": "アイチケン",
    "prefecture_code": 23,
    "city": "名古屋市北区",
    "city_kana": "ナゴヤシキタク",
    "town": "苗田町",
    "town_kana": "ナエダチョウ",
    "street": null,
    "office_name": null,
    "office_name_kana": null
  },
  "0011": {
    "postcode": "4620011",
    "prefecture": "愛知県",
    "prefecture_kana": "アイチケン",
    "prefecture_code": 23,
    "city": "名古屋市北区",
    "city_kana": "ナゴヤシキタク",
    "town": "五反田町",
    "town_kana": "ゴタンダチョウ",
    "street": null,
    "office_name": null,
    "office_name_kana": null
  },
  "0012": {
    "postcode": "4620012",
    "prefecture": "愛知県",
    "prefecture_kana": "アイチケン",
    "prefecture_code": 23,
    "city": "名古屋市北区",
    "city_kana": "ナゴヤシキタク",
    "town": "楠",
    "town_kana": "クスノキ",
    "street": null,
    "office_name": null,
    "office_name_kana": null
  },
  "0013": {
    "postcode": "4620013",
    "prefecture": "愛知県",
    "prefecture_kana": "アイチケン",
    "prefecture_code": 23,
    "city": "名古屋市北区",
    "city_kana": "ナゴヤシキタク",
    "town": "東味鋺",
    "town_kana": "ヒガシアジマ",
    "street": null,
    "office_name": null,
    "office_name_kana": null
  },
  "0014": {
    "postcode": "4620014",
    "prefecture": "愛知県",
    "prefecture_kana": "アイチケン",
    "prefecture_code": 23,
    "city": "名古屋市北区",
    "city_kana": "ナゴヤシキタク",
    "town": "楠味鋺",
    "town_kana": "クスノキアジマ",
    "street": null,
    "office_name": null,
    "office_name_kana": null
  },
  "0015": {
    "postcode": "4620015",
    "prefecture": "愛知県",
    "prefecture_kana": "アイチケン",
    "prefecture_code": 23,
    "city": "名古屋市北区",
    "city_kana": "ナゴヤシキタク",
    "town": "中味鋺",
    "town_kana": "ナカアジマ",
    "street": null,
    "office_name": null,
    "office_name_kana": null
  },
  "0016": {
    "postcode": "4620016",
    "prefecture": "愛知県",
    "prefecture_kana": "アイチケン",
    "prefecture_code": 23,
    "city": "名古屋市北区",
    "city_kana": "ナゴヤシキタク",
    "town": "西味鋺",
    "town_kana": "ニシアジマ",
    "street": null,
    "office_name": null,
    "office_name_kana": null
  },
  "0017": {
    "postcode": "4620017",
    "prefecture": "愛知県",
    "prefecture_kana": "アイチケン",
    "prefecture_code": 23,
    "city": "名古屋市北区",
    "city_kana": "ナゴヤシキタク",
    "town": "落合町",
    "town_kana": "オチアイチョウ",
    "street": null,
    "office_name": null,
    "office_name_kana": null
  },
  "0018": {
    "postcode": "4620018",
    "prefecture": "愛知県",
    "prefecture_kana": "アイチケン",
    "prefecture_code": 23,
    "city": "名古屋市北区",
    "city_kana": "ナゴヤシキタク",
    "town": "玄馬町",
    "town_kana": "ゲンバチョウ",
    "street": null,
    "office_name": null,
    "office_name_kana": null
  },
  "0021": {
    "postcode": "4620021",
    "prefecture": "愛知県",
    "prefecture_kana": "アイチケン",
    "prefecture_code": 23,
    "city": "名古屋市北区",
    "city_kana": "ナゴヤシキタク",
    "town": "成願寺",
    "town_kana": "ジョウガンジ",
    "street": null,
    "office_name": null,
    "office_name_kana": null
  },
  "0022": {
    "postcode": "4620022",
    "prefecture": "愛知県",
    "prefecture_kana": "アイチケン",
    "prefecture_code": 23,
    "city": "名古屋市北区",
    "city_kana": "ナゴヤシキタク",
    "town": "川中町",
    "town_kana": "カワナカチョウ",
    "street": null,
    "office_name": null,
    "office_name_kana": null
  },
  "0023": {
    "postcode": "4620023",
    "prefecture": "愛知県",
    "prefecture_kana": "アイチケン",
    "prefecture_code": 23,
    "city": "名古屋市北区",
    "city_kana": "ナゴヤシキタク",
    "town": "安井",
    "town_kana": "ヤスイ",
    "street": null,
    "office_name": null,
    "office_name_kana": null
  },
  "0024": {
    "postcode": "4620024",
    "prefecture": "愛知県",
    "prefecture_kana": "アイチケン",
    "prefecture_code": 23,
    "city": "名古屋市北区",
    "city_kana": "ナゴヤシキタク",
    "town": "鳩岡",
    "town_kana": "ハトオカ",
    "street": null,
    "office_name": null,
    "office_name_kana": null
  },
  "0025": {
    "postcode": "4620025",
    "prefecture": "愛知県",
    "prefecture_kana": "アイチケン",
    "prefecture_code": 23,
    "city": "名古屋市北区",
    "city_kana": "ナゴヤシキタク",
    "town": "鳩岡町",
    "town_kana": "ハトオカチョウ",
    "street": null,
    "office_name": null,
    "office_name_kana": null
  },
  "0026": {
    "postcode": "4620026",
    "prefecture": "愛知県",
    "prefecture_kana": "アイチケン",
    "prefecture_code": 23,
    "city": "名古屋市北区",
    "city_kana": "ナゴヤシキタク",
    "town": "萩野通",
    "town_kana": "ハギノトオリ",
    "street": null,
    "office_name": null,
    "office_name_kana": null
  },
  "0031": {
    "postcode": "4620031",
    "prefecture": "愛知県",
    "prefecture_kana": "アイチケン",
    "prefecture_code": 23,
    "city": "名古屋市北区",
    "city_kana": "ナゴヤシキタク",
    "town": "米が瀬町",
    "town_kana": "コメガセチョウ",
    "street": null,
    "office_name": null,
    "office_name_kana": null
  },
  "0032": {
    "postcode": "4620032",
    "prefecture": "愛知県",
    "prefecture_kana": "アイチケン",
    "prefecture_code": 23,
    "city": "名古屋市北区",
    "city_kana": "ナゴヤシキタク",
    "town": "辻町",
    "town_kana": "ツジチョウ",
    "street": null,
    "office_name": null,
    "office_name_kana": null
  },
  "0033": {
    "postcode": "4620033",
    "prefecture": "愛知県",
    "prefecture_kana": "アイチケン",
    "prefecture_code": 23,
    "city": "名古屋市北区",
    "city_kana": "ナゴヤシキタク",
    "town": "金田町",
    "town_kana": "カネダチョウ",
    "street": null,
    "office_name": null,
    "office_name_kana": null
  },
  "0034": {
    "postcode": "4620034",
    "prefecture": "愛知県",
    "prefecture_kana": "アイチケン",
    "prefecture_code": 23,
    "city": "名古屋市北区",
    "city_kana": "ナゴヤシキタク",
    "town": "天道町",
    "town_kana": "テンドウチョウ",
    "street": null,
    "office_name": null,
    "office_name_kana": null
  },
  "0035": {
    "postcode": "4620035",
    "prefecture": "愛知県",
    "prefecture_kana": "アイチケン",
    "prefecture_code": 23,
    "city": "名古屋市北区",
    "city_kana": "ナゴヤシキタク",
    "town": "大野町",
    "town_kana": "オオノチョウ",
    "street": null,
    "office_name": null,
    "office_name_kana": null
  },
  "0036": {
    "postcode": "4620036",
    "prefecture": "愛知県",
    "prefecture_kana": "アイチケン",
    "prefecture_code": 23,
    "city": "名古屋市北区",
    "city_kana": "ナゴヤシキタク",
    "town": "長喜町",
    "town_kana": "ナガキチョウ",
    "street": null,
    "office_name": null,
    "office_name_kana": null
  },
  "0037": {
    "postcode": "4620037",
    "prefecture": "愛知県",
    "prefecture_kana": "アイチケン",
    "prefecture_code": 23,
    "city": "名古屋市北区",
    "city_kana": "ナゴヤシキタク",
    "town": "志賀町",
    "town_kana": "シガチョウ",
    "street": null,
    "office_name": null,
    "office_name_kana": null
  },
  "0038": {
    "postcode": "4620038",
    "prefecture": "愛知県",
    "prefecture_kana": "アイチケン",
    "prefecture_code": 23,
    "city": "名古屋市北区",
    "city_kana": "ナゴヤシキタク",
    "town": "稚児宮通",
    "town_kana": "チゴノミヤトオリ",
    "street": null,
    "office_name": null,
    "office_name_kana": null
  },
  "0041": {
    "postcode": "4620041",
    "prefecture": "愛知県",
    "prefecture_kana": "アイチケン",
    "prefecture_code": 23,
    "city": "名古屋市北区",
    "city_kana": "ナゴヤシキタク",
    "town": "浪打町",
    "town_kana": "ナミウチチョウ",
    "street": null,
    "office_name": null,
    "office_name_kana": null
  },
  "0042": {
    "postcode": "4620042",
    "prefecture": "愛知県",
    "prefecture_kana": "アイチケン",
    "prefecture_code": 23,
    "city": "名古屋市北区",
    "city_kana": "ナゴヤシキタク",
    "town": "水草町",
    "town_kana": "ミズクサチョウ",
    "street": null,
    "office_name": null,
    "office_name_kana": null
  },
  "0043": {
    "postcode": "4620043",
    "prefecture": "愛知県",
    "prefecture_kana": "アイチケン",
    "prefecture_code": 23,
    "city": "名古屋市北区",
    "city_kana": "ナゴヤシキタク",
    "town": "八代町",
    "town_kana": "ヤシロチョウ",
    "street": null,
    "office_name": null,
    "office_name_kana": null
  },
  "0044": {
    "postcode": "4620044",
    "prefecture": "愛知県",
    "prefecture_kana": "アイチケン",
    "prefecture_code": 23,
    "city": "名古屋市北区",
    "city_kana": "ナゴヤシキタク",
    "town": "元志賀町",
    "town_kana": "モトシガチョウ",
    "street": null,
    "office_name": null,
    "office_name_kana": null
  },
  "0045": {
    "postcode": "4620045",
    "prefecture": "愛知県",
    "prefecture_kana": "アイチケン",
    "prefecture_code": 23,
    "city": "名古屋市北区",
    "city_kana": "ナゴヤシキタク",
    "town": "敷島町",
    "town_kana": "シキシマチョウ",
    "street": null,
    "office_name": null,
    "office_name_kana": null
  },
  "0046": {
    "postcode": "4620046",
    "prefecture": "愛知県",
    "prefecture_kana": "アイチケン",
    "prefecture_code": 23,
    "city": "名古屋市北区",
    "city_kana": "ナゴヤシキタク",
    "town": "城見通",
    "town_kana": "シロミトオリ",
    "street": null,
    "office_name": null,
    "office_name_kana": null
  },
  "0047": {
    "postcode": "4620047",
    "prefecture": "愛知県",
    "prefecture_kana": "アイチケン",
    "prefecture_code": 23,
    "city": "名古屋市北区",
    "city_kana": "ナゴヤシキタク",
    "town": "金城町",
    "town_kana": "キンジョウチョウ",
    "street": null,
    "office_name": null,
    "office_name_kana": null
  },
  "0051": {
    "postcode": "4620051",
    "prefecture": "愛知県",
    "prefecture_kana": "アイチケン",
    "prefecture_code": 23,
    "city": "名古屋市北区",
    "city_kana": "ナゴヤシキタク",
    "town": "中切町",
    "town_kana": "ナカギリチョウ",
    "street": null,
    "office_name": null,
    "office_name_kana": null
  },
  "0052": {
    "postcode": "4620052",
    "prefecture": "愛知県",
    "prefecture_kana": "アイチケン",
    "prefecture_code": 23,
    "city": "名古屋市北区",
    "city_kana": "ナゴヤシキタク",
    "town": "福徳町",
    "town_kana": "フクトクチョウ",
    "street": null,
    "office_name": null,
    "office_name_kana": null
  },
  "0053": {
    "postcode": "4620053",
    "prefecture": "愛知県",
    "prefecture_kana": "アイチケン",
    "prefecture_code": 23,
    "city": "名古屋市北区",
    "city_kana": "ナゴヤシキタク",
    "town": "光音寺町",
    "town_kana": "コウオンジチョウ",
    "street": null,
    "office_name": null,
    "office_name_kana": null
  },
  "0054": {
    "postcode": "4620054",
    "prefecture": "愛知県",
    "prefecture_kana": "アイチケン",
    "prefecture_code": 23,
    "city": "名古屋市北区",
    "city_kana": "ナゴヤシキタク",
    "town": "野方通",
    "town_kana": "ノカタトオリ",
    "street": null,
    "office_name": null,
    "office_name_kana": null
  },
  "0055": {
    "postcode": "4620055",
    "prefecture": "愛知県",
    "prefecture_kana": "アイチケン",
    "prefecture_code": 23,
    "city": "名古屋市北区",
    "city_kana": "ナゴヤシキタク",
    "town": "桝形町",
    "town_kana": "マスガタチョウ",
    "street": null,
    "office_name": null,
    "office_name_kana": null
  },
  "0056": {
    "postcode": "4620056",
    "prefecture": "愛知県",
    "prefecture_kana": "アイチケン",
    "prefecture_code": 23,
    "city": "名古屋市北区",
    "city_kana": "ナゴヤシキタク",
    "town": "中丸町",
    "town_kana": "チュウマルチョウ",
    "street": null,
    "office_name": null,
    "office_name_kana": null
  },
  "0057": {
    "postcode": "4620057",
    "prefecture": "愛知県",
    "prefecture_kana": "アイチケン",
    "prefecture_code": 23,
    "city": "名古屋市北区",
    "city_kana": "ナゴヤシキタク",
    "town": "平手町",
    "town_kana": "ヒラテチョウ",
    "street": null,
    "office_name": null,
    "office_name_kana": null
  },
  "0058": {
    "postcode": "4620058",
    "prefecture": "愛知県",
    "prefecture_kana": "アイチケン",
    "prefecture_code": 23,
    "city": "名古屋市北区",
    "city_kana": "ナゴヤシキタク",
    "town": "西志賀町",
    "town_kana": "ニシシガチョウ",
    "street": null,
    "office_name": null,
    "office_name_kana": null
  },
  "0059": {
    "postcode": "4620059",
    "prefecture": "愛知県",
    "prefecture_kana": "アイチケン",
    "prefecture_code": 23,
    "city": "名古屋市北区",
    "city_kana": "ナゴヤシキタク",
    "town": "駒止町",
    "town_kana": "コマドメチョウ",
    "street": null,
    "office_name": null,
    "office_name_kana": null
  },
  "0061": {
    "postcode": "4620061",
    "prefecture": "愛知県",
    "prefecture_kana": "アイチケン",
    "prefecture_code": 23,
    "city": "名古屋市北区",
    "city_kana": "ナゴヤシキタク",
    "town": "会所町",
    "town_kana": "カイショチョウ",
    "street": null,
    "office_name": null,
    "office_name_kana": null
  },
  "0062": {
    "postcode": "4620062",
    "prefecture": "愛知県",
    "prefecture_kana": "アイチケン",
    "prefecture_code": 23,
    "city": "名古屋市北区",
    "city_kana": "ナゴヤシキタク",
    "town": "新沼町",
    "town_kana": "シンヌマチョウ",
    "street": null,
    "office_name": null,
    "office_name_kana": null
  },
  "0063": {
    "postcode": "4620063",
    "prefecture": "愛知県",
    "prefecture_kana": "アイチケン",
    "prefecture_code": 23,
    "city": "名古屋市北区",
    "city_kana": "ナゴヤシキタク",
    "town": "丸新町",
    "town_kana": "マルシンチョウ",
    "street": null,
    "office_name": null,
    "office_name_kana": null
  },
  "0064": {
    "postcode": "4620064",
    "prefecture": "愛知県",
    "prefecture_kana": "アイチケン",
    "prefecture_code": 23,
    "city": "名古屋市北区",
    "city_kana": "ナゴヤシキタク",
    "town": "大我麻町",
    "town_kana": "オオガマチョウ",
    "street": null,
    "office_name": null,
    "office_name_kana": null
  },
  "0065": {
    "postcode": "4620065",
    "prefecture": "愛知県",
    "prefecture_kana": "アイチケン",
    "prefecture_code": 23,
    "city": "名古屋市北区",
    "city_kana": "ナゴヤシキタク",
    "town": "喜惣治",
    "town_kana": "キソウジ",
    "street": null,
    "office_name": null,
    "office_name_kana": null
  },
  "0066": {
    "postcode": "4620066",
    "prefecture": "愛知県",
    "prefecture_kana": "アイチケン",
    "prefecture_code": 23,
    "city": "名古屋市北区",
    "city_kana": "ナゴヤシキタク",
    "town": "楠町喜惣治新田",
    "town_kana": "クスノキチョウキソウジシンデン",
    "street": null,
    "office_name": null,
    "office_name_kana": null
  },
  "0801": {
    "postcode": "4620801",
    "prefecture": "愛知県",
    "prefecture_kana": "アイチケン",
    "prefecture_code": 23,
    "city": "名古屋市北区",
    "city_kana": "ナゴヤシキタク",
    "town": "新堀町",
    "town_kana": "シンボリチョウ",
    "street": null,
    "office_name": null,
    "office_name_kana": null
  },
  "0802": {
    "postcode": "4620802",
    "prefecture": "愛知県",
    "prefecture_kana": "アイチケン",
    "prefecture_code": 23,
    "city": "名古屋市北区",
    "city_kana": "ナゴヤシキタク",
    "town": "上飯田北町",
    "town_kana": "カミイイダキタマチ",
    "street": null,
    "office_name": null,
    "office_name_kana": null
  },
  "0803": {
    "postcode": "4620803",
    "prefecture": "愛知県",
    "prefecture_kana": "アイチケン",
    "prefecture_code": 23,
    "city": "名古屋市北区",
    "city_kana": "ナゴヤシキタク",
    "town": "上飯田東町",
    "town_kana": "カミイイダヒガシマチ",
    "street": null,
    "office_name": null,
    "office_name_kana": null
  },
  "0804": {
    "postcode": "4620804",
    "prefecture": "愛知県",
    "prefecture_kana": "アイチケン",
    "prefecture_code": 23,
    "city": "名古屋市北区",
    "city_kana": "ナゴヤシキタク",
    "town": "上飯田南町",
    "town_kana": "カミイイダミナミマチ",
    "street": null,
    "office_name": null,
    "office_name_kana": null
  },
  "0805": {
    "postcode": "4620805",
    "prefecture": "愛知県",
    "prefecture_kana": "アイチケン",
    "prefecture_code": 23,
    "city": "名古屋市北区",
    "city_kana": "ナゴヤシキタク",
    "town": "八龍町",
    "town_kana": "ハチリュウチョウ",
    "street": null,
    "office_name": null,
    "office_name_kana": null
  },
  "0807": {
    "postcode": "4620807",
    "prefecture": "愛知県",
    "prefecture_kana": "アイチケン",
    "prefecture_code": 23,
    "city": "名古屋市北区",
    "city_kana": "ナゴヤシキタク",
    "town": "御成通",
    "town_kana": "オナリトオリ",
    "street": null,
    "office_name": null,
    "office_name_kana": null
  },
  "0808": {
    "postcode": "4620808",
    "prefecture": "愛知県",
    "prefecture_kana": "アイチケン",
    "prefecture_code": 23,
    "city": "名古屋市北区",
    "city_kana": "ナゴヤシキタク",
    "town": "上飯田通",
    "town_kana": "カミイイダトオリ",
    "street": null,
    "office_name": null,
    "office_name_kana": null
  },
  "0809": {
    "postcode": "4620809",
    "prefecture": "愛知県",
    "prefecture_kana": "アイチケン",
    "prefecture_code": 23,
    "city": "名古屋市北区",
    "city_kana": "ナゴヤシキタク",
    "town": "上飯田西町",
    "town_kana": "カミイイダニシマチ",
    "street": null,
    "office_name": null,
    "office_name_kana": null
  },
  "0810": {
    "postcode": "4620810",
    "prefecture": "愛知県",
    "prefecture_kana": "アイチケン",
    "prefecture_code": 23,
    "city": "名古屋市北区",
    "city_kana": "ナゴヤシキタク",
    "town": "山田",
    "town_kana": "ヤマダ",
    "street": null,
    "office_name": null,
    "office_name_kana": null
  },
  "0811": {
    "postcode": "4620811",
    "prefecture": "愛知県",
    "prefecture_kana": "アイチケン",
    "prefecture_code": 23,
    "city": "名古屋市北区",
    "city_kana": "ナゴヤシキタク",
    "town": "山田北町",
    "town_kana": "ヤマダキタマチ",
    "street": null,
    "office_name": null,
    "office_name_kana": null
  },
  "0812": {
    "postcode": "4620812",
    "prefecture": "愛知県",
    "prefecture_kana": "アイチケン",
    "prefecture_code": 23,
    "city": "名古屋市北区",
    "city_kana": "ナゴヤシキタク",
    "town": "矢田町",
    "town_kana": "ヤダチョウ",
    "street": null,
    "office_name": null,
    "office_name_kana": null
  },
  "0813": {
    "postcode": "4620813",
    "prefecture": "愛知県",
    "prefecture_kana": "アイチケン",
    "prefecture_code": 23,
    "city": "名古屋市北区",
    "city_kana": "ナゴヤシキタク",
    "town": "山田町",
    "town_kana": "ヤマダチョウ",
    "street": null,
    "office_name": null,
    "office_name_kana": null
  },
  "0814": {
    "postcode": "4620814",
    "prefecture": "愛知県",
    "prefecture_kana": "アイチケン",
    "prefecture_code": 23,
    "city": "名古屋市北区",
    "city_kana": "ナゴヤシキタク",
    "town": "山田西町",
    "town_kana": "ヤマダニシマチ",
    "street": null,
    "office_name": null,
    "office_name_kana": null
  },
  "0816": {
    "postcode": "4620816",
    "prefecture": "愛知県",
    "prefecture_kana": "アイチケン",
    "prefecture_code": 23,
    "city": "名古屋市北区",
    "city_kana": "ナゴヤシキタク",
    "town": "平安通",
    "town_kana": "ヘイアントオリ",
    "street": null,
    "office_name": null,
    "office_name_kana": null
  },
  "0818": {
    "postcode": "4620818",
    "prefecture": "愛知県",
    "prefecture_kana": "アイチケン",
    "prefecture_code": 23,
    "city": "名古屋市北区",
    "city_kana": "ナゴヤシキタク",
    "town": "彩紅橋通",
    "town_kana": "サイコウバシトオリ",
    "street": null,
    "office_name": null,
    "office_name_kana": null
  },
  "0819": {
    "postcode": "4620819",
    "prefecture": "愛知県",
    "prefecture_kana": "アイチケン",
    "prefecture_code": 23,
    "city": "名古屋市北区",
    "city_kana": "ナゴヤシキタク",
    "town": "平安",
    "town_kana": "ヘイアン",
    "street": null,
    "office_name": null,
    "office_name_kana": null
  },
  "0823": {
    "postcode": "4620823",
    "prefecture": "愛知県",
    "prefecture_kana": "アイチケン",
    "prefecture_code": 23,
    "city": "名古屋市北区",
    "city_kana": "ナゴヤシキタク",
    "town": "東大曽根町上",
    "town_kana": "ヒガシオオゾネチョウカミ",
    "street": null,
    "office_name": null,
    "office_name_kana": null
  },
  "0824": {
    "postcode": "4620824",
    "prefecture": "愛知県",
    "prefecture_kana": "アイチケン",
    "prefecture_code": 23,
    "city": "名古屋市北区",
    "city_kana": "ナゴヤシキタク",
    "town": "芳野",
    "town_kana": "ヨシノ",
    "street": null,
    "office_name": null,
    "office_name_kana": null
  },
  "0825": {
    "postcode": "4620825",
    "prefecture": "愛知県",
    "prefecture_kana": "アイチケン",
    "prefecture_code": 23,
    "city": "名古屋市北区",
    "city_kana": "ナゴヤシキタク",
    "town": "大曽根",
    "town_kana": "オオゾネ",
    "street": null,
    "office_name": null,
    "office_name_kana": null
  },
  "0826": {
    "postcode": "4620826",
    "prefecture": "愛知県",
    "prefecture_kana": "アイチケン",
    "prefecture_code": 23,
    "city": "名古屋市北区",
    "city_kana": "ナゴヤシキタク",
    "town": "東大杉町",
    "town_kana": "ヒガシオオスギチョウ",
    "street": null,
    "office_name": null,
    "office_name_kana": null
  },
  "0827": {
    "postcode": "4620827",
    "prefecture": "愛知県",
    "prefecture_kana": "アイチケン",
    "prefecture_code": 23,
    "city": "名古屋市北区",
    "city_kana": "ナゴヤシキタク",
    "town": "東長田町",
    "town_kana": "ヒガシチョウダチョウ",
    "street": null,
    "office_name": null,
    "office_name_kana": null
  },
  "0828": {
    "postcode": "4620828",
    "prefecture": "愛知県",
    "prefecture_kana": "アイチケン",
    "prefecture_code": 23,
    "city": "名古屋市北区",
    "city_kana": "ナゴヤシキタク",
    "town": "東水切町",
    "town_kana": "ヒガシミズキリチョウ",
    "street": null,
    "office_name": null,
    "office_name_kana": null
  },
  "0829": {
    "postcode": "4620829",
    "prefecture": "愛知県",
    "prefecture_kana": "アイチケン",
    "prefecture_code": 23,
    "city": "名古屋市北区",
    "city_kana": "ナゴヤシキタク",
    "town": "杉栄町",
    "town_kana": "スギサカエチョウ",
    "street": null,
    "office_name": null,
    "office_name_kana": null
  },
  "0831": {
    "postcode": "4620831",
    "prefecture": "愛知県",
    "prefecture_kana": "アイチケン",
    "prefecture_code": 23,
    "city": "名古屋市北区",
    "city_kana": "ナゴヤシキタク",
    "town": "城東町",
    "town_kana": "ジョウトウチョウ",
    "street": null,
    "office_name": null,
    "office_name_kana": null
  },
  "0832": {
    "postcode": "4620832",
    "prefecture": "愛知県",
    "prefecture_kana": "アイチケン",
    "prefecture_code": 23,
    "city": "名古屋市北区",
    "city_kana": "ナゴヤシキタク",
    "town": "生駒町",
    "town_kana": "イコマチョウ",
    "street": null,
    "office_name": null,
    "office_name_kana": null
  },
  "0833": {
    "postcode": "4620833",
    "prefecture": "愛知県",
    "prefecture_kana": "アイチケン",
    "prefecture_code": 23,
    "city": "名古屋市北区",
    "city_kana": "ナゴヤシキタク",
    "town": "水切町",
    "town_kana": "ミズキリチョウ",
    "street": null,
    "office_name": null,
    "office_name_kana": null
  },
  "0834": {
    "postcode": "4620834",
    "prefecture": "愛知県",
    "prefecture_kana": "アイチケン",
    "prefecture_code": 23,
    "city": "名古屋市北区",
    "city_kana": "ナゴヤシキタク",
    "town": "長田町",
    "town_kana": "チョウダチョウ",
    "street": null,
    "office_name": null,
    "office_name_kana": null
  },
  "0835": {
    "postcode": "4620835",
    "prefecture": "愛知県",
    "prefecture_kana": "アイチケン",
    "prefecture_code": 23,
    "city": "名古屋市北区",
    "city_kana": "ナゴヤシキタク",
    "town": "杉村",
    "town_kana": "スギムラ",
    "street": null,
    "office_name": null,
    "office_name_kana": null
  },
  "0836": {
    "postcode": "4620836",
    "prefecture": "愛知県",
    "prefecture_kana": "アイチケン",
    "prefecture_code": 23,
    "city": "名古屋市北区",
    "city_kana": "ナゴヤシキタク",
    "town": "大杉町",
    "town_kana": "オオスギチョウ",
    "street": null,
    "office_name": null,
    "office_name_kana": null
  },
  "0837": {
    "postcode": "4620837",
    "prefecture": "愛知県",
    "prefecture_kana": "アイチケン",
    "prefecture_code": 23,
    "city": "名古屋市北区",
    "city_kana": "ナゴヤシキタク",
    "town": "大杉",
    "town_kana": "オオスギ",
    "street": null,
    "office_name": null,
    "office_name_kana": null
  },
  "0838": {
    "postcode": "4620838",
    "prefecture": "愛知県",
    "prefecture_kana": "アイチケン",
    "prefecture_code": 23,
    "city": "名古屋市北区",
    "city_kana": "ナゴヤシキタク",
    "town": "中杉町",
    "town_kana": "ナカスギチョウ",
    "street": null,
    "office_name": null,
    "office_name_kana": null
  },
  "0841": {
    "postcode": "4620841",
    "prefecture": "愛知県",
    "prefecture_kana": "アイチケン",
    "prefecture_code": 23,
    "city": "名古屋市北区",
    "city_kana": "ナゴヤシキタク",
    "town": "黒川本通",
    "town_kana": "クロカワホントオリ",
    "street": null,
    "office_name": null,
    "office_name_kana": null
  },
  "0842": {
    "postcode": "4620842",
    "prefecture": "愛知県",
    "prefecture_kana": "アイチケン",
    "prefecture_code": 23,
    "city": "名古屋市北区",
    "city_kana": "ナゴヤシキタク",
    "town": "志賀南通",
    "town_kana": "シガミナミトオリ",
    "street": null,
    "office_name": null,
    "office_name_kana": null
  },
  "0843": {
    "postcode": "4620843",
    "prefecture": "愛知県",
    "prefecture_kana": "アイチケン",
    "prefecture_code": 23,
    "city": "名古屋市北区",
    "city_kana": "ナゴヤシキタク",
    "town": "田幡",
    "town_kana": "タバタ",
    "street": null,
    "office_name": null,
    "office_name_kana": null
  },
  "0844": {
    "postcode": "4620844",
    "prefecture": "愛知県",
    "prefecture_kana": "アイチケン",
    "prefecture_code": 23,
    "city": "名古屋市北区",
    "city_kana": "ナゴヤシキタク",
    "town": "清水",
    "town_kana": "シミズ",
    "street": null,
    "office_name": null,
    "office_name_kana": null
  },
  "0845": {
    "postcode": "4620845",
    "prefecture": "愛知県",
    "prefecture_kana": "アイチケン",
    "prefecture_code": 23,
    "city": "名古屋市北区",
    "city_kana": "ナゴヤシキタク",
    "town": "柳原",
    "town_kana": "ヤナギハラ",
    "street": null,
    "office_name": null,
    "office_name_kana": null
  },
  "0846": {
    "postcode": "4620846",
    "prefecture": "愛知県",
    "prefecture_kana": "アイチケン",
    "prefecture_code": 23,
    "city": "名古屋市北区",
    "city_kana": "ナゴヤシキタク",
    "town": "名城",
    "town_kana": "メイジョウ",
    "street": null,
    "office_name": null,
    "office_name_kana": null
  },
  "0847": {
    "postcode": "4620847",
    "prefecture": "愛知県",
    "prefecture_kana": "アイチケン",
    "prefecture_code": 23,
    "city": "名古屋市北区",
    "city_kana": "ナゴヤシキタク",
    "town": "金城",
    "town_kana": "キンジョウ",
    "street": null,
    "office_name": null,
    "office_name_kana": null
  },
  "0851": {
    "postcode": "4620851",
    "prefecture": "愛知県",
    "prefecture_kana": "アイチケン",
    "prefecture_code": 23,
    "city": "名古屋市北区",
    "city_kana": "ナゴヤシキタク",
    "town": "木津根町",
    "town_kana": "キヅネチョウ",
    "street": null,
    "office_name": null,
    "office_name_kana": null
  },
  "0852": {
    "postcode": "4620852",
    "prefecture": "愛知県",
    "prefecture_kana": "アイチケン",
    "prefecture_code": 23,
    "city": "名古屋市北区",
    "city_kana": "ナゴヤシキタク",
    "town": "猿投町",
    "town_kana": "サナゲチョウ",
    "street": null,
    "office_name": null,
    "office_name_kana": null
  },
  "0853": {
    "postcode": "4620853",
    "prefecture": "愛知県",
    "prefecture_kana": "アイチケン",
    "prefecture_code": 23,
    "city": "名古屋市北区",
    "city_kana": "ナゴヤシキタク",
    "town": "志賀本通",
    "town_kana": "シガホントオリ",
    "street": null,
    "office_name": null,
    "office_name_kana": null
  },
  "0854": {
    "postcode": "4620854",
    "prefecture": "愛知県",
    "prefecture_kana": "アイチケン",
    "prefecture_code": 23,
    "city": "名古屋市北区",
    "city_kana": "ナゴヤシキタク",
    "town": "若葉通",
    "town_kana": "ワカバトオリ",
    "street": null,
    "office_name": null,
    "office_name_kana": null
  },
  "0855": {
    "postcode": "4620855",
    "prefecture": "愛知県",
    "prefecture_kana": "アイチケン",
    "prefecture_code": 23,
    "city": "名古屋市北区",
    "city_kana": "ナゴヤシキタク",
    "town": "石園町",
    "town_kana": "イソノチョウ",
    "street": null,
    "office_name": null,
    "office_name_kana": null
  },
  "0856": {
    "postcode": "4620856",
    "prefecture": "愛知県",
    "prefecture_kana": "アイチケン",
    "prefecture_code": 23,
    "city": "名古屋市北区",
    "city_kana": "ナゴヤシキタク",
    "town": "芦辺町",
    "town_kana": "アシベチョウ",
    "street": null,
    "office_name": null,
    "office_name_kana": null
  },
  "0857": {
    "postcode": "4620857",
    "prefecture": "愛知県",
    "prefecture_kana": "アイチケン",
    "prefecture_code": 23,
    "city": "名古屋市北区",
    "city_kana": "ナゴヤシキタク",
    "town": "紅雲町",
    "town_kana": "コウウンチョウ",
    "street": null,
    "office_name": null,
    "office_name_kana": null
  },
  "0858": {
    "postcode": "4620858",
    "prefecture": "愛知県",
    "prefecture_kana": "アイチケン",
    "prefecture_code": 23,
    "city": "名古屋市北区",
    "city_kana": "ナゴヤシキタク",
    "town": "大蔵町",
    "town_kana": "オオクラチョウ",
    "street": null,
    "office_name": null,
    "office_name_kana": null
  },
  "0859": {
    "postcode": "4620859",
    "prefecture": "愛知県",
    "prefecture_kana": "アイチケン",
    "prefecture_code": 23,
    "city": "名古屋市北区",
    "city_kana": "ナゴヤシキタク",
    "town": "神明町",
    "town_kana": "シンメイチョウ",
    "street": null,
    "office_name": null,
    "office_name_kana": null
  },
  "0861": {
    "postcode": "4620861",
    "prefecture": "愛知県",
    "prefecture_kana": "アイチケン",
    "prefecture_code": 23,
    "city": "名古屋市北区",
    "city_kana": "ナゴヤシキタク",
    "town": "辻本通",
    "town_kana": "ツジホンドオリ",
    "street": null,
    "office_name": null,
    "office_name_kana": null
  },
  "0862": {
    "postcode": "4620862",
    "prefecture": "愛知県",
    "prefecture_kana": "アイチケン",
    "prefecture_code": 23,
    "city": "名古屋市北区",
    "city_kana": "ナゴヤシキタク",
    "town": "真畔町",
    "town_kana": "マグロチョウ",
    "street": null,
    "office_name": null,
    "office_name_kana": null
  },
  "0863": {
    "postcode": "4620863",
    "prefecture": "愛知県",
    "prefecture_kana": "アイチケン",
    "prefecture_code": 23,
    "city": "名古屋市北区",
    "city_kana": "ナゴヤシキタク",
    "town": "尾上町",
    "town_kana": "オノエチョウ",
    "street": null,
    "office_name": null,
    "office_name_kana": null
  },
  "0864": {
    "postcode": "4620864",
    "prefecture": "愛知県",
    "prefecture_kana": "アイチケン",
    "prefecture_code": 23,
    "city": "名古屋市北区",
    "city_kana": "ナゴヤシキタク",
    "town": "織部町",
    "town_kana": "オベチョウ",
    "street": null,
    "office_name": null,
    "office_name_kana": null
  },
  "0865": {
    "postcode": "4620865",
    "prefecture": "愛知県",
    "prefecture_kana": "アイチケン",
    "prefecture_code": 23,
    "city": "名古屋市北区",
    "city_kana": "ナゴヤシキタク",
    "town": "下飯田町",
    "town_kana": "シモイイダチョウ",
    "street": null,
    "office_name": null,
    "office_name_kana": null
  },
  "0866": {
    "postcode": "4620866",
    "prefecture": "愛知県",
    "prefecture_kana": "アイチケン",
    "prefecture_code": 23,
    "city": "名古屋市北区",
    "city_kana": "ナゴヤシキタク",
    "town": "瑠璃光町",
    "town_kana": "ルリコウチョウ",
    "street": null,
    "office_name": null,
    "office_name_kana": null
  },
  "0867": {
    "postcode": "4620867",
    "prefecture": "愛知県",
    "prefecture_kana": "アイチケン",
    "prefecture_code": 23,
    "city": "名古屋市北区",
    "city_kana": "ナゴヤシキタク",
    "town": "垣戸町",
    "town_kana": "ガイドチョウ",
    "street": null,
    "office_name": null,
    "office_name_kana": null
  },
  "0868": {
    "postcode": "4620868",
    "prefecture": "愛知県",
    "prefecture_kana": "アイチケン",
    "prefecture_code": 23,
    "city": "名古屋市北区",
    "city_kana": "ナゴヤシキタク",
    "town": "憧旛町",
    "town_kana": "ドウバンチョウ",
    "street": null,
    "office_name": null,
    "office_name_kana": null
  },
  "0869": {
    "postcode": "4620869",
    "prefecture": "愛知県",
    "prefecture_kana": "アイチケン",
    "prefecture_code": 23,
    "city": "名古屋市北区",
    "city_kana": "ナゴヤシキタク",
    "town": "龍ノ口町",
    "town_kana": "タツノクチチョウ",
    "street": null,
    "office_name": null,
    "office_name_kana": null
  },
  "8501": {
    "postcode": "4628501",
    "prefecture": "愛知県",
    "prefecture_kana": "アイチケン",
    "prefecture_code": 23,
    "city": "名古屋市北区",
    "city_kana": "ナゴヤシキタク",
    "town": "城見通",
    "town_kana": "シロミトオリ",
    "street": "２丁目１０−１",
    "office_name": "株式会社　ニッショー",
    "office_name_kana": "カブシキガイシヤ ニツシヨ-"
  },
  "8508": {
    "postcode": "4628508",
    "prefecture": "愛知県",
    "prefecture_kana": "アイチケン",
    "prefecture_code": 23,
    "city": "名古屋市北区",
    "city_kana": "ナゴヤシキタク",
    "town": "平手町",
    "town_kana": "ヒラテチョウ",
    "street": "１丁目１番地の１",
    "office_name": "名古屋市立西部医療センター",
    "office_name_kana": "ナゴヤシリツセイブイリヨウセンタ-"
  },
  "8509": {
    "postcode": "4628509",
    "prefecture": "愛知県",
    "prefecture_kana": "アイチケン",
    "prefecture_code": 23,
    "city": "名古屋市北区",
    "city_kana": "ナゴヤシキタク",
    "town": "柳原",
    "town_kana": "ヤナギハラ",
    "street": "３丁目６−４５",
    "office_name": "東急鯱バス　株式会社",
    "office_name_kana": "トウキヨウシヤチバス カブシキガイシヤ"
  },
  "8511": {
    "postcode": "4628511",
    "prefecture": "愛知県",
    "prefecture_kana": "アイチケン",
    "prefecture_code": 23,
    "city": "名古屋市北区",
    "city_kana": "ナゴヤシキタク",
    "town": "清水",
    "town_kana": "シミズ",
    "street": "４丁目１７−１",
    "office_name": "名古屋市北区役所",
    "office_name_kana": "ナゴヤシキタクヤクシヨ"
  },
  "8512": {
    "postcode": "4628512",
    "prefecture": "愛知県",
    "prefecture_kana": "アイチケン",
    "prefecture_code": 23,
    "city": "名古屋市北区",
    "city_kana": "ナゴヤシキタク",
    "town": "山田町",
    "town_kana": "ヤマダチョウ",
    "street": "１丁目１",
    "office_name": "親和電機　株式会社",
    "office_name_kana": "シンワデンキ カブシキガイシヤ"
  },
  "8519": {
    "postcode": "4628519",
    "prefecture": "愛知県",
    "prefecture_kana": "アイチケン",
    "prefecture_code": 23,
    "city": "名古屋市北区",
    "city_kana": "ナゴヤシキタク",
    "town": "柳原",
    "town_kana": "ヤナギハラ",
    "street": "３丁目６−４５",
    "office_name": "株式会社　東急サービス",
    "office_name_kana": "カブシキガイシヤ トウキユウサ-ビス"
  },
  "8522": {
    "postcode": "4628522",
    "prefecture": "愛知県",
    "prefecture_kana": "アイチケン",
    "prefecture_code": 23,
    "city": "名古屋市北区",
    "city_kana": "ナゴヤシキタク",
    "town": "清水",
    "town_kana": "シミズ",
    "street": "４丁目１７−１",
    "office_name": "名古屋北保健所",
    "office_name_kana": "ナゴヤキタホケンジヨ"
  },
  "8523": {
    "postcode": "4628523",
    "prefecture": "愛知県",
    "prefecture_kana": "アイチケン",
    "prefecture_code": 23,
    "city": "名古屋市北区",
    "city_kana": "ナゴヤシキタク",
    "town": "大曽根",
    "town_kana": "オオゾネ",
    "street": "四丁目８番５７号",
    "office_name": "社会保険診療報酬支払基金　愛知支部",
    "office_name_kana": "シヤカイホケンシンリヨウホウシユウシハライキキン アイチシブ"
  },
  "8530": {
    "postcode": "4628530",
    "prefecture": "愛知県",
    "prefecture_kana": "アイチケン",
    "prefecture_code": 23,
    "city": "名古屋市北区",
    "city_kana": "ナゴヤシキタク",
    "town": "金城",
    "town_kana": "キンジョウ",
    "street": "４丁目３−１９",
    "office_name": "中京スポーツ",
    "office_name_kana": "チユウキヨウスポ-ツ"
  },
  "8535": {
    "postcode": "4628535",
    "prefecture": "愛知県",
    "prefecture_kana": "アイチケン",
    "prefecture_code": 23,
    "city": "名古屋市北区",
    "city_kana": "ナゴヤシキタク",
    "town": "浪打町",
    "town_kana": "ナミウチチョウ",
    "street": "１丁目５２",
    "office_name": "株式会社　名古屋三越　ＯＳセンター",
    "office_name_kana": "カブシキガイシヤ ナゴヤミツコシ オ-エスセンタ-"
  },
  "8540": {
    "postcode": "4628540",
    "prefecture": "愛知県",
    "prefecture_kana": "アイチケン",
    "prefecture_code": 23,
    "city": "名古屋市北区",
    "city_kana": "ナゴヤシキタク",
    "town": "大杉",
    "town_kana": "オオスギ",
    "street": "１丁目４−１４",
    "office_name": "株式会社　カケン",
    "office_name_kana": "カブシキガイシヤ カケン"
  },
  "8543": {
    "postcode": "4628543",
    "prefecture": "愛知県",
    "prefecture_kana": "アイチケン",
    "prefecture_code": 23,
    "city": "名古屋市北区",
    "city_kana": "ナゴヤシキタク",
    "town": "清水",
    "town_kana": "シミズ",
    "street": "５丁目６−１６",
    "office_name": "名古屋北税務署",
    "office_name_kana": "ナゴヤキタゼイムシヨ"
  },
  "8545": {
    "postcode": "4628545",
    "prefecture": "愛知県",
    "prefecture_kana": "アイチケン",
    "prefecture_code": 23,
    "city": "名古屋市北区",
    "city_kana": "ナゴヤシキタク",
    "town": "名城",
    "town_kana": "メイジョウ",
    "street": "２丁目４番１",
    "office_name": "名古屋造形大学",
    "office_name_kana": "ナゴヤゾウケイダイガク"
  },
  "8551": {
    "postcode": "4628551",
    "prefecture": "愛知県",
    "prefecture_kana": "アイチケン",
    "prefecture_code": 23,
    "city": "名古屋市北区",
    "city_kana": "ナゴヤシキタク",
    "town": "上飯田西町",
    "town_kana": "カミイイダニシマチ",
    "street": "３丁目６０",
    "office_name": "アサダ　株式会社",
    "office_name_kana": "アサダ カブシキガイシヤ"
  },
  "8555": {
    "postcode": "4628555",
    "prefecture": "愛知県",
    "prefecture_kana": "アイチケン",
    "prefecture_code": 23,
    "city": "名古屋市北区",
    "city_kana": "ナゴヤシキタク",
    "town": "辻本通",
    "town_kana": "ツジホンドオリ",
    "street": "２丁目３４",
    "office_name": "ヤマハ中部　株式会社",
    "office_name_kana": "ヤマハチユウブ カブシキガイシヤ"
  },
  "8558": {
    "postcode": "4628558",
    "prefecture": "愛知県",
    "prefecture_kana": "アイチケン",
    "prefecture_code": 23,
    "city": "名古屋市北区",
    "city_kana": "ナゴヤシキタク",
    "town": "清水",
    "town_kana": "シミズ",
    "street": "４丁目１７−１",
    "office_name": "社会福祉法人　名古屋市社会福祉協議会",
    "office_name_kana": "シヤカイフクシホウジン ナゴヤシシヤカイフクシキヨウギカイ"
  },
  "8575": {
    "postcode": "4628575",
    "prefecture": "愛知県",
    "prefecture_kana": "アイチケン",
    "prefecture_code": 23,
    "city": "名古屋市北区",
    "city_kana": "ナゴヤシキタク",
    "town": "清水",
    "town_kana": "シミズ",
    "street": "１丁目１３番１号",
    "office_name": "社団法人　名北労働基準協会",
    "office_name_kana": "シヤダンホウジン メイホクロウドウキジユンキヨウカイ"
  },
  "8576": {
    "postcode": "4628576",
    "prefecture": "愛知県",
    "prefecture_kana": "アイチケン",
    "prefecture_code": 23,
    "city": "名古屋市北区",
    "city_kana": "ナゴヤシキタク",
    "town": "辻町",
    "town_kana": "ツジチョウ",
    "street": "字流７番６",
    "office_name": "愛知県　衛生研究所",
    "office_name_kana": "アイチケン エイセイケンキユウジヨ"
  },
  "8577": {
    "postcode": "4628577",
    "prefecture": "愛知県",
    "prefecture_kana": "アイチケン",
    "prefecture_code": 23,
    "city": "名古屋市北区",
    "city_kana": "ナゴヤシキタク",
    "town": "稚児宮通",
    "town_kana": "チゴノミヤトオリ",
    "street": "２丁目４５番地",
    "office_name": "菅原電気　株式会社　名古屋支店",
    "office_name_kana": "スガワラデンキ カブシキガイシヤ ナゴヤシテン"
  },
  "8580": {
    "postcode": "4628580",
    "prefecture": "愛知県",
    "prefecture_kana": "アイチケン",
    "prefecture_code": 23,
    "city": "名古屋市北区",
    "city_kana": "ナゴヤシキタク",
    "town": "平安",
    "town_kana": "ヘイアン",
    "street": "２−１５−４３",
    "office_name": "専門学校　名古屋ウエディング＆フラワー・ビューティ学院",
    "office_name_kana": "センモンガツコウ ナゴヤウエデイングアンドフラワ-・ビユ-テイガクイン"
  },
  "8588": {
    "postcode": "4628588",
    "prefecture": "愛知県",
    "prefecture_kana": "アイチケン",
    "prefecture_code": 23,
    "city": "名古屋市北区",
    "city_kana": "ナゴヤシキタク",
    "town": "彩紅橋通",
    "town_kana": "サイコウバシトオリ",
    "street": "１丁目１−１４",
    "office_name": "株式会社　メイチュー",
    "office_name_kana": "カブシキガイシヤ メイチユ-"
  },
  "8666": {
    "postcode": "4628666",
    "prefecture": "愛知県",
    "prefecture_kana": "アイチケン",
    "prefecture_code": 23,
    "city": "名古屋市北区",
    "city_kana": "ナゴヤシキタク",
    "town": "清水",
    "town_kana": "シミズ",
    "street": "５丁目６−２５（名古屋北郵便局私書箱第２５号）",
    "office_name": "名古屋北社会保険事務所",
    "office_name_kana": "ナゴヤキタシヤカイホケンジムシヨ"
  },
  "8739": {
    "postcode": "4628739",
    "prefecture": "愛知県",
    "prefecture_kana": "アイチケン",
    "prefecture_code": 23,
    "city": "名古屋市北区",
    "city_kana": "ナゴヤシキタク",
    "town": "名城",
    "town_kana": "メイジョウ",
    "street": "３−１−１",
    "office_name": "愛知学院大学",
    "office_name_kana": "アイチガクインダイガク"
  }
}