{
  "0000": {
    "postcode": "4640000",
    "prefecture": "愛知県",
    "prefecture_kana": "アイチケン",
    "prefecture_code": 23,
    "city": "名古屋市千種区",
    "city_kana": "ナゴヤシチクサク",
    "town": "",
    "town_kana": "",
    "street": null,
    "office_name": null,
    "office_name_kana": null
  },
  "0001": {
    "postcode": "4640001",
    "prefecture": "愛知県",
    "prefecture_kana": "アイチケン",
    "prefecture_code": 23,
    "city": "名古屋市千種区",
    "city_kana": "ナゴヤシチクサク",
    "town": "東千種台",
    "town_kana": "ヒガシチクサダイ",
    "street": null,
    "office_name": null,
    "office_name_kana": null
  },
  "0002": {
    "postcode": "4640002",
    "prefecture": "愛知県",
    "prefecture_kana": "アイチケン",
    "prefecture_code": 23,
    "city": "名古屋市千種区",
    "city_kana": "ナゴヤシチクサク",
    "town": "香流橋",
    "town_kana": "カナレバシ",
    "street": null,
    "office_name": null,
    "office_name_kana": null
  },
  "0003": {
    "postcode": "4640003",
    "prefecture": "愛知県",
    "prefecture_kana": "アイチケン",
    "prefecture_code": 23,
    "city": "名古屋市千種区",
    "city_kana": "ナゴヤシチクサク",
    "town": "新西",
    "town_kana": "シンニシ",
    "street": null,
    "office_name": null,
    "office_name_kana": null
  },
  "0004": {
    "postcode": "4640004",
    "prefecture": "愛知県",
    "prefecture_kana": "アイチケン",
    "prefecture_code": 23,
    "city": "名古屋市千種区",
    "city_kana": "ナゴヤシチクサク",
    "town": "京命",
    "town_kana": "キョウメイ",
    "street": null,
    "office_name": null,
    "office_name_kana": null
  },
  "0005": {
    "postcode": "4640005",
    "prefecture": "愛知県",
    "prefecture_kana": "アイチケン",
    "prefecture_code": 23,
    "city": "名古屋市千種区",
    "city_kana": "ナゴヤシチクサク",
    "town": "千代が丘",
    "town_kana": "チヨガオカ",
    "street": null,
    "office_name": null,
    "office_name_kana": null
  },
  "0006": {
    "postcode": "4640006",
    "prefecture": "愛知県",
    "prefecture_kana": "アイチケン",
    "prefecture_code": 23,
    "city": "名古屋市千種区",
    "city_kana": "ナゴヤシチクサク",
    "town": "光が丘",
    "town_kana": "ヒカリガオカ",
    "street": null,
    "office_name": null,
    "office_name_kana": null
  },
  "0007": {
    "postcode": "4640007",
    "prefecture": "愛知県",
    "prefecture_kana": "アイチケン",
    "prefecture_code": 23,
    "city": "名古屋市千種区",
    "city_kana": "ナゴヤシチクサク",
    "town": "竹越",
    "town_kana": "タケコシ",
    "street": null,
    "office_name": null,
    "office_name_kana": null
  },
  "0008": {
    "postcode": "4640008",
    "prefecture": "愛知県",
    "prefecture_kana": "アイチケン",
    "prefecture_code": 23,
    "city": "名古屋市千種区",
    "city_kana": "ナゴヤシチクサク",
    "town": "宮根台",
    "town_kana": "ミヤネダイ",
    "street": null,
    "office_name": null,
    "office_name_kana": null
  },
  "0011": {
    "postcode": "4640011",
    "prefecture": "愛知県",
    "prefecture_kana": "アイチケン",
    "prefecture_code": 23,
    "city": "名古屋市千種区",
    "city_kana": "ナゴヤシチクサク",
    "town": "千代田橋",
    "town_kana": "チヨダバシ",
    "street": null,
    "office_name": null,
    "office_name_kana": null
  },
  "0012": {
    "postcode": "4640012",
    "prefecture": "愛知県",
    "prefecture_kana": "アイチケン",
    "prefecture_code": 23,
    "city": "名古屋市千種区",
    "city_kana": "ナゴヤシチクサク",
    "town": "猪高町猪子石猪々道",
    "town_kana": "イタカチョウイノコイシシシミチ",
    "street": null,
    "office_name": null,
    "office_name_kana": null
  },
  "0013": {
    "postcode": "4640013",
    "prefecture": "愛知県",
    "prefecture_kana": "アイチケン",
    "prefecture_code": 23,
    "city": "名古屋市千種区",
    "city_kana": "ナゴヤシチクサク",
    "town": "汁谷町",
    "town_kana": "シルタニチョウ",
    "street": null,
    "office_name": null,
    "office_name_kana": null
  },
  "0014": {
    "postcode": "4640014",
    "prefecture": "愛知県",
    "prefecture_kana": "アイチケン",
    "prefecture_code": 23,
    "city": "名古屋市千種区",
    "city_kana": "ナゴヤシチクサク",
    "town": "御影町",
    "town_kana": "ミカゲチョウ",
    "street": null,
    "office_name": null,
    "office_name_kana": null
  },
  "0015": {
    "postcode": "4640015",
    "prefecture": "愛知県",
    "prefecture_kana": "アイチケン",
    "prefecture_code": 23,
    "city": "名古屋市千種区",
    "city_kana": "ナゴヤシチクサク",
    "town": "富士見台",
    "town_kana": "フジミダイ",
    "street": null,
    "office_name": null,
    "office_name_kana": null
  },
  "0016": {
    "postcode": "4640016",
    "prefecture": "愛知県",
    "prefecture_kana": "アイチケン",
    "prefecture_code": 23,
    "city": "名古屋市千種区",
    "city_kana": "ナゴヤシチクサク",
    "town": "希望ケ丘",
    "town_kana": "キボウガオカ",
    "street": null,
    "office_name": null,
    "office_name_kana": null
  },
  "0017": [
    {
      "postcode": "4640017",
      "prefecture": "愛知県",
      "prefecture_kana": "アイチケン",
      "prefecture_code": 23,
      "city": "名古屋市千種区",
      "city_kana": "ナゴヤシチクサク",
      "town": "鍋屋上野町",
      "town_kana": "ナベヤウエノチョウ",
      "street": null,
      "office_name": null,
      "office_name_kana": null
    },
    {
      "postcode": "4640017",
      "prefecture": "愛知県",
      "prefecture_kana": "アイチケン",
      "prefecture_code": 23,
      "city": "名古屋市千種区",
      "city_kana": "ナゴヤシチクサク",
      "town": "鍋屋上野町汁谷",
      "town_kana": "ナベヤウエノチョウシルタニ",
      "street": null,
      "office_name": null,
      "office_name_kana": null
    }
  ],
  "0018": [
    {
      "postcode": "4640018",
      "prefecture": "愛知県",
      "prefecture_kana": "アイチケン",
      "prefecture_code": 23,
      "city": "名古屋市千種区",
      "city_kana": "ナゴヤシチクサク",
      "town": "鍋屋上野町",
      "town_kana": "ナベヤウエノチョウ",
      "street": null,
      "office_name": null,
      "office_name_kana": null
    },
    {
      "postcode": "4640018",
      "prefecture": "愛知県",
      "prefecture_kana": "アイチケン",
      "prefecture_code": 23,
      "city": "名古屋市千種区",
      "city_kana": "ナゴヤシチクサク",
      "town": "鍋屋上野町北山",
      "town_kana": "ナベヤウエノチョウキタヤマ",
      "street": null,
      "office_name": null,
      "office_name_kana": null
    }
  ],
  "0019": {
    "postcode": "4640019",
    "prefecture": "愛知県",
    "prefecture_kana": "アイチケン",
    "prefecture_code": 23,
    "city": "名古屋市千種区",
    "city_kana": "ナゴヤシチクサク",
    "town": "揚羽町",
    "town_kana": "アゲハチョウ",
    "street": null,
    "office_name": null,
    "office_name_kana": null
  },
  "0021": {
    "postcode": "4640021",
    "prefecture": "愛知県",
    "prefecture_kana": "アイチケン",
    "prefecture_code": 23,
    "city": "名古屋市千種区",
    "city_kana": "ナゴヤシチクサク",
    "town": "鹿子殿",
    "town_kana": "カノコデン",
    "street": null,
    "office_name": null,
    "office_name_kana": null
  },
  "0022": {
    "postcode": "4640022",
    "prefecture": "愛知県",
    "prefecture_kana": "アイチケン",
    "prefecture_code": 23,
    "city": "名古屋市千種区",
    "city_kana": "ナゴヤシチクサク",
    "town": "平和公園",
    "town_kana": "ヘイワコウエン",
    "street": null,
    "office_name": null,
    "office_name_kana": null
  },
  "0023": [
    {
      "postcode": "4640023",
      "prefecture": "愛知県",
      "prefecture_kana": "アイチケン",
      "prefecture_code": 23,
      "city": "名古屋市千種区",
      "city_kana": "ナゴヤシチクサク",
      "town": "田代町",
      "town_kana": "タシロチョウ",
      "street": null,
      "office_name": null,
      "office_name_kana": null
    },
    {
      "postcode": "4640023",
      "prefecture": "愛知県",
      "prefecture_kana": "アイチケン",
      "prefecture_code": 23,
      "city": "名古屋市千種区",
      "city_kana": "ナゴヤシチクサク",
      "town": "田代町鹿子殿",
      "town_kana": "タシロチョウカノコデン",
      "street": null,
      "office_name": null,
      "office_name_kana": null
    }
  ],
  "0024": {
    "postcode": "4640024",
    "prefecture": "愛知県",
    "prefecture_kana": "アイチケン",
    "prefecture_code": 23,
    "city": "名古屋市千種区",
    "city_kana": "ナゴヤシチクサク",
    "town": "平和が丘",
    "town_kana": "ヘイワガオカ",
    "street": null,
    "office_name": null,
    "office_name_kana": null
  },
  "0025": {
    "postcode": "4640025",
    "prefecture": "愛知県",
    "prefecture_kana": "アイチケン",
    "prefecture_code": 23,
    "city": "名古屋市千種区",
    "city_kana": "ナゴヤシチクサク",
    "town": "桜が丘",
    "town_kana": "サクラガオカ",
    "street": null,
    "office_name": null,
    "office_name_kana": null
  },
  "0026": {
    "postcode": "4640026",
    "prefecture": "愛知県",
    "prefecture_kana": "アイチケン",
    "prefecture_code": 23,
    "city": "名古屋市千種区",
    "city_kana": "ナゴヤシチクサク",
    "town": "井上町",
    "town_kana": "イノウエチョウ",
    "street": null,
    "office_name": null,
    "office_name_kana": null
  },
  "0027": {
    "postcode": "4640027",
    "prefecture": "愛知県",
    "prefecture_kana": "アイチケン",
    "prefecture_code": 23,
    "city": "名古屋市千種区",
    "city_kana": "ナゴヤシチクサク",
    "town": "新池町",
    "town_kana": "シンイケチョウ",
    "street": null,
    "office_name": null,
    "office_name_kana": null
  },
  "0028": {
    "postcode": "4640028",
    "prefecture": "愛知県",
    "prefecture_kana": "アイチケン",
    "prefecture_code": 23,
    "city": "名古屋市千種区",
    "city_kana": "ナゴヤシチクサク",
    "town": "東明町",
    "town_kana": "トウメイチョウ",
    "street": null,
    "office_name": null,
    "office_name_kana": null
  },
  "0029": {
    "postcode": "4640029",
    "prefecture": "愛知県",
    "prefecture_kana": "アイチケン",
    "prefecture_code": 23,
    "city": "名古屋市千種区",
    "city_kana": "ナゴヤシチクサク",
    "town": "池上町",
    "town_kana": "イケガミチョウ",
    "street": null,
    "office_name": null,
    "office_name_kana": null
  },
  "0031": {
    "postcode": "4640031",
    "prefecture": "愛知県",
    "prefecture_kana": "アイチケン",
    "prefecture_code": 23,
    "city": "名古屋市千種区",
    "city_kana": "ナゴヤシチクサク",
    "town": "徳川山町",
    "town_kana": "トクガワヤマチョウ",
    "street": null,
    "office_name": null,
    "office_name_kana": null
  },
  "0032": {
    "postcode": "4640032",
    "prefecture": "愛知県",
    "prefecture_kana": "アイチケン",
    "prefecture_code": 23,
    "city": "名古屋市千種区",
    "city_kana": "ナゴヤシチクサク",
    "town": "猫洞通",
    "town_kana": "ネコガホラトオリ",
    "street": null,
    "office_name": null,
    "office_name_kana": null
  },
  "0033": {
    "postcode": "4640033",
    "prefecture": "愛知県",
    "prefecture_kana": "アイチケン",
    "prefecture_code": 23,
    "city": "名古屋市千種区",
    "city_kana": "ナゴヤシチクサク",
    "town": "鹿子町",
    "town_kana": "カノコチョウ",
    "street": null,
    "office_name": null,
    "office_name_kana": null
  },
  "0034": {
    "postcode": "4640034",
    "prefecture": "愛知県",
    "prefecture_kana": "アイチケン",
    "prefecture_code": 23,
    "city": "名古屋市千種区",
    "city_kana": "ナゴヤシチクサク",
    "town": "清住町",
    "town_kana": "キヨズミチョウ",
    "street": null,
    "office_name": null,
    "office_name_kana": null
  },
  "0035": {
    "postcode": "4640035",
    "prefecture": "愛知県",
    "prefecture_kana": "アイチケン",
    "prefecture_code": 23,
    "city": "名古屋市千種区",
    "city_kana": "ナゴヤシチクサク",
    "town": "橋本町",
    "town_kana": "ハシモトチョウ",
    "street": null,
    "office_name": null,
    "office_name_kana": null
  },
  "0036": {
    "postcode": "4640036",
    "prefecture": "愛知県",
    "prefecture_kana": "アイチケン",
    "prefecture_code": 23,
    "city": "名古屋市千種区",
    "city_kana": "ナゴヤシチクサク",
    "town": "本山町",
    "town_kana": "ホンヤマチョウ",
    "street": null,
    "office_name": null,
    "office_name_kana": null
  },
  "0037": {
    "postcode": "4640037",
    "prefecture": "愛知県",
    "prefecture_kana": "アイチケン",
    "prefecture_code": 23,
    "city": "名古屋市千種区",
    "city_kana": "ナゴヤシチクサク",
    "town": "楠元町",
    "town_kana": "クスモトチョウ",
    "street": null,
    "office_name": null,
    "office_name_kana": null
  },
  "0038": {
    "postcode": "4640038",
    "prefecture": "愛知県",
    "prefecture_kana": "アイチケン",
    "prefecture_code": 23,
    "city": "名古屋市千種区",
    "city_kana": "ナゴヤシチクサク",
    "town": "春里町",
    "town_kana": "ハルサトチョウ",
    "street": null,
    "office_name": null,
    "office_name_kana": null
  },
  "0039": {
    "postcode": "4640039",
    "prefecture": "愛知県",
    "prefecture_kana": "アイチケン",
    "prefecture_code": 23,
    "city": "名古屋市千種区",
    "city_kana": "ナゴヤシチクサク",
    "town": "日和町",
    "town_kana": "ヒヨリチョウ",
    "street": null,
    "office_name": null,
    "office_name_kana": null
  },
  "0041": {
    "postcode": "4640041",
    "prefecture": "愛知県",
    "prefecture_kana": "アイチケン",
    "prefecture_code": 23,
    "city": "名古屋市千種区",
    "city_kana": "ナゴヤシチクサク",
    "town": "霞ケ丘",
    "town_kana": "カスミガオカ",
    "street": null,
    "office_name": null,
    "office_name_kana": null
  },
  "0042": {
    "postcode": "4640042",
    "prefecture": "愛知県",
    "prefecture_kana": "アイチケン",
    "prefecture_code": 23,
    "city": "名古屋市千種区",
    "city_kana": "ナゴヤシチクサク",
    "town": "南ケ丘",
    "town_kana": "ミナミガオカ",
    "street": null,
    "office_name": null,
    "office_name_kana": null
  },
  "0043": {
    "postcode": "4640043",
    "prefecture": "愛知県",
    "prefecture_kana": "アイチケン",
    "prefecture_code": 23,
    "city": "名古屋市千種区",
    "city_kana": "ナゴヤシチクサク",
    "town": "月ケ丘",
    "town_kana": "ツキガオカ",
    "street": null,
    "office_name": null,
    "office_name_kana": null
  },
  "0044": {
    "postcode": "4640044",
    "prefecture": "愛知県",
    "prefecture_kana": "アイチケン",
    "prefecture_code": 23,
    "city": "名古屋市千種区",
    "city_kana": "ナゴヤシチクサク",
    "town": "自由ケ丘",
    "town_kana": "ジユウガオカ",
    "street": null,
    "office_name": null,
    "office_name_kana": null
  },
  "0045": {
    "postcode": "4640045",
    "prefecture": "愛知県",
    "prefecture_kana": "アイチケン",
    "prefecture_code": 23,
    "city": "名古屋市千種区",
    "city_kana": "ナゴヤシチクサク",
    "town": "城山町",
    "town_kana": "シロヤマチョウ",
    "street": null,
    "office_name": null,
    "office_name_kana": null
  },
  "0046": {
    "postcode": "4640046",
    "prefecture": "愛知県",
    "prefecture_kana": "アイチケン",
    "prefecture_code": 23,
    "city": "名古屋市千種区",
    "city_kana": "ナゴヤシチクサク",
    "town": "城山新町",
    "town_kana": "シロヤマシンマチ",
    "street": null,
    "office_name": null,
    "office_name_kana": null
  },
  "0051": [
    {
      "postcode": "4640051",
      "prefecture": "愛知県",
      "prefecture_kana": "アイチケン",
      "prefecture_code": 23,
      "city": "名古屋市千種区",
      "city_kana": "ナゴヤシチクサク",
      "town": "田代町",
      "town_kana": "タシロチョウ",
      "street": null,
      "office_name": null,
      "office_name_kana": null
    },
    {
      "postcode": "4640051",
      "prefecture": "愛知県",
      "prefecture_kana": "アイチケン",
      "prefecture_code": 23,
      "city": "名古屋市千種区",
      "city_kana": "ナゴヤシチクサク",
      "town": "田代町四観音道東",
      "town_kana": "タシロチョウシカンノンミチヒガシ",
      "street": null,
      "office_name": null,
      "office_name_kana": null
    }
  ],
  "0052": [
    {
      "postcode": "4640052",
      "prefecture": "愛知県",
      "prefecture_kana": "アイチケン",
      "prefecture_code": 23,
      "city": "名古屋市千種区",
      "city_kana": "ナゴヤシチクサク",
      "town": "田代町",
      "town_kana": "タシロチョウ",
      "street": null,
      "office_name": null,
      "office_name_kana": null
    },
    {
      "postcode": "4640052",
      "prefecture": "愛知県",
      "prefecture_kana": "アイチケン",
      "prefecture_code": 23,
      "city": "名古屋市千種区",
      "city_kana": "ナゴヤシチクサク",
      "town": "田代町四観音道西",
      "town_kana": "タシロチョウシカンノンミチニシ",
      "street": null,
      "office_name": null,
      "office_name_kana": null
    }
  ],
  "0053": [
    {
      "postcode": "4640053",
      "prefecture": "愛知県",
      "prefecture_kana": "アイチケン",
      "prefecture_code": 23,
      "city": "名古屋市千種区",
      "city_kana": "ナゴヤシチクサク",
      "town": "田代町",
      "town_kana": "タシロチョウ",
      "street": null,
      "office_name": null,
      "office_name_kana": null
    },
    {
      "postcode": "4640053",
      "prefecture": "愛知県",
      "prefecture_kana": "アイチケン",
      "prefecture_code": 23,
      "city": "名古屋市千種区",
      "city_kana": "ナゴヤシチクサク",
      "town": "田代町岩谷",
      "town_kana": "タシロチョウイワヤ",
      "street": null,
      "office_name": null,
      "office_name_kana": null
    }
  ],
  "0054": [
    {
      "postcode": "4640054",
      "prefecture": "愛知県",
      "prefecture_kana": "アイチケン",
      "prefecture_code": 23,
      "city": "名古屋市千種区",
      "city_kana": "ナゴヤシチクサク",
      "town": "田代町",
      "town_kana": "タシロチョウ",
      "street": null,
      "office_name": null,
      "office_name_kana": null
    },
    {
      "postcode": "4640054",
      "prefecture": "愛知県",
      "prefecture_kana": "アイチケン",
      "prefecture_code": 23,
      "city": "名古屋市千種区",
      "city_kana": "ナゴヤシチクサク",
      "town": "田代町蝮ケ池上",
      "town_kana": "タシロチョウマムシガイケガミ",
      "street": null,
      "office_name": null,
      "office_name_kana": null
    }
  ],
  "0055": {
    "postcode": "4640055",
    "prefecture": "愛知県",
    "prefecture_kana": "アイチケン",
    "prefecture_code": 23,
    "city": "名古屋市千種区",
    "city_kana": "ナゴヤシチクサク",
    "town": "姫池通",
    "town_kana": "ヒメイケドオリ",
    "street": null,
    "office_name": null,
    "office_name_kana": null
  },
  "0056": {
    "postcode": "4640056",
    "prefecture": "愛知県",
    "prefecture_kana": "アイチケン",
    "prefecture_code": 23,
    "city": "名古屋市千種区",
    "city_kana": "ナゴヤシチクサク",
    "town": "月見坂町",
    "town_kana": "ツキミザカチョウ",
    "street": null,
    "office_name": null,
    "office_name_kana": null
  },
  "0057": {
    "postcode": "4640057",
    "prefecture": "愛知県",
    "prefecture_kana": "アイチケン",
    "prefecture_code": 23,
    "city": "名古屋市千種区",
    "city_kana": "ナゴヤシチクサク",
    "town": "法王町",
    "town_kana": "ホウオウチョウ",
    "street": null,
    "office_name": null,
    "office_name_kana": null
  },
  "0061": {
    "postcode": "4640061",
    "prefecture": "愛知県",
    "prefecture_kana": "アイチケン",
    "prefecture_code": 23,
    "city": "名古屋市千種区",
    "city_kana": "ナゴヤシチクサク",
    "town": "向陽",
    "town_kana": "コウヨウ",
    "street": null,
    "office_name": null,
    "office_name_kana": null
  },
  "0062": {
    "postcode": "4640062",
    "prefecture": "愛知県",
    "prefecture_kana": "アイチケン",
    "prefecture_code": 23,
    "city": "名古屋市千種区",
    "city_kana": "ナゴヤシチクサク",
    "town": "向陽町",
    "town_kana": "コウヨウチョウ",
    "street": null,
    "office_name": null,
    "office_name_kana": null
  },
  "0063": {
    "postcode": "4640063",
    "prefecture": "愛知県",
    "prefecture_kana": "アイチケン",
    "prefecture_code": 23,
    "city": "名古屋市千種区",
    "city_kana": "ナゴヤシチクサク",
    "town": "西山元町",
    "town_kana": "ニシヤマモトマチ",
    "street": null,
    "office_name": null,
    "office_name_kana": null
  },
  "0064": {
    "postcode": "4640064",
    "prefecture": "愛知県",
    "prefecture_kana": "アイチケン",
    "prefecture_code": 23,
    "city": "名古屋市千種区",
    "city_kana": "ナゴヤシチクサク",
    "town": "山門町",
    "town_kana": "サンモンチョウ",
    "street": null,
    "office_name": null,
    "office_name_kana": null
  },
  "0065": {
    "postcode": "4640065",
    "prefecture": "愛知県",
    "prefecture_kana": "アイチケン",
    "prefecture_code": 23,
    "city": "名古屋市千種区",
    "city_kana": "ナゴヤシチクサク",
    "town": "堀割町",
    "town_kana": "ホリワリチョウ",
    "street": null,
    "office_name": null,
    "office_name_kana": null
  },
  "0066": {
    "postcode": "4640066",
    "prefecture": "愛知県",
    "prefecture_kana": "アイチケン",
    "prefecture_code": 23,
    "city": "名古屋市千種区",
    "city_kana": "ナゴヤシチクサク",
    "town": "池下町",
    "town_kana": "イケシタチョウ",
    "street": null,
    "office_name": null,
    "office_name_kana": null
  },
  "0067": {
    "postcode": "4640067",
    "prefecture": "愛知県",
    "prefecture_kana": "アイチケン",
    "prefecture_code": 23,
    "city": "名古屋市千種区",
    "city_kana": "ナゴヤシチクサク",
    "town": "池下",
    "town_kana": "イケシタ",
    "street": null,
    "office_name": null,
    "office_name_kana": null
  },
  "0071": {
    "postcode": "4640071",
    "prefecture": "愛知県",
    "prefecture_kana": "アイチケン",
    "prefecture_code": 23,
    "city": "名古屋市千種区",
    "city_kana": "ナゴヤシチクサク",
    "town": "若水",
    "town_kana": "ワカミズ",
    "street": null,
    "office_name": null,
    "office_name_kana": null
  },
  "0072": {
    "postcode": "4640072",
    "prefecture": "愛知県",
    "prefecture_kana": "アイチケン",
    "prefecture_code": 23,
    "city": "名古屋市千種区",
    "city_kana": "ナゴヤシチクサク",
    "town": "振甫町",
    "town_kana": "シンポチョウ",
    "street": null,
    "office_name": null,
    "office_name_kana": null
  },
  "0073": {
    "postcode": "4640073",
    "prefecture": "愛知県",
    "prefecture_kana": "アイチケン",
    "prefecture_code": 23,
    "city": "名古屋市千種区",
    "city_kana": "ナゴヤシチクサク",
    "town": "高見",
    "town_kana": "タカミ",
    "street": null,
    "office_name": null,
    "office_name_kana": null
  },
  "0074": {
    "postcode": "4640074",
    "prefecture": "愛知県",
    "prefecture_kana": "アイチケン",
    "prefecture_code": 23,
    "city": "名古屋市千種区",
    "city_kana": "ナゴヤシチクサク",
    "town": "仲田",
    "town_kana": "ナカタ",
    "street": null,
    "office_name": null,
    "office_name_kana": null
  },
  "0075": {
    "postcode": "4640075",
    "prefecture": "愛知県",
    "prefecture_kana": "アイチケン",
    "prefecture_code": 23,
    "city": "名古屋市千種区",
    "city_kana": "ナゴヤシチクサク",
    "town": "内山",
    "town_kana": "ウチヤマ",
    "street": null,
    "office_name": null,
    "office_name_kana": null
  },
  "0076": {
    "postcode": "4640076",
    "prefecture": "愛知県",
    "prefecture_kana": "アイチケン",
    "prefecture_code": 23,
    "city": "名古屋市千種区",
    "city_kana": "ナゴヤシチクサク",
    "town": "豊年町",
    "town_kana": "ホウネンチョウ",
    "street": null,
    "office_name": null,
    "office_name_kana": null
  },
  "0077": {
    "postcode": "4640077",
    "prefecture": "愛知県",
    "prefecture_kana": "アイチケン",
    "prefecture_code": 23,
    "city": "名古屋市千種区",
    "city_kana": "ナゴヤシチクサク",
    "town": "神田町",
    "town_kana": "カンダチョウ",
    "street": null,
    "office_name": null,
    "office_name_kana": null
  },
  "0081": {
    "postcode": "4640081",
    "prefecture": "愛知県",
    "prefecture_kana": "アイチケン",
    "prefecture_code": 23,
    "city": "名古屋市千種区",
    "city_kana": "ナゴヤシチクサク",
    "town": "谷口町",
    "town_kana": "タニグチチョウ",
    "street": null,
    "office_name": null,
    "office_name_kana": null
  },
  "0082": {
    "postcode": "4640082",
    "prefecture": "愛知県",
    "prefecture_kana": "アイチケン",
    "prefecture_code": 23,
    "city": "名古屋市千種区",
    "city_kana": "ナゴヤシチクサク",
    "town": "上野",
    "town_kana": "ウエノ",
    "street": null,
    "office_name": null,
    "office_name_kana": null
  },
  "0083": {
    "postcode": "4640083",
    "prefecture": "愛知県",
    "prefecture_kana": "アイチケン",
    "prefecture_code": 23,
    "city": "名古屋市千種区",
    "city_kana": "ナゴヤシチクサク",
    "town": "北千種",
    "town_kana": "キタチクサ",
    "street": null,
    "office_name": null,
    "office_name_kana": null
  },
  "0084": {
    "postcode": "4640084",
    "prefecture": "愛知県",
    "prefecture_kana": "アイチケン",
    "prefecture_code": 23,
    "city": "名古屋市千種区",
    "city_kana": "ナゴヤシチクサク",
    "town": "松軒",
    "town_kana": "ショウケン",
    "street": null,
    "office_name": null,
    "office_name_kana": null
  },
  "0085": {
    "postcode": "4640085",
    "prefecture": "愛知県",
    "prefecture_kana": "アイチケン",
    "prefecture_code": 23,
    "city": "名古屋市千種区",
    "city_kana": "ナゴヤシチクサク",
    "town": "古出来",
    "town_kana": "コデキ",
    "street": null,
    "office_name": null,
    "office_name_kana": null
  },
  "0086": {
    "postcode": "4640086",
    "prefecture": "愛知県",
    "prefecture_kana": "アイチケン",
    "prefecture_code": 23,
    "city": "名古屋市千種区",
    "city_kana": "ナゴヤシチクサク",
    "town": "萱場",
    "town_kana": "カヤバ",
    "street": null,
    "office_name": null,
    "office_name_kana": null
  },
  "0087": {
    "postcode": "4640087",
    "prefecture": "愛知県",
    "prefecture_kana": "アイチケン",
    "prefecture_code": 23,
    "city": "名古屋市千種区",
    "city_kana": "ナゴヤシチクサク",
    "town": "清明山",
    "town_kana": "セイメイヤマ",
    "street": null,
    "office_name": null,
    "office_name_kana": null
  },
  "0091": {
    "postcode": "4640091",
    "prefecture": "愛知県",
    "prefecture_kana": "アイチケン",
    "prefecture_code": 23,
    "city": "名古屋市千種区",
    "city_kana": "ナゴヤシチクサク",
    "town": "宮の腰町",
    "town_kana": "ミヤノコシチョウ",
    "street": null,
    "office_name": null,
    "office_name_kana": null
  },
  "0092": {
    "postcode": "4640092",
    "prefecture": "愛知県",
    "prefecture_kana": "アイチケン",
    "prefecture_code": 23,
    "city": "名古屋市千種区",
    "city_kana": "ナゴヤシチクサク",
    "town": "茶屋が坂",
    "town_kana": "チャヤガサカ",
    "street": null,
    "office_name": null,
    "office_name_kana": null
  },
  "0093": {
    "postcode": "4640093",
    "prefecture": "愛知県",
    "prefecture_kana": "アイチケン",
    "prefecture_code": 23,
    "city": "名古屋市千種区",
    "city_kana": "ナゴヤシチクサク",
    "town": "茶屋坂通",
    "town_kana": "チャヤサカトオリ",
    "street": null,
    "office_name": null,
    "office_name_kana": null
  },
  "0094": {
    "postcode": "4640094",
    "prefecture": "愛知県",
    "prefecture_kana": "アイチケン",
    "prefecture_code": 23,
    "city": "名古屋市千種区",
    "city_kana": "ナゴヤシチクサク",
    "town": "赤坂町",
    "town_kana": "アカサカチョウ",
    "street": null,
    "office_name": null,
    "office_name_kana": null
  },
  "0095": {
    "postcode": "4640095",
    "prefecture": "愛知県",
    "prefecture_kana": "アイチケン",
    "prefecture_code": 23,
    "city": "名古屋市千種区",
    "city_kana": "ナゴヤシチクサク",
    "town": "天満通",
    "town_kana": "テンマドオリ",
    "street": null,
    "office_name": null,
    "office_name_kana": null
  },
  "0096": {
    "postcode": "4640096",
    "prefecture": "愛知県",
    "prefecture_kana": "アイチケン",
    "prefecture_code": 23,
    "city": "名古屋市千種区",
    "city_kana": "ナゴヤシチクサク",
    "town": "下方町",
    "town_kana": "シモカタチョウ",
    "street": null,
    "office_name": null,
    "office_name_kana": null
  },
  "0097": [
    {
      "postcode": "4640097",
      "prefecture": "愛知県",
      "prefecture_kana": "アイチケン",
      "prefecture_code": 23,
      "city": "名古屋市千種区",
      "city_kana": "ナゴヤシチクサク",
      "town": "鍋屋上野町",
      "town_kana": "ナベヤウエノチョウ",
      "street": null,
      "office_name": null,
      "office_name_kana": null
    },
    {
      "postcode": "4640097",
      "prefecture": "愛知県",
      "prefecture_kana": "アイチケン",
      "prefecture_code": 23,
      "city": "名古屋市千種区",
      "city_kana": "ナゴヤシチクサク",
      "town": "鍋屋上野町東脇",
      "town_kana": "ナベヤウエノチョウヒガシワキ",
      "street": null,
      "office_name": null,
      "office_name_kana": null
    }
  ],
  "0801": {
    "postcode": "4640801",
    "prefecture": "愛知県",
    "prefecture_kana": "アイチケン",
    "prefecture_code": 23,
    "city": "名古屋市千種区",
    "city_kana": "ナゴヤシチクサク",
    "town": "星ケ丘",
    "town_kana": "ホシガオカ",
    "street": null,
    "office_name": null,
    "office_name_kana": null
  },
  "0802": {
    "postcode": "4640802",
    "prefecture": "愛知県",
    "prefecture_kana": "アイチケン",
    "prefecture_code": 23,
    "city": "名古屋市千種区",
    "city_kana": "ナゴヤシチクサク",
    "town": "星が丘元町",
    "town_kana": "ホシガオカモトマチ",
    "street": null,
    "office_name": null,
    "office_name_kana": null
  },
  "0803": [
    {
      "postcode": "4640803",
      "prefecture": "愛知県",
      "prefecture_kana": "アイチケン",
      "prefecture_code": 23,
      "city": "名古屋市千種区",
      "city_kana": "ナゴヤシチクサク",
      "town": "田代町",
      "town_kana": "タシロチョウ",
      "street": null,
      "office_name": null,
      "office_name_kana": null
    },
    {
      "postcode": "4640803",
      "prefecture": "愛知県",
      "prefecture_kana": "アイチケン",
      "prefecture_code": 23,
      "city": "名古屋市千種区",
      "city_kana": "ナゴヤシチクサク",
      "town": "田代町瓶杁",
      "town_kana": "タシロチョウカメイリ",
      "street": null,
      "office_name": null,
      "office_name_kana": null
    }
  ],
  "0804": {
    "postcode": "4640804",
    "prefecture": "愛知県",
    "prefecture_kana": "アイチケン",
    "prefecture_code": 23,
    "city": "名古屋市千種区",
    "city_kana": "ナゴヤシチクサク",
    "town": "東山元町",
    "town_kana": "ヒガシヤマモトマチ",
    "street": null,
    "office_name": null,
    "office_name_kana": null
  },
  "0805": {
    "postcode": "4640805",
    "prefecture": "愛知県",
    "prefecture_kana": "アイチケン",
    "prefecture_code": 23,
    "city": "名古屋市千種区",
    "city_kana": "ナゴヤシチクサク",
    "town": "萩岡町",
    "town_kana": "ハギオカチョウ",
    "street": null,
    "office_name": null,
    "office_name_kana": null
  },
  "0806": {
    "postcode": "4640806",
    "prefecture": "愛知県",
    "prefecture_kana": "アイチケン",
    "prefecture_code": 23,
    "city": "名古屋市千種区",
    "city_kana": "ナゴヤシチクサク",
    "town": "唐山町",
    "town_kana": "カラヤマチョウ",
    "street": null,
    "office_name": null,
    "office_name_kana": null
  },
  "0807": {
    "postcode": "4640807",
    "prefecture": "愛知県",
    "prefecture_kana": "アイチケン",
    "prefecture_code": 23,
    "city": "名古屋市千種区",
    "city_kana": "ナゴヤシチクサク",
    "town": "東山通",
    "town_kana": "ヒガシヤマトオリ",
    "street": null,
    "office_name": null,
    "office_name_kana": null
  },
  "0808": {
    "postcode": "4640808",
    "prefecture": "愛知県",
    "prefecture_kana": "アイチケン",
    "prefecture_code": 23,
    "city": "名古屋市千種区",
    "city_kana": "ナゴヤシチクサク",
    "town": "星が丘山手",
    "town_kana": "ホシガオカヤマテ",
    "street": null,
    "office_name": null,
    "office_name_kana": null
  },
  "0811": {
    "postcode": "4640811",
    "prefecture": "愛知県",
    "prefecture_kana": "アイチケン",
    "prefecture_code": 23,
    "city": "名古屋市千種区",
    "city_kana": "ナゴヤシチクサク",
    "town": "朝岡町",
    "town_kana": "アサオカチョウ",
    "street": null,
    "office_name": null,
    "office_name_kana": null
  },
  "0812": {
    "postcode": "4640812",
    "prefecture": "愛知県",
    "prefecture_kana": "アイチケン",
    "prefecture_code": 23,
    "city": "名古屋市千種区",
    "city_kana": "ナゴヤシチクサク",
    "town": "園山町",
    "town_kana": "ソノヤマチョウ",
    "street": null,
    "office_name": null,
    "office_name_kana": null
  },
  "0813": {
    "postcode": "4640813",
    "prefecture": "愛知県",
    "prefecture_kana": "アイチケン",
    "prefecture_code": 23,
    "city": "名古屋市千種区",
    "city_kana": "ナゴヤシチクサク",
    "town": "仁座町",
    "town_kana": "ニザチョウ",
    "street": null,
    "office_name": null,
    "office_name_kana": null
  },
  "0814": {
    "postcode": "4640814",
    "prefecture": "愛知県",
    "prefecture_kana": "アイチケン",
    "prefecture_code": 23,
    "city": "名古屋市千種区",
    "city_kana": "ナゴヤシチクサク",
    "town": "不老町",
    "town_kana": "フロウチョウ",
    "street": null,
    "office_name": null,
    "office_name_kana": null
  },
  "0815": {
    "postcode": "4640815",
    "prefecture": "愛知県",
    "prefecture_kana": "アイチケン",
    "prefecture_code": 23,
    "city": "名古屋市千種区",
    "city_kana": "ナゴヤシチクサク",
    "town": "幸川町",
    "town_kana": "コウガワチョウ",
    "street": null,
    "office_name": null,
    "office_name_kana": null
  },
  "0816": {
    "postcode": "4640816",
    "prefecture": "愛知県",
    "prefecture_kana": "アイチケン",
    "prefecture_code": 23,
    "city": "名古屋市千種区",
    "city_kana": "ナゴヤシチクサク",
    "town": "鏡池通",
    "town_kana": "カガミイケトオリ",
    "street": null,
    "office_name": null,
    "office_name_kana": null
  },
  "0817": {
    "postcode": "4640817",
    "prefecture": "愛知県",
    "prefecture_kana": "アイチケン",
    "prefecture_code": 23,
    "city": "名古屋市千種区",
    "city_kana": "ナゴヤシチクサク",
    "town": "見附町",
    "town_kana": "ミツケチョウ",
    "street": null,
    "office_name": null,
    "office_name_kana": null
  },
  "0818": {
    "postcode": "4640818",
    "prefecture": "愛知県",
    "prefecture_kana": "アイチケン",
    "prefecture_code": 23,
    "city": "名古屋市千種区",
    "city_kana": "ナゴヤシチクサク",
    "town": "池園町",
    "town_kana": "イケソノチョウ",
    "street": null,
    "office_name": null,
    "office_name_kana": null
  },
  "0819": {
    "postcode": "4640819",
    "prefecture": "愛知県",
    "prefecture_kana": "アイチケン",
    "prefecture_code": 23,
    "city": "名古屋市千種区",
    "city_kana": "ナゴヤシチクサク",
    "town": "四谷通",
    "town_kana": "ヨツヤトオリ",
    "street": null,
    "office_name": null,
    "office_name_kana": null
  },
  "0821": {
    "postcode": "4640821",
    "prefecture": "愛知県",
    "prefecture_kana": "アイチケン",
    "prefecture_code": 23,
    "city": "名古屋市千種区",
    "city_kana": "ナゴヤシチクサク",
    "town": "末盛通",
    "town_kana": "スエモリトオリ",
    "street": null,
    "office_name": null,
    "office_name_kana": null
  },
  "0822": {
    "postcode": "4640822",
    "prefecture": "愛知県",
    "prefecture_kana": "アイチケン",
    "prefecture_code": 23,
    "city": "名古屋市千種区",
    "city_kana": "ナゴヤシチクサク",
    "town": "穂波町",
    "town_kana": "ホナミチョウ",
    "street": null,
    "office_name": null,
    "office_name_kana": null
  },
  "0823": {
    "postcode": "4640823",
    "prefecture": "愛知県",
    "prefecture_kana": "アイチケン",
    "prefecture_code": 23,
    "city": "名古屋市千種区",
    "city_kana": "ナゴヤシチクサク",
    "town": "松竹町",
    "town_kana": "ショウチクチョウ",
    "street": null,
    "office_name": null,
    "office_name_kana": null
  },
  "0824": {
    "postcode": "4640824",
    "prefecture": "愛知県",
    "prefecture_kana": "アイチケン",
    "prefecture_code": 23,
    "city": "名古屋市千種区",
    "city_kana": "ナゴヤシチクサク",
    "town": "稲舟通",
    "town_kana": "イナフネトオリ",
    "street": null,
    "office_name": null,
    "office_name_kana": null
  },
  "0825": {
    "postcode": "4640825",
    "prefecture": "愛知県",
    "prefecture_kana": "アイチケン",
    "prefecture_code": 23,
    "city": "名古屋市千種区",
    "city_kana": "ナゴヤシチクサク",
    "town": "西崎町",
    "town_kana": "ニシサキチョウ",
    "street": null,
    "office_name": null,
    "office_name_kana": null
  },
  "0826": {
    "postcode": "4640826",
    "prefecture": "愛知県",
    "prefecture_kana": "アイチケン",
    "prefecture_code": 23,
    "city": "名古屋市千種区",
    "city_kana": "ナゴヤシチクサク",
    "town": "川崎町",
    "town_kana": "カワサキチョウ",
    "street": null,
    "office_name": null,
    "office_name_kana": null
  },
  "0827": {
    "postcode": "4640827",
    "prefecture": "愛知県",
    "prefecture_kana": "アイチケン",
    "prefecture_code": 23,
    "city": "名古屋市千種区",
    "city_kana": "ナゴヤシチクサク",
    "town": "田代本通",
    "town_kana": "タシロホントオリ",
    "street": null,
    "office_name": null,
    "office_name_kana": null
  },
  "0831": {
    "postcode": "4640831",
    "prefecture": "愛知県",
    "prefecture_kana": "アイチケン",
    "prefecture_code": 23,
    "city": "名古屋市千種区",
    "city_kana": "ナゴヤシチクサク",
    "town": "観月町",
    "town_kana": "カンゲツチョウ",
    "street": null,
    "office_name": null,
    "office_name_kana": null
  },
  "0832": {
    "postcode": "4640832",
    "prefecture": "愛知県",
    "prefecture_kana": "アイチケン",
    "prefecture_code": 23,
    "city": "名古屋市千種区",
    "city_kana": "ナゴヤシチクサク",
    "town": "山添町",
    "town_kana": "ヤマゾエチョウ",
    "street": null,
    "office_name": null,
    "office_name_kana": null
  },
  "0833": {
    "postcode": "4640833",
    "prefecture": "愛知県",
    "prefecture_kana": "アイチケン",
    "prefecture_code": 23,
    "city": "名古屋市千種区",
    "city_kana": "ナゴヤシチクサク",
    "town": "大島町",
    "town_kana": "オオシマチョウ",
    "street": null,
    "office_name": null,
    "office_name_kana": null
  },
  "0834": {
    "postcode": "4640834",
    "prefecture": "愛知県",
    "prefecture_kana": "アイチケン",
    "prefecture_code": 23,
    "city": "名古屋市千種区",
    "city_kana": "ナゴヤシチクサク",
    "town": "日岡町",
    "town_kana": "ヒノオカチョウ",
    "street": null,
    "office_name": null,
    "office_name_kana": null
  },
  "0835": {
    "postcode": "4640835",
    "prefecture": "愛知県",
    "prefecture_kana": "アイチケン",
    "prefecture_code": 23,
    "city": "名古屋市千種区",
    "city_kana": "ナゴヤシチクサク",
    "town": "御棚町",
    "town_kana": "オタナチョウ",
    "street": null,
    "office_name": null,
    "office_name_kana": null
  },
  "0836": {
    "postcode": "4640836",
    "prefecture": "愛知県",
    "prefecture_kana": "アイチケン",
    "prefecture_code": 23,
    "city": "名古屋市千種区",
    "city_kana": "ナゴヤシチクサク",
    "town": "菊坂町",
    "town_kana": "キクザカチョウ",
    "street": null,
    "office_name": null,
    "office_name_kana": null
  },
  "0837": {
    "postcode": "4640837",
    "prefecture": "愛知県",
    "prefecture_kana": "アイチケン",
    "prefecture_code": 23,
    "city": "名古屋市千種区",
    "city_kana": "ナゴヤシチクサク",
    "town": "丘上町",
    "town_kana": "オカウエチョウ",
    "street": null,
    "office_name": null,
    "office_name_kana": null
  },
  "0841": {
    "postcode": "4640841",
    "prefecture": "愛知県",
    "prefecture_kana": "アイチケン",
    "prefecture_code": 23,
    "city": "名古屋市千種区",
    "city_kana": "ナゴヤシチクサク",
    "town": "覚王山通",
    "town_kana": "カクオウザントオリ",
    "street": null,
    "office_name": null,
    "office_name_kana": null
  },
  "0842": {
    "postcode": "4640842",
    "prefecture": "愛知県",
    "prefecture_kana": "アイチケン",
    "prefecture_code": 23,
    "city": "名古屋市千種区",
    "city_kana": "ナゴヤシチクサク",
    "town": "桐林町",
    "town_kana": "キリバヤシチョウ",
    "street": null,
    "office_name": null,
    "office_name_kana": null
  },
  "0843": {
    "postcode": "4640843",
    "prefecture": "愛知県",
    "prefecture_kana": "アイチケン",
    "prefecture_code": 23,
    "city": "名古屋市千種区",
    "city_kana": "ナゴヤシチクサク",
    "town": "丸山町",
    "town_kana": "マルヤマチョウ",
    "street": null,
    "office_name": null,
    "office_name_kana": null
  },
  "0844": {
    "postcode": "4640844",
    "prefecture": "愛知県",
    "prefecture_kana": "アイチケン",
    "prefecture_code": 23,
    "city": "名古屋市千種区",
    "city_kana": "ナゴヤシチクサク",
    "town": "日進通",
    "town_kana": "ニッシントオリ",
    "street": null,
    "office_name": null,
    "office_name_kana": null
  },
  "0845": {
    "postcode": "4640845",
    "prefecture": "愛知県",
    "prefecture_kana": "アイチケン",
    "prefecture_code": 23,
    "city": "名古屋市千種区",
    "city_kana": "ナゴヤシチクサク",
    "town": "南明町",
    "town_kana": "ナンメイチョウ",
    "street": null,
    "office_name": null,
    "office_name_kana": null
  },
  "0846": {
    "postcode": "4640846",
    "prefecture": "愛知県",
    "prefecture_kana": "アイチケン",
    "prefecture_code": 23,
    "city": "名古屋市千種区",
    "city_kana": "ナゴヤシチクサク",
    "town": "城木町",
    "town_kana": "シロキチョウ",
    "street": null,
    "office_name": null,
    "office_name_kana": null
  },
  "0847": {
    "postcode": "4640847",
    "prefecture": "愛知県",
    "prefecture_kana": "アイチケン",
    "prefecture_code": 23,
    "city": "名古屋市千種区",
    "city_kana": "ナゴヤシチクサク",
    "town": "春岡通",
    "town_kana": "ハルオカトオリ",
    "street": null,
    "office_name": null,
    "office_name_kana": null
  },
  "0848": {
    "postcode": "4640848",
    "prefecture": "愛知県",
    "prefecture_kana": "アイチケン",
    "prefecture_code": 23,
    "city": "名古屋市千種区",
    "city_kana": "ナゴヤシチクサク",
    "town": "春岡",
    "town_kana": "ハルオカ",
    "street": null,
    "office_name": null,
    "office_name_kana": null
  },
  "0850": {
    "postcode": "4640850",
    "prefecture": "愛知県",
    "prefecture_kana": "アイチケン",
    "prefecture_code": 23,
    "city": "名古屋市千種区",
    "city_kana": "ナゴヤシチクサク",
    "town": "今池",
    "town_kana": "イマイケ",
    "street": null,
    "office_name": null,
    "office_name_kana": null
  },
  "0851": {
    "postcode": "4640851",
    "prefecture": "愛知県",
    "prefecture_kana": "アイチケン",
    "prefecture_code": 23,
    "city": "名古屋市千種区",
    "city_kana": "ナゴヤシチクサク",
    "town": "今池南",
    "town_kana": "イマイケミナミ",
    "street": null,
    "office_name": null,
    "office_name_kana": null
  },
  "0852": {
    "postcode": "4640852",
    "prefecture": "愛知県",
    "prefecture_kana": "アイチケン",
    "prefecture_code": 23,
    "city": "名古屋市千種区",
    "city_kana": "ナゴヤシチクサク",
    "town": "青柳町",
    "town_kana": "アオヤギチョウ",
    "street": null,
    "office_name": null,
    "office_name_kana": null
  },
  "0853": {
    "postcode": "4640853",
    "prefecture": "愛知県",
    "prefecture_kana": "アイチケン",
    "prefecture_code": 23,
    "city": "名古屋市千種区",
    "city_kana": "ナゴヤシチクサク",
    "town": "小松町",
    "town_kana": "コマツチョウ",
    "street": null,
    "office_name": null,
    "office_name_kana": null
  },
  "0854": {
    "postcode": "4640854",
    "prefecture": "愛知県",
    "prefecture_kana": "アイチケン",
    "prefecture_code": 23,
    "city": "名古屋市千種区",
    "city_kana": "ナゴヤシチクサク",
    "town": "大久手町",
    "town_kana": "オオクテチョウ",
    "street": null,
    "office_name": null,
    "office_name_kana": null
  },
  "0855": {
    "postcode": "4640855",
    "prefecture": "愛知県",
    "prefecture_kana": "アイチケン",
    "prefecture_code": 23,
    "city": "名古屋市千種区",
    "city_kana": "ナゴヤシチクサク",
    "town": "千種通",
    "town_kana": "チクサトオリ",
    "street": null,
    "office_name": null,
    "office_name_kana": null
  },
  "0856": {
    "postcode": "4640856",
    "prefecture": "愛知県",
    "prefecture_kana": "アイチケン",
    "prefecture_code": 23,
    "city": "名古屋市千種区",
    "city_kana": "ナゴヤシチクサク",
    "town": "吹上",
    "town_kana": "フキアゲ",
    "street": null,
    "office_name": null,
    "office_name_kana": null
  },
  "0857": {
    "postcode": "4640857",
    "prefecture": "愛知県",
    "prefecture_kana": "アイチケン",
    "prefecture_code": 23,
    "city": "名古屋市千種区",
    "city_kana": "ナゴヤシチクサク",
    "town": "花田町",
    "town_kana": "ハナダチョウ",
    "street": null,
    "office_name": null,
    "office_name_kana": null
  },
  "0858": {
    "postcode": "4640858",
    "prefecture": "愛知県",
    "prefecture_kana": "アイチケン",
    "prefecture_code": 23,
    "city": "名古屋市千種区",
    "city_kana": "ナゴヤシチクサク",
    "town": "千種",
    "town_kana": "チクサ",
    "street": null,
    "office_name": null,
    "office_name_kana": null
  },
  "0859": {
    "postcode": "4640859",
    "prefecture": "愛知県",
    "prefecture_kana": "アイチケン",
    "prefecture_code": 23,
    "city": "名古屋市千種区",
    "city_kana": "ナゴヤシチクサク",
    "town": "新栄",
    "town_kana": "シンサカエ",
    "street": null,
    "office_name": null,
    "office_name_kana": null
  },
  "0871": {
    "postcode": "4640871",
    "prefecture": "愛知県",
    "prefecture_kana": "アイチケン",
    "prefecture_code": 23,
    "city": "名古屋市千種区",
    "city_kana": "ナゴヤシチクサク",
    "town": "天白町植田",
    "town_kana": "テンパクチョウウエダ",
    "street": null,
    "office_name": null,
    "office_name_kana": null
  },
  "8511": {
    "postcode": "4648511",
    "prefecture": "愛知県",
    "prefecture_kana": "アイチケン",
    "prefecture_code": 23,
    "city": "名古屋市千種区",
    "city_kana": "ナゴヤシチクサク",
    "town": "千代田橋",
    "town_kana": "チヨダバシ",
    "street": "２丁目１−１",
    "office_name": "ユニー千代田橋店",
    "office_name_kana": "ユニ-チヨダバシテン"
  },
  "8512": {
    "postcode": "4648512",
    "prefecture": "愛知県",
    "prefecture_kana": "アイチケン",
    "prefecture_code": 23,
    "city": "名古屋市千種区",
    "city_kana": "ナゴヤシチクサク",
    "town": "千代田橋",
    "town_kana": "チヨダバシ",
    "street": "１丁目１−１",
    "office_name": "国家公務員共済組合連合会　東海病院",
    "office_name_kana": "コツカコウムインキヨウサイクミアイレンゴウカイ トウカイビヨウイン"
  },
  "8520": {
    "postcode": "4648520",
    "prefecture": "愛知県",
    "prefecture_kana": "アイチケン",
    "prefecture_code": 23,
    "city": "名古屋市千種区",
    "city_kana": "ナゴヤシチクサク",
    "town": "光が丘",
    "town_kana": "ヒカリガオカ",
    "street": "２丁目１１−４１",
    "office_name": "愛知高等学校",
    "office_name_kana": "アイチコウトウガツコウ"
  },
  "8521": {
    "postcode": "4648521",
    "prefecture": "愛知県",
    "prefecture_kana": "アイチケン",
    "prefecture_code": 23,
    "city": "名古屋市千種区",
    "city_kana": "ナゴヤシチクサク",
    "town": "京命",
    "town_kana": "キョウメイ",
    "street": "１丁目１−３２",
    "office_name": "アスティショッピングセンター",
    "office_name_kana": "アステイシヨツピングセンタ-"
  },
  "8522": {
    "postcode": "4648522",
    "prefecture": "愛知県",
    "prefecture_kana": "アイチケン",
    "prefecture_code": 23,
    "city": "名古屋市千種区",
    "city_kana": "ナゴヤシチクサク",
    "town": "千代が丘",
    "town_kana": "チヨガオカ",
    "street": "５−５０",
    "office_name": "名古屋コミュニタス　株式会社",
    "office_name_kana": "ナゴヤコミユニタス カブシキガイシヤ"
  },
  "8525": {
    "postcode": "4648525",
    "prefecture": "愛知県",
    "prefecture_kana": "アイチケン",
    "prefecture_code": 23,
    "city": "名古屋市千種区",
    "city_kana": "ナゴヤシチクサク",
    "town": "吹上",
    "town_kana": "フキアゲ",
    "street": "二丁目６番３号",
    "office_name": "公益財団法人　名古屋産業振興公社",
    "office_name_kana": "コウエキザイダンホウジン ナゴヤサンギヨウシンコウコウシヤ"
  },
  "8530": {
    "postcode": "4648530",
    "prefecture": "愛知県",
    "prefecture_kana": "アイチケン",
    "prefecture_code": 23,
    "city": "名古屋市千種区",
    "city_kana": "ナゴヤシチクサク",
    "town": "萱場",
    "town_kana": "カヤバ",
    "street": "１丁目６−１９",
    "office_name": "株式会社　油久",
    "office_name_kana": "カブシキガイシヤ アブキユウ"
  },
  "8531": {
    "postcode": "4648531",
    "prefecture": "愛知県",
    "prefecture_kana": "アイチケン",
    "prefecture_code": 23,
    "city": "名古屋市千種区",
    "city_kana": "ナゴヤシチクサク",
    "town": "谷口町",
    "town_kana": "タニグチチョウ",
    "street": "５−３０",
    "office_name": "株式会社　名古屋医理科商会",
    "office_name_kana": "カブシキガイシヤ ナゴヤイリカシヨウカイ"
  },
  "8533": {
    "postcode": "4648533",
    "prefecture": "愛知県",
    "prefecture_kana": "アイチケン",
    "prefecture_code": 23,
    "city": "名古屋市千種区",
    "city_kana": "ナゴヤシチクサク",
    "town": "北千種",
    "town_kana": "キタチクサ",
    "street": "３丁目１−３７",
    "office_name": "学校法人　市邨学園　市邨学園高等学校　市邨学園中学校",
    "office_name_kana": "ガツコウホウジン イチムラガクエン イチムラガクエンコウトウガツコウ イチムラガクエンチユウガツコウ"
  },
  "8536": {
    "postcode": "4648536",
    "prefecture": "愛知県",
    "prefecture_kana": "アイチケン",
    "prefecture_code": 23,
    "city": "名古屋市千種区",
    "city_kana": "ナゴヤシチクサク",
    "town": "萱場",
    "town_kana": "カヤバ",
    "street": "２丁目４−７",
    "office_name": "サンスター　株式会社　名古屋支店",
    "office_name_kana": "サンスタ- カブシキガイシヤ ナゴヤシテン"
  },
  "8539": {
    "postcode": "4648539",
    "prefecture": "愛知県",
    "prefecture_kana": "アイチケン",
    "prefecture_code": 23,
    "city": "名古屋市千種区",
    "city_kana": "ナゴヤシチクサク",
    "town": "萱場",
    "town_kana": "カヤバ",
    "street": "２丁目１４−３１",
    "office_name": "株式会社　榎村鐵工所　株式会社　エムラ販売",
    "office_name_kana": "カブシキガイシヤ エムラテツコウジヨ カブシキガイシヤ エムラハンバイ"
  },
  "8540": {
    "postcode": "4648540",
    "prefecture": "愛知県",
    "prefecture_kana": "アイチケン",
    "prefecture_code": 23,
    "city": "名古屋市千種区",
    "city_kana": "ナゴヤシチクサク",
    "town": "若水",
    "town_kana": "ワカミズ",
    "street": "３丁目２−１２",
    "office_name": "学校法人　名古屋電気学園",
    "office_name_kana": "ガツコウホウジン ナゴヤデンキガクエン"
  },
  "8545": {
    "postcode": "4648545",
    "prefecture": "愛知県",
    "prefecture_kana": "アイチケン",
    "prefecture_code": 23,
    "city": "名古屋市千種区",
    "city_kana": "ナゴヤシチクサク",
    "town": "仲田",
    "town_kana": "ナカタ",
    "street": "２丁目２−２３",
    "office_name": "株式会社　八木一",
    "office_name_kana": "カブシキガイシヤ ヤギイチ"
  },
  "8546": {
    "postcode": "4648546",
    "prefecture": "愛知県",
    "prefecture_kana": "アイチケン",
    "prefecture_code": 23,
    "city": "名古屋市千種区",
    "city_kana": "ナゴヤシチクサク",
    "town": "若水",
    "town_kana": "ワカミズ",
    "street": "３丁目２０−２３",
    "office_name": "東海物産　株式会社",
    "office_name_kana": "トウカイブツサン カブシキガイシヤ"
  },
  "8547": {
    "postcode": "4648547",
    "prefecture": "愛知県",
    "prefecture_kana": "アイチケン",
    "prefecture_code": 23,
    "city": "名古屋市千種区",
    "city_kana": "ナゴヤシチクサク",
    "town": "若水",
    "town_kana": "ワカミズ",
    "street": "一丁目２番２３号",
    "office_name": "名古屋市立　東部医療センター",
    "office_name_kana": "ナゴヤシリツ トウブイリヨウセンタ-"
  },
  "8550": {
    "postcode": "4648550",
    "prefecture": "愛知県",
    "prefecture_kana": "アイチケン",
    "prefecture_code": 23,
    "city": "名古屋市千種区",
    "city_kana": "ナゴヤシチクサク",
    "town": "高見",
    "town_kana": "タカミ",
    "street": "１丁目３−１",
    "office_name": "セキセー　株式会社",
    "office_name_kana": "セキセ- カブシキガイシヤ"
  },
  "8555": {
    "postcode": "4648555",
    "prefecture": "愛知県",
    "prefecture_kana": "アイチケン",
    "prefecture_code": 23,
    "city": "名古屋市千種区",
    "city_kana": "ナゴヤシチクサク",
    "town": "振甫町",
    "town_kana": "シンポチョウ",
    "street": "３丁目３２",
    "office_name": "千種税務署",
    "office_name_kana": "チクサゼイムシヨ"
  },
  "8558": {
    "postcode": "4648558",
    "prefecture": "愛知県",
    "prefecture_kana": "アイチケン",
    "prefecture_code": 23,
    "city": "名古屋市千種区",
    "city_kana": "ナゴヤシチクサク",
    "town": "高見",
    "town_kana": "タカミ",
    "street": "１丁目６−１",
    "office_name": "中央建材工業　株式会社",
    "office_name_kana": "チユウオウケンザイコウギヨウ カブシキガイシヤ"
  },
  "8560": {
    "postcode": "4648560",
    "prefecture": "愛知県",
    "prefecture_kana": "アイチケン",
    "prefecture_code": 23,
    "city": "名古屋市千種区",
    "city_kana": "ナゴヤシチクサク",
    "town": "内山",
    "town_kana": "ウチヤマ",
    "street": "１丁目９−２０",
    "office_name": "株式会社　ニイミ",
    "office_name_kana": "カブシキガイシヤ ニイミ"
  },
  "8561": {
    "postcode": "4648561",
    "prefecture": "愛知県",
    "prefecture_kana": "アイチケン",
    "prefecture_code": 23,
    "city": "名古屋市千種区",
    "city_kana": "ナゴヤシチクサク",
    "town": "内山",
    "town_kana": "ウチヤマ",
    "street": "２丁目１３−８",
    "office_name": "株式会社　スギヤマ薬品",
    "office_name_kana": "カブシキガイシヤ スギヤマヤクヒン"
  },
  "8566": {
    "postcode": "4648566",
    "prefecture": "愛知県",
    "prefecture_kana": "アイチケン",
    "prefecture_code": 23,
    "city": "名古屋市千種区",
    "city_kana": "ナゴヤシチクサク",
    "town": "内山",
    "town_kana": "ウチヤマ",
    "street": "３丁目８−１０",
    "office_name": "沖テクノシステムズラボラトリ",
    "office_name_kana": "オキテクノシステムズラボラトリ"
  },
  "8567": {
    "postcode": "4648567",
    "prefecture": "愛知県",
    "prefecture_kana": "アイチケン",
    "prefecture_code": 23,
    "city": "名古屋市千種区",
    "city_kana": "ナゴヤシチクサク",
    "town": "内山",
    "town_kana": "ウチヤマ",
    "street": "２丁目６−２２",
    "office_name": "株式会社　フューチャーイン",
    "office_name_kana": "カブシキガイシヤ フユ-チヤ-イン"
  },
  "8570": {
    "postcode": "4648570",
    "prefecture": "愛知県",
    "prefecture_kana": "アイチケン",
    "prefecture_code": 23,
    "city": "名古屋市千種区",
    "city_kana": "ナゴヤシチクサク",
    "town": "内山",
    "town_kana": "ウチヤマ",
    "street": "３丁目３０−９",
    "office_name": "ＫＤＤＩ　株式会社",
    "office_name_kana": "ケイデイデイアイ カブシキガイシヤ"
  },
  "8571": {
    "postcode": "4648571",
    "prefecture": "愛知県",
    "prefecture_kana": "アイチケン",
    "prefecture_code": 23,
    "city": "名古屋市千種区",
    "city_kana": "ナゴヤシチクサク",
    "town": "内山",
    "town_kana": "ウチヤマ",
    "street": "３丁目１２−１４",
    "office_name": "株式会社　同和紙業",
    "office_name_kana": "カブシキガイシヤ ドウワシギヨウ"
  },
  "8577": {
    "postcode": "4648577",
    "prefecture": "愛知県",
    "prefecture_kana": "アイチケン",
    "prefecture_code": 23,
    "city": "名古屋市千種区",
    "city_kana": "ナゴヤシチクサク",
    "town": "内山",
    "town_kana": "ウチヤマ",
    "street": "３丁目３−２",
    "office_name": "株式会社　三幸商会",
    "office_name_kana": "カブシキガイシヤ サンコウシヨウカイ"
  },
  "8585": {
    "postcode": "4648585",
    "prefecture": "愛知県",
    "prefecture_kana": "アイチケン",
    "prefecture_code": 23,
    "city": "名古屋市千種区",
    "city_kana": "ナゴヤシチクサク",
    "town": "北千種",
    "town_kana": "キタチクサ",
    "street": "１丁目６番６号",
    "office_name": "名古屋少年鑑別所",
    "office_name_kana": "ナゴヤシヨウネンカンベツシヨ"
  },
  "8591": {
    "postcode": "4648591",
    "prefecture": "愛知県",
    "prefecture_kana": "アイチケン",
    "prefecture_code": 23,
    "city": "名古屋市千種区",
    "city_kana": "ナゴヤシチクサク",
    "town": "千種",
    "town_kana": "チクサ",
    "street": "三丁目６番２号",
    "office_name": "トヨタモビリティ中京　株式会社",
    "office_name_kana": "トヨタモビリテイチユウキヨウ カブシキガイシヤ"
  },
  "8601": {
    "postcode": "4648601",
    "prefecture": "愛知県",
    "prefecture_kana": "アイチケン",
    "prefecture_code": 23,
    "city": "名古屋市千種区",
    "city_kana": "ナゴヤシチクサク",
    "town": "不老町",
    "town_kana": "フロウチョウ",
    "street": "",
    "office_name": "名古屋大学（理、工を除く東山地区）",
    "office_name_kana": "ナゴヤダイガク"
  },
  "8602": {
    "postcode": "4648602",
    "prefecture": "愛知県",
    "prefecture_kana": "アイチケン",
    "prefecture_code": 23,
    "city": "名古屋市千種区",
    "city_kana": "ナゴヤシチクサク",
    "town": "不老町",
    "town_kana": "フロウチョウ",
    "street": "",
    "office_name": "名古屋大学　理学部",
    "office_name_kana": "ナゴヤダイガク リガクブ"
  },
  "8603": {
    "postcode": "4648603",
    "prefecture": "愛知県",
    "prefecture_kana": "アイチケン",
    "prefecture_code": 23,
    "city": "名古屋市千種区",
    "city_kana": "ナゴヤシチクサク",
    "town": "不老町",
    "town_kana": "フロウチョウ",
    "street": "",
    "office_name": "名古屋大学　工学部",
    "office_name_kana": "ナゴヤダイガク コウガクブ"
  },
  "8610": {
    "postcode": "4648610",
    "prefecture": "愛知県",
    "prefecture_kana": "アイチケン",
    "prefecture_code": 23,
    "city": "名古屋市千種区",
    "city_kana": "ナゴヤシチクサク",
    "town": "今池",
    "town_kana": "イマイケ",
    "street": "２丁目１−１０",
    "office_name": "学校法人　河合塾",
    "office_name_kana": "ガツコウホウジン カワイジユク"
  },
  "8611": {
    "postcode": "4648611",
    "prefecture": "愛知県",
    "prefecture_kana": "アイチケン",
    "prefecture_code": 23,
    "city": "名古屋市千種区",
    "city_kana": "ナゴヤシチクサク",
    "town": "今池",
    "town_kana": "イマイケ",
    "street": "１丁目５−３１",
    "office_name": "学校法人　河合塾学園　（トライデントスクール）",
    "office_name_kana": "ガツコウホウジン カワイジユクガクエン (トライデントスク-ル)"
  },
  "8613": {
    "postcode": "4648613",
    "prefecture": "愛知県",
    "prefecture_kana": "アイチケン",
    "prefecture_code": 23,
    "city": "名古屋市千種区",
    "city_kana": "ナゴヤシチクサク",
    "town": "今池",
    "town_kana": "イマイケ",
    "street": "４丁目１−４",
    "office_name": "フジクリーン工業　株式会社",
    "office_name_kana": "フジクリ-ンコウギヨウ カブシキガイシヤ"
  },
  "8615": {
    "postcode": "4648615",
    "prefecture": "愛知県",
    "prefecture_kana": "アイチケン",
    "prefecture_code": 23,
    "city": "名古屋市千種区",
    "city_kana": "ナゴヤシチクサク",
    "town": "今池",
    "town_kana": "イマイケ",
    "street": "４丁目１５−１１",
    "office_name": "佐藤製薬　株式会社　名古屋営業所",
    "office_name_kana": "サトウセイヤク カブシキガイシヤ ナゴヤエイギヨウシヨ"
  },
  "8616": {
    "postcode": "4648616",
    "prefecture": "愛知県",
    "prefecture_kana": "アイチケン",
    "prefecture_code": 23,
    "city": "名古屋市千種区",
    "city_kana": "ナゴヤシチクサク",
    "town": "今池",
    "town_kana": "イマイケ",
    "street": "４丁目１０−７",
    "office_name": "あいち造形デザイン専門学校",
    "office_name_kana": "アイチゾウケイデザインセンモンガツコウ"
  },
  "8617": {
    "postcode": "4648617",
    "prefecture": "愛知県",
    "prefecture_kana": "アイチケン",
    "prefecture_code": 23,
    "city": "名古屋市千種区",
    "city_kana": "ナゴヤシチクサク",
    "town": "仲田",
    "town_kana": "ナカタ",
    "street": "２丁目１５番地８",
    "office_name": "ビーシープロダクツ　株式会社",
    "office_name_kana": "ビ-シ-プロダクツ カブシキガイシヤ"
  },
  "8618": {
    "postcode": "4648618",
    "prefecture": "愛知県",
    "prefecture_kana": "アイチケン",
    "prefecture_code": 23,
    "city": "名古屋市千種区",
    "city_kana": "ナゴヤシチクサク",
    "town": "星が丘山手",
    "town_kana": "ホシガオカヤマテ",
    "street": "１０３番地",
    "office_name": "千種保健センター",
    "office_name_kana": "チクサホケンセンタ-"
  },
  "8631": {
    "postcode": "4648631",
    "prefecture": "愛知県",
    "prefecture_kana": "アイチケン",
    "prefecture_code": 23,
    "city": "名古屋市千種区",
    "city_kana": "ナゴヤシチクサク",
    "town": "千種",
    "town_kana": "チクサ",
    "street": "１丁目１２−１９",
    "office_name": "株式会社　丸の内",
    "office_name_kana": "カブシキガイシヤ マルノウチ"
  },
  "8632": {
    "postcode": "4648632",
    "prefecture": "愛知県",
    "prefecture_kana": "アイチケン",
    "prefecture_code": 23,
    "city": "名古屋市千種区",
    "city_kana": "ナゴヤシチクサク",
    "town": "千種",
    "town_kana": "チクサ",
    "street": "２丁目１７−１８",
    "office_name": "大正製薬　株式会社　中日本支店",
    "office_name_kana": "タイシヨウセイヤク カブシキガイシヤ ナカニホンシテン"
  },
  "8633": {
    "postcode": "4648633",
    "prefecture": "愛知県",
    "prefecture_kana": "アイチケン",
    "prefecture_code": 23,
    "city": "名古屋市千種区",
    "city_kana": "ナゴヤシチクサク",
    "town": "千種",
    "town_kana": "チクサ",
    "street": "３丁目３８−６",
    "office_name": "加藤商事　株式会社",
    "office_name_kana": "カトウシヨウジ カブシキガイシヤ"
  },
  "8635": {
    "postcode": "4648635",
    "prefecture": "愛知県",
    "prefecture_kana": "アイチケン",
    "prefecture_code": 23,
    "city": "名古屋市千種区",
    "city_kana": "ナゴヤシチクサク",
    "town": "吹上",
    "town_kana": "フキアゲ",
    "street": "１丁目４−１",
    "office_name": "日産プリンス名古屋販売　株式会社",
    "office_name_kana": "ニツサンプリンスナゴヤハンバイ カブシキガイシヤ"
  },
  "8637": {
    "postcode": "4648637",
    "prefecture": "愛知県",
    "prefecture_kana": "アイチケン",
    "prefecture_code": 23,
    "city": "名古屋市千種区",
    "city_kana": "ナゴヤシチクサク",
    "town": "小松町",
    "town_kana": "コマツチョウ",
    "street": "７丁目３９",
    "office_name": "メーキュー　株式会社",
    "office_name_kana": "メ-キユ- カブシキガイシヤ"
  },
  "8641": {
    "postcode": "4648641",
    "prefecture": "愛知県",
    "prefecture_kana": "アイチケン",
    "prefecture_code": 23,
    "city": "名古屋市千種区",
    "city_kana": "ナゴヤシチクサク",
    "town": "青柳町",
    "town_kana": "アオヤギチョウ",
    "street": "５丁目６",
    "office_name": "西川印刷　株式会社",
    "office_name_kana": "ニシカワインサツ カブシキガイシヤ"
  },
  "8643": {
    "postcode": "4648643",
    "prefecture": "愛知県",
    "prefecture_kana": "アイチケン",
    "prefecture_code": 23,
    "city": "名古屋市千種区",
    "city_kana": "ナゴヤシチクサク",
    "town": "大久手町",
    "town_kana": "オオクテチョウ",
    "street": "７丁目２６−１",
    "office_name": "日本電子計算　株式会社　名古屋支店",
    "office_name_kana": "ニホンデンシケイサン カブシキガイシヤ ナゴヤシテン"
  },
  "8644": {
    "postcode": "4648644",
    "prefecture": "愛知県",
    "prefecture_kana": "アイチケン",
    "prefecture_code": 23,
    "city": "名古屋市千種区",
    "city_kana": "ナゴヤシチクサク",
    "town": "星が丘山手",
    "town_kana": "ホシガオカヤマテ",
    "street": "１０３番地",
    "office_name": "名古屋市千種区役所",
    "office_name_kana": "ナゴヤシチクサクヤクシヨ"
  },
  "8650": {
    "postcode": "4648650",
    "prefecture": "愛知県",
    "prefecture_kana": "アイチケン",
    "prefecture_code": 23,
    "city": "名古屋市千種区",
    "city_kana": "ナゴヤシチクサク",
    "town": "楠元町",
    "town_kana": "クスモトチョウ",
    "street": "１丁目１００",
    "office_name": "学校法人　愛知学院",
    "office_name_kana": "ガツコウホウジン アイチガクイン"
  },
  "8651": {
    "postcode": "4648651",
    "prefecture": "愛知県",
    "prefecture_kana": "アイチケン",
    "prefecture_code": 23,
    "city": "名古屋市千種区",
    "city_kana": "ナゴヤシチクサク",
    "town": "末盛通",
    "town_kana": "スエモリトオリ",
    "street": "２丁目１１",
    "office_name": "愛知学院大学歯学部附属病院",
    "office_name_kana": "アイチガクインダイガクシガクブフゾクビヨウイン"
  },
  "8652": {
    "postcode": "4648652",
    "prefecture": "愛知県",
    "prefecture_kana": "アイチケン",
    "prefecture_code": 23,
    "city": "名古屋市千種区",
    "city_kana": "ナゴヤシチクサク",
    "town": "田代本通",
    "town_kana": "タシロホントオリ",
    "street": "２丁目１",
    "office_name": "ダイトーエムイー　株式会社",
    "office_name_kana": "ダイト-エムイ- カブシキガイシヤ"
  },
  "8654": {
    "postcode": "4648654",
    "prefecture": "愛知県",
    "prefecture_kana": "アイチケン",
    "prefecture_code": 23,
    "city": "名古屋市千種区",
    "city_kana": "ナゴヤシチクサク",
    "town": "末盛通",
    "town_kana": "スエモリトオリ",
    "street": "５丁目１２番地",
    "office_name": "（株）　中部松坂屋ストア",
    "office_name_kana": "(カブ) チユウブマツザカヤストア"
  },
  "8661": {
    "postcode": "4648661",
    "prefecture": "愛知県",
    "prefecture_kana": "アイチケン",
    "prefecture_code": 23,
    "city": "名古屋市千種区",
    "city_kana": "ナゴヤシチクサク",
    "town": "星が丘元町",
    "town_kana": "ホシガオカモトマチ",
    "street": "１４−１４",
    "office_name": "株式会社　名古屋三越星ヶ丘店",
    "office_name_kana": "カブシキガイシヤ ナゴヤミツコシホシガオカテン"
  },
  "8662": {
    "postcode": "4648662",
    "prefecture": "愛知県",
    "prefecture_kana": "アイチケン",
    "prefecture_code": 23,
    "city": "名古屋市千種区",
    "city_kana": "ナゴヤシチクサク",
    "town": "星が丘元町",
    "town_kana": "ホシガオカモトマチ",
    "street": "１７−３",
    "office_name": "学校法人　椙山女学園",
    "office_name_kana": "ガツコウホウジン スギヤマジヨガクエン"
  },
  "8671": {
    "postcode": "4648671",
    "prefecture": "愛知県",
    "prefecture_kana": "アイチケン",
    "prefecture_code": 23,
    "city": "名古屋市千種区",
    "city_kana": "ナゴヤシチクサク",
    "town": "桜が丘",
    "town_kana": "サクラガオカ",
    "street": "２３",
    "office_name": "学校法人　愛知淑徳学園",
    "office_name_kana": "ガツコウホウジン アイチシユクトクガクエン"
  },
  "8681": {
    "postcode": "4648681",
    "prefecture": "愛知県",
    "prefecture_kana": "アイチケン",
    "prefecture_code": 23,
    "city": "名古屋市千種区",
    "city_kana": "ナゴヤシチクサク",
    "town": "鹿子殿",
    "town_kana": "カノコデン",
    "street": "１−１",
    "office_name": "愛知県がんセンター",
    "office_name_kana": "アイチケンガンセンタ-"
  },
  "8710": {
    "postcode": "4648710",
    "prefecture": "愛知県",
    "prefecture_kana": "アイチケン",
    "prefecture_code": 23,
    "city": "名古屋市千種区",
    "city_kana": "ナゴヤシチクサク",
    "town": "南明町",
    "town_kana": "ナンメイチョウ",
    "street": "１丁目１０（千種郵便局私書箱第１２０号）",
    "office_name": "金城軒",
    "office_name_kana": "キンジヨウケン"
  }
}