{
  "0000": {
    "postcode": "4660000",
    "prefecture": "愛知県",
    "prefecture_kana": "アイチケン",
    "prefecture_code": 23,
    "city": "名古屋市昭和区",
    "city_kana": "ナゴヤシショウワク",
    "town": "",
    "town_kana": "",
    "street": null,
    "office_name": null,
    "office_name_kana": null
  },
  "0001": {
    "postcode": "4660001",
    "prefecture": "愛知県",
    "prefecture_kana": "アイチケン",
    "prefecture_code": 23,
    "city": "名古屋市昭和区",
    "city_kana": "ナゴヤシショウワク",
    "town": "車田町",
    "town_kana": "クルマダチョウ",
    "street": null,
    "office_name": null,
    "office_name_kana": null
  },
  "0002": {
    "postcode": "4660002",
    "prefecture": "愛知県",
    "prefecture_kana": "アイチケン",
    "prefecture_code": 23,
    "city": "名古屋市昭和区",
    "city_kana": "ナゴヤシショウワク",
    "town": "吹上町",
    "town_kana": "フキアゲチョウ",
    "street": null,
    "office_name": null,
    "office_name_kana": null
  },
  "0003": {
    "postcode": "4660003",
    "prefecture": "愛知県",
    "prefecture_kana": "アイチケン",
    "prefecture_code": 23,
    "city": "名古屋市昭和区",
    "city_kana": "ナゴヤシショウワク",
    "town": "曙町",
    "town_kana": "アケボノチョウ",
    "street": null,
    "office_name": null,
    "office_name_kana": null
  },
  "0004": {
    "postcode": "4660004",
    "prefecture": "愛知県",
    "prefecture_kana": "アイチケン",
    "prefecture_code": 23,
    "city": "名古屋市昭和区",
    "city_kana": "ナゴヤシショウワク",
    "town": "広瀬町",
    "town_kana": "ヒロセチョウ",
    "street": null,
    "office_name": null,
    "office_name_kana": null
  },
  "0005": {
    "postcode": "4660005",
    "prefecture": "愛知県",
    "prefecture_kana": "アイチケン",
    "prefecture_code": 23,
    "city": "名古屋市昭和区",
    "city_kana": "ナゴヤシショウワク",
    "town": "雪見町",
    "town_kana": "ユキミチョウ",
    "street": null,
    "office_name": null,
    "office_name_kana": null
  },
  "0006": {
    "postcode": "4660006",
    "prefecture": "愛知県",
    "prefecture_kana": "アイチケン",
    "prefecture_code": 23,
    "city": "名古屋市昭和区",
    "city_kana": "ナゴヤシショウワク",
    "town": "北山町",
    "town_kana": "キタヤマチョウ",
    "street": null,
    "office_name": null,
    "office_name_kana": null
  },
  "0011": {
    "postcode": "4660011",
    "prefecture": "愛知県",
    "prefecture_kana": "アイチケン",
    "prefecture_code": 23,
    "city": "名古屋市昭和区",
    "city_kana": "ナゴヤシショウワク",
    "town": "鶴羽町",
    "town_kana": "ツルハチョウ",
    "street": null,
    "office_name": null,
    "office_name_kana": null
  },
  "0012": {
    "postcode": "4660012",
    "prefecture": "愛知県",
    "prefecture_kana": "アイチケン",
    "prefecture_code": 23,
    "city": "名古屋市昭和区",
    "city_kana": "ナゴヤシショウワク",
    "town": "小桜町",
    "town_kana": "コサクラチョウ",
    "street": null,
    "office_name": null,
    "office_name_kana": null
  },
  "0013": {
    "postcode": "4660013",
    "prefecture": "愛知県",
    "prefecture_kana": "アイチケン",
    "prefecture_code": 23,
    "city": "名古屋市昭和区",
    "city_kana": "ナゴヤシショウワク",
    "town": "緑町",
    "town_kana": "ミドリチョウ",
    "street": null,
    "office_name": null,
    "office_name_kana": null
  },
  "0014": {
    "postcode": "4660014",
    "prefecture": "愛知県",
    "prefecture_kana": "アイチケン",
    "prefecture_code": 23,
    "city": "名古屋市昭和区",
    "city_kana": "ナゴヤシショウワク",
    "town": "東畑町",
    "town_kana": "トウハタチョウ",
    "street": null,
    "office_name": null,
    "office_name_kana": null
  },
  "0015": {
    "postcode": "4660015",
    "prefecture": "愛知県",
    "prefecture_kana": "アイチケン",
    "prefecture_code": 23,
    "city": "名古屋市昭和区",
    "city_kana": "ナゴヤシショウワク",
    "town": "御器所通",
    "town_kana": "ゴキソトオリ",
    "street": null,
    "office_name": null,
    "office_name_kana": null
  },
  "0016": {
    "postcode": "4660016",
    "prefecture": "愛知県",
    "prefecture_kana": "アイチケン",
    "prefecture_code": 23,
    "city": "名古屋市昭和区",
    "city_kana": "ナゴヤシショウワク",
    "town": "北山本町",
    "town_kana": "キタヤマホンマチ",
    "street": null,
    "office_name": null,
    "office_name_kana": null
  },
  "0021": {
    "postcode": "4660021",
    "prefecture": "愛知県",
    "prefecture_kana": "アイチケン",
    "prefecture_code": 23,
    "city": "名古屋市昭和区",
    "city_kana": "ナゴヤシショウワク",
    "town": "小坂町",
    "town_kana": "コサカチョウ",
    "street": null,
    "office_name": null,
    "office_name_kana": null
  },
  "0022": {
    "postcode": "4660022",
    "prefecture": "愛知県",
    "prefecture_kana": "アイチケン",
    "prefecture_code": 23,
    "city": "名古屋市昭和区",
    "city_kana": "ナゴヤシショウワク",
    "town": "塩付通",
    "town_kana": "シオツケトオリ",
    "street": null,
    "office_name": null,
    "office_name_kana": null
  },
  "0023": {
    "postcode": "4660023",
    "prefecture": "愛知県",
    "prefecture_kana": "アイチケン",
    "prefecture_code": 23,
    "city": "名古屋市昭和区",
    "city_kana": "ナゴヤシショウワク",
    "town": "石仏町",
    "town_kana": "イシボトケチョウ",
    "street": null,
    "office_name": null,
    "office_name_kana": null
  },
  "0024": {
    "postcode": "4660024",
    "prefecture": "愛知県",
    "prefecture_kana": "アイチケン",
    "prefecture_code": 23,
    "city": "名古屋市昭和区",
    "city_kana": "ナゴヤシショウワク",
    "town": "大和町",
    "town_kana": "ヤマトチョウ",
    "street": null,
    "office_name": null,
    "office_name_kana": null
  },
  "0025": {
    "postcode": "4660025",
    "prefecture": "愛知県",
    "prefecture_kana": "アイチケン",
    "prefecture_code": 23,
    "city": "名古屋市昭和区",
    "city_kana": "ナゴヤシショウワク",
    "town": "下構町",
    "town_kana": "シモガマエチョウ",
    "street": null,
    "office_name": null,
    "office_name_kana": null
  },
  "0026": {
    "postcode": "4660026",
    "prefecture": "愛知県",
    "prefecture_kana": "アイチケン",
    "prefecture_code": 23,
    "city": "名古屋市昭和区",
    "city_kana": "ナゴヤシショウワク",
    "town": "陶生町",
    "town_kana": "トウセイチョウ",
    "street": null,
    "office_name": null,
    "office_name_kana": null
  },
  "0027": {
    "postcode": "4660027",
    "prefecture": "愛知県",
    "prefecture_kana": "アイチケン",
    "prefecture_code": 23,
    "city": "名古屋市昭和区",
    "city_kana": "ナゴヤシショウワク",
    "town": "阿由知通",
    "town_kana": "アユチトオリ",
    "street": null,
    "office_name": null,
    "office_name_kana": null
  },
  "0031": {
    "postcode": "4660031",
    "prefecture": "愛知県",
    "prefecture_kana": "アイチケン",
    "prefecture_code": 23,
    "city": "名古屋市昭和区",
    "city_kana": "ナゴヤシショウワク",
    "town": "紅梅町",
    "town_kana": "コウバイチョウ",
    "street": null,
    "office_name": null,
    "office_name_kana": null
  },
  "0032": {
    "postcode": "4660032",
    "prefecture": "愛知県",
    "prefecture_kana": "アイチケン",
    "prefecture_code": 23,
    "city": "名古屋市昭和区",
    "city_kana": "ナゴヤシショウワク",
    "town": "天神町",
    "town_kana": "テンジンチョウ",
    "street": null,
    "office_name": null,
    "office_name_kana": null
  },
  "0033": {
    "postcode": "4660033",
    "prefecture": "愛知県",
    "prefecture_kana": "アイチケン",
    "prefecture_code": 23,
    "city": "名古屋市昭和区",
    "city_kana": "ナゴヤシショウワク",
    "town": "台町",
    "town_kana": "ダイマチ",
    "street": null,
    "office_name": null,
    "office_name_kana": null
  },
  "0034": {
    "postcode": "4660034",
    "prefecture": "愛知県",
    "prefecture_kana": "アイチケン",
    "prefecture_code": 23,
    "city": "名古屋市昭和区",
    "city_kana": "ナゴヤシショウワク",
    "town": "明月町",
    "town_kana": "メイゲツチョウ",
    "street": null,
    "office_name": null,
    "office_name_kana": null
  },
  "0035": {
    "postcode": "4660035",
    "prefecture": "愛知県",
    "prefecture_kana": "アイチケン",
    "prefecture_code": 23,
    "city": "名古屋市昭和区",
    "city_kana": "ナゴヤシショウワク",
    "town": "松風町",
    "town_kana": "マツカゼチョウ",
    "street": null,
    "office_name": null,
    "office_name_kana": null
  },
  "0036": {
    "postcode": "4660036",
    "prefecture": "愛知県",
    "prefecture_kana": "アイチケン",
    "prefecture_code": 23,
    "city": "名古屋市昭和区",
    "city_kana": "ナゴヤシショウワク",
    "town": "若柳町",
    "town_kana": "ワカヤギチョウ",
    "street": null,
    "office_name": null,
    "office_name_kana": null
  },
  "0037": {
    "postcode": "4660037",
    "prefecture": "愛知県",
    "prefecture_kana": "アイチケン",
    "prefecture_code": 23,
    "city": "名古屋市昭和区",
    "city_kana": "ナゴヤシショウワク",
    "town": "恵方町",
    "town_kana": "エホウチョウ",
    "street": null,
    "office_name": null,
    "office_name_kana": null
  },
  "0041": {
    "postcode": "4660041",
    "prefecture": "愛知県",
    "prefecture_kana": "アイチケン",
    "prefecture_code": 23,
    "city": "名古屋市昭和区",
    "city_kana": "ナゴヤシショウワク",
    "town": "出口町",
    "town_kana": "デグチチョウ",
    "street": null,
    "office_name": null,
    "office_name_kana": null
  },
  "0042": {
    "postcode": "4660042",
    "prefecture": "愛知県",
    "prefecture_kana": "アイチケン",
    "prefecture_code": 23,
    "city": "名古屋市昭和区",
    "city_kana": "ナゴヤシショウワク",
    "town": "広池町",
    "town_kana": "ヒロイケチョウ",
    "street": null,
    "office_name": null,
    "office_name_kana": null
  },
  "0043": {
    "postcode": "4660043",
    "prefecture": "愛知県",
    "prefecture_kana": "アイチケン",
    "prefecture_code": 23,
    "city": "名古屋市昭和区",
    "city_kana": "ナゴヤシショウワク",
    "town": "池端町",
    "town_kana": "イケバタチョウ",
    "street": null,
    "office_name": null,
    "office_name_kana": null
  },
  "0044": {
    "postcode": "4660044",
    "prefecture": "愛知県",
    "prefecture_kana": "アイチケン",
    "prefecture_code": 23,
    "city": "名古屋市昭和区",
    "city_kana": "ナゴヤシショウワク",
    "town": "桜山町",
    "town_kana": "サクラヤマチョウ",
    "street": null,
    "office_name": null,
    "office_name_kana": null
  },
  "0045": {
    "postcode": "4660045",
    "prefecture": "愛知県",
    "prefecture_kana": "アイチケン",
    "prefecture_code": 23,
    "city": "名古屋市昭和区",
    "city_kana": "ナゴヤシショウワク",
    "town": "丸屋町",
    "town_kana": "マルヤチョウ",
    "street": null,
    "office_name": null,
    "office_name_kana": null
  },
  "0046": {
    "postcode": "4660046",
    "prefecture": "愛知県",
    "prefecture_kana": "アイチケン",
    "prefecture_code": 23,
    "city": "名古屋市昭和区",
    "city_kana": "ナゴヤシショウワク",
    "town": "広見町",
    "town_kana": "ヒロミチョウ",
    "street": null,
    "office_name": null,
    "office_name_kana": null
  },
  "0047": {
    "postcode": "4660047",
    "prefecture": "愛知県",
    "prefecture_kana": "アイチケン",
    "prefecture_code": 23,
    "city": "名古屋市昭和区",
    "city_kana": "ナゴヤシショウワク",
    "town": "永金町",
    "town_kana": "エイキンチョウ",
    "street": null,
    "office_name": null,
    "office_name_kana": null
  },
  "0051": {
    "postcode": "4660051",
    "prefecture": "愛知県",
    "prefecture_kana": "アイチケン",
    "prefecture_code": 23,
    "city": "名古屋市昭和区",
    "city_kana": "ナゴヤシショウワク",
    "town": "御器所",
    "town_kana": "ゴキソ",
    "street": null,
    "office_name": null,
    "office_name_kana": null
  },
  "0052": {
    "postcode": "4660052",
    "prefecture": "愛知県",
    "prefecture_kana": "アイチケン",
    "prefecture_code": 23,
    "city": "名古屋市昭和区",
    "city_kana": "ナゴヤシショウワク",
    "town": "村雲町",
    "town_kana": "ムラクモチョウ",
    "street": null,
    "office_name": null,
    "office_name_kana": null
  },
  "0053": {
    "postcode": "4660053",
    "prefecture": "愛知県",
    "prefecture_kana": "アイチケン",
    "prefecture_code": 23,
    "city": "名古屋市昭和区",
    "city_kana": "ナゴヤシショウワク",
    "town": "滝子町",
    "town_kana": "タキコチョウ",
    "street": null,
    "office_name": null,
    "office_name_kana": null
  },
  "0054": {
    "postcode": "4660054",
    "prefecture": "愛知県",
    "prefecture_kana": "アイチケン",
    "prefecture_code": 23,
    "city": "名古屋市昭和区",
    "city_kana": "ナゴヤシショウワク",
    "town": "円上町",
    "town_kana": "エンジョウチョウ",
    "street": null,
    "office_name": null,
    "office_name_kana": null
  },
  "0055": {
    "postcode": "4660055",
    "prefecture": "愛知県",
    "prefecture_kana": "アイチケン",
    "prefecture_code": 23,
    "city": "名古屋市昭和区",
    "city_kana": "ナゴヤシショウワク",
    "town": "滝子通",
    "town_kana": "タキゴトオリ",
    "street": null,
    "office_name": null,
    "office_name_kana": null
  },
  "0056": {
    "postcode": "4660056",
    "prefecture": "愛知県",
    "prefecture_kana": "アイチケン",
    "prefecture_code": 23,
    "city": "名古屋市昭和区",
    "city_kana": "ナゴヤシショウワク",
    "town": "東郊通",
    "town_kana": "トウコウトオリ",
    "street": null,
    "office_name": null,
    "office_name_kana": null
  },
  "0057": {
    "postcode": "4660057",
    "prefecture": "愛知県",
    "prefecture_kana": "アイチケン",
    "prefecture_code": 23,
    "city": "名古屋市昭和区",
    "city_kana": "ナゴヤシショウワク",
    "town": "高辻町",
    "town_kana": "タカツジチョウ",
    "street": null,
    "office_name": null,
    "office_name_kana": null
  },
  "0058": {
    "postcode": "4660058",
    "prefecture": "愛知県",
    "prefecture_kana": "アイチケン",
    "prefecture_code": 23,
    "city": "名古屋市昭和区",
    "city_kana": "ナゴヤシショウワク",
    "town": "白金",
    "town_kana": "シラカネ",
    "street": null,
    "office_name": null,
    "office_name_kana": null
  },
  "0059": {
    "postcode": "4660059",
    "prefecture": "愛知県",
    "prefecture_kana": "アイチケン",
    "prefecture_code": 23,
    "city": "名古屋市昭和区",
    "city_kana": "ナゴヤシショウワク",
    "town": "福江",
    "town_kana": "フクエ",
    "street": null,
    "office_name": null,
    "office_name_kana": null
  },
  "0061": {
    "postcode": "4660061",
    "prefecture": "愛知県",
    "prefecture_kana": "アイチケン",
    "prefecture_code": 23,
    "city": "名古屋市昭和区",
    "city_kana": "ナゴヤシショウワク",
    "town": "御器所町",
    "town_kana": "ゴキソチョウ",
    "street": null,
    "office_name": null,
    "office_name_kana": null
  },
  "0062": {
    "postcode": "4660062",
    "prefecture": "愛知県",
    "prefecture_kana": "アイチケン",
    "prefecture_code": 23,
    "city": "名古屋市昭和区",
    "city_kana": "ナゴヤシショウワク",
    "town": "狭間町",
    "town_kana": "ハザマチョウ",
    "street": null,
    "office_name": null,
    "office_name_kana": null
  },
  "0063": {
    "postcode": "4660063",
    "prefecture": "愛知県",
    "prefecture_kana": "アイチケン",
    "prefecture_code": 23,
    "city": "名古屋市昭和区",
    "city_kana": "ナゴヤシショウワク",
    "town": "山脇町",
    "town_kana": "ヤマワキチョウ",
    "street": null,
    "office_name": null,
    "office_name_kana": null
  },
  "0064": {
    "postcode": "4660064",
    "prefecture": "愛知県",
    "prefecture_kana": "アイチケン",
    "prefecture_code": 23,
    "city": "名古屋市昭和区",
    "city_kana": "ナゴヤシショウワク",
    "town": "鶴舞",
    "town_kana": "ツルマイ",
    "street": null,
    "office_name": null,
    "office_name_kana": null
  },
  "0065": {
    "postcode": "4660065",
    "prefecture": "愛知県",
    "prefecture_kana": "アイチケン",
    "prefecture_code": 23,
    "city": "名古屋市昭和区",
    "city_kana": "ナゴヤシショウワク",
    "town": "鶴舞町",
    "town_kana": "ツルマイチョウ",
    "street": null,
    "office_name": null,
    "office_name_kana": null
  },
  "0801": {
    "postcode": "4660801",
    "prefecture": "愛知県",
    "prefecture_kana": "アイチケン",
    "prefecture_code": 23,
    "city": "名古屋市昭和区",
    "city_kana": "ナゴヤシショウワク",
    "town": "田面町",
    "town_kana": "タオモチョウ",
    "street": null,
    "office_name": null,
    "office_name_kana": null
  },
  "0802": {
    "postcode": "4660802",
    "prefecture": "愛知県",
    "prefecture_kana": "アイチケン",
    "prefecture_code": 23,
    "city": "名古屋市昭和区",
    "city_kana": "ナゴヤシショウワク",
    "town": "神村町",
    "town_kana": "カミムラチョウ",
    "street": null,
    "office_name": null,
    "office_name_kana": null
  },
  "0803": {
    "postcode": "4660803",
    "prefecture": "愛知県",
    "prefecture_kana": "アイチケン",
    "prefecture_code": 23,
    "city": "名古屋市昭和区",
    "city_kana": "ナゴヤシショウワク",
    "town": "福原町",
    "town_kana": "フクハラチョウ",
    "street": null,
    "office_name": null,
    "office_name_kana": null
  },
  "0804": {
    "postcode": "4660804",
    "prefecture": "愛知県",
    "prefecture_kana": "アイチケン",
    "prefecture_code": 23,
    "city": "名古屋市昭和区",
    "city_kana": "ナゴヤシショウワク",
    "town": "宮東町",
    "town_kana": "ミヤヒガシチョウ",
    "street": null,
    "office_name": null,
    "office_name_kana": null
  },
  "0805": {
    "postcode": "4660805",
    "prefecture": "愛知県",
    "prefecture_kana": "アイチケン",
    "prefecture_code": 23,
    "city": "名古屋市昭和区",
    "city_kana": "ナゴヤシショウワク",
    "town": "伊勝町",
    "town_kana": "イカツチョウ",
    "street": null,
    "office_name": null,
    "office_name_kana": null
  },
  "0806": {
    "postcode": "4660806",
    "prefecture": "愛知県",
    "prefecture_kana": "アイチケン",
    "prefecture_code": 23,
    "city": "名古屋市昭和区",
    "city_kana": "ナゴヤシショウワク",
    "town": "西畑町",
    "town_kana": "ニシバタチョウ",
    "street": null,
    "office_name": null,
    "office_name_kana": null
  },
  "0807": {
    "postcode": "4660807",
    "prefecture": "愛知県",
    "prefecture_kana": "アイチケン",
    "prefecture_code": 23,
    "city": "名古屋市昭和区",
    "city_kana": "ナゴヤシショウワク",
    "town": "山花町",
    "town_kana": "ヤマハナチョウ",
    "street": null,
    "office_name": null,
    "office_name_kana": null
  },
  "0811": {
    "postcode": "4660811",
    "prefecture": "愛知県",
    "prefecture_kana": "アイチケン",
    "prefecture_code": 23,
    "city": "名古屋市昭和区",
    "city_kana": "ナゴヤシショウワク",
    "town": "高峯町",
    "town_kana": "タカミネチョウ",
    "street": null,
    "office_name": null,
    "office_name_kana": null
  },
  "0812": {
    "postcode": "4660812",
    "prefecture": "愛知県",
    "prefecture_kana": "アイチケン",
    "prefecture_code": 23,
    "city": "名古屋市昭和区",
    "city_kana": "ナゴヤシショウワク",
    "town": "八事富士見",
    "town_kana": "ヤゴトフジミ",
    "street": null,
    "office_name": null,
    "office_name_kana": null
  },
  "0814": {
    "postcode": "4660814",
    "prefecture": "愛知県",
    "prefecture_kana": "アイチケン",
    "prefecture_code": 23,
    "city": "名古屋市昭和区",
    "city_kana": "ナゴヤシショウワク",
    "town": "妙見町",
    "town_kana": "ミョウケンチョウ",
    "street": null,
    "office_name": null,
    "office_name_kana": null
  },
  "0815": {
    "postcode": "4660815",
    "prefecture": "愛知県",
    "prefecture_kana": "アイチケン",
    "prefecture_code": 23,
    "city": "名古屋市昭和区",
    "city_kana": "ナゴヤシショウワク",
    "town": "山手通",
    "town_kana": "ヤマノテトオリ",
    "street": null,
    "office_name": null,
    "office_name_kana": null
  },
  "0821": {
    "postcode": "4660821",
    "prefecture": "愛知県",
    "prefecture_kana": "アイチケン",
    "prefecture_code": 23,
    "city": "名古屋市昭和区",
    "city_kana": "ナゴヤシショウワク",
    "town": "前山町",
    "town_kana": "マエヤマチョウ",
    "street": null,
    "office_name": null,
    "office_name_kana": null
  },
  "0822": {
    "postcode": "4660822",
    "prefecture": "愛知県",
    "prefecture_kana": "アイチケン",
    "prefecture_code": 23,
    "city": "名古屋市昭和区",
    "city_kana": "ナゴヤシショウワク",
    "town": "楽園町",
    "town_kana": "ラクエンチョウ",
    "street": null,
    "office_name": null,
    "office_name_kana": null
  },
  "0823": {
    "postcode": "4660823",
    "prefecture": "愛知県",
    "prefecture_kana": "アイチケン",
    "prefecture_code": 23,
    "city": "名古屋市昭和区",
    "city_kana": "ナゴヤシショウワク",
    "town": "八雲町",
    "town_kana": "ヤクモチョウ",
    "street": null,
    "office_name": null,
    "office_name_kana": null
  },
  "0824": {
    "postcode": "4660824",
    "prefecture": "愛知県",
    "prefecture_kana": "アイチケン",
    "prefecture_code": 23,
    "city": "名古屋市昭和区",
    "city_kana": "ナゴヤシショウワク",
    "town": "山里町",
    "town_kana": "ヤマザトチョウ",
    "street": null,
    "office_name": null,
    "office_name_kana": null
  },
  "0825": {
    "postcode": "4660825",
    "prefecture": "愛知県",
    "prefecture_kana": "アイチケン",
    "prefecture_code": 23,
    "city": "名古屋市昭和区",
    "city_kana": "ナゴヤシショウワク",
    "town": "八事本町",
    "town_kana": "ヤゴトホンマチ",
    "street": null,
    "office_name": null,
    "office_name_kana": null
  },
  "0826": {
    "postcode": "4660826",
    "prefecture": "愛知県",
    "prefecture_kana": "アイチケン",
    "prefecture_code": 23,
    "city": "名古屋市昭和区",
    "city_kana": "ナゴヤシショウワク",
    "town": "滝川町",
    "town_kana": "タキカワチョウ",
    "street": null,
    "office_name": null,
    "office_name_kana": null
  },
  "0827": {
    "postcode": "4660827",
    "prefecture": "愛知県",
    "prefecture_kana": "アイチケン",
    "prefecture_code": 23,
    "city": "名古屋市昭和区",
    "city_kana": "ナゴヤシショウワク",
    "town": "川名山町",
    "town_kana": "カワナヤマチョウ",
    "street": null,
    "office_name": null,
    "office_name_kana": null
  },
  "0828": {
    "postcode": "4660828",
    "prefecture": "愛知県",
    "prefecture_kana": "アイチケン",
    "prefecture_code": 23,
    "city": "名古屋市昭和区",
    "city_kana": "ナゴヤシショウワク",
    "town": "山中町",
    "town_kana": "ヤマナカチョウ",
    "street": null,
    "office_name": null,
    "office_name_kana": null
  },
  "0829": {
    "postcode": "4660829",
    "prefecture": "愛知県",
    "prefecture_kana": "アイチケン",
    "prefecture_code": 23,
    "city": "名古屋市昭和区",
    "city_kana": "ナゴヤシショウワク",
    "town": "向山町",
    "town_kana": "ムカイヤマチョウ",
    "street": null,
    "office_name": null,
    "office_name_kana": null
  },
  "0831": {
    "postcode": "4660831",
    "prefecture": "愛知県",
    "prefecture_kana": "アイチケン",
    "prefecture_code": 23,
    "city": "名古屋市昭和区",
    "city_kana": "ナゴヤシショウワク",
    "town": "花見通",
    "town_kana": "ハナミトオリ",
    "street": null,
    "office_name": null,
    "office_name_kana": null
  },
  "0832": {
    "postcode": "4660832",
    "prefecture": "愛知県",
    "prefecture_kana": "アイチケン",
    "prefecture_code": 23,
    "city": "名古屋市昭和区",
    "city_kana": "ナゴヤシショウワク",
    "town": "駒方町",
    "town_kana": "コマガタチョウ",
    "street": null,
    "office_name": null,
    "office_name_kana": null
  },
  "0833": {
    "postcode": "4660833",
    "prefecture": "愛知県",
    "prefecture_kana": "アイチケン",
    "prefecture_code": 23,
    "city": "名古屋市昭和区",
    "city_kana": "ナゴヤシショウワク",
    "town": "隼人町",
    "town_kana": "ハヤトチョウ",
    "street": null,
    "office_name": null,
    "office_name_kana": null
  },
  "0834": {
    "postcode": "4660834",
    "prefecture": "愛知県",
    "prefecture_kana": "アイチケン",
    "prefecture_code": 23,
    "city": "名古屋市昭和区",
    "city_kana": "ナゴヤシショウワク",
    "town": "広路町",
    "town_kana": "ヒロジチョウ",
    "street": null,
    "office_name": null,
    "office_name_kana": null
  },
  "0835": {
    "postcode": "4660835",
    "prefecture": "愛知県",
    "prefecture_kana": "アイチケン",
    "prefecture_code": 23,
    "city": "名古屋市昭和区",
    "city_kana": "ナゴヤシショウワク",
    "town": "南山町",
    "town_kana": "ミナミヤマチョウ",
    "street": null,
    "office_name": null,
    "office_name_kana": null
  },
  "0836": {
    "postcode": "4660836",
    "prefecture": "愛知県",
    "prefecture_kana": "アイチケン",
    "prefecture_code": 23,
    "city": "名古屋市昭和区",
    "city_kana": "ナゴヤシショウワク",
    "town": "上山町",
    "town_kana": "カミヤマチョウ",
    "street": null,
    "office_name": null,
    "office_name_kana": null
  },
  "0837": {
    "postcode": "4660837",
    "prefecture": "愛知県",
    "prefecture_kana": "アイチケン",
    "prefecture_code": 23,
    "city": "名古屋市昭和区",
    "city_kana": "ナゴヤシショウワク",
    "town": "汐見町",
    "town_kana": "シオミチョウ",
    "street": null,
    "office_name": null,
    "office_name_kana": null
  },
  "0838": {
    "postcode": "4660838",
    "prefecture": "愛知県",
    "prefecture_kana": "アイチケン",
    "prefecture_code": 23,
    "city": "名古屋市昭和区",
    "city_kana": "ナゴヤシショウワク",
    "town": "五軒家町",
    "town_kana": "ゴケンヤチョウ",
    "street": null,
    "office_name": null,
    "office_name_kana": null
  },
  "0841": {
    "postcode": "4660841",
    "prefecture": "愛知県",
    "prefecture_kana": "アイチケン",
    "prefecture_code": 23,
    "city": "名古屋市昭和区",
    "city_kana": "ナゴヤシショウワク",
    "town": "広路本町",
    "town_kana": "ヒロジホンマチ",
    "street": null,
    "office_name": null,
    "office_name_kana": null
  },
  "0842": {
    "postcode": "4660842",
    "prefecture": "愛知県",
    "prefecture_kana": "アイチケン",
    "prefecture_code": 23,
    "city": "名古屋市昭和区",
    "city_kana": "ナゴヤシショウワク",
    "town": "檀溪通",
    "town_kana": "ダンケイトオリ",
    "street": null,
    "office_name": null,
    "office_name_kana": null
  },
  "0843": {
    "postcode": "4660843",
    "prefecture": "愛知県",
    "prefecture_kana": "アイチケン",
    "prefecture_code": 23,
    "city": "名古屋市昭和区",
    "city_kana": "ナゴヤシショウワク",
    "town": "菊園町",
    "town_kana": "キクゾノチョウ",
    "street": null,
    "office_name": null,
    "office_name_kana": null
  },
  "0844": {
    "postcode": "4660844",
    "prefecture": "愛知県",
    "prefecture_kana": "アイチケン",
    "prefecture_code": 23,
    "city": "名古屋市昭和区",
    "city_kana": "ナゴヤシショウワク",
    "town": "荒田町",
    "town_kana": "アラタチョウ",
    "street": null,
    "office_name": null,
    "office_name_kana": null
  },
  "0845": {
    "postcode": "4660845",
    "prefecture": "愛知県",
    "prefecture_kana": "アイチケン",
    "prefecture_code": 23,
    "city": "名古屋市昭和区",
    "city_kana": "ナゴヤシショウワク",
    "town": "藤成通",
    "town_kana": "フジナリトオリ",
    "street": null,
    "office_name": null,
    "office_name_kana": null
  },
  "0846": {
    "postcode": "4660846",
    "prefecture": "愛知県",
    "prefecture_kana": "アイチケン",
    "prefecture_code": 23,
    "city": "名古屋市昭和区",
    "city_kana": "ナゴヤシショウワク",
    "town": "戸田町",
    "town_kana": "トダチョウ",
    "street": null,
    "office_name": null,
    "office_name_kana": null
  },
  "0847": {
    "postcode": "4660847",
    "prefecture": "愛知県",
    "prefecture_kana": "アイチケン",
    "prefecture_code": 23,
    "city": "名古屋市昭和区",
    "city_kana": "ナゴヤシショウワク",
    "town": "長池町",
    "town_kana": "ナガイケチョウ",
    "street": null,
    "office_name": null,
    "office_name_kana": null
  },
  "0848": {
    "postcode": "4660848",
    "prefecture": "愛知県",
    "prefecture_kana": "アイチケン",
    "prefecture_code": 23,
    "city": "名古屋市昭和区",
    "city_kana": "ナゴヤシショウワク",
    "town": "長戸町",
    "town_kana": "ナガトチョウ",
    "street": null,
    "office_name": null,
    "office_name_kana": null
  },
  "0849": {
    "postcode": "4660849",
    "prefecture": "愛知県",
    "prefecture_kana": "アイチケン",
    "prefecture_code": 23,
    "city": "名古屋市昭和区",
    "city_kana": "ナゴヤシショウワク",
    "town": "南分町",
    "town_kana": "ミナミワケチョウ",
    "street": null,
    "office_name": null,
    "office_name_kana": null
  },
  "0851": {
    "postcode": "4660851",
    "prefecture": "愛知県",
    "prefecture_kana": "アイチケン",
    "prefecture_code": 23,
    "city": "名古屋市昭和区",
    "city_kana": "ナゴヤシショウワク",
    "town": "元宮町",
    "town_kana": "モトミヤチョウ",
    "street": null,
    "office_name": null,
    "office_name_kana": null
  },
  "0852": {
    "postcode": "4660852",
    "prefecture": "愛知県",
    "prefecture_kana": "アイチケン",
    "prefecture_code": 23,
    "city": "名古屋市昭和区",
    "city_kana": "ナゴヤシショウワク",
    "town": "萩原町",
    "town_kana": "ハギワラチョウ",
    "street": null,
    "office_name": null,
    "office_name_kana": null
  },
  "0853": {
    "postcode": "4660853",
    "prefecture": "愛知県",
    "prefecture_kana": "アイチケン",
    "prefecture_code": 23,
    "city": "名古屋市昭和区",
    "city_kana": "ナゴヤシショウワク",
    "town": "川原通",
    "town_kana": "カワハラトオリ",
    "street": null,
    "office_name": null,
    "office_name_kana": null
  },
  "0854": {
    "postcode": "4660854",
    "prefecture": "愛知県",
    "prefecture_kana": "アイチケン",
    "prefecture_code": 23,
    "city": "名古屋市昭和区",
    "city_kana": "ナゴヤシショウワク",
    "town": "広路通",
    "town_kana": "ヒロジトオリ",
    "street": null,
    "office_name": null,
    "office_name_kana": null
  },
  "0855": {
    "postcode": "4660855",
    "prefecture": "愛知県",
    "prefecture_kana": "アイチケン",
    "prefecture_code": 23,
    "city": "名古屋市昭和区",
    "city_kana": "ナゴヤシショウワク",
    "town": "川名本町",
    "town_kana": "カワナホンマチ",
    "street": null,
    "office_name": null,
    "office_name_kana": null
  },
  "0856": {
    "postcode": "4660856",
    "prefecture": "愛知県",
    "prefecture_kana": "アイチケン",
    "prefecture_code": 23,
    "city": "名古屋市昭和区",
    "city_kana": "ナゴヤシショウワク",
    "town": "川名町",
    "town_kana": "カワナチョウ",
    "street": null,
    "office_name": null,
    "office_name_kana": null
  },
  "0857": {
    "postcode": "4660857",
    "prefecture": "愛知県",
    "prefecture_kana": "アイチケン",
    "prefecture_code": 23,
    "city": "名古屋市昭和区",
    "city_kana": "ナゴヤシショウワク",
    "town": "安田通",
    "town_kana": "ヤスダトオリ",
    "street": null,
    "office_name": null,
    "office_name_kana": null
  },
  "0858": {
    "postcode": "4660858",
    "prefecture": "愛知県",
    "prefecture_kana": "アイチケン",
    "prefecture_code": 23,
    "city": "名古屋市昭和区",
    "city_kana": "ナゴヤシショウワク",
    "town": "折戸町",
    "town_kana": "オリドチョウ",
    "street": null,
    "office_name": null,
    "office_name_kana": null
  },
  "8501": {
    "postcode": "4668501",
    "prefecture": "愛知県",
    "prefecture_kana": "アイチケン",
    "prefecture_code": 23,
    "city": "名古屋市昭和区",
    "city_kana": "ナゴヤシショウワク",
    "town": "円上町",
    "town_kana": "エンジョウチョウ",
    "street": "２６番１５号",
    "office_name": "愛知県名古屋南部県税事務所　高辻間税課",
    "office_name_kana": "アイチケンナゴヤナンブケンゼイジムシヨ タカツジカンゼイカ"
  },
  "8502": {
    "postcode": "4668502",
    "prefecture": "愛知県",
    "prefecture_kana": "アイチケン",
    "prefecture_code": 23,
    "city": "名古屋市昭和区",
    "city_kana": "ナゴヤシショウワク",
    "town": "高辻町",
    "town_kana": "タカツジチョウ",
    "street": "６番８号",
    "office_name": "トヨタＬ＆Ｆ中部　株式会社",
    "office_name_kana": "トヨタエルアンドエフチユウブ カブシキガイシヤ"
  },
  "8505": {
    "postcode": "4668505",
    "prefecture": "愛知県",
    "prefecture_kana": "アイチケン",
    "prefecture_code": 23,
    "city": "名古屋市昭和区",
    "city_kana": "ナゴヤシショウワク",
    "town": "白金",
    "town_kana": "シラカネ",
    "street": "３丁目２１−５",
    "office_name": "白川電気土木　株式会社",
    "office_name_kana": "シラカワデンキドボク カブシキガイシヤ"
  },
  "8506": {
    "postcode": "4668506",
    "prefecture": "愛知県",
    "prefecture_kana": "アイチケン",
    "prefecture_code": 23,
    "city": "名古屋市昭和区",
    "city_kana": "ナゴヤシショウワク",
    "town": "福江",
    "town_kana": "フクエ",
    "street": "３丁目７−２",
    "office_name": "宮吉硝子　株式会社",
    "office_name_kana": "ミヤキチガラス カブシキガイシヤ"
  },
  "8507": {
    "postcode": "4668507",
    "prefecture": "愛知県",
    "prefecture_kana": "アイチケン",
    "prefecture_code": 23,
    "city": "名古屋市昭和区",
    "city_kana": "ナゴヤシショウワク",
    "town": "白金",
    "town_kana": "シラカネ",
    "street": "３丁目１８−１３",
    "office_name": "株式会社　木曽路",
    "office_name_kana": "カブシキガイシヤ キソジ"
  },
  "8510": {
    "postcode": "4668510",
    "prefecture": "愛知県",
    "prefecture_kana": "アイチケン",
    "prefecture_code": 23,
    "city": "名古屋市昭和区",
    "city_kana": "ナゴヤシショウワク",
    "town": "白金",
    "town_kana": "シラカネ",
    "street": "３丁目１７−１６",
    "office_name": "榊原　株式会社",
    "office_name_kana": "サカキバラ カブシキガイシヤ"
  },
  "8511": {
    "postcode": "4668511",
    "prefecture": "愛知県",
    "prefecture_kana": "アイチケン",
    "prefecture_code": 23,
    "city": "名古屋市昭和区",
    "city_kana": "ナゴヤシショウワク",
    "town": "高辻町",
    "town_kana": "タカツジチョウ",
    "street": "４−３",
    "office_name": "中央工機　株式会社",
    "office_name_kana": "チユウオウコウキ カブシキガイシヤ"
  },
  "8512": {
    "postcode": "4668512",
    "prefecture": "愛知県",
    "prefecture_kana": "アイチケン",
    "prefecture_code": 23,
    "city": "名古屋市昭和区",
    "city_kana": "ナゴヤシショウワク",
    "town": "白金",
    "town_kana": "シラカネ",
    "street": "１丁目１１−１０",
    "office_name": "竹田印刷　株式会社",
    "office_name_kana": "タケダインサツ カブシキガイシヤ"
  },
  "8515": {
    "postcode": "4668515",
    "prefecture": "愛知県",
    "prefecture_kana": "アイチケン",
    "prefecture_code": 23,
    "city": "名古屋市昭和区",
    "city_kana": "ナゴヤシショウワク",
    "town": "白金",
    "town_kana": "シラカネ",
    "street": "１丁目１６−７",
    "office_name": "安藤　株式会社",
    "office_name_kana": "アンドウ カブシキガイシヤ"
  },
  "8522": {
    "postcode": "4668522",
    "prefecture": "愛知県",
    "prefecture_kana": "アイチケン",
    "prefecture_code": 23,
    "city": "名古屋市昭和区",
    "city_kana": "ナゴヤシショウワク",
    "town": "白金",
    "town_kana": "シラカネ",
    "street": "３丁目１８−２６",
    "office_name": "日本ペイント販売　株式会社　中部支社",
    "office_name_kana": "ニツポンペイントハンバイ カブシキガイシヤ チユウブシテン"
  },
  "8525": {
    "postcode": "4668525",
    "prefecture": "愛知県",
    "prefecture_kana": "アイチケン",
    "prefecture_code": 23,
    "city": "名古屋市昭和区",
    "city_kana": "ナゴヤシショウワク",
    "town": "川名山町",
    "town_kana": "カワナヤマチョウ",
    "street": "１２２",
    "office_name": "中京大学附属　中京高等学校",
    "office_name_kana": "チユウキヨウダイガクフゾク チユウキヨウコウトウガツコウ"
  },
  "8533": {
    "postcode": "4668533",
    "prefecture": "愛知県",
    "prefecture_kana": "アイチケン",
    "prefecture_code": 23,
    "city": "名古屋市昭和区",
    "city_kana": "ナゴヤシショウワク",
    "town": "白金",
    "town_kana": "シラカネ",
    "street": "２丁目１０−７",
    "office_name": "株式会社　日伝　名古屋支店",
    "office_name_kana": "カブシキガイシヤ ニチデン ナゴヤシテン"
  },
  "8539": {
    "postcode": "4668539",
    "prefecture": "愛知県",
    "prefecture_kana": "アイチケン",
    "prefecture_code": 23,
    "city": "名古屋市昭和区",
    "city_kana": "ナゴヤシショウワク",
    "town": "福江",
    "town_kana": "フクエ",
    "street": "１丁目１９−２３",
    "office_name": "株式会社　一光　名古屋支店",
    "office_name_kana": "カブシキガイシヤ イツコウ ナゴヤシテン"
  },
  "8540": {
    "postcode": "4668540",
    "prefecture": "愛知県",
    "prefecture_kana": "アイチケン",
    "prefecture_code": 23,
    "city": "名古屋市昭和区",
    "city_kana": "ナゴヤシショウワク",
    "town": "白金",
    "town_kana": "シラカネ",
    "street": "１丁目５−８",
    "office_name": "株式会社　ホンダベルノ愛知",
    "office_name_kana": "カブシキガイシヤ ホンダベルノアイチ"
  },
  "8550": {
    "postcode": "4668550",
    "prefecture": "愛知県",
    "prefecture_kana": "アイチケン",
    "prefecture_code": 23,
    "city": "名古屋市昭和区",
    "city_kana": "ナゴヤシショウワク",
    "town": "鶴舞町",
    "town_kana": "ツルマイチョウ",
    "street": "６５",
    "office_name": "名古屋大学　医学部",
    "office_name_kana": "ナゴヤダイガク イガクブ"
  },
  "8554": {
    "postcode": "4668554",
    "prefecture": "愛知県",
    "prefecture_kana": "アイチケン",
    "prefecture_code": 23,
    "city": "名古屋市昭和区",
    "city_kana": "ナゴヤシショウワク",
    "town": "阿由知通",
    "town_kana": "アユチトオリ",
    "street": "２丁目３",
    "office_name": "味の素　株式会社　名古屋支社",
    "office_name_kana": "アジノモト カブシキガイシヤ ナゴヤシシヤ"
  },
  "8555": {
    "postcode": "4668555",
    "prefecture": "愛知県",
    "prefecture_kana": "アイチケン",
    "prefecture_code": 23,
    "city": "名古屋市昭和区",
    "city_kana": "ナゴヤシショウワク",
    "town": "御器所町",
    "town_kana": "ゴキソチョウ",
    "street": "",
    "office_name": "名古屋工業大学",
    "office_name_kana": "ナゴヤコウギヨウダイガク"
  },
  "8558": {
    "postcode": "4668558",
    "prefecture": "愛知県",
    "prefecture_kana": "アイチケン",
    "prefecture_code": 23,
    "city": "名古屋市昭和区",
    "city_kana": "ナゴヤシショウワク",
    "town": "滝子町",
    "town_kana": "タキコチョウ",
    "street": "３０番１６号",
    "office_name": "愛知県　自動車会館",
    "office_name_kana": "アイチケン ジドウシヤカイカン"
  },
  "8560": {
    "postcode": "4668560",
    "prefecture": "愛知県",
    "prefecture_kana": "アイチケン",
    "prefecture_code": 23,
    "city": "名古屋市昭和区",
    "city_kana": "ナゴヤシショウワク",
    "town": "鶴舞町",
    "town_kana": "ツルマイチョウ",
    "street": "６５",
    "office_name": "名古屋大学　医学部　附属病院",
    "office_name_kana": "ナゴヤダイガク イガクブ フゾクビヨウイン"
  },
  "8565": {
    "postcode": "4668565",
    "prefecture": "愛知県",
    "prefecture_kana": "アイチケン",
    "prefecture_code": 23,
    "city": "名古屋市昭和区",
    "city_kana": "ナゴヤシショウワク",
    "town": "福江",
    "town_kana": "フクエ",
    "street": "３丁目７番５６号",
    "office_name": "一般社団法人　日本自動車連盟　中部本部",
    "office_name_kana": "イツパンシヤダンホウジン ニホンジドウシヤレンメイ チユウブホンブ"
  },
  "8566": {
    "postcode": "4668566",
    "prefecture": "愛知県",
    "prefecture_kana": "アイチケン",
    "prefecture_code": 23,
    "city": "名古屋市昭和区",
    "city_kana": "ナゴヤシショウワク",
    "town": "円上町",
    "town_kana": "エンジョウチョウ",
    "street": "２６番１５号愛知県高辻センター２階（愛知県警察本部分庁舎内）",
    "office_name": "公益社団法人　愛知県安全運転管理協議会",
    "office_name_kana": "コウエキシヤダンホウジン アイチケンアンゼンウンテンカンリキヨウギカイ"
  },
  "8567": {
    "postcode": "4668567",
    "prefecture": "愛知県",
    "prefecture_kana": "アイチケン",
    "prefecture_code": 23,
    "city": "名古屋市昭和区",
    "city_kana": "ナゴヤシショウワク",
    "town": "桜山町",
    "town_kana": "サクラヤマチョウ",
    "street": "５丁目９９番地６",
    "office_name": "日本年金機構　昭和年金事務所",
    "office_name_kana": "ニツポンネンキンキコウ シヨウワネンキンジムシヨ"
  },
  "8580": {
    "postcode": "4668580",
    "prefecture": "愛知県",
    "prefecture_kana": "アイチケン",
    "prefecture_code": 23,
    "city": "名古屋市昭和区",
    "city_kana": "ナゴヤシショウワク",
    "town": "福江",
    "town_kana": "フクエ",
    "street": "３丁目７番５６号",
    "office_name": "一般社団法人　日本自動車連盟　愛知支部",
    "office_name_kana": "イツパンシヤダンホウジン ニホンジドウシヤレンメイ アイチシブ"
  },
  "8585": {
    "postcode": "4668585",
    "prefecture": "愛知県",
    "prefecture_kana": "アイチケン",
    "prefecture_code": 23,
    "city": "名古屋市昭和区",
    "city_kana": "ナゴヤシショウワク",
    "town": "阿由知通",
    "town_kana": "アユチトオリ",
    "street": "３丁目１９",
    "office_name": "名古屋市昭和区役所",
    "office_name_kana": "ナゴヤシシヨウワクヤクシヨ"
  },
  "8588": {
    "postcode": "4668588",
    "prefecture": "愛知県",
    "prefecture_kana": "アイチケン",
    "prefecture_code": 23,
    "city": "名古屋市昭和区",
    "city_kana": "ナゴヤシショウワク",
    "town": "緑町",
    "town_kana": "ミドリチョウ",
    "street": "３丁目１７",
    "office_name": "パイロットインキ　株式会社",
    "office_name_kana": "パイロツトインキ カブシキガイシヤ"
  },
  "8630": {
    "postcode": "4668630",
    "prefecture": "愛知県",
    "prefecture_kana": "アイチケン",
    "prefecture_code": 23,
    "city": "名古屋市昭和区",
    "city_kana": "ナゴヤシショウワク",
    "town": "滝川町",
    "town_kana": "タキカワチョウ",
    "street": "４７−２４",
    "office_name": "光洋マテリカ　株式会社",
    "office_name_kana": "コウヨウマテリカ カブシキガイシヤ"
  },
  "8633": {
    "postcode": "4668633",
    "prefecture": "愛知県",
    "prefecture_kana": "アイチケン",
    "prefecture_code": 23,
    "city": "名古屋市昭和区",
    "city_kana": "ナゴヤシショウワク",
    "town": "川名山町",
    "town_kana": "カワナヤマチョウ",
    "street": "５６",
    "office_name": "聖霊病院",
    "office_name_kana": "セイレイビヨウイン"
  },
  "8635": {
    "postcode": "4668635",
    "prefecture": "愛知県",
    "prefecture_kana": "アイチケン",
    "prefecture_code": 23,
    "city": "名古屋市昭和区",
    "city_kana": "ナゴヤシショウワク",
    "town": "高峯町",
    "town_kana": "タカミネチョウ",
    "street": "１５４",
    "office_name": "中京テレビ放送　株式会社",
    "office_name_kana": "チユウキヨウテレビホウソウ カブシキガイシヤ"
  },
  "8636": {
    "postcode": "4668636",
    "prefecture": "愛知県",
    "prefecture_kana": "アイチケン",
    "prefecture_code": 23,
    "city": "名古屋市昭和区",
    "city_kana": "ナゴヤシショウワク",
    "town": "高辻町",
    "town_kana": "タカツジチョウ",
    "street": "６番８号",
    "office_name": "株式会社　ＡＴビジネス",
    "office_name_kana": "カブシキガイシヤ エイテイビジネス"
  },
  "8650": {
    "postcode": "4668650",
    "prefecture": "愛知県",
    "prefecture_kana": "アイチケン",
    "prefecture_code": 23,
    "city": "名古屋市昭和区",
    "city_kana": "ナゴヤシショウワク",
    "town": "妙見町",
    "town_kana": "ミョウケンチョウ",
    "street": "２−９",
    "office_name": "名古屋第二赤十字病院",
    "office_name_kana": "ナゴヤダイニセキジユウジビヨウイン"
  },
  "8655": {
    "postcode": "4668655",
    "prefecture": "愛知県",
    "prefecture_kana": "アイチケン",
    "prefecture_code": 23,
    "city": "名古屋市昭和区",
    "city_kana": "ナゴヤシショウワク",
    "town": "妙見町",
    "town_kana": "ミョウケンチョウ",
    "street": "１９−２",
    "office_name": "愛知県保険医協会",
    "office_name_kana": "アイチケンホケンイキヨウカイ"
  },
  "8656": {
    "postcode": "4668656",
    "prefecture": "愛知県",
    "prefecture_kana": "アイチケン",
    "prefecture_code": 23,
    "city": "名古屋市昭和区",
    "city_kana": "ナゴヤシショウワク",
    "town": "山手通",
    "town_kana": "ヤマノテトオリ",
    "street": "３丁目２１",
    "office_name": "矢崎総業　株式会社　名古屋支店",
    "office_name_kana": "ヤザキソウギヨウ カブシキガイシヤ ナゴヤシテン"
  },
  "8657": {
    "postcode": "4668657",
    "prefecture": "愛知県",
    "prefecture_kana": "アイチケン",
    "prefecture_code": 23,
    "city": "名古屋市昭和区",
    "city_kana": "ナゴヤシショウワク",
    "town": "山手通",
    "town_kana": "ヤマノテトオリ",
    "street": "２丁目１６−１",
    "office_name": "大学生協　東海会館",
    "office_name_kana": "ダイガクセイキヨウ トウカイカイカン"
  },
  "8660": {
    "postcode": "4668660",
    "prefecture": "愛知県",
    "prefecture_kana": "アイチケン",
    "prefecture_code": 23,
    "city": "名古屋市昭和区",
    "city_kana": "ナゴヤシショウワク",
    "town": "山手通",
    "town_kana": "ヤマノテトオリ",
    "street": "３丁目２１ワイワイプラザ",
    "office_name": "（株）　ジョットインターナショナル　名古屋支店",
    "office_name_kana": "(カブ) ジヨツトインタ-ナシヨナル ナゴヤシテン"
  },
  "8666": {
    "postcode": "4668666",
    "prefecture": "愛知県",
    "prefecture_kana": "アイチケン",
    "prefecture_code": 23,
    "city": "名古屋市昭和区",
    "city_kana": "ナゴヤシショウワク",
    "town": "八事本町",
    "town_kana": "ヤゴトホンマチ",
    "street": "１０１−２",
    "office_name": "中京大学",
    "office_name_kana": "チユウキヨウダイガク"
  },
  "8673": {
    "postcode": "4668673",
    "prefecture": "愛知県",
    "prefecture_kana": "アイチケン",
    "prefecture_code": 23,
    "city": "名古屋市昭和区",
    "city_kana": "ナゴヤシショウワク",
    "town": "山里町",
    "town_kana": "ヤマザトチョウ",
    "street": "１８",
    "office_name": "南山大学",
    "office_name_kana": "ナンザンダイガク"
  },
  "8688": {
    "postcode": "4668688",
    "prefecture": "愛知県",
    "prefecture_kana": "アイチケン",
    "prefecture_code": 23,
    "city": "名古屋市昭和区",
    "city_kana": "ナゴヤシショウワク",
    "town": "高辻町",
    "town_kana": "タカツジチョウ",
    "street": "６番８号",
    "office_name": "愛知トヨタＥＡＳＴ　株式会社",
    "office_name_kana": "アイチトヨタイ-スト カブシキガイシヤ"
  },
  "8701": {
    "postcode": "4668701",
    "prefecture": "愛知県",
    "prefecture_kana": "アイチケン",
    "prefecture_code": 23,
    "city": "名古屋市昭和区",
    "city_kana": "ナゴヤシショウワク",
    "town": "高辻町",
    "town_kana": "タカツジチョウ",
    "street": "６番８号",
    "office_name": "愛知トヨタＷＥＳＴ　株式会社",
    "office_name_kana": "アイチトヨタウエスト カブシキガイシヤ"
  },
  "8707": {
    "postcode": "4668707",
    "prefecture": "愛知県",
    "prefecture_kana": "アイチケン",
    "prefecture_code": 23,
    "city": "名古屋市昭和区",
    "city_kana": "ナゴヤシショウワク",
    "town": "高峯町",
    "town_kana": "タカミネチョウ",
    "street": "１５４（昭和郵便局私書箱第１２３号）",
    "office_name": "中京テレビ放送　株式会社",
    "office_name_kana": "チユウキヨウテレビホウソウ カブシキガイシヤ"
  },
  "8711": {
    "postcode": "4668711",
    "prefecture": "愛知県",
    "prefecture_kana": "アイチケン",
    "prefecture_code": 23,
    "city": "名古屋市昭和区",
    "city_kana": "ナゴヤシショウワク",
    "town": "白金",
    "town_kana": "シラカネ",
    "street": "３丁目２０−１５",
    "office_name": "辰巳屋興業　株式会社",
    "office_name_kana": "タツミヤコウギヨウ カブシキガイシヤ"
  }
}