{
  "0000": {
    "postcode": "4710000",
    "prefecture": "愛知県",
    "prefecture_kana": "アイチケン",
    "prefecture_code": 23,
    "city": "豊田市",
    "city_kana": "トヨタシ",
    "town": "",
    "town_kana": "",
    "street": null,
    "office_name": null,
    "office_name_kana": null
  },
  "0001": {
    "postcode": "4710001",
    "prefecture": "愛知県",
    "prefecture_kana": "アイチケン",
    "prefecture_code": 23,
    "city": "豊田市",
    "city_kana": "トヨタシ",
    "town": "池田町",
    "town_kana": "イケダチョウ",
    "street": null,
    "office_name": null,
    "office_name_kana": null
  },
  "0002": {
    "postcode": "4710002",
    "prefecture": "愛知県",
    "prefecture_kana": "アイチケン",
    "prefecture_code": 23,
    "city": "豊田市",
    "city_kana": "トヨタシ",
    "town": "矢並町",
    "town_kana": "ヤナミチョウ",
    "street": null,
    "office_name": null,
    "office_name_kana": null
  },
  "0003": {
    "postcode": "4710003",
    "prefecture": "愛知県",
    "prefecture_kana": "アイチケン",
    "prefecture_code": 23,
    "city": "豊田市",
    "city_kana": "トヨタシ",
    "town": "岩滝町",
    "town_kana": "イワタキチョウ",
    "street": null,
    "office_name": null,
    "office_name_kana": null
  },
  "0004": {
    "postcode": "4710004",
    "prefecture": "愛知県",
    "prefecture_kana": "アイチケン",
    "prefecture_code": 23,
    "city": "豊田市",
    "city_kana": "トヨタシ",
    "town": "双美町",
    "town_kana": "フタミチョウ",
    "street": null,
    "office_name": null,
    "office_name_kana": null
  },
  "0005": {
    "postcode": "4710005",
    "prefecture": "愛知県",
    "prefecture_kana": "アイチケン",
    "prefecture_code": 23,
    "city": "豊田市",
    "city_kana": "トヨタシ",
    "town": "京ケ峰",
    "town_kana": "キョウガミネ",
    "street": null,
    "office_name": null,
    "office_name_kana": null
  },
  "0006": {
    "postcode": "4710006",
    "prefecture": "愛知県",
    "prefecture_kana": "アイチケン",
    "prefecture_code": 23,
    "city": "豊田市",
    "city_kana": "トヨタシ",
    "town": "市木町",
    "town_kana": "イチギチョウ",
    "street": null,
    "office_name": null,
    "office_name_kana": null
  },
  "0007": {
    "postcode": "4710007",
    "prefecture": "愛知県",
    "prefecture_kana": "アイチケン",
    "prefecture_code": 23,
    "city": "豊田市",
    "city_kana": "トヨタシ",
    "town": "美和町",
    "town_kana": "ミワチョウ",
    "street": null,
    "office_name": null,
    "office_name_kana": null
  },
  "0008": {
    "postcode": "4710008",
    "prefecture": "愛知県",
    "prefecture_kana": "アイチケン",
    "prefecture_code": 23,
    "city": "豊田市",
    "city_kana": "トヨタシ",
    "town": "百々町",
    "town_kana": "ドウドチョウ",
    "street": null,
    "office_name": null,
    "office_name_kana": null
  },
  "0009": {
    "postcode": "4710009",
    "prefecture": "愛知県",
    "prefecture_kana": "アイチケン",
    "prefecture_code": 23,
    "city": "豊田市",
    "city_kana": "トヨタシ",
    "town": "扶桑町",
    "town_kana": "フソウチョウ",
    "street": null,
    "office_name": null,
    "office_name_kana": null
  },
  "0011": {
    "postcode": "4710011",
    "prefecture": "愛知県",
    "prefecture_kana": "アイチケン",
    "prefecture_code": 23,
    "city": "豊田市",
    "city_kana": "トヨタシ",
    "town": "平井町",
    "town_kana": "ヒライチョウ",
    "street": null,
    "office_name": null,
    "office_name_kana": null
  },
  "0012": {
    "postcode": "4710012",
    "prefecture": "愛知県",
    "prefecture_kana": "アイチケン",
    "prefecture_code": 23,
    "city": "豊田市",
    "city_kana": "トヨタシ",
    "town": "水間町",
    "town_kana": "ミズマチョウ",
    "street": null,
    "office_name": null,
    "office_name_kana": null
  },
  "0013": {
    "postcode": "4710013",
    "prefecture": "愛知県",
    "prefecture_kana": "アイチケン",
    "prefecture_code": 23,
    "city": "豊田市",
    "city_kana": "トヨタシ",
    "town": "高上",
    "town_kana": "タカガミ",
    "street": null,
    "office_name": null,
    "office_name_kana": null
  },
  "0014": {
    "postcode": "4710014",
    "prefecture": "愛知県",
    "prefecture_kana": "アイチケン",
    "prefecture_code": 23,
    "city": "豊田市",
    "city_kana": "トヨタシ",
    "town": "東山町",
    "town_kana": "ヒガシヤマチョウ",
    "street": null,
    "office_name": null,
    "office_name_kana": null
  },
  "0015": {
    "postcode": "4710015",
    "prefecture": "愛知県",
    "prefecture_kana": "アイチケン",
    "prefecture_code": 23,
    "city": "豊田市",
    "city_kana": "トヨタシ",
    "town": "上野町",
    "town_kana": "ウエノチョウ",
    "street": null,
    "office_name": null,
    "office_name_kana": null
  },
  "0016": {
    "postcode": "4710016",
    "prefecture": "愛知県",
    "prefecture_kana": "アイチケン",
    "prefecture_code": 23,
    "city": "豊田市",
    "city_kana": "トヨタシ",
    "town": "千石町",
    "town_kana": "センゴクチョウ",
    "street": null,
    "office_name": null,
    "office_name_kana": null
  },
  "0017": {
    "postcode": "4710017",
    "prefecture": "愛知県",
    "prefecture_kana": "アイチケン",
    "prefecture_code": 23,
    "city": "豊田市",
    "city_kana": "トヨタシ",
    "town": "寺部町",
    "town_kana": "テラベチョウ",
    "street": null,
    "office_name": null,
    "office_name_kana": null
  },
  "0018": {
    "postcode": "4710018",
    "prefecture": "愛知県",
    "prefecture_kana": "アイチケン",
    "prefecture_code": 23,
    "city": "豊田市",
    "city_kana": "トヨタシ",
    "town": "社町",
    "town_kana": "ヤシロチョウ",
    "street": null,
    "office_name": null,
    "office_name_kana": null
  },
  "0019": {
    "postcode": "4710019",
    "prefecture": "愛知県",
    "prefecture_kana": "アイチケン",
    "prefecture_code": 23,
    "city": "豊田市",
    "city_kana": "トヨタシ",
    "town": "高橋町",
    "town_kana": "タカハシチョウ",
    "street": null,
    "office_name": null,
    "office_name_kana": null
  },
  "0021": {
    "postcode": "4710021",
    "prefecture": "愛知県",
    "prefecture_kana": "アイチケン",
    "prefecture_code": 23,
    "city": "豊田市",
    "city_kana": "トヨタシ",
    "town": "中島町",
    "town_kana": "ナカジマチョウ",
    "street": null,
    "office_name": null,
    "office_name_kana": null
  },
  "0022": {
    "postcode": "4710022",
    "prefecture": "愛知県",
    "prefecture_kana": "アイチケン",
    "prefecture_code": 23,
    "city": "豊田市",
    "city_kana": "トヨタシ",
    "town": "白浜町",
    "town_kana": "シラハマチョウ",
    "street": null,
    "office_name": null,
    "office_name_kana": null
  },
  "0023": {
    "postcode": "4710023",
    "prefecture": "愛知県",
    "prefecture_kana": "アイチケン",
    "prefecture_code": 23,
    "city": "豊田市",
    "city_kana": "トヨタシ",
    "town": "挙母町",
    "town_kana": "コロモチョウ",
    "street": null,
    "office_name": null,
    "office_name_kana": null
  },
  "0024": {
    "postcode": "4710024",
    "prefecture": "愛知県",
    "prefecture_kana": "アイチケン",
    "prefecture_code": 23,
    "city": "豊田市",
    "city_kana": "トヨタシ",
    "town": "元城町",
    "town_kana": "モトシロチョウ",
    "street": null,
    "office_name": null,
    "office_name_kana": null
  },
  "0025": {
    "postcode": "4710025",
    "prefecture": "愛知県",
    "prefecture_kana": "アイチケン",
    "prefecture_code": 23,
    "city": "豊田市",
    "city_kana": "トヨタシ",
    "town": "西町",
    "town_kana": "ニシマチ",
    "street": null,
    "office_name": null,
    "office_name_kana": null
  },
  "0026": {
    "postcode": "4710026",
    "prefecture": "愛知県",
    "prefecture_kana": "アイチケン",
    "prefecture_code": 23,
    "city": "豊田市",
    "city_kana": "トヨタシ",
    "town": "若宮町",
    "town_kana": "ワカミヤチョウ",
    "street": null,
    "office_name": null,
    "office_name_kana": null
  },
  "0027": {
    "postcode": "4710027",
    "prefecture": "愛知県",
    "prefecture_kana": "アイチケン",
    "prefecture_code": 23,
    "city": "豊田市",
    "city_kana": "トヨタシ",
    "town": "喜多町",
    "town_kana": "キタマチ",
    "street": null,
    "office_name": null,
    "office_name_kana": null
  },
  "0028": {
    "postcode": "4710028",
    "prefecture": "愛知県",
    "prefecture_kana": "アイチケン",
    "prefecture_code": 23,
    "city": "豊田市",
    "city_kana": "トヨタシ",
    "town": "神明町",
    "town_kana": "シンメイチョウ",
    "street": null,
    "office_name": null,
    "office_name_kana": null
  },
  "0029": {
    "postcode": "4710029",
    "prefecture": "愛知県",
    "prefecture_kana": "アイチケン",
    "prefecture_code": 23,
    "city": "豊田市",
    "city_kana": "トヨタシ",
    "town": "桜町",
    "town_kana": "サクラマチ",
    "street": null,
    "office_name": null,
    "office_name_kana": null
  },
  "0031": {
    "postcode": "4710031",
    "prefecture": "愛知県",
    "prefecture_kana": "アイチケン",
    "prefecture_code": 23,
    "city": "豊田市",
    "city_kana": "トヨタシ",
    "town": "朝日町",
    "town_kana": "アサヒマチ",
    "street": null,
    "office_name": null,
    "office_name_kana": null
  },
  "0032": {
    "postcode": "4710032",
    "prefecture": "愛知県",
    "prefecture_kana": "アイチケン",
    "prefecture_code": 23,
    "city": "豊田市",
    "city_kana": "トヨタシ",
    "town": "日南町",
    "town_kana": "ニチナンチョウ",
    "street": null,
    "office_name": null,
    "office_name_kana": null
  },
  "0033": {
    "postcode": "4710033",
    "prefecture": "愛知県",
    "prefecture_kana": "アイチケン",
    "prefecture_code": 23,
    "city": "豊田市",
    "city_kana": "トヨタシ",
    "town": "月見町",
    "town_kana": "ツキミチョウ",
    "street": null,
    "office_name": null,
    "office_name_kana": null
  },
  "0034": {
    "postcode": "4710034",
    "prefecture": "愛知県",
    "prefecture_kana": "アイチケン",
    "prefecture_code": 23,
    "city": "豊田市",
    "city_kana": "トヨタシ",
    "town": "小坂本町",
    "town_kana": "コザカホンマチ",
    "street": null,
    "office_name": null,
    "office_name_kana": null
  },
  "0035": {
    "postcode": "4710035",
    "prefecture": "愛知県",
    "prefecture_kana": "アイチケン",
    "prefecture_code": 23,
    "city": "豊田市",
    "city_kana": "トヨタシ",
    "town": "小坂町",
    "town_kana": "コザカチョウ",
    "street": null,
    "office_name": null,
    "office_name_kana": null
  },
  "0036": {
    "postcode": "4710036",
    "prefecture": "愛知県",
    "prefecture_kana": "アイチケン",
    "prefecture_code": 23,
    "city": "豊田市",
    "city_kana": "トヨタシ",
    "town": "広久手町",
    "town_kana": "ヒロクテチョウ",
    "street": null,
    "office_name": null,
    "office_name_kana": null
  },
  "0037": {
    "postcode": "4710037",
    "prefecture": "愛知県",
    "prefecture_kana": "アイチケン",
    "prefecture_code": 23,
    "city": "豊田市",
    "city_kana": "トヨタシ",
    "town": "三軒町",
    "town_kana": "サンゲンチョウ",
    "street": null,
    "office_name": null,
    "office_name_kana": null
  },
  "0038": {
    "postcode": "4710038",
    "prefecture": "愛知県",
    "prefecture_kana": "アイチケン",
    "prefecture_code": 23,
    "city": "豊田市",
    "city_kana": "トヨタシ",
    "town": "宮上町",
    "town_kana": "ミヤガミチョウ",
    "street": null,
    "office_name": null,
    "office_name_kana": null
  },
  "0041": {
    "postcode": "4710041",
    "prefecture": "愛知県",
    "prefecture_kana": "アイチケン",
    "prefecture_code": 23,
    "city": "豊田市",
    "city_kana": "トヨタシ",
    "town": "汐見町",
    "town_kana": "シオミチョウ",
    "street": null,
    "office_name": null,
    "office_name_kana": null
  },
  "0042": {
    "postcode": "4710042",
    "prefecture": "愛知県",
    "prefecture_kana": "アイチケン",
    "prefecture_code": 23,
    "city": "豊田市",
    "city_kana": "トヨタシ",
    "town": "宮口町",
    "town_kana": "ミヤグチチョウ",
    "street": null,
    "office_name": null,
    "office_name_kana": null
  },
  "0043": {
    "postcode": "4710043",
    "prefecture": "愛知県",
    "prefecture_kana": "アイチケン",
    "prefecture_code": 23,
    "city": "豊田市",
    "city_kana": "トヨタシ",
    "town": "宮町",
    "town_kana": "ミヤマチ",
    "street": null,
    "office_name": null,
    "office_name_kana": null
  },
  "0044": {
    "postcode": "4710044",
    "prefecture": "愛知県",
    "prefecture_kana": "アイチケン",
    "prefecture_code": 23,
    "city": "豊田市",
    "city_kana": "トヨタシ",
    "town": "新町",
    "town_kana": "シンマチ",
    "street": null,
    "office_name": null,
    "office_name_kana": null
  },
  "0045": {
    "postcode": "4710045",
    "prefecture": "愛知県",
    "prefecture_kana": "アイチケン",
    "prefecture_code": 23,
    "city": "豊田市",
    "city_kana": "トヨタシ",
    "town": "東新町",
    "town_kana": "トウシンチョウ",
    "street": null,
    "office_name": null,
    "office_name_kana": null
  },
  "0046": {
    "postcode": "4710046",
    "prefecture": "愛知県",
    "prefecture_kana": "アイチケン",
    "prefecture_code": 23,
    "city": "豊田市",
    "city_kana": "トヨタシ",
    "town": "本新町",
    "town_kana": "ホンシンチョウ",
    "street": null,
    "office_name": null,
    "office_name_kana": null
  },
  "0047": {
    "postcode": "4710047",
    "prefecture": "愛知県",
    "prefecture_kana": "アイチケン",
    "prefecture_code": 23,
    "city": "豊田市",
    "city_kana": "トヨタシ",
    "town": "西新町",
    "town_kana": "ニシシンチョウ",
    "street": null,
    "office_name": null,
    "office_name_kana": null
  },
  "0048": {
    "postcode": "4710048",
    "prefecture": "愛知県",
    "prefecture_kana": "アイチケン",
    "prefecture_code": 23,
    "city": "豊田市",
    "city_kana": "トヨタシ",
    "town": "高崎町",
    "town_kana": "タカサキチョウ",
    "street": null,
    "office_name": null,
    "office_name_kana": null
  },
  "0049": {
    "postcode": "4710049",
    "prefecture": "愛知県",
    "prefecture_kana": "アイチケン",
    "prefecture_code": 23,
    "city": "豊田市",
    "city_kana": "トヨタシ",
    "town": "田町",
    "town_kana": "タマチ",
    "street": null,
    "office_name": null,
    "office_name_kana": null
  },
  "0051": {
    "postcode": "4710051",
    "prefecture": "愛知県",
    "prefecture_kana": "アイチケン",
    "prefecture_code": 23,
    "city": "豊田市",
    "city_kana": "トヨタシ",
    "town": "花丘町",
    "town_kana": "ハナオカチョウ",
    "street": null,
    "office_name": null,
    "office_name_kana": null
  },
  "0052": {
    "postcode": "4710052",
    "prefecture": "愛知県",
    "prefecture_kana": "アイチケン",
    "prefecture_code": 23,
    "city": "豊田市",
    "city_kana": "トヨタシ",
    "town": "逢妻町",
    "town_kana": "アイヅマチョウ",
    "street": null,
    "office_name": null,
    "office_name_kana": null
  },
  "0053": {
    "postcode": "4710053",
    "prefecture": "愛知県",
    "prefecture_kana": "アイチケン",
    "prefecture_code": 23,
    "city": "豊田市",
    "city_kana": "トヨタシ",
    "town": "丸根町",
    "town_kana": "マルネチョウ",
    "street": null,
    "office_name": null,
    "office_name_kana": null
  },
  "0054": {
    "postcode": "4710054",
    "prefecture": "愛知県",
    "prefecture_kana": "アイチケン",
    "prefecture_code": 23,
    "city": "豊田市",
    "city_kana": "トヨタシ",
    "town": "天王町",
    "town_kana": "テンノウチョウ",
    "street": null,
    "office_name": null,
    "office_name_kana": null
  },
  "0055": {
    "postcode": "4710055",
    "prefecture": "愛知県",
    "prefecture_kana": "アイチケン",
    "prefecture_code": 23,
    "city": "豊田市",
    "city_kana": "トヨタシ",
    "town": "久岡町",
    "town_kana": "ヒサオカチョウ",
    "street": null,
    "office_name": null,
    "office_name_kana": null
  },
  "0056": {
    "postcode": "4710056",
    "prefecture": "愛知県",
    "prefecture_kana": "アイチケン",
    "prefecture_code": 23,
    "city": "豊田市",
    "city_kana": "トヨタシ",
    "town": "白山町",
    "town_kana": "ハクサンチョウ",
    "street": null,
    "office_name": null,
    "office_name_kana": null
  },
  "0057": {
    "postcode": "4710057",
    "prefecture": "愛知県",
    "prefecture_kana": "アイチケン",
    "prefecture_code": 23,
    "city": "豊田市",
    "city_kana": "トヨタシ",
    "town": "太平町",
    "town_kana": "タイヘイチョウ",
    "street": null,
    "office_name": null,
    "office_name_kana": null
  },
  "0058": {
    "postcode": "4710058",
    "prefecture": "愛知県",
    "prefecture_kana": "アイチケン",
    "prefecture_code": 23,
    "city": "豊田市",
    "city_kana": "トヨタシ",
    "town": "大池町",
    "town_kana": "オオイケチョウ",
    "street": null,
    "office_name": null,
    "office_name_kana": null
  },
  "0059": {
    "postcode": "4710059",
    "prefecture": "愛知県",
    "prefecture_kana": "アイチケン",
    "prefecture_code": 23,
    "city": "豊田市",
    "city_kana": "トヨタシ",
    "town": "貞宝町",
    "town_kana": "テイホウチョウ",
    "street": null,
    "office_name": null,
    "office_name_kana": null
  },
  "0061": {
    "postcode": "4710061",
    "prefecture": "愛知県",
    "prefecture_kana": "アイチケン",
    "prefecture_code": 23,
    "city": "豊田市",
    "city_kana": "トヨタシ",
    "town": "若草町",
    "town_kana": "ワカクサチョウ",
    "street": null,
    "office_name": null,
    "office_name_kana": null
  },
  "0062": {
    "postcode": "4710062",
    "prefecture": "愛知県",
    "prefecture_kana": "アイチケン",
    "prefecture_code": 23,
    "city": "豊田市",
    "city_kana": "トヨタシ",
    "town": "西山町",
    "town_kana": "ニシヤマチョウ",
    "street": null,
    "office_name": null,
    "office_name_kana": null
  },
  "0063": {
    "postcode": "4710063",
    "prefecture": "愛知県",
    "prefecture_kana": "アイチケン",
    "prefecture_code": 23,
    "city": "豊田市",
    "city_kana": "トヨタシ",
    "town": "京町",
    "town_kana": "キョウマチ",
    "street": null,
    "office_name": null,
    "office_name_kana": null
  },
  "0064": {
    "postcode": "4710064",
    "prefecture": "愛知県",
    "prefecture_kana": "アイチケン",
    "prefecture_code": 23,
    "city": "豊田市",
    "city_kana": "トヨタシ",
    "town": "梅坪町",
    "town_kana": "ウメツボチョウ",
    "street": null,
    "office_name": null,
    "office_name_kana": null
  },
  "0065": {
    "postcode": "4710065",
    "prefecture": "愛知県",
    "prefecture_kana": "アイチケン",
    "prefecture_code": 23,
    "city": "豊田市",
    "city_kana": "トヨタシ",
    "town": "平芝町",
    "town_kana": "ヒラシバチョウ",
    "street": null,
    "office_name": null,
    "office_name_kana": null
  },
  "0066": {
    "postcode": "4710066",
    "prefecture": "愛知県",
    "prefecture_kana": "アイチケン",
    "prefecture_code": 23,
    "city": "豊田市",
    "city_kana": "トヨタシ",
    "town": "栄町",
    "town_kana": "サカエマチ",
    "street": null,
    "office_name": null,
    "office_name_kana": null
  },
  "0067": {
    "postcode": "4710067",
    "prefecture": "愛知県",
    "prefecture_kana": "アイチケン",
    "prefecture_code": 23,
    "city": "豊田市",
    "city_kana": "トヨタシ",
    "town": "栄生町",
    "town_kana": "エイセイチョウ",
    "street": null,
    "office_name": null,
    "office_name_kana": null
  },
  "0068": {
    "postcode": "4710068",
    "prefecture": "愛知県",
    "prefecture_kana": "アイチケン",
    "prefecture_code": 23,
    "city": "豊田市",
    "city_kana": "トヨタシ",
    "town": "横山町",
    "town_kana": "ヨコヤマチョウ",
    "street": null,
    "office_name": null,
    "office_name_kana": null
  },
  "0069": {
    "postcode": "4710069",
    "prefecture": "愛知県",
    "prefecture_kana": "アイチケン",
    "prefecture_code": 23,
    "city": "豊田市",
    "city_kana": "トヨタシ",
    "town": "高原町",
    "town_kana": "タカハラチョウ",
    "street": null,
    "office_name": null,
    "office_name_kana": null
  },
  "0071": {
    "postcode": "4710071",
    "prefecture": "愛知県",
    "prefecture_kana": "アイチケン",
    "prefecture_code": 23,
    "city": "豊田市",
    "city_kana": "トヨタシ",
    "town": "東梅坪町",
    "town_kana": "ヒガシウメツボチョウ",
    "street": null,
    "office_name": null,
    "office_name_kana": null
  },
  "0072": {
    "postcode": "4710072",
    "prefecture": "愛知県",
    "prefecture_kana": "アイチケン",
    "prefecture_code": 23,
    "city": "豊田市",
    "city_kana": "トヨタシ",
    "town": "落合町",
    "town_kana": "オチアイチョウ",
    "street": null,
    "office_name": null,
    "office_name_kana": null
  },
  "0073": {
    "postcode": "4710073",
    "prefecture": "愛知県",
    "prefecture_kana": "アイチケン",
    "prefecture_code": 23,
    "city": "豊田市",
    "city_kana": "トヨタシ",
    "town": "川田町",
    "town_kana": "カワダチョウ",
    "street": null,
    "office_name": null,
    "office_name_kana": null
  },
  "0074": {
    "postcode": "4710074",
    "prefecture": "愛知県",
    "prefecture_kana": "アイチケン",
    "prefecture_code": 23,
    "city": "豊田市",
    "city_kana": "トヨタシ",
    "town": "川端町",
    "town_kana": "カワバタチョウ",
    "street": null,
    "office_name": null,
    "office_name_kana": null
  },
  "0075": {
    "postcode": "4710075",
    "prefecture": "愛知県",
    "prefecture_kana": "アイチケン",
    "prefecture_code": 23,
    "city": "豊田市",
    "city_kana": "トヨタシ",
    "town": "日之出町",
    "town_kana": "ヒノデチョウ",
    "street": null,
    "office_name": null,
    "office_name_kana": null
  },
  "0076": {
    "postcode": "4710076",
    "prefecture": "愛知県",
    "prefecture_kana": "アイチケン",
    "prefecture_code": 23,
    "city": "豊田市",
    "city_kana": "トヨタシ",
    "town": "久保町",
    "town_kana": "クボチョウ",
    "street": null,
    "office_name": null,
    "office_name_kana": null
  },
  "0077": {
    "postcode": "4710077",
    "prefecture": "愛知県",
    "prefecture_kana": "アイチケン",
    "prefecture_code": 23,
    "city": "豊田市",
    "city_kana": "トヨタシ",
    "town": "竹生町",
    "town_kana": "タキョウチョウ",
    "street": null,
    "office_name": null,
    "office_name_kana": null
  },
  "0078": {
    "postcode": "4710078",
    "prefecture": "愛知県",
    "prefecture_kana": "アイチケン",
    "prefecture_code": 23,
    "city": "豊田市",
    "city_kana": "トヨタシ",
    "town": "昭和町",
    "town_kana": "ショウワマチ",
    "street": null,
    "office_name": null,
    "office_name_kana": null
  },
  "0079": {
    "postcode": "4710079",
    "prefecture": "愛知県",
    "prefecture_kana": "アイチケン",
    "prefecture_code": 23,
    "city": "豊田市",
    "city_kana": "トヨタシ",
    "town": "陣中町",
    "town_kana": "ジンナカチョウ",
    "street": null,
    "office_name": null,
    "office_name_kana": null
  },
  "0801": {
    "postcode": "4710801",
    "prefecture": "愛知県",
    "prefecture_kana": "アイチケン",
    "prefecture_code": 23,
    "city": "豊田市",
    "city_kana": "トヨタシ",
    "town": "古瀬間町",
    "town_kana": "コセマチョウ",
    "street": null,
    "office_name": null,
    "office_name_kana": null
  },
  "0802": {
    "postcode": "4710802",
    "prefecture": "愛知県",
    "prefecture_kana": "アイチケン",
    "prefecture_code": 23,
    "city": "豊田市",
    "city_kana": "トヨタシ",
    "town": "志賀町",
    "town_kana": "シガチョウ",
    "street": null,
    "office_name": null,
    "office_name_kana": null
  },
  "0803": {
    "postcode": "4710803",
    "prefecture": "愛知県",
    "prefecture_kana": "アイチケン",
    "prefecture_code": 23,
    "city": "豊田市",
    "city_kana": "トヨタシ",
    "town": "泉町",
    "town_kana": "イズミチョウ",
    "street": null,
    "office_name": null,
    "office_name_kana": null
  },
  "0804": {
    "postcode": "4710804",
    "prefecture": "愛知県",
    "prefecture_kana": "アイチケン",
    "prefecture_code": 23,
    "city": "豊田市",
    "city_kana": "トヨタシ",
    "town": "神池町",
    "town_kana": "カミイケチョウ",
    "street": null,
    "office_name": null,
    "office_name_kana": null
  },
  "0805": {
    "postcode": "4710805",
    "prefecture": "愛知県",
    "prefecture_kana": "アイチケン",
    "prefecture_code": 23,
    "city": "豊田市",
    "city_kana": "トヨタシ",
    "town": "美里",
    "town_kana": "ミサト",
    "street": null,
    "office_name": null,
    "office_name_kana": null
  },
  "0806": {
    "postcode": "4710806",
    "prefecture": "愛知県",
    "prefecture_kana": "アイチケン",
    "prefecture_code": 23,
    "city": "豊田市",
    "city_kana": "トヨタシ",
    "town": "森町",
    "town_kana": "モリチョウ",
    "street": null,
    "office_name": null,
    "office_name_kana": null
  },
  "0807": {
    "postcode": "4710807",
    "prefecture": "愛知県",
    "prefecture_kana": "アイチケン",
    "prefecture_code": 23,
    "city": "豊田市",
    "city_kana": "トヨタシ",
    "town": "広川町",
    "town_kana": "ヒロカワチョウ",
    "street": null,
    "office_name": null,
    "office_name_kana": null
  },
  "0808": {
    "postcode": "4710808",
    "prefecture": "愛知県",
    "prefecture_kana": "アイチケン",
    "prefecture_code": 23,
    "city": "豊田市",
    "city_kana": "トヨタシ",
    "town": "渋谷町",
    "town_kana": "シブヤチョウ",
    "street": null,
    "office_name": null,
    "office_name_kana": null
  },
  "0809": {
    "postcode": "4710809",
    "prefecture": "愛知県",
    "prefecture_kana": "アイチケン",
    "prefecture_code": 23,
    "city": "豊田市",
    "city_kana": "トヨタシ",
    "town": "宝来町",
    "town_kana": "ホウライチョウ",
    "street": null,
    "office_name": null,
    "office_name_kana": null
  },
  "0811": {
    "postcode": "4710811",
    "prefecture": "愛知県",
    "prefecture_kana": "アイチケン",
    "prefecture_code": 23,
    "city": "豊田市",
    "city_kana": "トヨタシ",
    "town": "御立町",
    "town_kana": "ミタチチョウ",
    "street": null,
    "office_name": null,
    "office_name_kana": null
  },
  "0812": {
    "postcode": "4710812",
    "prefecture": "愛知県",
    "prefecture_kana": "アイチケン",
    "prefecture_code": 23,
    "city": "豊田市",
    "city_kana": "トヨタシ",
    "town": "野見町",
    "town_kana": "ノミチョウ",
    "street": null,
    "office_name": null,
    "office_name_kana": null
  },
  "0813": {
    "postcode": "4710813",
    "prefecture": "愛知県",
    "prefecture_kana": "アイチケン",
    "prefecture_code": 23,
    "city": "豊田市",
    "city_kana": "トヨタシ",
    "town": "野見山町",
    "town_kana": "ノミヤマチョウ",
    "street": null,
    "office_name": null,
    "office_name_kana": null
  },
  "0814": {
    "postcode": "4710814",
    "prefecture": "愛知県",
    "prefecture_kana": "アイチケン",
    "prefecture_code": 23,
    "city": "豊田市",
    "city_kana": "トヨタシ",
    "town": "五ケ丘",
    "town_kana": "イツツガオカ",
    "street": null,
    "office_name": null,
    "office_name_kana": null
  },
  "0815": {
    "postcode": "4710815",
    "prefecture": "愛知県",
    "prefecture_kana": "アイチケン",
    "prefecture_code": 23,
    "city": "豊田市",
    "city_kana": "トヨタシ",
    "town": "大見町",
    "town_kana": "オオミチョウ",
    "street": null,
    "office_name": null,
    "office_name_kana": null
  },
  "0816": {
    "postcode": "4710816",
    "prefecture": "愛知県",
    "prefecture_kana": "アイチケン",
    "prefecture_code": 23,
    "city": "豊田市",
    "city_kana": "トヨタシ",
    "town": "琴平町",
    "town_kana": "コトヒラチョウ",
    "street": null,
    "office_name": null,
    "office_name_kana": null
  },
  "0817": {
    "postcode": "4710817",
    "prefecture": "愛知県",
    "prefecture_kana": "アイチケン",
    "prefecture_code": 23,
    "city": "豊田市",
    "city_kana": "トヨタシ",
    "town": "渡合町",
    "town_kana": "ドアイチョウ",
    "street": null,
    "office_name": null,
    "office_name_kana": null
  },
  "0818": {
    "postcode": "4710818",
    "prefecture": "愛知県",
    "prefecture_kana": "アイチケン",
    "prefecture_code": 23,
    "city": "豊田市",
    "city_kana": "トヨタシ",
    "town": "室町",
    "town_kana": "ムロマチ",
    "street": null,
    "office_name": null,
    "office_name_kana": null
  },
  "0819": {
    "postcode": "4710819",
    "prefecture": "愛知県",
    "prefecture_kana": "アイチケン",
    "prefecture_code": 23,
    "city": "豊田市",
    "city_kana": "トヨタシ",
    "town": "宮前町",
    "town_kana": "ミヤマエチョウ",
    "street": null,
    "office_name": null,
    "office_name_kana": null
  },
  "0821": {
    "postcode": "4710821",
    "prefecture": "愛知県",
    "prefecture_kana": "アイチケン",
    "prefecture_code": 23,
    "city": "豊田市",
    "city_kana": "トヨタシ",
    "town": "平和町",
    "town_kana": "ヘイワチョウ",
    "street": null,
    "office_name": null,
    "office_name_kana": null
  },
  "0822": {
    "postcode": "4710822",
    "prefecture": "愛知県",
    "prefecture_kana": "アイチケン",
    "prefecture_code": 23,
    "city": "豊田市",
    "city_kana": "トヨタシ",
    "town": "水源町",
    "town_kana": "スイゲンチョウ",
    "street": null,
    "office_name": null,
    "office_name_kana": null
  },
  "0823": {
    "postcode": "4710823",
    "prefecture": "愛知県",
    "prefecture_kana": "アイチケン",
    "prefecture_code": 23,
    "city": "豊田市",
    "city_kana": "トヨタシ",
    "town": "今町",
    "town_kana": "イマチョウ",
    "street": null,
    "office_name": null,
    "office_name_kana": null
  },
  "0824": {
    "postcode": "4710824",
    "prefecture": "愛知県",
    "prefecture_kana": "アイチケン",
    "prefecture_code": 23,
    "city": "豊田市",
    "city_kana": "トヨタシ",
    "town": "河合町",
    "town_kana": "カワイチョウ",
    "street": null,
    "office_name": null,
    "office_name_kana": null
  },
  "0825": {
    "postcode": "4710825",
    "prefecture": "愛知県",
    "prefecture_kana": "アイチケン",
    "prefecture_code": 23,
    "city": "豊田市",
    "city_kana": "トヨタシ",
    "town": "明和町",
    "town_kana": "メイワチョウ",
    "street": null,
    "office_name": null,
    "office_name_kana": null
  },
  "0826": {
    "postcode": "4710826",
    "prefecture": "愛知県",
    "prefecture_kana": "アイチケン",
    "prefecture_code": 23,
    "city": "豊田市",
    "city_kana": "トヨタシ",
    "town": "トヨタ町",
    "town_kana": "トヨタチョウ",
    "street": null,
    "office_name": null,
    "office_name_kana": null
  },
  "0827": {
    "postcode": "4710827",
    "prefecture": "愛知県",
    "prefecture_kana": "アイチケン",
    "prefecture_code": 23,
    "city": "豊田市",
    "city_kana": "トヨタシ",
    "town": "平山町",
    "town_kana": "ヒラヤマチョウ",
    "street": null,
    "office_name": null,
    "office_name_kana": null
  },
  "0828": {
    "postcode": "4710828",
    "prefecture": "愛知県",
    "prefecture_kana": "アイチケン",
    "prefecture_code": 23,
    "city": "豊田市",
    "city_kana": "トヨタシ",
    "town": "前山町",
    "town_kana": "マエヤマチョウ",
    "street": null,
    "office_name": null,
    "office_name_kana": null
  },
  "0831": {
    "postcode": "4710831",
    "prefecture": "愛知県",
    "prefecture_kana": "アイチケン",
    "prefecture_code": 23,
    "city": "豊田市",
    "city_kana": "トヨタシ",
    "town": "司町",
    "town_kana": "ツカサチョウ",
    "street": null,
    "office_name": null,
    "office_name_kana": null
  },
  "0832": {
    "postcode": "4710832",
    "prefecture": "愛知県",
    "prefecture_kana": "アイチケン",
    "prefecture_code": 23,
    "city": "豊田市",
    "city_kana": "トヨタシ",
    "town": "丸山町",
    "town_kana": "マルヤマチョウ",
    "street": null,
    "office_name": null,
    "office_name_kana": null
  },
  "0833": {
    "postcode": "4710833",
    "prefecture": "愛知県",
    "prefecture_kana": "アイチケン",
    "prefecture_code": 23,
    "city": "豊田市",
    "city_kana": "トヨタシ",
    "town": "山之手",
    "town_kana": "ヤマノテ",
    "street": null,
    "office_name": null,
    "office_name_kana": null
  },
  "0834": {
    "postcode": "4710834",
    "prefecture": "愛知県",
    "prefecture_kana": "アイチケン",
    "prefecture_code": 23,
    "city": "豊田市",
    "city_kana": "トヨタシ",
    "town": "寿町",
    "town_kana": "コトブキチョウ",
    "street": null,
    "office_name": null,
    "office_name_kana": null
  },
  "0835": {
    "postcode": "4710835",
    "prefecture": "愛知県",
    "prefecture_kana": "アイチケン",
    "prefecture_code": 23,
    "city": "豊田市",
    "city_kana": "トヨタシ",
    "town": "曙町",
    "town_kana": "アケボノチョウ",
    "street": null,
    "office_name": null,
    "office_name_kana": null
  },
  "0836": {
    "postcode": "4710836",
    "prefecture": "愛知県",
    "prefecture_kana": "アイチケン",
    "prefecture_code": 23,
    "city": "豊田市",
    "city_kana": "トヨタシ",
    "town": "鴻ノ巣町",
    "town_kana": "コウノスチョウ",
    "street": null,
    "office_name": null,
    "office_name_kana": null
  },
  "0837": {
    "postcode": "4710837",
    "prefecture": "愛知県",
    "prefecture_kana": "アイチケン",
    "prefecture_code": 23,
    "city": "豊田市",
    "city_kana": "トヨタシ",
    "town": "新生町",
    "town_kana": "シンセイチョウ",
    "street": null,
    "office_name": null,
    "office_name_kana": null
  },
  "0838": {
    "postcode": "4710838",
    "prefecture": "愛知県",
    "prefecture_kana": "アイチケン",
    "prefecture_code": 23,
    "city": "豊田市",
    "city_kana": "トヨタシ",
    "town": "緑ケ丘",
    "town_kana": "ミドリガオカ",
    "street": null,
    "office_name": null,
    "office_name_kana": null
  },
  "0841": {
    "postcode": "4710841",
    "prefecture": "愛知県",
    "prefecture_kana": "アイチケン",
    "prefecture_code": 23,
    "city": "豊田市",
    "city_kana": "トヨタシ",
    "town": "深田町",
    "town_kana": "フカダチョウ",
    "street": null,
    "office_name": null,
    "office_name_kana": null
  },
  "0842": {
    "postcode": "4710842",
    "prefecture": "愛知県",
    "prefecture_kana": "アイチケン",
    "prefecture_code": 23,
    "city": "豊田市",
    "city_kana": "トヨタシ",
    "town": "土橋町",
    "town_kana": "ツチハシチョウ",
    "street": null,
    "office_name": null,
    "office_name_kana": null
  },
  "0843": {
    "postcode": "4710843",
    "prefecture": "愛知県",
    "prefecture_kana": "アイチケン",
    "prefecture_code": 23,
    "city": "豊田市",
    "city_kana": "トヨタシ",
    "town": "清水町",
    "town_kana": "シミズチョウ",
    "street": null,
    "office_name": null,
    "office_name_kana": null
  },
  "0844": {
    "postcode": "4710844",
    "prefecture": "愛知県",
    "prefecture_kana": "アイチケン",
    "prefecture_code": 23,
    "city": "豊田市",
    "city_kana": "トヨタシ",
    "town": "聖心町",
    "town_kana": "セイシンチョウ",
    "street": null,
    "office_name": null,
    "office_name_kana": null
  },
  "0845": {
    "postcode": "4710845",
    "prefecture": "愛知県",
    "prefecture_kana": "アイチケン",
    "prefecture_code": 23,
    "city": "豊田市",
    "city_kana": "トヨタシ",
    "town": "田中町",
    "town_kana": "タナカチョウ",
    "street": null,
    "office_name": null,
    "office_name_kana": null
  },
  "0846": {
    "postcode": "4710846",
    "prefecture": "愛知県",
    "prefecture_kana": "アイチケン",
    "prefecture_code": 23,
    "city": "豊田市",
    "city_kana": "トヨタシ",
    "town": "田代町",
    "town_kana": "タシロチョウ",
    "street": null,
    "office_name": null,
    "office_name_kana": null
  },
  "0847": {
    "postcode": "4710847",
    "prefecture": "愛知県",
    "prefecture_kana": "アイチケン",
    "prefecture_code": 23,
    "city": "豊田市",
    "city_kana": "トヨタシ",
    "town": "千足町",
    "town_kana": "センゾクチョウ",
    "street": null,
    "office_name": null,
    "office_name_kana": null
  },
  "0848": {
    "postcode": "4710848",
    "prefecture": "愛知県",
    "prefecture_kana": "アイチケン",
    "prefecture_code": 23,
    "city": "豊田市",
    "city_kana": "トヨタシ",
    "town": "本地町",
    "town_kana": "ホンジチョウ",
    "street": null,
    "office_name": null,
    "office_name_kana": null
  },
  "0849": {
    "postcode": "4710849",
    "prefecture": "愛知県",
    "prefecture_kana": "アイチケン",
    "prefecture_code": 23,
    "city": "豊田市",
    "city_kana": "トヨタシ",
    "town": "美山町",
    "town_kana": "ミヤマチョウ",
    "street": null,
    "office_name": null,
    "office_name_kana": null
  },
  "0851": {
    "postcode": "4710851",
    "prefecture": "愛知県",
    "prefecture_kana": "アイチケン",
    "prefecture_code": 23,
    "city": "豊田市",
    "city_kana": "トヨタシ",
    "town": "樹木町",
    "town_kana": "ジュモクチョウ",
    "street": null,
    "office_name": null,
    "office_name_kana": null
  },
  "0852": {
    "postcode": "4710852",
    "prefecture": "愛知県",
    "prefecture_kana": "アイチケン",
    "prefecture_code": 23,
    "city": "豊田市",
    "city_kana": "トヨタシ",
    "town": "御幸町",
    "town_kana": "ミユキチョウ",
    "street": null,
    "office_name": null,
    "office_name_kana": null
  },
  "0853": {
    "postcode": "4710853",
    "prefecture": "愛知県",
    "prefecture_kana": "アイチケン",
    "prefecture_code": 23,
    "city": "豊田市",
    "city_kana": "トヨタシ",
    "town": "細谷町",
    "town_kana": "ホソヤチョウ",
    "street": null,
    "office_name": null,
    "office_name_kana": null
  },
  "0854": {
    "postcode": "4710854",
    "prefecture": "愛知県",
    "prefecture_kana": "アイチケン",
    "prefecture_code": 23,
    "city": "豊田市",
    "city_kana": "トヨタシ",
    "town": "元町",
    "town_kana": "モトマチ",
    "street": null,
    "office_name": null,
    "office_name_kana": null
  },
  "0855": {
    "postcode": "4710855",
    "prefecture": "愛知県",
    "prefecture_kana": "アイチケン",
    "prefecture_code": 23,
    "city": "豊田市",
    "city_kana": "トヨタシ",
    "town": "柿本町",
    "town_kana": "カキモトチョウ",
    "street": null,
    "office_name": null,
    "office_name_kana": null
  },
  "0856": {
    "postcode": "4710856",
    "prefecture": "愛知県",
    "prefecture_kana": "アイチケン",
    "prefecture_code": 23,
    "city": "豊田市",
    "city_kana": "トヨタシ",
    "town": "衣ケ原",
    "town_kana": "コロモガハラ",
    "street": null,
    "office_name": null,
    "office_name_kana": null
  },
  "0857": {
    "postcode": "4710857",
    "prefecture": "愛知県",
    "prefecture_kana": "アイチケン",
    "prefecture_code": 23,
    "city": "豊田市",
    "city_kana": "トヨタシ",
    "town": "小川町",
    "town_kana": "オガワチョウ",
    "street": null,
    "office_name": null,
    "office_name_kana": null
  },
  "0858": {
    "postcode": "4710858",
    "prefecture": "愛知県",
    "prefecture_kana": "アイチケン",
    "prefecture_code": 23,
    "city": "豊田市",
    "city_kana": "トヨタシ",
    "town": "朝日ケ丘",
    "town_kana": "アサヒガオカ",
    "street": null,
    "office_name": null,
    "office_name_kana": null
  },
  "0861": {
    "postcode": "4710861",
    "prefecture": "愛知県",
    "prefecture_kana": "アイチケン",
    "prefecture_code": 23,
    "city": "豊田市",
    "city_kana": "トヨタシ",
    "town": "八幡町",
    "town_kana": "ハチマンチョウ",
    "street": null,
    "office_name": null,
    "office_name_kana": null
  },
  "0862": {
    "postcode": "4710862",
    "prefecture": "愛知県",
    "prefecture_kana": "アイチケン",
    "prefecture_code": 23,
    "city": "豊田市",
    "city_kana": "トヨタシ",
    "town": "砂町",
    "town_kana": "スナチョウ",
    "street": null,
    "office_name": null,
    "office_name_kana": null
  },
  "0863": {
    "postcode": "4710863",
    "prefecture": "愛知県",
    "prefecture_kana": "アイチケン",
    "prefecture_code": 23,
    "city": "豊田市",
    "city_kana": "トヨタシ",
    "town": "瑞穂町",
    "town_kana": "ミズホチョウ",
    "street": null,
    "office_name": null,
    "office_name_kana": null
  },
  "0864": {
    "postcode": "4710864",
    "prefecture": "愛知県",
    "prefecture_kana": "アイチケン",
    "prefecture_code": 23,
    "city": "豊田市",
    "city_kana": "トヨタシ",
    "town": "広路町",
    "town_kana": "ヒロジチョウ",
    "street": null,
    "office_name": null,
    "office_name_kana": null
  },
  "0865": {
    "postcode": "4710865",
    "prefecture": "愛知県",
    "prefecture_kana": "アイチケン",
    "prefecture_code": 23,
    "city": "豊田市",
    "city_kana": "トヨタシ",
    "town": "松ケ枝町",
    "town_kana": "マツガエチョウ",
    "street": null,
    "office_name": null,
    "office_name_kana": null
  },
  "0866": {
    "postcode": "4710866",
    "prefecture": "愛知県",
    "prefecture_kana": "アイチケン",
    "prefecture_code": 23,
    "city": "豊田市",
    "city_kana": "トヨタシ",
    "town": "上挙母",
    "town_kana": "ウワゴロモ",
    "street": null,
    "office_name": null,
    "office_name_kana": null
  },
  "0867": {
    "postcode": "4710867",
    "prefecture": "愛知県",
    "prefecture_kana": "アイチケン",
    "prefecture_code": 23,
    "city": "豊田市",
    "city_kana": "トヨタシ",
    "town": "常盤町",
    "town_kana": "トキワチョウ",
    "street": null,
    "office_name": null,
    "office_name_kana": null
  },
  "0868": {
    "postcode": "4710868",
    "prefecture": "愛知県",
    "prefecture_kana": "アイチケン",
    "prefecture_code": 23,
    "city": "豊田市",
    "city_kana": "トヨタシ",
    "town": "神田町",
    "town_kana": "カンダチョウ",
    "street": null,
    "office_name": null,
    "office_name_kana": null
  },
  "0869": {
    "postcode": "4710869",
    "prefecture": "愛知県",
    "prefecture_kana": "アイチケン",
    "prefecture_code": 23,
    "city": "豊田市",
    "city_kana": "トヨタシ",
    "town": "十塚町",
    "town_kana": "トヅカチョウ",
    "street": null,
    "office_name": null,
    "office_name_kana": null
  },
  "0871": {
    "postcode": "4710871",
    "prefecture": "愛知県",
    "prefecture_kana": "アイチケン",
    "prefecture_code": 23,
    "city": "豊田市",
    "city_kana": "トヨタシ",
    "town": "元宮町",
    "town_kana": "モトミヤチョウ",
    "street": null,
    "office_name": null,
    "office_name_kana": null
  },
  "0872": {
    "postcode": "4710872",
    "prefecture": "愛知県",
    "prefecture_kana": "アイチケン",
    "prefecture_code": 23,
    "city": "豊田市",
    "city_kana": "トヨタシ",
    "town": "竜宮町",
    "town_kana": "リュウグウチョウ",
    "street": null,
    "office_name": null,
    "office_name_kana": null
  },
  "0873": {
    "postcode": "4710873",
    "prefecture": "愛知県",
    "prefecture_kana": "アイチケン",
    "prefecture_code": 23,
    "city": "豊田市",
    "city_kana": "トヨタシ",
    "town": "秋葉町",
    "town_kana": "アキバチョウ",
    "street": null,
    "office_name": null,
    "office_name_kana": null
  },
  "0874": {
    "postcode": "4710874",
    "prefecture": "愛知県",
    "prefecture_kana": "アイチケン",
    "prefecture_code": 23,
    "city": "豊田市",
    "city_kana": "トヨタシ",
    "town": "前田町",
    "town_kana": "マエダチョウ",
    "street": null,
    "office_name": null,
    "office_name_kana": null
  },
  "0875": {
    "postcode": "4710875",
    "prefecture": "愛知県",
    "prefecture_kana": "アイチケン",
    "prefecture_code": 23,
    "city": "豊田市",
    "city_kana": "トヨタシ",
    "town": "下市場町",
    "town_kana": "シモイチバチョウ",
    "street": null,
    "office_name": null,
    "office_name_kana": null
  },
  "0876": {
    "postcode": "4710876",
    "prefecture": "愛知県",
    "prefecture_kana": "アイチケン",
    "prefecture_code": 23,
    "city": "豊田市",
    "city_kana": "トヨタシ",
    "town": "金谷町",
    "town_kana": "カナヤチョウ",
    "street": null,
    "office_name": null,
    "office_name_kana": null
  },
  "0877": {
    "postcode": "4710877",
    "prefecture": "愛知県",
    "prefecture_kana": "アイチケン",
    "prefecture_code": 23,
    "city": "豊田市",
    "city_kana": "トヨタシ",
    "town": "錦町",
    "town_kana": "ニシキチョウ",
    "street": null,
    "office_name": null,
    "office_name_kana": null
  },
  "0878": {
    "postcode": "4710878",
    "prefecture": "愛知県",
    "prefecture_kana": "アイチケン",
    "prefecture_code": 23,
    "city": "豊田市",
    "city_kana": "トヨタシ",
    "town": "下林町",
    "town_kana": "シモバヤシチョウ",
    "street": null,
    "office_name": null,
    "office_name_kana": null
  },
  "0879": {
    "postcode": "4710879",
    "prefecture": "愛知県",
    "prefecture_kana": "アイチケン",
    "prefecture_code": 23,
    "city": "豊田市",
    "city_kana": "トヨタシ",
    "town": "長興寺",
    "town_kana": "チョウコウジ",
    "street": null,
    "office_name": null,
    "office_name_kana": null
  },
  "8501": {
    "postcode": "4718501",
    "prefecture": "愛知県",
    "prefecture_kana": "アイチケン",
    "prefecture_code": 23,
    "city": "豊田市",
    "city_kana": "トヨタシ",
    "town": "西町",
    "town_kana": "ニシマチ",
    "street": "３丁目６０",
    "office_name": "豊田市役所",
    "office_name_kana": "トヨタシヤクシヨ"
  },
  "8502": {
    "postcode": "4718502",
    "prefecture": "愛知県",
    "prefecture_kana": "アイチケン",
    "prefecture_code": 23,
    "city": "豊田市",
    "city_kana": "トヨタシ",
    "town": "緑ケ丘",
    "town_kana": "ミドリガオカ",
    "street": "３丁目６５",
    "office_name": "大豊工業　株式会社",
    "office_name_kana": "タイホウコウギヨウ カブシキガイシヤ"
  },
  "8503": {
    "postcode": "4718503",
    "prefecture": "愛知県",
    "prefecture_kana": "アイチケン",
    "prefecture_code": 23,
    "city": "豊田市",
    "city_kana": "トヨタシ",
    "town": "元城町",
    "town_kana": "モトシロチョウ",
    "street": "４丁目４５",
    "office_name": "愛知県豊田事務所",
    "office_name_kana": "アイチケントヨタジムシヨ"
  },
  "8506": {
    "postcode": "4718506",
    "prefecture": "愛知県",
    "prefecture_kana": "アイチケン",
    "prefecture_code": 23,
    "city": "豊田市",
    "city_kana": "トヨタシ",
    "town": "小坂本町",
    "town_kana": "コザカホンマチ",
    "street": "１丁目２５",
    "office_name": "豊田商工会議所",
    "office_name_kana": "トヨタシヨウコウカイギシヨ"
  },
  "8507": {
    "postcode": "4718507",
    "prefecture": "愛知県",
    "prefecture_kana": "アイチケン",
    "prefecture_code": 23,
    "city": "豊田市",
    "city_kana": "トヨタシ",
    "town": "細谷町",
    "town_kana": "ホソヤチョウ",
    "street": "４丁目５０",
    "office_name": "豊田鉄工　株式会社",
    "office_name_kana": "トヨタテツコウ カブシキガイシヤ"
  },
  "8508": {
    "postcode": "4718508",
    "prefecture": "愛知県",
    "prefecture_kana": "アイチケン",
    "prefecture_code": 23,
    "city": "豊田市",
    "city_kana": "トヨタシ",
    "town": "新生町",
    "town_kana": "シンセイチョウ",
    "street": "４丁目１",
    "office_name": "住友ゴム工業　株式会社　名古屋工場",
    "office_name_kana": "スミトモゴムコウギヨウ カブシキガイシヤ ナゴヤコウジヨウ"
  },
  "8510": {
    "postcode": "4718510",
    "prefecture": "愛知県",
    "prefecture_kana": "アイチケン",
    "prefecture_code": 23,
    "city": "豊田市",
    "city_kana": "トヨタシ",
    "town": "鴻ノ巣町",
    "town_kana": "コウノスチョウ",
    "street": "２丁目２６番地",
    "office_name": "株式会社　Ｆ　Ｔ　Ｓ",
    "office_name_kana": "カブシキカイシヤ エフ テイ エス"
  },
  "8511": {
    "postcode": "4718511",
    "prefecture": "愛知県",
    "prefecture_kana": "アイチケン",
    "prefecture_code": 23,
    "city": "豊田市",
    "city_kana": "トヨタシ",
    "town": "西町",
    "town_kana": "ニシマチ",
    "street": "４丁目５番地",
    "office_name": "あいち豊田農業協同組合",
    "office_name_kana": "アイチトヨタノウギヨウキヨウドウクミアイ"
  },
  "8512": {
    "postcode": "4718512",
    "prefecture": "愛知県",
    "prefecture_kana": "アイチケン",
    "prefecture_code": 23,
    "city": "豊田市",
    "city_kana": "トヨタシ",
    "town": "寿町",
    "town_kana": "コトブキチョウ",
    "street": "７丁目６６番地",
    "office_name": "豊田通商　株式会社　豊田支店",
    "office_name_kana": "トヨタツウシヨウ カブシキガイシヤ トヨタシテン"
  },
  "8513": {
    "postcode": "4718513",
    "prefecture": "愛知県",
    "prefecture_kana": "アイチケン",
    "prefecture_code": 23,
    "city": "豊田市",
    "city_kana": "トヨタシ",
    "town": "平和町",
    "town_kana": "ヘイワチョウ",
    "street": "１丁目１",
    "office_name": "トヨタ記念病院",
    "office_name_kana": "トヨタキネンビヨウイン"
  },
  "8515": {
    "postcode": "4718515",
    "prefecture": "愛知県",
    "prefecture_kana": "アイチケン",
    "prefecture_code": 23,
    "city": "豊田市",
    "city_kana": "トヨタシ",
    "town": "トヨタ町",
    "town_kana": "トヨタチョウ",
    "street": "６",
    "office_name": "株式会社　協豊製作所",
    "office_name_kana": "カブシキガイシヤ キヨウホウセイサクジヨ"
  },
  "8516": {
    "postcode": "4718516",
    "prefecture": "愛知県",
    "prefecture_kana": "アイチケン",
    "prefecture_code": 23,
    "city": "豊田市",
    "city_kana": "トヨタシ",
    "town": "西町",
    "town_kana": "ニシマチ",
    "street": "３丁目６０番地",
    "office_name": "豊田市役所　市民課",
    "office_name_kana": "トヨタシヤクシヨ シミンカ"
  },
  "8517": {
    "postcode": "4718517",
    "prefecture": "愛知県",
    "prefecture_kana": "アイチケン",
    "prefecture_code": 23,
    "city": "豊田市",
    "city_kana": "トヨタシ",
    "town": "西町",
    "town_kana": "ニシマチ",
    "street": "３丁目６０番地",
    "office_name": "豊田市役所　市民税課",
    "office_name_kana": "トヨタシヤクシヨ シミンゼイカ"
  },
  "8518": {
    "postcode": "4718518",
    "prefecture": "愛知県",
    "prefecture_kana": "アイチケン",
    "prefecture_code": 23,
    "city": "豊田市",
    "city_kana": "トヨタシ",
    "town": "西町",
    "town_kana": "ニシマチ",
    "street": "３丁目６０番地",
    "office_name": "豊田市役所　生活福祉課",
    "office_name_kana": "トヨタシヤクシヨ セイカツフクシカ"
  },
  "8521": {
    "postcode": "4718521",
    "prefecture": "愛知県",
    "prefecture_kana": "アイチケン",
    "prefecture_code": 23,
    "city": "豊田市",
    "city_kana": "トヨタシ",
    "town": "常盤町",
    "town_kana": "トキワチョウ",
    "street": "１丁目１０５番３号",
    "office_name": "豊田税務署",
    "office_name_kana": "トヨタゼイムシヨ"
  },
  "8522": {
    "postcode": "4718522",
    "prefecture": "愛知県",
    "prefecture_kana": "アイチケン",
    "prefecture_code": 23,
    "city": "豊田市",
    "city_kana": "トヨタシ",
    "town": "梅坪町",
    "town_kana": "ウメツボチョウ",
    "street": "９丁目３０−３",
    "office_name": "中部工業　株式会社",
    "office_name_kana": "チユウブコウギヨウ カブシキガイシヤ"
  },
  "8525": {
    "postcode": "4718525",
    "prefecture": "愛知県",
    "prefecture_kana": "アイチケン",
    "prefecture_code": 23,
    "city": "豊田市",
    "city_kana": "トヨタシ",
    "town": "栄生町",
    "town_kana": "エイセイチョウ",
    "street": "２丁目１",
    "office_name": "豊田工業高等専門学校",
    "office_name_kana": "トヨタコウギヨウコウトウセンモンガツコウ"
  },
  "8527": {
    "postcode": "4718527",
    "prefecture": "愛知県",
    "prefecture_kana": "アイチケン",
    "prefecture_code": 23,
    "city": "豊田市",
    "city_kana": "トヨタシ",
    "town": "元町",
    "town_kana": "モトマチ",
    "street": "２",
    "office_name": "トヨタ輸送　株式会社",
    "office_name_kana": "トヨタユソウ カブシキガイシヤ"
  },
  "8530": {
    "postcode": "4718530",
    "prefecture": "愛知県",
    "prefecture_kana": "アイチケン",
    "prefecture_code": 23,
    "city": "豊田市",
    "city_kana": "トヨタシ",
    "town": "喜多町",
    "town_kana": "キタマチ",
    "street": "２丁目１７０番地",
    "office_name": "株式会社　三菱東京ＵＦＪ銀行　豊田支店",
    "office_name_kana": "カブシキカイシヤ ミツビシトウキヨウユ-エフジエ-ギンコウ トヨタシテン"
  },
  "8531": {
    "postcode": "4718531",
    "prefecture": "愛知県",
    "prefecture_kana": "アイチケン",
    "prefecture_code": 23,
    "city": "豊田市",
    "city_kana": "トヨタシ",
    "town": "喜多町",
    "town_kana": "キタマチ",
    "street": "２丁目６４−１",
    "office_name": "合資会社　原田屋",
    "office_name_kana": "ゴウシガイシヤ ハラダヤ"
  },
  "8532": {
    "postcode": "4718532",
    "prefecture": "愛知県",
    "prefecture_kana": "アイチケン",
    "prefecture_code": 23,
    "city": "豊田市",
    "city_kana": "トヨタシ",
    "town": "大池町",
    "town_kana": "オオイケチョウ",
    "street": "汐取１",
    "office_name": "愛知学泉大学",
    "office_name_kana": "アイチガクセンダイガク"
  },
  "8535": {
    "postcode": "4718535",
    "prefecture": "愛知県",
    "prefecture_kana": "アイチケン",
    "prefecture_code": 23,
    "city": "豊田市",
    "city_kana": "トヨタシ",
    "town": "柿本町",
    "town_kana": "カキモトチョウ",
    "street": "１丁目９",
    "office_name": "トリニティ工業　株式会社",
    "office_name_kana": "トリニテイコウギヨウ カブシキガイシヤ"
  },
  "8536": {
    "postcode": "4718536",
    "prefecture": "愛知県",
    "prefecture_kana": "アイチケン",
    "prefecture_code": 23,
    "city": "豊田市",
    "city_kana": "トヨタシ",
    "town": "山之手",
    "town_kana": "ヤマノテ",
    "street": "４丁目４６",
    "office_name": "三井海上火災保険　株式会社",
    "office_name_kana": "ミツイカイジヨウカサイホケン カブシキガイシヤ"
  },
  "8537": {
    "postcode": "4718537",
    "prefecture": "愛知県",
    "prefecture_kana": "アイチケン",
    "prefecture_code": 23,
    "city": "豊田市",
    "city_kana": "トヨタシ",
    "town": "元城町",
    "town_kana": "モトシロチョウ",
    "street": "４丁目４５番地",
    "office_name": "愛知県豊田加茂県税事務所",
    "office_name_kana": "アイチケントヨタカモケンゼイジムシヨ"
  },
  "8550": {
    "postcode": "4718550",
    "prefecture": "愛知県",
    "prefecture_kana": "アイチケン",
    "prefecture_code": 23,
    "city": "豊田市",
    "city_kana": "トヨタシ",
    "town": "神池町",
    "town_kana": "カミイケチョウ",
    "street": "２丁目１２３６",
    "office_name": "光生アルミニューム工業　株式会社",
    "office_name_kana": "コウセイアルミニユ-ムコウギヨウ カブシキガイシヤ"
  },
  "8555": {
    "postcode": "4718555",
    "prefecture": "愛知県",
    "prefecture_kana": "アイチケン",
    "prefecture_code": 23,
    "city": "豊田市",
    "city_kana": "トヨタシ",
    "town": "神池町",
    "town_kana": "カミイケチョウ",
    "street": "２丁目１２３６",
    "office_name": "株式会社　ニフコ",
    "office_name_kana": "カブシキガイシヤ ニフコ"
  },
  "8560": {
    "postcode": "4718560",
    "prefecture": "愛知県",
    "prefecture_kana": "アイチケン",
    "prefecture_code": 23,
    "city": "豊田市",
    "city_kana": "トヨタシ",
    "town": "西町",
    "town_kana": "ニシマチ",
    "street": "６丁目８５番地１",
    "office_name": "株式会社　松坂屋　豊田店",
    "office_name_kana": "カブシキカイシヤ マツザカヤ トヨタテン"
  },
  "8565": {
    "postcode": "4718565",
    "prefecture": "愛知県",
    "prefecture_kana": "アイチケン",
    "prefecture_code": 23,
    "city": "豊田市",
    "city_kana": "トヨタシ",
    "town": "白山町",
    "town_kana": "ハクサンチョウ",
    "street": "七曲１２−３３",
    "office_name": "日本赤十字豊田看護大学",
    "office_name_kana": "ニホンセキジユウジトヨタカンゴダイガク"
  },
  "8566": {
    "postcode": "4718566",
    "prefecture": "愛知県",
    "prefecture_kana": "アイチケン",
    "prefecture_code": 23,
    "city": "豊田市",
    "city_kana": "トヨタシ",
    "town": "元城町",
    "town_kana": "モトシロチョウ",
    "street": "４丁目４５番地",
    "office_name": "愛知県　豊田加茂農林水産事務所",
    "office_name_kana": "アイチケン トヨタカモノウリンスイサンジムシヨ"
  },
  "8571": {
    "postcode": "4718571",
    "prefecture": "愛知県",
    "prefecture_kana": "アイチケン",
    "prefecture_code": 23,
    "city": "豊田市",
    "city_kana": "トヨタシ",
    "town": "トヨタ町",
    "town_kana": "トヨタチョウ",
    "street": "１",
    "office_name": "トヨタ自動車　株式会社",
    "office_name_kana": "トヨタジドウシヤ カブシキガイシヤ"
  },
  "8572": {
    "postcode": "4718572",
    "prefecture": "愛知県",
    "prefecture_kana": "アイチケン",
    "prefecture_code": 23,
    "city": "豊田市",
    "city_kana": "トヨタシ",
    "town": "トヨタ町",
    "town_kana": "トヨタチョウ",
    "street": "１",
    "office_name": "トヨタ自動車　株式会社（本社技術部門）",
    "office_name_kana": "トヨタジドウシヤ カブシキガイシヤ(ホンシヤギジユツブモン)"
  },
  "8573": {
    "postcode": "4718573",
    "prefecture": "愛知県",
    "prefecture_kana": "アイチケン",
    "prefecture_code": 23,
    "city": "豊田市",
    "city_kana": "トヨタシ",
    "town": "元町",
    "town_kana": "モトマチ",
    "street": "１",
    "office_name": "トヨタ自動車　株式会社　元町工場",
    "office_name_kana": "トヨタジドウシヤ カブシキガイシヤ モトマチコウジヨウ"
  },
  "8574": {
    "postcode": "4718574",
    "prefecture": "愛知県",
    "prefecture_kana": "アイチケン",
    "prefecture_code": 23,
    "city": "豊田市",
    "city_kana": "トヨタシ",
    "town": "貞宝町",
    "town_kana": "テイホウチョウ",
    "street": "貞宝７",
    "office_name": "トヨタ自動車　株式会社　貞宝工場",
    "office_name_kana": "トヨタジドウシヤ カブシキガイシヤ テイホウコウジヨウ"
  },
  "8585": {
    "postcode": "4718585",
    "prefecture": "愛知県",
    "prefecture_kana": "アイチケン",
    "prefecture_code": 23,
    "city": "豊田市",
    "city_kana": "トヨタシ",
    "town": "常盤町",
    "town_kana": "トキワチョウ",
    "street": "１丁目１０５番地３",
    "office_name": "名古屋法務局　豊田支局",
    "office_name_kana": "ナゴヤホウムキヨク トヨタシキヨク"
  },
  "8588": {
    "postcode": "4718588",
    "prefecture": "愛知県",
    "prefecture_kana": "アイチケン",
    "prefecture_code": 23,
    "city": "豊田市",
    "city_kana": "トヨタシ",
    "town": "下市場町",
    "town_kana": "シモイチバチョウ",
    "street": "３丁目３０",
    "office_name": "小島プレス工業　株式会社",
    "office_name_kana": "コジマプレスコウギヨウ カブシキガイシヤ"
  },
  "8601": {
    "postcode": "4718601",
    "prefecture": "愛知県",
    "prefecture_kana": "アイチケン",
    "prefecture_code": 23,
    "city": "豊田市",
    "city_kana": "トヨタシ",
    "town": "元城町",
    "town_kana": "モトシロチョウ",
    "street": "１丁目４８（豊田郵便局私書箱第２３号）",
    "office_name": "豊田信用金庫",
    "office_name_kana": "トヨタシンヨウキンコ"
  },
  "8602": {
    "postcode": "4718602",
    "prefecture": "愛知県",
    "prefecture_kana": "アイチケン",
    "prefecture_code": 23,
    "city": "豊田市",
    "city_kana": "トヨタシ",
    "town": "神明町",
    "town_kana": "シンメイチョウ",
    "street": "３丁目３３−２（豊田郵便局私書箱第３５号）",
    "office_name": "豊田社会保険事務所",
    "office_name_kana": "トヨタシヤカイホケンジムシヨ"
  },
  "8603": {
    "postcode": "4718603",
    "prefecture": "愛知県",
    "prefecture_kana": "アイチケン",
    "prefecture_code": 23,
    "city": "豊田市",
    "city_kana": "トヨタシ",
    "town": "西町",
    "town_kana": "ニシマチ",
    "street": "４丁目５（豊田郵便局私書箱第６号）",
    "office_name": "豊田市農業協同組合",
    "office_name_kana": "トヨタシノウギヨウキヨウドウクミアイ"
  },
  "8609": {
    "postcode": "4718609",
    "prefecture": "愛知県",
    "prefecture_kana": "アイチケン",
    "prefecture_code": 23,
    "city": "豊田市",
    "city_kana": "トヨタシ",
    "town": "常盤町",
    "town_kana": "トキワチョウ",
    "street": "３丁目２５−７",
    "office_name": "豊田公共職業安定所",
    "office_name_kana": "トヨタコウキヨウシヨクギヨウアンテイシヨ"
  }
}