{
  "0000": {
    "postcode": "4810000",
    "prefecture": "愛知県",
    "prefecture_kana": "アイチケン",
    "prefecture_code": 23,
    "city": "北名古屋市",
    "city_kana": "キタナゴヤシ",
    "town": "",
    "town_kana": "",
    "street": null,
    "office_name": null,
    "office_name_kana": null
  },
  "0001": {
    "postcode": "4810001",
    "prefecture": "愛知県",
    "prefecture_kana": "アイチケン",
    "prefecture_code": 23,
    "city": "北名古屋市",
    "city_kana": "キタナゴヤシ",
    "town": "六ツ師",
    "town_kana": "ムツシ",
    "street": null,
    "office_name": null,
    "office_name_kana": null
  },
  "0002": {
    "postcode": "4810002",
    "prefecture": "愛知県",
    "prefecture_kana": "アイチケン",
    "prefecture_code": 23,
    "city": "北名古屋市",
    "city_kana": "キタナゴヤシ",
    "town": "片場",
    "town_kana": "カタバ",
    "street": null,
    "office_name": null,
    "office_name_kana": null
  },
  "0003": {
    "postcode": "4810003",
    "prefecture": "愛知県",
    "prefecture_kana": "アイチケン",
    "prefecture_code": 23,
    "city": "北名古屋市",
    "city_kana": "キタナゴヤシ",
    "town": "能田",
    "town_kana": "ノウダ",
    "street": null,
    "office_name": null,
    "office_name_kana": null
  },
  "0004": {
    "postcode": "4810004",
    "prefecture": "愛知県",
    "prefecture_kana": "アイチケン",
    "prefecture_code": 23,
    "city": "北名古屋市",
    "city_kana": "キタナゴヤシ",
    "town": "鹿田",
    "town_kana": "シカタ",
    "street": null,
    "office_name": null,
    "office_name_kana": null
  },
  "0005": {
    "postcode": "4810005",
    "prefecture": "愛知県",
    "prefecture_kana": "アイチケン",
    "prefecture_code": 23,
    "city": "北名古屋市",
    "city_kana": "キタナゴヤシ",
    "town": "薬師寺",
    "town_kana": "ヤクシジ",
    "street": null,
    "office_name": null,
    "office_name_kana": null
  },
  "0006": {
    "postcode": "4810006",
    "prefecture": "愛知県",
    "prefecture_kana": "アイチケン",
    "prefecture_code": 23,
    "city": "北名古屋市",
    "city_kana": "キタナゴヤシ",
    "town": "熊之庄",
    "town_kana": "クマノショウ",
    "street": null,
    "office_name": null,
    "office_name_kana": null
  },
  "0011": {
    "postcode": "4810011",
    "prefecture": "愛知県",
    "prefecture_kana": "アイチケン",
    "prefecture_code": 23,
    "city": "北名古屋市",
    "city_kana": "キタナゴヤシ",
    "town": "高田寺",
    "town_kana": "タカダジ",
    "street": null,
    "office_name": null,
    "office_name_kana": null
  },
  "0012": {
    "postcode": "4810012",
    "prefecture": "愛知県",
    "prefecture_kana": "アイチケン",
    "prefecture_code": 23,
    "city": "北名古屋市",
    "city_kana": "キタナゴヤシ",
    "town": "久地野",
    "town_kana": "クジノ",
    "street": null,
    "office_name": null,
    "office_name_kana": null
  },
  "0013": {
    "postcode": "4810013",
    "prefecture": "愛知県",
    "prefecture_kana": "アイチケン",
    "prefecture_code": 23,
    "city": "北名古屋市",
    "city_kana": "キタナゴヤシ",
    "town": "二子",
    "town_kana": "フタゴ",
    "street": null,
    "office_name": null,
    "office_name_kana": null
  },
  "0014": {
    "postcode": "4810014",
    "prefecture": "愛知県",
    "prefecture_kana": "アイチケン",
    "prefecture_code": 23,
    "city": "北名古屋市",
    "city_kana": "キタナゴヤシ",
    "town": "井瀬木",
    "town_kana": "イセギ",
    "street": null,
    "office_name": null,
    "office_name_kana": null
  },
  "0031": {
    "postcode": "4810031",
    "prefecture": "愛知県",
    "prefecture_kana": "アイチケン",
    "prefecture_code": 23,
    "city": "北名古屋市",
    "city_kana": "キタナゴヤシ",
    "town": "弥勒寺東",
    "town_kana": "ミロクジヒガシ",
    "street": null,
    "office_name": null,
    "office_name_kana": null
  },
  "0032": {
    "postcode": "4810032",
    "prefecture": "愛知県",
    "prefecture_kana": "アイチケン",
    "prefecture_code": 23,
    "city": "北名古屋市",
    "city_kana": "キタナゴヤシ",
    "town": "弥勒寺西",
    "town_kana": "ミロクジニシ",
    "street": null,
    "office_name": null,
    "office_name_kana": null
  },
  "0033": {
    "postcode": "4810033",
    "prefecture": "愛知県",
    "prefecture_kana": "アイチケン",
    "prefecture_code": 23,
    "city": "北名古屋市",
    "city_kana": "キタナゴヤシ",
    "town": "西之保",
    "town_kana": "ニシノホウ",
    "street": null,
    "office_name": null,
    "office_name_kana": null
  },
  "0034": {
    "postcode": "4810034",
    "prefecture": "愛知県",
    "prefecture_kana": "アイチケン",
    "prefecture_code": 23,
    "city": "北名古屋市",
    "city_kana": "キタナゴヤシ",
    "town": "北野",
    "town_kana": "キタノ",
    "street": null,
    "office_name": null,
    "office_name_kana": null
  },
  "0035": {
    "postcode": "4810035",
    "prefecture": "愛知県",
    "prefecture_kana": "アイチケン",
    "prefecture_code": 23,
    "city": "北名古屋市",
    "city_kana": "キタナゴヤシ",
    "town": "宇福寺",
    "town_kana": "ウブクジ",
    "street": null,
    "office_name": null,
    "office_name_kana": null
  },
  "0036": {
    "postcode": "4810036",
    "prefecture": "愛知県",
    "prefecture_kana": "アイチケン",
    "prefecture_code": 23,
    "city": "北名古屋市",
    "city_kana": "キタナゴヤシ",
    "town": "山之腰",
    "town_kana": "ヤマノコシ",
    "street": null,
    "office_name": null,
    "office_name_kana": null
  },
  "0037": {
    "postcode": "4810037",
    "prefecture": "愛知県",
    "prefecture_kana": "アイチケン",
    "prefecture_code": 23,
    "city": "北名古屋市",
    "city_kana": "キタナゴヤシ",
    "town": "鍜治ケ一色",
    "town_kana": "カジガイシキ",
    "street": null,
    "office_name": null,
    "office_name_kana": null
  },
  "0038": {
    "postcode": "4810038",
    "prefecture": "愛知県",
    "prefecture_kana": "アイチケン",
    "prefecture_code": 23,
    "city": "北名古屋市",
    "city_kana": "キタナゴヤシ",
    "town": "徳重",
    "town_kana": "トクシゲ",
    "street": null,
    "office_name": null,
    "office_name_kana": null
  },
  "0039": {
    "postcode": "4810039",
    "prefecture": "愛知県",
    "prefecture_kana": "アイチケン",
    "prefecture_code": 23,
    "city": "北名古屋市",
    "city_kana": "キタナゴヤシ",
    "town": "法成寺",
    "town_kana": "ホウジョウジ",
    "street": null,
    "office_name": null,
    "office_name_kana": null
  },
  "0040": {
    "postcode": "4810040",
    "prefecture": "愛知県",
    "prefecture_kana": "アイチケン",
    "prefecture_code": 23,
    "city": "北名古屋市",
    "city_kana": "キタナゴヤシ",
    "town": "西春駅前",
    "town_kana": "ニシハルエキマエ",
    "street": null,
    "office_name": null,
    "office_name_kana": null
  },
  "0041": {
    "postcode": "4810041",
    "prefecture": "愛知県",
    "prefecture_kana": "アイチケン",
    "prefecture_code": 23,
    "city": "北名古屋市",
    "city_kana": "キタナゴヤシ",
    "town": "九之坪",
    "town_kana": "クノツボ",
    "street": null,
    "office_name": null,
    "office_name_kana": null
  },
  "0042": {
    "postcode": "4810042",
    "prefecture": "愛知県",
    "prefecture_kana": "アイチケン",
    "prefecture_code": 23,
    "city": "北名古屋市",
    "city_kana": "キタナゴヤシ",
    "town": "野崎",
    "town_kana": "ノザキ",
    "street": null,
    "office_name": null,
    "office_name_kana": null
  },
  "0043": {
    "postcode": "4810043",
    "prefecture": "愛知県",
    "prefecture_kana": "アイチケン",
    "prefecture_code": 23,
    "city": "北名古屋市",
    "city_kana": "キタナゴヤシ",
    "town": "沖村",
    "town_kana": "オキムラ",
    "street": null,
    "office_name": null,
    "office_name_kana": null
  },
  "0044": {
    "postcode": "4810044",
    "prefecture": "愛知県",
    "prefecture_kana": "アイチケン",
    "prefecture_code": 23,
    "city": "北名古屋市",
    "city_kana": "キタナゴヤシ",
    "town": "加島新田",
    "town_kana": "カシマシンデン",
    "street": null,
    "office_name": null,
    "office_name_kana": null
  },
  "0045": {
    "postcode": "4810045",
    "prefecture": "愛知県",
    "prefecture_kana": "アイチケン",
    "prefecture_code": 23,
    "city": "北名古屋市",
    "city_kana": "キタナゴヤシ",
    "town": "中之郷",
    "town_kana": "ナカノゴウ",
    "street": null,
    "office_name": null,
    "office_name_kana": null
  },
  "0046": {
    "postcode": "4810046",
    "prefecture": "愛知県",
    "prefecture_kana": "アイチケン",
    "prefecture_code": 23,
    "city": "北名古屋市",
    "city_kana": "キタナゴヤシ",
    "town": "石橋",
    "town_kana": "イシバシ",
    "street": null,
    "office_name": null,
    "office_name_kana": null
  },
  "8501": {
    "postcode": "4818501",
    "prefecture": "愛知県",
    "prefecture_kana": "アイチケン",
    "prefecture_code": 23,
    "city": "北名古屋市",
    "city_kana": "キタナゴヤシ",
    "town": "熊之庄",
    "town_kana": "クマノショウ",
    "street": "御榊６０番地",
    "office_name": "北名古屋市役所東庁舎",
    "office_name_kana": "キタナゴヤシヤクシヨヒガシチヨウシヤ"
  },
  "8502": {
    "postcode": "4818502",
    "prefecture": "愛知県",
    "prefecture_kana": "アイチケン",
    "prefecture_code": 23,
    "city": "北名古屋市",
    "city_kana": "キタナゴヤシ",
    "town": "熊之庄",
    "town_kana": "クマノショウ",
    "street": "古井２８１",
    "office_name": "名古屋自由学院",
    "office_name_kana": "ナゴヤジユウガクイン"
  },
  "8503": {
    "postcode": "4818503",
    "prefecture": "愛知県",
    "prefecture_kana": "アイチケン",
    "prefecture_code": 23,
    "city": "北名古屋市",
    "city_kana": "キタナゴヤシ",
    "town": "熊之庄",
    "town_kana": "クマノショウ",
    "street": "古井２８１",
    "office_name": "名古屋芸術大学　音楽学部",
    "office_name_kana": "ナゴヤゲイジユツダイガク オンガクガクブ"
  },
  "8504": {
    "postcode": "4818504",
    "prefecture": "愛知県",
    "prefecture_kana": "アイチケン",
    "prefecture_code": 23,
    "city": "北名古屋市",
    "city_kana": "キタナゴヤシ",
    "town": "熊之庄",
    "town_kana": "クマノショウ",
    "street": "古井２８１",
    "office_name": "名古屋自由学院　短期大学",
    "office_name_kana": "ナゴヤジユウガクイン タンキダイガク"
  },
  "8505": {
    "postcode": "4818505",
    "prefecture": "愛知県",
    "prefecture_kana": "アイチケン",
    "prefecture_code": 23,
    "city": "北名古屋市",
    "city_kana": "キタナゴヤシ",
    "town": "六ツ師",
    "town_kana": "ムツシ",
    "street": "女夫越１番地",
    "office_name": "株式会社　フジワラ",
    "office_name_kana": "カブシキガイシヤ フジワラ"
  },
  "8506": {
    "postcode": "4818506",
    "prefecture": "愛知県",
    "prefecture_kana": "アイチケン",
    "prefecture_code": 23,
    "city": "北名古屋市",
    "city_kana": "キタナゴヤシ",
    "town": "鹿田",
    "town_kana": "シカタ",
    "street": "東若宮３９６２−２",
    "office_name": "株式会社　三菱ＵＦＪ銀行　地方税ダイレクト受付センター",
    "office_name_kana": "カ) ミツビシユ-エフジエ-ギンコウ チホウゼイダイレクトウケツケセンタ-"
  },
  "8508": {
    "postcode": "4818508",
    "prefecture": "愛知県",
    "prefecture_kana": "アイチケン",
    "prefecture_code": 23,
    "city": "北名古屋市",
    "city_kana": "キタナゴヤシ",
    "town": "六ツ師",
    "town_kana": "ムツシ",
    "street": "女夫越５",
    "office_name": "日進電気　株式会社",
    "office_name_kana": "ニツシンデンキ カブシキガイシヤ"
  },
  "8510": {
    "postcode": "4818510",
    "prefecture": "愛知県",
    "prefecture_kana": "アイチケン",
    "prefecture_code": 23,
    "city": "北名古屋市",
    "city_kana": "キタナゴヤシ",
    "town": "熊之庄",
    "town_kana": "クマノショウ",
    "street": "十二社６６−３",
    "office_name": "（株）　ポッカコーポレーション　名古屋工場",
    "office_name_kana": "カブシキガイシヤ ポツカコ-ポレ-シヨン ナゴヤコウジヨウ"
  },
  "8511": {
    "postcode": "4818511",
    "prefecture": "愛知県",
    "prefecture_kana": "アイチケン",
    "prefecture_code": 23,
    "city": "北名古屋市",
    "city_kana": "キタナゴヤシ",
    "town": "高田寺",
    "town_kana": "タカダジ",
    "street": "東の川１２",
    "office_name": "株式会社　長登屋",
    "office_name_kana": "カブシキガイシヤ ナガトヤ"
  },
  "8513": {
    "postcode": "4818513",
    "prefecture": "愛知県",
    "prefecture_kana": "アイチケン",
    "prefecture_code": 23,
    "city": "北名古屋市",
    "city_kana": "キタナゴヤシ",
    "town": "鹿田",
    "town_kana": "シカタ",
    "street": "東若宮３９６２−２",
    "office_name": "（株）　三菱ＵＦＪ銀行　師勝ビル",
    "office_name_kana": "(カ) ミツビシユ-エフジエ-ギンコウ シカツビル"
  },
  "8515": {
    "postcode": "4818515",
    "prefecture": "愛知県",
    "prefecture_kana": "アイチケン",
    "prefecture_code": 23,
    "city": "北名古屋市",
    "city_kana": "キタナゴヤシ",
    "town": "熊之庄",
    "town_kana": "クマノショウ",
    "street": "十二社４５−２",
    "office_name": "（株）　ポッカコーポレーション　中央研究所",
    "office_name_kana": "カブシキガイシヤ ポツカコ-ポレ-シヨン チユウオウケンキユウシヨ"
  },
  "8526": {
    "postcode": "4818526",
    "prefecture": "愛知県",
    "prefecture_kana": "アイチケン",
    "prefecture_code": 23,
    "city": "北名古屋市",
    "city_kana": "キタナゴヤシ",
    "town": "片場",
    "town_kana": "カタバ",
    "street": "新町２９番地",
    "office_name": "株式会社　真誠",
    "office_name_kana": "カブシキガイシヤ シンセイ"
  },
  "8531": {
    "postcode": "4818531",
    "prefecture": "愛知県",
    "prefecture_kana": "アイチケン",
    "prefecture_code": 23,
    "city": "北名古屋市",
    "city_kana": "キタナゴヤシ",
    "town": "西之保",
    "town_kana": "ニシノホウ",
    "street": "清水田１５番地",
    "office_name": "北名古屋市役所",
    "office_name_kana": "キタナゴヤシヤクシヨ"
  },
  "8533": {
    "postcode": "4818533",
    "prefecture": "愛知県",
    "prefecture_kana": "アイチケン",
    "prefecture_code": 23,
    "city": "北名古屋市",
    "city_kana": "キタナゴヤシ",
    "town": "九之坪",
    "town_kana": "クノツボ",
    "street": "半野２７",
    "office_name": "天野エンザイム　株式会社　名古屋工場",
    "office_name_kana": "アマノエンザイム カブシキガイシヤ ナゴヤコウジヨウ"
  },
  "8535": {
    "postcode": "4818535",
    "prefecture": "愛知県",
    "prefecture_kana": "アイチケン",
    "prefecture_code": 23,
    "city": "北名古屋市",
    "city_kana": "キタナゴヤシ",
    "town": "徳重",
    "town_kana": "トクシゲ",
    "street": "西沼６５番地",
    "office_name": "名古屋芸術大学　西キャンパス",
    "office_name_kana": "ナゴヤゲイジユツダイガク ニシキヤンパス"
  },
  "8539": {
    "postcode": "4818539",
    "prefecture": "愛知県",
    "prefecture_kana": "アイチケン",
    "prefecture_code": 23,
    "city": "北名古屋市",
    "city_kana": "キタナゴヤシ",
    "town": "徳重",
    "town_kana": "トクシゲ",
    "street": "北出５２−２",
    "office_name": "大橋鉄工　株式会社",
    "office_name_kana": "オオハシテツコウ カブシキガイシヤ"
  },
  "8540": {
    "postcode": "4818540",
    "prefecture": "愛知県",
    "prefecture_kana": "アイチケン",
    "prefecture_code": 23,
    "city": "北名古屋市",
    "city_kana": "キタナゴヤシ",
    "town": "沖村",
    "town_kana": "オキムラ",
    "street": "岡１",
    "office_name": "三洋機工　株式会社",
    "office_name_kana": "サンヨウキコウ カブシキガイシヤ"
  },
  "8543": {
    "postcode": "4818543",
    "prefecture": "愛知県",
    "prefecture_kana": "アイチケン",
    "prefecture_code": 23,
    "city": "北名古屋市",
    "city_kana": "キタナゴヤシ",
    "town": "九之坪",
    "town_kana": "クノツボ",
    "street": "西城屋敷５１",
    "office_name": "天野エンザイム　株式会社　西春工場",
    "office_name_kana": "アマノエンザイム カブシキガイシヤ ニシハルコウジヨウ"
  },
  "8550": {
    "postcode": "4818550",
    "prefecture": "愛知県",
    "prefecture_kana": "アイチケン",
    "prefecture_code": 23,
    "city": "北名古屋市",
    "city_kana": "キタナゴヤシ",
    "town": "沖村",
    "town_kana": "オキムラ",
    "street": "山ノ神５４番地",
    "office_name": "チタカ・インターナショナル・フーズ　株式会社",
    "office_name_kana": "チタカ・インタ-ナシヨナル・フ-ズ カブシキガイシヤ"
  },
  "8555": {
    "postcode": "4818555",
    "prefecture": "愛知県",
    "prefecture_kana": "アイチケン",
    "prefecture_code": 23,
    "city": "北名古屋市",
    "city_kana": "キタナゴヤシ",
    "town": "山之腰",
    "town_kana": "ヤマノコシ",
    "street": "天神東１８",
    "office_name": "株式会社　八幡ねじ",
    "office_name_kana": "カブシキガイシヤ ヤハタネジ"
  },
  "8558": {
    "postcode": "4818558",
    "prefecture": "愛知県",
    "prefecture_kana": "アイチケン",
    "prefecture_code": 23,
    "city": "北名古屋市",
    "city_kana": "キタナゴヤシ",
    "town": "沖村",
    "town_kana": "オキムラ",
    "street": "西ノ川１",
    "office_name": "株式会社　大一商会",
    "office_name_kana": "カブシキガイシヤ ダイイチシヨウカイ"
  },
  "8588": {
    "postcode": "4818588",
    "prefecture": "愛知県",
    "prefecture_kana": "アイチケン",
    "prefecture_code": 23,
    "city": "北名古屋市",
    "city_kana": "キタナゴヤシ",
    "town": "熊之庄",
    "town_kana": "クマノショウ",
    "street": "御榊５３番地",
    "office_name": "北名古屋市東図書館・北名古屋市歴史民俗資料館",
    "office_name_kana": "キタナゴヤシヒガシトシヨカン・キタナゴヤシレキシミンゾクシリヨウカン"
  },
  "8601": {
    "postcode": "4818601",
    "prefecture": "愛知県",
    "prefecture_kana": "アイチケン",
    "prefecture_code": 23,
    "city": "北名古屋市",
    "city_kana": "キタナゴヤシ",
    "town": "宇福寺",
    "town_kana": "ウブクジ",
    "street": "神明６５",
    "office_name": "ゼネラルパッカー　株式会社",
    "office_name_kana": "ゼネラルパツカ- カブシキガイシヤ"
  },
  "8615": {
    "postcode": "4818615",
    "prefecture": "愛知県",
    "prefecture_kana": "アイチケン",
    "prefecture_code": 23,
    "city": "北名古屋市",
    "city_kana": "キタナゴヤシ",
    "town": "西之保",
    "town_kana": "ニシノホウ",
    "street": "青野東７３",
    "office_name": "株式会社　百五銀行　西春支店",
    "office_name_kana": "カブシキガイシヤ ヒヤクゴギンコウ ニシハルシテン"
  },
  "8678": {
    "postcode": "4818678",
    "prefecture": "愛知県",
    "prefecture_kana": "アイチケン",
    "prefecture_code": 23,
    "city": "北名古屋市",
    "city_kana": "キタナゴヤシ",
    "town": "宇福寺",
    "town_kana": "ウブクジ",
    "street": "神明５１",
    "office_name": "新東工業　株式会社",
    "office_name_kana": "シントウコウギヨウ カブシキガイシヤ"
  },
  "8681": {
    "postcode": "4818681",
    "prefecture": "愛知県",
    "prefecture_kana": "アイチケン",
    "prefecture_code": 23,
    "city": "北名古屋市",
    "city_kana": "キタナゴヤシ",
    "town": "沖村",
    "town_kana": "オキムラ",
    "street": "権現３５−２",
    "office_name": "株式会社　日進医療器",
    "office_name_kana": "カブシキガイシヤ ニツシンイリヨウキ"
  }
}