{
  "0000": {
    "postcode": "4890000",
    "prefecture": "愛知県",
    "prefecture_kana": "アイチケン",
    "prefecture_code": 23,
    "city": "瀬戸市",
    "city_kana": "セトシ",
    "town": "",
    "town_kana": "",
    "street": null,
    "office_name": null,
    "office_name_kana": null
  },
  "0001": {
    "postcode": "4890001",
    "prefecture": "愛知県",
    "prefecture_kana": "アイチケン",
    "prefecture_code": 23,
    "city": "瀬戸市",
    "city_kana": "セトシ",
    "town": "川平町",
    "town_kana": "カワヒラチョウ",
    "street": null,
    "office_name": null,
    "office_name_kana": null
  },
  "0002": {
    "postcode": "4890002",
    "prefecture": "愛知県",
    "prefecture_kana": "アイチケン",
    "prefecture_code": 23,
    "city": "瀬戸市",
    "city_kana": "セトシ",
    "town": "余床町",
    "town_kana": "ヨドコチョウ",
    "street": null,
    "office_name": null,
    "office_name_kana": null
  },
  "0003": {
    "postcode": "4890003",
    "prefecture": "愛知県",
    "prefecture_kana": "アイチケン",
    "prefecture_code": 23,
    "city": "瀬戸市",
    "city_kana": "セトシ",
    "town": "穴田町",
    "town_kana": "アナダチョウ",
    "street": null,
    "office_name": null,
    "office_name_kana": null
  },
  "0004": {
    "postcode": "4890004",
    "prefecture": "愛知県",
    "prefecture_kana": "アイチケン",
    "prefecture_code": 23,
    "city": "瀬戸市",
    "city_kana": "セトシ",
    "town": "日の出町",
    "town_kana": "ヒノデチョウ",
    "street": null,
    "office_name": null,
    "office_name_kana": null
  },
  "0005": {
    "postcode": "4890005",
    "prefecture": "愛知県",
    "prefecture_kana": "アイチケン",
    "prefecture_code": 23,
    "city": "瀬戸市",
    "city_kana": "セトシ",
    "town": "中水野町",
    "town_kana": "ナカミズノチョウ",
    "street": null,
    "office_name": null,
    "office_name_kana": null
  },
  "0006": {
    "postcode": "4890006",
    "prefecture": "愛知県",
    "prefecture_kana": "アイチケン",
    "prefecture_code": 23,
    "city": "瀬戸市",
    "city_kana": "セトシ",
    "town": "三沢町",
    "town_kana": "ミサワチョウ",
    "street": null,
    "office_name": null,
    "office_name_kana": null
  },
  "0007": {
    "postcode": "4890007",
    "prefecture": "愛知県",
    "prefecture_kana": "アイチケン",
    "prefecture_code": 23,
    "city": "瀬戸市",
    "city_kana": "セトシ",
    "town": "鹿乗町",
    "town_kana": "カノリチョウ",
    "street": null,
    "office_name": null,
    "office_name_kana": null
  },
  "0008": {
    "postcode": "4890008",
    "prefecture": "愛知県",
    "prefecture_kana": "アイチケン",
    "prefecture_code": 23,
    "city": "瀬戸市",
    "city_kana": "セトシ",
    "town": "曽野町",
    "town_kana": "ソノチョウ",
    "street": null,
    "office_name": null,
    "office_name_kana": null
  },
  "0009": {
    "postcode": "4890009",
    "prefecture": "愛知県",
    "prefecture_kana": "アイチケン",
    "prefecture_code": 23,
    "city": "瀬戸市",
    "city_kana": "セトシ",
    "town": "水北町",
    "town_kana": "スイホクチョウ",
    "street": null,
    "office_name": null,
    "office_name_kana": null
  },
  "0011": {
    "postcode": "4890011",
    "prefecture": "愛知県",
    "prefecture_kana": "アイチケン",
    "prefecture_code": 23,
    "city": "瀬戸市",
    "city_kana": "セトシ",
    "town": "針原町",
    "town_kana": "ハリハラチョウ",
    "street": null,
    "office_name": null,
    "office_name_kana": null
  },
  "0012": {
    "postcode": "4890012",
    "prefecture": "愛知県",
    "prefecture_kana": "アイチケン",
    "prefecture_code": 23,
    "city": "瀬戸市",
    "city_kana": "セトシ",
    "town": "長谷口町",
    "town_kana": "ハセグチチョウ",
    "street": null,
    "office_name": null,
    "office_name_kana": null
  },
  "0013": {
    "postcode": "4890013",
    "prefecture": "愛知県",
    "prefecture_kana": "アイチケン",
    "prefecture_code": 23,
    "city": "瀬戸市",
    "city_kana": "セトシ",
    "town": "中白坂町",
    "town_kana": "ナカシラサカチョウ",
    "street": null,
    "office_name": null,
    "office_name_kana": null
  },
  "0014": {
    "postcode": "4890014",
    "prefecture": "愛知県",
    "prefecture_kana": "アイチケン",
    "prefecture_code": 23,
    "city": "瀬戸市",
    "city_kana": "セトシ",
    "town": "北白坂町",
    "town_kana": "キタシラサカチョウ",
    "street": null,
    "office_name": null,
    "office_name_kana": null
  },
  "0015": {
    "postcode": "4890015",
    "prefecture": "愛知県",
    "prefecture_kana": "アイチケン",
    "prefecture_code": 23,
    "city": "瀬戸市",
    "city_kana": "セトシ",
    "town": "東白坂町",
    "town_kana": "ヒガシシラサカチョウ",
    "street": null,
    "office_name": null,
    "office_name_kana": null
  },
  "0016": {
    "postcode": "4890016",
    "prefecture": "愛知県",
    "prefecture_kana": "アイチケン",
    "prefecture_code": 23,
    "city": "瀬戸市",
    "city_kana": "セトシ",
    "town": "南白坂町",
    "town_kana": "ミナミシラサカチョウ",
    "street": null,
    "office_name": null,
    "office_name_kana": null
  },
  "0017": {
    "postcode": "4890017",
    "prefecture": "愛知県",
    "prefecture_kana": "アイチケン",
    "prefecture_code": 23,
    "city": "瀬戸市",
    "city_kana": "セトシ",
    "town": "白坂町",
    "town_kana": "シラサカチョウ",
    "street": null,
    "office_name": null,
    "office_name_kana": null
  },
  "0018": {
    "postcode": "4890018",
    "prefecture": "愛知県",
    "prefecture_kana": "アイチケン",
    "prefecture_code": 23,
    "city": "瀬戸市",
    "city_kana": "セトシ",
    "town": "西白坂町",
    "town_kana": "ニシシラサカチョウ",
    "street": null,
    "office_name": null,
    "office_name_kana": null
  },
  "0021": {
    "postcode": "4890021",
    "prefecture": "愛知県",
    "prefecture_kana": "アイチケン",
    "prefecture_code": 23,
    "city": "瀬戸市",
    "city_kana": "セトシ",
    "town": "馬ケ城町",
    "town_kana": "ウマガジョウチョウ",
    "street": null,
    "office_name": null,
    "office_name_kana": null
  },
  "0022": {
    "postcode": "4890022",
    "prefecture": "愛知県",
    "prefecture_kana": "アイチケン",
    "prefecture_code": 23,
    "city": "瀬戸市",
    "city_kana": "セトシ",
    "town": "赤津町",
    "town_kana": "アカヅチョウ",
    "street": null,
    "office_name": null,
    "office_name_kana": null
  },
  "0023": {
    "postcode": "4890023",
    "prefecture": "愛知県",
    "prefecture_kana": "アイチケン",
    "prefecture_code": 23,
    "city": "瀬戸市",
    "city_kana": "セトシ",
    "town": "窯元町",
    "town_kana": "カマモトチョウ",
    "street": null,
    "office_name": null,
    "office_name_kana": null
  },
  "0024": {
    "postcode": "4890024",
    "prefecture": "愛知県",
    "prefecture_kana": "アイチケン",
    "prefecture_code": 23,
    "city": "瀬戸市",
    "city_kana": "セトシ",
    "town": "八王子町",
    "town_kana": "ハチオウジチョウ",
    "street": null,
    "office_name": null,
    "office_name_kana": null
  },
  "0025": {
    "postcode": "4890025",
    "prefecture": "愛知県",
    "prefecture_kana": "アイチケン",
    "prefecture_code": 23,
    "city": "瀬戸市",
    "city_kana": "セトシ",
    "town": "凧山町",
    "town_kana": "タコヤマチョウ",
    "street": null,
    "office_name": null,
    "office_name_kana": null
  },
  "0026": {
    "postcode": "4890026",
    "prefecture": "愛知県",
    "prefecture_kana": "アイチケン",
    "prefecture_code": 23,
    "city": "瀬戸市",
    "city_kana": "セトシ",
    "town": "東明町",
    "town_kana": "トウメイチョウ",
    "street": null,
    "office_name": null,
    "office_name_kana": null
  },
  "0027": {
    "postcode": "4890027",
    "prefecture": "愛知県",
    "prefecture_kana": "アイチケン",
    "prefecture_code": 23,
    "city": "瀬戸市",
    "city_kana": "セトシ",
    "town": "東拝戸町",
    "town_kana": "ヒガシハイドチョウ",
    "street": null,
    "office_name": null,
    "office_name_kana": null
  },
  "0028": {
    "postcode": "4890028",
    "prefecture": "愛知県",
    "prefecture_kana": "アイチケン",
    "prefecture_code": 23,
    "city": "瀬戸市",
    "city_kana": "セトシ",
    "town": "西窯町",
    "town_kana": "ニシガマチョウ",
    "street": null,
    "office_name": null,
    "office_name_kana": null
  },
  "0029": {
    "postcode": "4890029",
    "prefecture": "愛知県",
    "prefecture_kana": "アイチケン",
    "prefecture_code": 23,
    "city": "瀬戸市",
    "city_kana": "セトシ",
    "town": "中畑町",
    "town_kana": "ナカバタチョウ",
    "street": null,
    "office_name": null,
    "office_name_kana": null
  },
  "0031": {
    "postcode": "4890031",
    "prefecture": "愛知県",
    "prefecture_kana": "アイチケン",
    "prefecture_code": 23,
    "city": "瀬戸市",
    "city_kana": "セトシ",
    "town": "五位塚町",
    "town_kana": "ゴイヅカチョウ",
    "street": null,
    "office_name": null,
    "office_name_kana": null
  },
  "0032": {
    "postcode": "4890032",
    "prefecture": "愛知県",
    "prefecture_kana": "アイチケン",
    "prefecture_code": 23,
    "city": "瀬戸市",
    "city_kana": "セトシ",
    "town": "古瀬戸町",
    "town_kana": "コセトチョウ",
    "street": null,
    "office_name": null,
    "office_name_kana": null
  },
  "0033": {
    "postcode": "4890033",
    "prefecture": "愛知県",
    "prefecture_kana": "アイチケン",
    "prefecture_code": 23,
    "city": "瀬戸市",
    "city_kana": "セトシ",
    "town": "須原町",
    "town_kana": "スハラチョウ",
    "street": null,
    "office_name": null,
    "office_name_kana": null
  },
  "0034": {
    "postcode": "4890034",
    "prefecture": "愛知県",
    "prefecture_kana": "アイチケン",
    "prefecture_code": 23,
    "city": "瀬戸市",
    "city_kana": "セトシ",
    "town": "刎田町",
    "town_kana": "ハネダチョウ",
    "street": null,
    "office_name": null,
    "office_name_kana": null
  },
  "0035": {
    "postcode": "4890035",
    "prefecture": "愛知県",
    "prefecture_kana": "アイチケン",
    "prefecture_code": 23,
    "city": "瀬戸市",
    "city_kana": "セトシ",
    "town": "紺屋田町",
    "town_kana": "コンヤダチョウ",
    "street": null,
    "office_name": null,
    "office_name_kana": null
  },
  "0036": {
    "postcode": "4890036",
    "prefecture": "愛知県",
    "prefecture_kana": "アイチケン",
    "prefecture_code": 23,
    "city": "瀬戸市",
    "city_kana": "セトシ",
    "town": "西古瀬戸町",
    "town_kana": "ニシコセトチョウ",
    "street": null,
    "office_name": null,
    "office_name_kana": null
  },
  "0037": {
    "postcode": "4890037",
    "prefecture": "愛知県",
    "prefecture_kana": "アイチケン",
    "prefecture_code": 23,
    "city": "瀬戸市",
    "city_kana": "セトシ",
    "town": "東古瀬戸町",
    "town_kana": "ヒガシコセトチョウ",
    "street": null,
    "office_name": null,
    "office_name_kana": null
  },
  "0041": {
    "postcode": "4890041",
    "prefecture": "愛知県",
    "prefecture_kana": "アイチケン",
    "prefecture_code": 23,
    "city": "瀬戸市",
    "city_kana": "セトシ",
    "town": "背戸側町",
    "town_kana": "セトガワチョウ",
    "street": null,
    "office_name": null,
    "office_name_kana": null
  },
  "0042": {
    "postcode": "4890042",
    "prefecture": "愛知県",
    "prefecture_kana": "アイチケン",
    "prefecture_code": 23,
    "city": "瀬戸市",
    "city_kana": "セトシ",
    "town": "仲切町",
    "town_kana": "ナカギリチョウ",
    "street": null,
    "office_name": null,
    "office_name_kana": null
  },
  "0043": {
    "postcode": "4890043",
    "prefecture": "愛知県",
    "prefecture_kana": "アイチケン",
    "prefecture_code": 23,
    "city": "瀬戸市",
    "city_kana": "セトシ",
    "town": "朝日町",
    "town_kana": "アサヒマチ",
    "street": null,
    "office_name": null,
    "office_name_kana": null
  },
  "0044": {
    "postcode": "4890044",
    "prefecture": "愛知県",
    "prefecture_kana": "アイチケン",
    "prefecture_code": 23,
    "city": "瀬戸市",
    "city_kana": "セトシ",
    "town": "栄町",
    "town_kana": "サカエマチ",
    "street": null,
    "office_name": null,
    "office_name_kana": null
  },
  "0045": {
    "postcode": "4890045",
    "prefecture": "愛知県",
    "prefecture_kana": "アイチケン",
    "prefecture_code": 23,
    "city": "瀬戸市",
    "city_kana": "セトシ",
    "town": "陶本町",
    "town_kana": "トウホンチョウ",
    "street": null,
    "office_name": null,
    "office_name_kana": null
  },
  "0046": {
    "postcode": "4890046",
    "prefecture": "愛知県",
    "prefecture_kana": "アイチケン",
    "prefecture_code": 23,
    "city": "瀬戸市",
    "city_kana": "セトシ",
    "town": "元町",
    "town_kana": "モトマチ",
    "street": null,
    "office_name": null,
    "office_name_kana": null
  },
  "0047": {
    "postcode": "4890047",
    "prefecture": "愛知県",
    "prefecture_kana": "アイチケン",
    "prefecture_code": 23,
    "city": "瀬戸市",
    "city_kana": "セトシ",
    "town": "西谷町",
    "town_kana": "ニシダニチョウ",
    "street": null,
    "office_name": null,
    "office_name_kana": null
  },
  "0048": {
    "postcode": "4890048",
    "prefecture": "愛知県",
    "prefecture_kana": "アイチケン",
    "prefecture_code": 23,
    "city": "瀬戸市",
    "city_kana": "セトシ",
    "town": "窯神町",
    "town_kana": "カマガミチョウ",
    "street": null,
    "office_name": null,
    "office_name_kana": null
  },
  "0051": {
    "postcode": "4890051",
    "prefecture": "愛知県",
    "prefecture_kana": "アイチケン",
    "prefecture_code": 23,
    "city": "瀬戸市",
    "city_kana": "セトシ",
    "town": "下陣屋町",
    "town_kana": "シモジンヤチョウ",
    "street": null,
    "office_name": null,
    "office_name_kana": null
  },
  "0052": {
    "postcode": "4890052",
    "prefecture": "愛知県",
    "prefecture_kana": "アイチケン",
    "prefecture_code": 23,
    "city": "瀬戸市",
    "city_kana": "セトシ",
    "town": "安戸町",
    "town_kana": "ヤスドチョウ",
    "street": null,
    "office_name": null,
    "office_name_kana": null
  },
  "0053": {
    "postcode": "4890053",
    "prefecture": "愛知県",
    "prefecture_kana": "アイチケン",
    "prefecture_code": 23,
    "city": "瀬戸市",
    "city_kana": "セトシ",
    "town": "東安戸町",
    "town_kana": "ヒガシヤスドチョウ",
    "street": null,
    "office_name": null,
    "office_name_kana": null
  },
  "0054": {
    "postcode": "4890054",
    "prefecture": "愛知県",
    "prefecture_kana": "アイチケン",
    "prefecture_code": 23,
    "city": "瀬戸市",
    "city_kana": "セトシ",
    "town": "道泉町",
    "town_kana": "ドウセンチョウ",
    "street": null,
    "office_name": null,
    "office_name_kana": null
  },
  "0055": {
    "postcode": "4890055",
    "prefecture": "愛知県",
    "prefecture_kana": "アイチケン",
    "prefecture_code": 23,
    "city": "瀬戸市",
    "city_kana": "セトシ",
    "town": "滝之湯町",
    "town_kana": "タキノユチョウ",
    "street": null,
    "office_name": null,
    "office_name_kana": null
  },
  "0056": {
    "postcode": "4890056",
    "prefecture": "愛知県",
    "prefecture_kana": "アイチケン",
    "prefecture_code": 23,
    "city": "瀬戸市",
    "city_kana": "セトシ",
    "town": "東十三塚町",
    "town_kana": "ヒガシトミヅカチョウ",
    "street": null,
    "office_name": null,
    "office_name_kana": null
  },
  "0057": {
    "postcode": "4890057",
    "prefecture": "愛知県",
    "prefecture_kana": "アイチケン",
    "prefecture_code": 23,
    "city": "瀬戸市",
    "city_kana": "セトシ",
    "town": "西十三塚町",
    "town_kana": "ニシトミヅカチョウ",
    "street": null,
    "office_name": null,
    "office_name_kana": null
  },
  "0058": {
    "postcode": "4890058",
    "prefecture": "愛知県",
    "prefecture_kana": "アイチケン",
    "prefecture_code": 23,
    "city": "瀬戸市",
    "city_kana": "セトシ",
    "town": "進陶町",
    "town_kana": "シントウチョウ",
    "street": null,
    "office_name": null,
    "office_name_kana": null
  },
  "0061": {
    "postcode": "4890061",
    "prefecture": "愛知県",
    "prefecture_kana": "アイチケン",
    "prefecture_code": 23,
    "city": "瀬戸市",
    "city_kana": "セトシ",
    "town": "上本町",
    "town_kana": "カミホンマチ",
    "street": null,
    "office_name": null,
    "office_name_kana": null
  },
  "0062": {
    "postcode": "4890062",
    "prefecture": "愛知県",
    "prefecture_kana": "アイチケン",
    "prefecture_code": 23,
    "city": "瀬戸市",
    "city_kana": "セトシ",
    "town": "上水野町",
    "town_kana": "カミミズノチョウ",
    "street": null,
    "office_name": null,
    "office_name_kana": null
  },
  "0063": {
    "postcode": "4890063",
    "prefecture": "愛知県",
    "prefecture_kana": "アイチケン",
    "prefecture_code": 23,
    "city": "瀬戸市",
    "city_kana": "セトシ",
    "town": "上陣屋町",
    "town_kana": "カミジンヤチョウ",
    "street": null,
    "office_name": null,
    "office_name_kana": null
  },
  "0064": {
    "postcode": "4890064",
    "prefecture": "愛知県",
    "prefecture_kana": "アイチケン",
    "prefecture_code": 23,
    "city": "瀬戸市",
    "city_kana": "セトシ",
    "town": "小金町",
    "town_kana": "オガネチョウ",
    "street": null,
    "office_name": null,
    "office_name_kana": null
  },
  "0065": {
    "postcode": "4890065",
    "prefecture": "愛知県",
    "prefecture_kana": "アイチケン",
    "prefecture_code": 23,
    "city": "瀬戸市",
    "city_kana": "セトシ",
    "town": "西追分町",
    "town_kana": "ニシオイワケチョウ",
    "street": null,
    "office_name": null,
    "office_name_kana": null
  },
  "0066": {
    "postcode": "4890066",
    "prefecture": "愛知県",
    "prefecture_kana": "アイチケン",
    "prefecture_code": 23,
    "city": "瀬戸市",
    "city_kana": "セトシ",
    "town": "東横山町",
    "town_kana": "ヒガシヨコヤマチョウ",
    "street": null,
    "office_name": null,
    "office_name_kana": null
  },
  "0067": {
    "postcode": "4890067",
    "prefecture": "愛知県",
    "prefecture_kana": "アイチケン",
    "prefecture_code": 23,
    "city": "瀬戸市",
    "city_kana": "セトシ",
    "town": "小田妻町",
    "town_kana": "オダヅマチョウ",
    "street": null,
    "office_name": null,
    "office_name_kana": null
  },
  "0068": {
    "postcode": "4890068",
    "prefecture": "愛知県",
    "prefecture_kana": "アイチケン",
    "prefecture_code": 23,
    "city": "瀬戸市",
    "city_kana": "セトシ",
    "town": "上松山町",
    "town_kana": "カミマツヤマチョウ",
    "street": null,
    "office_name": null,
    "office_name_kana": null
  },
  "0069": {
    "postcode": "4890069",
    "prefecture": "愛知県",
    "prefecture_kana": "アイチケン",
    "prefecture_code": 23,
    "city": "瀬戸市",
    "city_kana": "セトシ",
    "town": "東松山町",
    "town_kana": "ヒガシマツヤマチョウ",
    "street": null,
    "office_name": null,
    "office_name_kana": null
  },
  "0071": {
    "postcode": "4890071",
    "prefecture": "愛知県",
    "prefecture_kana": "アイチケン",
    "prefecture_code": 23,
    "city": "瀬戸市",
    "city_kana": "セトシ",
    "town": "暁町",
    "town_kana": "アカツキチョウ",
    "street": null,
    "office_name": null,
    "office_name_kana": null
  },
  "0072": {
    "postcode": "4890072",
    "prefecture": "愛知県",
    "prefecture_kana": "アイチケン",
    "prefecture_code": 23,
    "city": "瀬戸市",
    "city_kana": "セトシ",
    "town": "東印所町",
    "town_kana": "ヒガシインゾチョウ",
    "street": null,
    "office_name": null,
    "office_name_kana": null
  },
  "0073": {
    "postcode": "4890073",
    "prefecture": "愛知県",
    "prefecture_kana": "アイチケン",
    "prefecture_code": 23,
    "city": "瀬戸市",
    "city_kana": "セトシ",
    "town": "泉町",
    "town_kana": "イズミチョウ",
    "street": null,
    "office_name": null,
    "office_name_kana": null
  },
  "0074": {
    "postcode": "4890074",
    "prefecture": "愛知県",
    "prefecture_kana": "アイチケン",
    "prefecture_code": 23,
    "city": "瀬戸市",
    "city_kana": "セトシ",
    "town": "宮脇町",
    "town_kana": "ミヤワキチョウ",
    "street": null,
    "office_name": null,
    "office_name_kana": null
  },
  "0075": {
    "postcode": "4890075",
    "prefecture": "愛知県",
    "prefecture_kana": "アイチケン",
    "prefecture_code": 23,
    "city": "瀬戸市",
    "city_kana": "セトシ",
    "town": "新道町",
    "town_kana": "シンドウチョウ",
    "street": null,
    "office_name": null,
    "office_name_kana": null
  },
  "0076": {
    "postcode": "4890076",
    "prefecture": "愛知県",
    "prefecture_kana": "アイチケン",
    "prefecture_code": 23,
    "city": "瀬戸市",
    "city_kana": "セトシ",
    "town": "深川町",
    "town_kana": "フカガワチョウ",
    "street": null,
    "office_name": null,
    "office_name_kana": null
  },
  "0077": {
    "postcode": "4890077",
    "prefecture": "愛知県",
    "prefecture_kana": "アイチケン",
    "prefecture_code": 23,
    "city": "瀬戸市",
    "city_kana": "セトシ",
    "town": "宮里町",
    "town_kana": "ミヤザトチョウ",
    "street": null,
    "office_name": null,
    "office_name_kana": null
  },
  "0078": {
    "postcode": "4890078",
    "prefecture": "愛知県",
    "prefecture_kana": "アイチケン",
    "prefecture_code": 23,
    "city": "瀬戸市",
    "city_kana": "セトシ",
    "town": "湯之根町",
    "town_kana": "ユノネチョウ",
    "street": null,
    "office_name": null,
    "office_name_kana": null
  },
  "0079": {
    "postcode": "4890079",
    "prefecture": "愛知県",
    "prefecture_kana": "アイチケン",
    "prefecture_code": 23,
    "city": "瀬戸市",
    "city_kana": "セトシ",
    "town": "西印所町",
    "town_kana": "ニシインゾチョウ",
    "street": null,
    "office_name": null,
    "office_name_kana": null
  },
  "0801": {
    "postcode": "4890801",
    "prefecture": "愛知県",
    "prefecture_kana": "アイチケン",
    "prefecture_code": 23,
    "city": "瀬戸市",
    "city_kana": "セトシ",
    "town": "汗干町",
    "town_kana": "アセビチョウ",
    "street": null,
    "office_name": null,
    "office_name_kana": null
  },
  "0802": {
    "postcode": "4890802",
    "prefecture": "愛知県",
    "prefecture_kana": "アイチケン",
    "prefecture_code": 23,
    "city": "瀬戸市",
    "city_kana": "セトシ",
    "town": "今池町",
    "town_kana": "イマイケチョウ",
    "street": null,
    "office_name": null,
    "office_name_kana": null
  },
  "0803": {
    "postcode": "4890803",
    "prefecture": "愛知県",
    "prefecture_kana": "アイチケン",
    "prefecture_code": 23,
    "city": "瀬戸市",
    "city_kana": "セトシ",
    "town": "追分町",
    "town_kana": "オイワケチョウ",
    "street": null,
    "office_name": null,
    "office_name_kana": null
  },
  "0804": {
    "postcode": "4890804",
    "prefecture": "愛知県",
    "prefecture_kana": "アイチケン",
    "prefecture_code": 23,
    "city": "瀬戸市",
    "city_kana": "セトシ",
    "town": "京町",
    "town_kana": "キョウマチ",
    "street": null,
    "office_name": null,
    "office_name_kana": null
  },
  "0805": {
    "postcode": "4890805",
    "prefecture": "愛知県",
    "prefecture_kana": "アイチケン",
    "prefecture_code": 23,
    "city": "瀬戸市",
    "city_kana": "セトシ",
    "town": "陶原町",
    "town_kana": "トウゲンチョウ",
    "street": null,
    "office_name": null,
    "office_name_kana": null
  },
  "0806": {
    "postcode": "4890806",
    "prefecture": "愛知県",
    "prefecture_kana": "アイチケン",
    "prefecture_code": 23,
    "city": "瀬戸市",
    "city_kana": "セトシ",
    "town": "東吉田町",
    "town_kana": "ヒガシヨシダチョウ",
    "street": null,
    "office_name": null,
    "office_name_kana": null
  },
  "0807": {
    "postcode": "4890807",
    "prefecture": "愛知県",
    "prefecture_kana": "アイチケン",
    "prefecture_code": 23,
    "city": "瀬戸市",
    "city_kana": "セトシ",
    "town": "西吉田町",
    "town_kana": "ニシヨシダチョウ",
    "street": null,
    "office_name": null,
    "office_name_kana": null
  },
  "0808": {
    "postcode": "4890808",
    "prefecture": "愛知県",
    "prefecture_kana": "アイチケン",
    "prefecture_code": 23,
    "city": "瀬戸市",
    "city_kana": "セトシ",
    "town": "見付町",
    "town_kana": "ミツケチョウ",
    "street": null,
    "office_name": null,
    "office_name_kana": null
  },
  "0809": {
    "postcode": "4890809",
    "prefecture": "愛知県",
    "prefecture_kana": "アイチケン",
    "prefecture_code": 23,
    "city": "瀬戸市",
    "city_kana": "セトシ",
    "town": "共栄通",
    "town_kana": "キョウエイドオリ",
    "street": null,
    "office_name": null,
    "office_name_kana": null
  },
  "0811": {
    "postcode": "4890811",
    "prefecture": "愛知県",
    "prefecture_kana": "アイチケン",
    "prefecture_code": 23,
    "city": "瀬戸市",
    "city_kana": "セトシ",
    "town": "山脇町",
    "town_kana": "ヤマワキチョウ",
    "street": null,
    "office_name": null,
    "office_name_kana": null
  },
  "0812": {
    "postcode": "4890812",
    "prefecture": "愛知県",
    "prefecture_kana": "アイチケン",
    "prefecture_code": 23,
    "city": "瀬戸市",
    "city_kana": "セトシ",
    "town": "西蔵所町",
    "town_kana": "ニシクラショチョウ",
    "street": null,
    "office_name": null,
    "office_name_kana": null
  },
  "0813": {
    "postcode": "4890813",
    "prefecture": "愛知県",
    "prefecture_kana": "アイチケン",
    "prefecture_code": 23,
    "city": "瀬戸市",
    "city_kana": "セトシ",
    "town": "蔵所町",
    "town_kana": "クラショチョウ",
    "street": null,
    "office_name": null,
    "office_name_kana": null
  },
  "0814": {
    "postcode": "4890814",
    "prefecture": "愛知県",
    "prefecture_kana": "アイチケン",
    "prefecture_code": 23,
    "city": "瀬戸市",
    "city_kana": "セトシ",
    "town": "末広町",
    "town_kana": "スエヒロチョウ",
    "street": null,
    "office_name": null,
    "office_name_kana": null
  },
  "0815": {
    "postcode": "4890815",
    "prefecture": "愛知県",
    "prefecture_kana": "アイチケン",
    "prefecture_code": 23,
    "city": "瀬戸市",
    "city_kana": "セトシ",
    "town": "南仲之切町",
    "town_kana": "ミナミナカノキリチョウ",
    "street": null,
    "office_name": null,
    "office_name_kana": null
  },
  "0816": {
    "postcode": "4890816",
    "prefecture": "愛知県",
    "prefecture_kana": "アイチケン",
    "prefecture_code": 23,
    "city": "瀬戸市",
    "city_kana": "セトシ",
    "town": "東本町",
    "town_kana": "ヒガシホンマチ",
    "street": null,
    "office_name": null,
    "office_name_kana": null
  },
  "0817": {
    "postcode": "4890817",
    "prefecture": "愛知県",
    "prefecture_kana": "アイチケン",
    "prefecture_code": 23,
    "city": "瀬戸市",
    "city_kana": "セトシ",
    "town": "銀杏木町",
    "town_kana": "イチョノキチョウ",
    "street": null,
    "office_name": null,
    "office_name_kana": null
  },
  "0818": {
    "postcode": "4890818",
    "prefecture": "愛知県",
    "prefecture_kana": "アイチケン",
    "prefecture_code": 23,
    "city": "瀬戸市",
    "city_kana": "セトシ",
    "town": "幸町",
    "town_kana": "サイワイチョウ",
    "street": null,
    "office_name": null,
    "office_name_kana": null
  },
  "0819": {
    "postcode": "4890819",
    "prefecture": "愛知県",
    "prefecture_kana": "アイチケン",
    "prefecture_code": 23,
    "city": "瀬戸市",
    "city_kana": "セトシ",
    "town": "西本町",
    "town_kana": "ニシホンマチ",
    "street": null,
    "office_name": null,
    "office_name_kana": null
  },
  "0821": {
    "postcode": "4890821",
    "prefecture": "愛知県",
    "prefecture_kana": "アイチケン",
    "prefecture_code": 23,
    "city": "瀬戸市",
    "city_kana": "セトシ",
    "town": "薬師町",
    "town_kana": "ヤクシマチ",
    "street": null,
    "office_name": null,
    "office_name_kana": null
  },
  "0822": {
    "postcode": "4890822",
    "prefecture": "愛知県",
    "prefecture_kana": "アイチケン",
    "prefecture_code": 23,
    "city": "瀬戸市",
    "city_kana": "セトシ",
    "town": "杉塚町",
    "town_kana": "スギツカチョウ",
    "street": null,
    "office_name": null,
    "office_name_kana": null
  },
  "0823": {
    "postcode": "4890823",
    "prefecture": "愛知県",
    "prefecture_kana": "アイチケン",
    "prefecture_code": 23,
    "city": "瀬戸市",
    "city_kana": "セトシ",
    "town": "東郷町",
    "town_kana": "トウゴウチョウ",
    "street": null,
    "office_name": null,
    "office_name_kana": null
  },
  "0824": {
    "postcode": "4890824",
    "prefecture": "愛知県",
    "prefecture_kana": "アイチケン",
    "prefecture_code": 23,
    "city": "瀬戸市",
    "city_kana": "セトシ",
    "town": "仲郷町",
    "town_kana": "ナカゴウチョウ",
    "street": null,
    "office_name": null,
    "office_name_kana": null
  },
  "0825": {
    "postcode": "4890825",
    "prefecture": "愛知県",
    "prefecture_kana": "アイチケン",
    "prefecture_code": 23,
    "city": "瀬戸市",
    "city_kana": "セトシ",
    "town": "祖母懐町",
    "town_kana": "ソボカイチョウ",
    "street": null,
    "office_name": null,
    "office_name_kana": null
  },
  "0826": {
    "postcode": "4890826",
    "prefecture": "愛知県",
    "prefecture_kana": "アイチケン",
    "prefecture_code": 23,
    "city": "瀬戸市",
    "city_kana": "セトシ",
    "town": "蛭子町",
    "town_kana": "エビスチョウ",
    "street": null,
    "office_name": null,
    "office_name_kana": null
  },
  "0827": {
    "postcode": "4890827",
    "prefecture": "愛知県",
    "prefecture_kana": "アイチケン",
    "prefecture_code": 23,
    "city": "瀬戸市",
    "city_kana": "セトシ",
    "town": "陶生町",
    "town_kana": "トウセイチョウ",
    "street": null,
    "office_name": null,
    "office_name_kana": null
  },
  "0828": {
    "postcode": "4890828",
    "prefecture": "愛知県",
    "prefecture_kana": "アイチケン",
    "prefecture_code": 23,
    "city": "瀬戸市",
    "city_kana": "セトシ",
    "town": "前田町",
    "town_kana": "マエダチョウ",
    "street": null,
    "office_name": null,
    "office_name_kana": null
  },
  "0829": {
    "postcode": "4890829",
    "prefecture": "愛知県",
    "prefecture_kana": "アイチケン",
    "prefecture_code": 23,
    "city": "瀬戸市",
    "city_kana": "セトシ",
    "town": "西郷町",
    "town_kana": "ニシゴウチョウ",
    "street": null,
    "office_name": null,
    "office_name_kana": null
  },
  "0831": {
    "postcode": "4890831",
    "prefecture": "愛知県",
    "prefecture_kana": "アイチケン",
    "prefecture_code": 23,
    "city": "瀬戸市",
    "city_kana": "セトシ",
    "town": "藤四郎町",
    "town_kana": "トウシロウチョウ",
    "street": null,
    "office_name": null,
    "office_name_kana": null
  },
  "0832": {
    "postcode": "4890832",
    "prefecture": "愛知県",
    "prefecture_kana": "アイチケン",
    "prefecture_code": 23,
    "city": "瀬戸市",
    "city_kana": "セトシ",
    "town": "王子沢町",
    "town_kana": "オウジノサワチョウ",
    "street": null,
    "office_name": null,
    "office_name_kana": null
  },
  "0833": {
    "postcode": "4890833",
    "prefecture": "愛知県",
    "prefecture_kana": "アイチケン",
    "prefecture_code": 23,
    "city": "瀬戸市",
    "city_kana": "セトシ",
    "town": "仲洞町",
    "town_kana": "ナカボラチョウ",
    "street": null,
    "office_name": null,
    "office_name_kana": null
  },
  "0834": {
    "postcode": "4890834",
    "prefecture": "愛知県",
    "prefecture_kana": "アイチケン",
    "prefecture_code": 23,
    "city": "瀬戸市",
    "city_kana": "セトシ",
    "town": "南東町",
    "town_kana": "ミナミアズマチョウ",
    "street": null,
    "office_name": null,
    "office_name_kana": null
  },
  "0835": {
    "postcode": "4890835",
    "prefecture": "愛知県",
    "prefecture_kana": "アイチケン",
    "prefecture_code": 23,
    "city": "瀬戸市",
    "city_kana": "セトシ",
    "town": "中山町",
    "town_kana": "ナカヤマチョウ",
    "street": null,
    "office_name": null,
    "office_name_kana": null
  },
  "0836": {
    "postcode": "4890836",
    "prefecture": "愛知県",
    "prefecture_kana": "アイチケン",
    "prefecture_code": 23,
    "city": "瀬戸市",
    "city_kana": "セトシ",
    "town": "一里塚町",
    "town_kana": "イチリヅカチョウ",
    "street": null,
    "office_name": null,
    "office_name_kana": null
  },
  "0837": {
    "postcode": "4890837",
    "prefecture": "愛知県",
    "prefecture_kana": "アイチケン",
    "prefecture_code": 23,
    "city": "瀬戸市",
    "city_kana": "セトシ",
    "town": "西洞町",
    "town_kana": "ニシボラチョウ",
    "street": null,
    "office_name": null,
    "office_name_kana": null
  },
  "0838": {
    "postcode": "4890838",
    "prefecture": "愛知県",
    "prefecture_kana": "アイチケン",
    "prefecture_code": 23,
    "city": "瀬戸市",
    "city_kana": "セトシ",
    "town": "寺本町",
    "town_kana": "テラモトチョウ",
    "street": null,
    "office_name": null,
    "office_name_kana": null
  },
  "0841": {
    "postcode": "4890841",
    "prefecture": "愛知県",
    "prefecture_kana": "アイチケン",
    "prefecture_code": 23,
    "city": "瀬戸市",
    "city_kana": "セトシ",
    "town": "東洞町",
    "town_kana": "ヒガシボラチョウ",
    "street": null,
    "office_name": null,
    "office_name_kana": null
  },
  "0842": {
    "postcode": "4890842",
    "prefecture": "愛知県",
    "prefecture_kana": "アイチケン",
    "prefecture_code": 23,
    "city": "瀬戸市",
    "city_kana": "セトシ",
    "town": "小空町",
    "town_kana": "コソラチョウ",
    "street": null,
    "office_name": null,
    "office_name_kana": null
  },
  "0843": {
    "postcode": "4890843",
    "prefecture": "愛知県",
    "prefecture_kana": "アイチケン",
    "prefecture_code": 23,
    "city": "瀬戸市",
    "city_kana": "セトシ",
    "town": "惣作町",
    "town_kana": "ソウサクチョウ",
    "street": null,
    "office_name": null,
    "office_name_kana": null
  },
  "0844": {
    "postcode": "4890844",
    "prefecture": "愛知県",
    "prefecture_kana": "アイチケン",
    "prefecture_code": 23,
    "city": "瀬戸市",
    "city_kana": "セトシ",
    "town": "門前町",
    "town_kana": "モンゼンチョウ",
    "street": null,
    "office_name": null,
    "office_name_kana": null
  },
  "0845": {
    "postcode": "4890845",
    "prefecture": "愛知県",
    "prefecture_kana": "アイチケン",
    "prefecture_code": 23,
    "city": "瀬戸市",
    "city_kana": "セトシ",
    "town": "鐘場町",
    "town_kana": "カネバチョウ",
    "street": null,
    "office_name": null,
    "office_name_kana": null
  },
  "0846": {
    "postcode": "4890846",
    "prefecture": "愛知県",
    "prefecture_kana": "アイチケン",
    "prefecture_code": 23,
    "city": "瀬戸市",
    "city_kana": "セトシ",
    "town": "太子町",
    "town_kana": "タイシチョウ",
    "street": null,
    "office_name": null,
    "office_name_kana": null
  },
  "0847": {
    "postcode": "4890847",
    "prefecture": "愛知県",
    "prefecture_kana": "アイチケン",
    "prefecture_code": 23,
    "city": "瀬戸市",
    "city_kana": "セトシ",
    "town": "東町",
    "town_kana": "アズマチョウ",
    "street": null,
    "office_name": null,
    "office_name_kana": null
  },
  "0848": {
    "postcode": "4890848",
    "prefecture": "愛知県",
    "prefecture_kana": "アイチケン",
    "prefecture_code": 23,
    "city": "瀬戸市",
    "city_kana": "セトシ",
    "town": "西拝戸町",
    "town_kana": "ニシハイトチョウ",
    "street": null,
    "office_name": null,
    "office_name_kana": null
  },
  "0849": {
    "postcode": "4890849",
    "prefecture": "愛知県",
    "prefecture_kana": "アイチケン",
    "prefecture_code": 23,
    "city": "瀬戸市",
    "city_kana": "セトシ",
    "town": "新明町",
    "town_kana": "シンメイチョウ",
    "street": null,
    "office_name": null,
    "office_name_kana": null
  },
  "0851": {
    "postcode": "4890851",
    "prefecture": "愛知県",
    "prefecture_kana": "アイチケン",
    "prefecture_code": 23,
    "city": "瀬戸市",
    "city_kana": "セトシ",
    "town": "西山路町",
    "town_kana": "ニシヤマジチョウ",
    "street": null,
    "office_name": null,
    "office_name_kana": null
  },
  "0852": {
    "postcode": "4890852",
    "prefecture": "愛知県",
    "prefecture_kana": "アイチケン",
    "prefecture_code": 23,
    "city": "瀬戸市",
    "city_kana": "セトシ",
    "town": "巡間町",
    "town_kana": "ハザマチョウ",
    "street": null,
    "office_name": null,
    "office_name_kana": null
  },
  "0853": {
    "postcode": "4890853",
    "prefecture": "愛知県",
    "prefecture_kana": "アイチケン",
    "prefecture_code": 23,
    "city": "瀬戸市",
    "city_kana": "セトシ",
    "town": "上山路町",
    "town_kana": "カミヤマジチョウ",
    "street": null,
    "office_name": null,
    "office_name_kana": null
  },
  "0854": {
    "postcode": "4890854",
    "prefecture": "愛知県",
    "prefecture_kana": "アイチケン",
    "prefecture_code": 23,
    "city": "瀬戸市",
    "city_kana": "セトシ",
    "town": "東山路町",
    "town_kana": "ヒガシヤマジチョウ",
    "street": null,
    "office_name": null,
    "office_name_kana": null
  },
  "0855": {
    "postcode": "4890855",
    "prefecture": "愛知県",
    "prefecture_kana": "アイチケン",
    "prefecture_code": 23,
    "city": "瀬戸市",
    "city_kana": "セトシ",
    "town": "海上町",
    "town_kana": "カイショチョウ",
    "street": null,
    "office_name": null,
    "office_name_kana": null
  },
  "0856": {
    "postcode": "4890856",
    "prefecture": "愛知県",
    "prefecture_kana": "アイチケン",
    "prefecture_code": 23,
    "city": "瀬戸市",
    "city_kana": "セトシ",
    "town": "広久手町",
    "town_kana": "ヒロクテチョウ",
    "street": null,
    "office_name": null,
    "office_name_kana": null
  },
  "0857": {
    "postcode": "4890857",
    "prefecture": "愛知県",
    "prefecture_kana": "アイチケン",
    "prefecture_code": 23,
    "city": "瀬戸市",
    "city_kana": "セトシ",
    "town": "吉野町",
    "town_kana": "ヨシノチョウ",
    "street": null,
    "office_name": null,
    "office_name_kana": null
  },
  "0858": {
    "postcode": "4890858",
    "prefecture": "愛知県",
    "prefecture_kana": "アイチケン",
    "prefecture_code": 23,
    "city": "瀬戸市",
    "city_kana": "セトシ",
    "town": "屋戸町",
    "town_kana": "ヤトチョウ",
    "street": null,
    "office_name": null,
    "office_name_kana": null
  },
  "0859": {
    "postcode": "4890859",
    "prefecture": "愛知県",
    "prefecture_kana": "アイチケン",
    "prefecture_code": 23,
    "city": "瀬戸市",
    "city_kana": "セトシ",
    "town": "山路町",
    "town_kana": "ヤマジチョウ",
    "street": null,
    "office_name": null,
    "office_name_kana": null
  },
  "0861": {
    "postcode": "4890861",
    "prefecture": "愛知県",
    "prefecture_kana": "アイチケン",
    "prefecture_code": 23,
    "city": "瀬戸市",
    "city_kana": "セトシ",
    "town": "八幡台",
    "town_kana": "ハチマンダイ",
    "street": null,
    "office_name": null,
    "office_name_kana": null
  },
  "0862": {
    "postcode": "4890862",
    "prefecture": "愛知県",
    "prefecture_kana": "アイチケン",
    "prefecture_code": 23,
    "city": "瀬戸市",
    "city_kana": "セトシ",
    "town": "八幡町",
    "town_kana": "ハチマンチョウ",
    "street": null,
    "office_name": null,
    "office_name_kana": null
  },
  "0863": {
    "postcode": "4890863",
    "prefecture": "愛知県",
    "prefecture_kana": "アイチケン",
    "prefecture_code": 23,
    "city": "瀬戸市",
    "city_kana": "セトシ",
    "town": "せいれい町",
    "town_kana": "セイレイチョウ",
    "street": null,
    "office_name": null,
    "office_name_kana": null
  },
  "0864": {
    "postcode": "4890864",
    "prefecture": "愛知県",
    "prefecture_kana": "アイチケン",
    "prefecture_code": 23,
    "city": "瀬戸市",
    "city_kana": "セトシ",
    "town": "若宮町",
    "town_kana": "ワカミヤチョウ",
    "street": null,
    "office_name": null,
    "office_name_kana": null
  },
  "0865": {
    "postcode": "4890865",
    "prefecture": "愛知県",
    "prefecture_kana": "アイチケン",
    "prefecture_code": 23,
    "city": "瀬戸市",
    "city_kana": "セトシ",
    "town": "山口町",
    "town_kana": "ヤマグチチョウ",
    "street": null,
    "office_name": null,
    "office_name_kana": null
  },
  "0866": {
    "postcode": "4890866",
    "prefecture": "愛知県",
    "prefecture_kana": "アイチケン",
    "prefecture_code": 23,
    "city": "瀬戸市",
    "city_kana": "セトシ",
    "town": "矢形町",
    "town_kana": "ヤカタチョウ",
    "street": null,
    "office_name": null,
    "office_name_kana": null
  },
  "0867": {
    "postcode": "4890867",
    "prefecture": "愛知県",
    "prefecture_kana": "アイチケン",
    "prefecture_code": 23,
    "city": "瀬戸市",
    "city_kana": "セトシ",
    "town": "大坂町",
    "town_kana": "オオサカチョウ",
    "street": null,
    "office_name": null,
    "office_name_kana": null
  },
  "0868": {
    "postcode": "4890868",
    "prefecture": "愛知県",
    "prefecture_kana": "アイチケン",
    "prefecture_code": 23,
    "city": "瀬戸市",
    "city_kana": "セトシ",
    "town": "今林町",
    "town_kana": "イマバヤシチョウ",
    "street": null,
    "office_name": null,
    "office_name_kana": null
  },
  "0871": {
    "postcode": "4890871",
    "prefecture": "愛知県",
    "prefecture_kana": "アイチケン",
    "prefecture_code": 23,
    "city": "瀬戸市",
    "city_kana": "セトシ",
    "town": "東長根町",
    "town_kana": "ヒガシナガネチョウ",
    "street": null,
    "office_name": null,
    "office_name_kana": null
  },
  "0872": {
    "postcode": "4890872",
    "prefecture": "愛知県",
    "prefecture_kana": "アイチケン",
    "prefecture_code": 23,
    "city": "瀬戸市",
    "city_kana": "セトシ",
    "town": "水無瀬町",
    "town_kana": "ミナセチョウ",
    "street": null,
    "office_name": null,
    "office_name_kana": null
  },
  "0873": {
    "postcode": "4890873",
    "prefecture": "愛知県",
    "prefecture_kana": "アイチケン",
    "prefecture_code": 23,
    "city": "瀬戸市",
    "city_kana": "セトシ",
    "town": "新郷町",
    "town_kana": "シンゴウチョウ",
    "street": null,
    "office_name": null,
    "office_name_kana": null
  },
  "0874": {
    "postcode": "4890874",
    "prefecture": "愛知県",
    "prefecture_kana": "アイチケン",
    "prefecture_code": 23,
    "city": "瀬戸市",
    "city_kana": "セトシ",
    "town": "幡野町",
    "town_kana": "ハタノチョウ",
    "street": null,
    "office_name": null,
    "office_name_kana": null
  },
  "0875": {
    "postcode": "4890875",
    "prefecture": "愛知県",
    "prefecture_kana": "アイチケン",
    "prefecture_code": 23,
    "city": "瀬戸市",
    "city_kana": "セトシ",
    "town": "緑町",
    "town_kana": "ミドリチョウ",
    "street": null,
    "office_name": null,
    "office_name_kana": null
  },
  "0876": {
    "postcode": "4890876",
    "prefecture": "愛知県",
    "prefecture_kana": "アイチケン",
    "prefecture_code": 23,
    "city": "瀬戸市",
    "city_kana": "セトシ",
    "town": "白山町",
    "town_kana": "ハクサンチョウ",
    "street": null,
    "office_name": null,
    "office_name_kana": null
  },
  "0877": {
    "postcode": "4890877",
    "prefecture": "愛知県",
    "prefecture_kana": "アイチケン",
    "prefecture_code": 23,
    "city": "瀬戸市",
    "city_kana": "セトシ",
    "town": "東赤重町",
    "town_kana": "ヒガシアカシゲチョウ",
    "street": null,
    "office_name": null,
    "office_name_kana": null
  },
  "0878": {
    "postcode": "4890878",
    "prefecture": "愛知県",
    "prefecture_kana": "アイチケン",
    "prefecture_code": 23,
    "city": "瀬戸市",
    "city_kana": "セトシ",
    "town": "赤重町",
    "town_kana": "アカシゲチョウ",
    "street": null,
    "office_name": null,
    "office_name_kana": null
  },
  "0879": {
    "postcode": "4890879",
    "prefecture": "愛知県",
    "prefecture_kana": "アイチケン",
    "prefecture_code": 23,
    "city": "瀬戸市",
    "city_kana": "セトシ",
    "town": "瘤木町",
    "town_kana": "コブキチョウ",
    "street": null,
    "office_name": null,
    "office_name_kana": null
  },
  "0881": {
    "postcode": "4890881",
    "prefecture": "愛知県",
    "prefecture_kana": "アイチケン",
    "prefecture_code": 23,
    "city": "瀬戸市",
    "city_kana": "セトシ",
    "town": "熊野町",
    "town_kana": "クマノチョウ",
    "street": null,
    "office_name": null,
    "office_name_kana": null
  },
  "0882": {
    "postcode": "4890882",
    "prefecture": "愛知県",
    "prefecture_kana": "アイチケン",
    "prefecture_code": 23,
    "city": "瀬戸市",
    "city_kana": "セトシ",
    "town": "西権現町",
    "town_kana": "ニシゴンゲンチョウ",
    "street": null,
    "office_name": null,
    "office_name_kana": null
  },
  "0883": {
    "postcode": "4890883",
    "prefecture": "愛知県",
    "prefecture_kana": "アイチケン",
    "prefecture_code": 23,
    "city": "瀬戸市",
    "city_kana": "セトシ",
    "town": "東権現町",
    "town_kana": "ヒガシゴンゲンチョウ",
    "street": null,
    "office_name": null,
    "office_name_kana": null
  },
  "0884": {
    "postcode": "4890884",
    "prefecture": "愛知県",
    "prefecture_kana": "アイチケン",
    "prefecture_code": 23,
    "city": "瀬戸市",
    "city_kana": "セトシ",
    "town": "西茨町",
    "town_kana": "ニシイバラチョウ",
    "street": null,
    "office_name": null,
    "office_name_kana": null
  },
  "0885": {
    "postcode": "4890885",
    "prefecture": "愛知県",
    "prefecture_kana": "アイチケン",
    "prefecture_code": 23,
    "city": "瀬戸市",
    "city_kana": "セトシ",
    "town": "萩殿町",
    "town_kana": "ハギドノチョウ",
    "street": null,
    "office_name": null,
    "office_name_kana": null
  },
  "0886": {
    "postcode": "4890886",
    "prefecture": "愛知県",
    "prefecture_kana": "アイチケン",
    "prefecture_code": 23,
    "city": "瀬戸市",
    "city_kana": "セトシ",
    "town": "萩山台",
    "town_kana": "ハギヤマダイ",
    "street": null,
    "office_name": null,
    "office_name_kana": null
  },
  "0887": {
    "postcode": "4890887",
    "prefecture": "愛知県",
    "prefecture_kana": "アイチケン",
    "prefecture_code": 23,
    "city": "瀬戸市",
    "city_kana": "セトシ",
    "town": "菱野台",
    "town_kana": "ヒシノダイ",
    "street": null,
    "office_name": null,
    "office_name_kana": null
  },
  "0888": {
    "postcode": "4890888",
    "prefecture": "愛知県",
    "prefecture_kana": "アイチケン",
    "prefecture_code": 23,
    "city": "瀬戸市",
    "city_kana": "セトシ",
    "town": "原山台",
    "town_kana": "ハラヤマダイ",
    "street": null,
    "office_name": null,
    "office_name_kana": null
  },
  "0889": {
    "postcode": "4890889",
    "prefecture": "愛知県",
    "prefecture_kana": "アイチケン",
    "prefecture_code": 23,
    "city": "瀬戸市",
    "city_kana": "セトシ",
    "town": "原山町",
    "town_kana": "ハラヤマチョウ",
    "street": null,
    "office_name": null,
    "office_name_kana": null
  },
  "0891": {
    "postcode": "4890891",
    "prefecture": "愛知県",
    "prefecture_kana": "アイチケン",
    "prefecture_code": 23,
    "city": "瀬戸市",
    "city_kana": "セトシ",
    "town": "陶栄町",
    "town_kana": "トウエイチョウ",
    "street": null,
    "office_name": null,
    "office_name_kana": null
  },
  "0892": {
    "postcode": "4890892",
    "prefecture": "愛知県",
    "prefecture_kana": "アイチケン",
    "prefecture_code": 23,
    "city": "瀬戸市",
    "city_kana": "セトシ",
    "town": "上ノ切町",
    "town_kana": "カミノキリチョウ",
    "street": null,
    "office_name": null,
    "office_name_kana": null
  },
  "0893": {
    "postcode": "4890893",
    "prefecture": "愛知県",
    "prefecture_kana": "アイチケン",
    "prefecture_code": 23,
    "city": "瀬戸市",
    "city_kana": "セトシ",
    "town": "春雨町",
    "town_kana": "ハルサメチョウ",
    "street": null,
    "office_name": null,
    "office_name_kana": null
  },
  "0894": {
    "postcode": "4890894",
    "prefecture": "愛知県",
    "prefecture_kana": "アイチケン",
    "prefecture_code": 23,
    "city": "瀬戸市",
    "city_kana": "セトシ",
    "town": "川合町",
    "town_kana": "カワイチョウ",
    "street": null,
    "office_name": null,
    "office_name_kana": null
  },
  "0895": {
    "postcode": "4890895",
    "prefecture": "愛知県",
    "prefecture_kana": "アイチケン",
    "prefecture_code": 23,
    "city": "瀬戸市",
    "city_kana": "セトシ",
    "town": "塩草町",
    "town_kana": "シオクサチョウ",
    "street": null,
    "office_name": null,
    "office_name_kana": null
  },
  "0896": {
    "postcode": "4890896",
    "prefecture": "愛知県",
    "prefecture_kana": "アイチケン",
    "prefecture_code": 23,
    "city": "瀬戸市",
    "city_kana": "セトシ",
    "town": "宝ケ丘町",
    "town_kana": "タカラガオカチョウ",
    "street": null,
    "office_name": null,
    "office_name_kana": null
  },
  "0897": {
    "postcode": "4890897",
    "prefecture": "愛知県",
    "prefecture_kana": "アイチケン",
    "prefecture_code": 23,
    "city": "瀬戸市",
    "city_kana": "セトシ",
    "town": "東茨町",
    "town_kana": "ヒガシイバラチョウ",
    "street": null,
    "office_name": null,
    "office_name_kana": null
  },
  "0898": {
    "postcode": "4890898",
    "prefecture": "愛知県",
    "prefecture_kana": "アイチケン",
    "prefecture_code": 23,
    "city": "瀬戸市",
    "city_kana": "セトシ",
    "town": "秋葉町",
    "town_kana": "アキバチョウ",
    "street": null,
    "office_name": null,
    "office_name_kana": null
  },
  "0899": {
    "postcode": "4890899",
    "prefecture": "愛知県",
    "prefecture_kana": "アイチケン",
    "prefecture_code": 23,
    "city": "瀬戸市",
    "city_kana": "セトシ",
    "town": "塩草が丘",
    "town_kana": "シオクサガオカ",
    "street": null,
    "office_name": null,
    "office_name_kana": null
  },
  "0901": {
    "postcode": "4890901",
    "prefecture": "愛知県",
    "prefecture_kana": "アイチケン",
    "prefecture_code": 23,
    "city": "瀬戸市",
    "city_kana": "セトシ",
    "town": "十軒町",
    "town_kana": "ジッケンチョウ",
    "street": null,
    "office_name": null,
    "office_name_kana": null
  },
  "0902": {
    "postcode": "4890902",
    "prefecture": "愛知県",
    "prefecture_kana": "アイチケン",
    "prefecture_code": 23,
    "city": "瀬戸市",
    "city_kana": "セトシ",
    "town": "内田町",
    "town_kana": "ウチダチョウ",
    "street": null,
    "office_name": null,
    "office_name_kana": null
  },
  "0903": {
    "postcode": "4890903",
    "prefecture": "愛知県",
    "prefecture_kana": "アイチケン",
    "prefecture_code": 23,
    "city": "瀬戸市",
    "city_kana": "セトシ",
    "town": "ゆりの台",
    "town_kana": "ユリノダイ",
    "street": null,
    "office_name": null,
    "office_name_kana": null
  },
  "0904": {
    "postcode": "4890904",
    "prefecture": "愛知県",
    "prefecture_kana": "アイチケン",
    "prefecture_code": 23,
    "city": "瀬戸市",
    "city_kana": "セトシ",
    "town": "すみれ台",
    "town_kana": "スミレダイ",
    "street": null,
    "office_name": null,
    "office_name_kana": null
  },
  "0905": {
    "postcode": "4890905",
    "prefecture": "愛知県",
    "prefecture_kana": "アイチケン",
    "prefecture_code": 23,
    "city": "瀬戸市",
    "city_kana": "セトシ",
    "town": "はぎの台",
    "town_kana": "ハギノダイ",
    "street": null,
    "office_name": null,
    "office_name_kana": null
  },
  "0906": {
    "postcode": "4890906",
    "prefecture": "愛知県",
    "prefecture_kana": "アイチケン",
    "prefecture_code": 23,
    "city": "瀬戸市",
    "city_kana": "セトシ",
    "town": "本郷町",
    "town_kana": "ホンゴウチョウ",
    "street": null,
    "office_name": null,
    "office_name_kana": null
  },
  "0907": {
    "postcode": "4890907",
    "prefecture": "愛知県",
    "prefecture_kana": "アイチケン",
    "prefecture_code": 23,
    "city": "瀬戸市",
    "city_kana": "セトシ",
    "town": "ふじの台",
    "town_kana": "フジノダイ",
    "street": null,
    "office_name": null,
    "office_name_kana": null
  },
  "0908": {
    "postcode": "4890908",
    "prefecture": "愛知県",
    "prefecture_kana": "アイチケン",
    "prefecture_code": 23,
    "city": "瀬戸市",
    "city_kana": "セトシ",
    "town": "ききょう台",
    "town_kana": "キキョウダイ",
    "street": null,
    "office_name": null,
    "office_name_kana": null
  },
  "0909": {
    "postcode": "4890909",
    "prefecture": "愛知県",
    "prefecture_kana": "アイチケン",
    "prefecture_code": 23,
    "city": "瀬戸市",
    "city_kana": "セトシ",
    "town": "みずの坂",
    "town_kana": "ミズノザカ",
    "street": null,
    "office_name": null,
    "office_name_kana": null
  },
  "0910": {
    "postcode": "4890910",
    "prefecture": "愛知県",
    "prefecture_kana": "アイチケン",
    "prefecture_code": 23,
    "city": "瀬戸市",
    "city_kana": "セトシ",
    "town": "北みずの坂",
    "town_kana": "キタミズノザカ",
    "street": null,
    "office_name": null,
    "office_name_kana": null
  },
  "0911": {
    "postcode": "4890911",
    "prefecture": "愛知県",
    "prefecture_kana": "アイチケン",
    "prefecture_code": 23,
    "city": "瀬戸市",
    "city_kana": "セトシ",
    "town": "北松山町",
    "town_kana": "キタマツヤマチョウ",
    "street": null,
    "office_name": null,
    "office_name_kana": null
  },
  "0912": {
    "postcode": "4890912",
    "prefecture": "愛知県",
    "prefecture_kana": "アイチケン",
    "prefecture_code": 23,
    "city": "瀬戸市",
    "city_kana": "セトシ",
    "town": "西松山町",
    "town_kana": "ニシマツヤマチョウ",
    "street": null,
    "office_name": null,
    "office_name_kana": null
  },
  "0913": {
    "postcode": "4890913",
    "prefecture": "愛知県",
    "prefecture_kana": "アイチケン",
    "prefecture_code": 23,
    "city": "瀬戸市",
    "city_kana": "セトシ",
    "town": "水南町",
    "town_kana": "スイナンチョウ",
    "street": null,
    "office_name": null,
    "office_name_kana": null
  },
  "0914": {
    "postcode": "4890914",
    "prefecture": "愛知県",
    "prefecture_kana": "アイチケン",
    "prefecture_code": 23,
    "city": "瀬戸市",
    "city_kana": "セトシ",
    "town": "孫田町",
    "town_kana": "マゴタチョウ",
    "street": null,
    "office_name": null,
    "office_name_kana": null
  },
  "0915": {
    "postcode": "4890915",
    "prefecture": "愛知県",
    "prefecture_kana": "アイチケン",
    "prefecture_code": 23,
    "city": "瀬戸市",
    "city_kana": "セトシ",
    "town": "北浦町",
    "town_kana": "キタウラチョウ",
    "street": null,
    "office_name": null,
    "office_name_kana": null
  },
  "0916": {
    "postcode": "4890916",
    "prefecture": "愛知県",
    "prefecture_kana": "アイチケン",
    "prefecture_code": 23,
    "city": "瀬戸市",
    "city_kana": "セトシ",
    "town": "平町",
    "town_kana": "ヒラマチ",
    "street": null,
    "office_name": null,
    "office_name_kana": null
  },
  "0917": {
    "postcode": "4890917",
    "prefecture": "愛知県",
    "prefecture_kana": "アイチケン",
    "prefecture_code": 23,
    "city": "瀬戸市",
    "city_kana": "セトシ",
    "town": "效範町",
    "town_kana": "コウハンチョウ",
    "street": null,
    "office_name": null,
    "office_name_kana": null
  },
  "0918": {
    "postcode": "4890918",
    "prefecture": "愛知県",
    "prefecture_kana": "アイチケン",
    "prefecture_code": 23,
    "city": "瀬戸市",
    "city_kana": "セトシ",
    "town": "北脇町",
    "town_kana": "キタワキチョウ",
    "street": null,
    "office_name": null,
    "office_name_kana": null
  },
  "0919": {
    "postcode": "4890919",
    "prefecture": "愛知県",
    "prefecture_kana": "アイチケン",
    "prefecture_code": 23,
    "city": "瀬戸市",
    "city_kana": "セトシ",
    "town": "川端町",
    "town_kana": "カワバタチョウ",
    "street": null,
    "office_name": null,
    "office_name_kana": null
  },
  "0921": {
    "postcode": "4890921",
    "prefecture": "愛知県",
    "prefecture_kana": "アイチケン",
    "prefecture_code": 23,
    "city": "瀬戸市",
    "city_kana": "セトシ",
    "town": "田端町",
    "town_kana": "タバタチョウ",
    "street": null,
    "office_name": null,
    "office_name_kana": null
  },
  "0922": {
    "postcode": "4890922",
    "prefecture": "愛知県",
    "prefecture_kana": "アイチケン",
    "prefecture_code": 23,
    "city": "瀬戸市",
    "city_kana": "セトシ",
    "town": "市場町",
    "town_kana": "イチバチョウ",
    "street": null,
    "office_name": null,
    "office_name_kana": null
  },
  "0923": {
    "postcode": "4890923",
    "prefecture": "愛知県",
    "prefecture_kana": "アイチケン",
    "prefecture_code": 23,
    "city": "瀬戸市",
    "city_kana": "セトシ",
    "town": "城屋敷町",
    "town_kana": "シロヤシキチョウ",
    "street": null,
    "office_name": null,
    "office_name_kana": null
  },
  "0924": {
    "postcode": "4890924",
    "prefecture": "愛知県",
    "prefecture_kana": "アイチケン",
    "prefecture_code": 23,
    "city": "瀬戸市",
    "city_kana": "セトシ",
    "town": "城ケ根町",
    "town_kana": "シロガネチョウ",
    "street": null,
    "office_name": null,
    "office_name_kana": null
  },
  "0925": {
    "postcode": "4890925",
    "prefecture": "愛知県",
    "prefecture_kana": "アイチケン",
    "prefecture_code": 23,
    "city": "瀬戸市",
    "city_kana": "セトシ",
    "town": "西寺山町",
    "town_kana": "ニシテラヤマチョウ",
    "street": null,
    "office_name": null,
    "office_name_kana": null
  },
  "0926": {
    "postcode": "4890926",
    "prefecture": "愛知県",
    "prefecture_kana": "アイチケン",
    "prefecture_code": 23,
    "city": "瀬戸市",
    "city_kana": "セトシ",
    "town": "川西町",
    "town_kana": "カワニシチョウ",
    "street": null,
    "office_name": null,
    "office_name_kana": null
  },
  "0927": {
    "postcode": "4890927",
    "prefecture": "愛知県",
    "prefecture_kana": "アイチケン",
    "prefecture_code": 23,
    "city": "瀬戸市",
    "city_kana": "セトシ",
    "town": "川北町",
    "town_kana": "カワキタチョウ",
    "street": null,
    "office_name": null,
    "office_name_kana": null
  },
  "0928": {
    "postcode": "4890928",
    "prefecture": "愛知県",
    "prefecture_kana": "アイチケン",
    "prefecture_code": 23,
    "city": "瀬戸市",
    "city_kana": "セトシ",
    "town": "東寺山町",
    "town_kana": "ヒガシテラヤマチョウ",
    "street": null,
    "office_name": null,
    "office_name_kana": null
  },
  "0929": {
    "postcode": "4890929",
    "prefecture": "愛知県",
    "prefecture_kana": "アイチケン",
    "prefecture_code": 23,
    "city": "瀬戸市",
    "city_kana": "セトシ",
    "town": "西長根町",
    "town_kana": "ニシナガネチョウ",
    "street": null,
    "office_name": null,
    "office_name_kana": null
  },
  "0931": {
    "postcode": "4890931",
    "prefecture": "愛知県",
    "prefecture_kana": "アイチケン",
    "prefecture_code": 23,
    "city": "瀬戸市",
    "city_kana": "セトシ",
    "town": "高根町",
    "town_kana": "タカネチョウ",
    "street": null,
    "office_name": null,
    "office_name_kana": null
  },
  "0932": {
    "postcode": "4890932",
    "prefecture": "愛知県",
    "prefecture_kana": "アイチケン",
    "prefecture_code": 23,
    "city": "瀬戸市",
    "city_kana": "セトシ",
    "town": "美濃池町",
    "town_kana": "ミノノイケチョウ",
    "street": null,
    "office_name": null,
    "office_name_kana": null
  },
  "0933": {
    "postcode": "4890933",
    "prefecture": "愛知県",
    "prefecture_kana": "アイチケン",
    "prefecture_code": 23,
    "city": "瀬戸市",
    "city_kana": "セトシ",
    "town": "神川町",
    "town_kana": "カミカワチョウ",
    "street": null,
    "office_name": null,
    "office_name_kana": null
  },
  "0934": {
    "postcode": "4890934",
    "prefecture": "愛知県",
    "prefecture_kana": "アイチケン",
    "prefecture_code": 23,
    "city": "瀬戸市",
    "city_kana": "セトシ",
    "town": "菱野町",
    "town_kana": "ヒシノチョウ",
    "street": null,
    "office_name": null,
    "office_name_kana": null
  },
  "0935": {
    "postcode": "4890935",
    "prefecture": "愛知県",
    "prefecture_kana": "アイチケン",
    "prefecture_code": 23,
    "city": "瀬戸市",
    "city_kana": "セトシ",
    "town": "福元町",
    "town_kana": "フクモトチョウ",
    "street": null,
    "office_name": null,
    "office_name_kana": null
  },
  "0936": {
    "postcode": "4890936",
    "prefecture": "愛知県",
    "prefecture_kana": "アイチケン",
    "prefecture_code": 23,
    "city": "瀬戸市",
    "city_kana": "セトシ",
    "town": "西脇町",
    "town_kana": "ニシワキチョウ",
    "street": null,
    "office_name": null,
    "office_name_kana": null
  },
  "0937": {
    "postcode": "4890937",
    "prefecture": "愛知県",
    "prefecture_kana": "アイチケン",
    "prefecture_code": 23,
    "city": "瀬戸市",
    "city_kana": "セトシ",
    "town": "南菱野町",
    "town_kana": "ミナミヒシノチョウ",
    "street": null,
    "office_name": null,
    "office_name_kana": null
  },
  "0938": {
    "postcode": "4890938",
    "prefecture": "愛知県",
    "prefecture_kana": "アイチケン",
    "prefecture_code": 23,
    "city": "瀬戸市",
    "city_kana": "セトシ",
    "town": "幡西町",
    "town_kana": "ハタニシチョウ",
    "street": null,
    "office_name": null,
    "office_name_kana": null
  },
  "0941": {
    "postcode": "4890941",
    "prefecture": "愛知県",
    "prefecture_kana": "アイチケン",
    "prefecture_code": 23,
    "city": "瀬戸市",
    "city_kana": "セトシ",
    "town": "瀬戸口町",
    "town_kana": "セトグチチョウ",
    "street": null,
    "office_name": null,
    "office_name_kana": null
  },
  "0942": {
    "postcode": "4890942",
    "prefecture": "愛知県",
    "prefecture_kana": "アイチケン",
    "prefecture_code": 23,
    "city": "瀬戸市",
    "city_kana": "セトシ",
    "town": "東菱野町",
    "town_kana": "ヒガシヒシノチョウ",
    "street": null,
    "office_name": null,
    "office_name_kana": null
  },
  "0943": {
    "postcode": "4890943",
    "prefecture": "愛知県",
    "prefecture_kana": "アイチケン",
    "prefecture_code": 23,
    "city": "瀬戸市",
    "city_kana": "セトシ",
    "town": "西米泉町",
    "town_kana": "ニシコメイズミチョウ",
    "street": null,
    "office_name": null,
    "office_name_kana": null
  },
  "0944": {
    "postcode": "4890944",
    "prefecture": "愛知県",
    "prefecture_kana": "アイチケン",
    "prefecture_code": 23,
    "city": "瀬戸市",
    "city_kana": "セトシ",
    "town": "東米泉町",
    "town_kana": "ヒガシコメイズミチョウ",
    "street": null,
    "office_name": null,
    "office_name_kana": null
  },
  "0945": {
    "postcode": "4890945",
    "prefecture": "愛知県",
    "prefecture_kana": "アイチケン",
    "prefecture_code": 23,
    "city": "瀬戸市",
    "city_kana": "セトシ",
    "town": "弁天町",
    "town_kana": "ベンテンチョウ",
    "street": null,
    "office_name": null,
    "office_name_kana": null
  },
  "0946": {
    "postcode": "4890946",
    "prefecture": "愛知県",
    "prefecture_kana": "アイチケン",
    "prefecture_code": 23,
    "city": "瀬戸市",
    "city_kana": "セトシ",
    "town": "幡中町",
    "town_kana": "ハタナカチョウ",
    "street": null,
    "office_name": null,
    "office_name_kana": null
  },
  "0947": {
    "postcode": "4890947",
    "prefecture": "愛知県",
    "prefecture_kana": "アイチケン",
    "prefecture_code": 23,
    "city": "瀬戸市",
    "city_kana": "セトシ",
    "town": "羽根町",
    "town_kana": "ハネチョウ",
    "street": null,
    "office_name": null,
    "office_name_kana": null
  },
  "0948": {
    "postcode": "4890948",
    "prefecture": "愛知県",
    "prefecture_kana": "アイチケン",
    "prefecture_code": 23,
    "city": "瀬戸市",
    "city_kana": "セトシ",
    "town": "幡山町",
    "town_kana": "ハタヤマチョウ",
    "street": null,
    "office_name": null,
    "office_name_kana": null
  },
  "0949": {
    "postcode": "4890949",
    "prefecture": "愛知県",
    "prefecture_kana": "アイチケン",
    "prefecture_code": 23,
    "city": "瀬戸市",
    "city_kana": "セトシ",
    "town": "新田町",
    "town_kana": "シンデンチョウ",
    "street": null,
    "office_name": null,
    "office_name_kana": null
  },
  "0951": {
    "postcode": "4890951",
    "prefecture": "愛知県",
    "prefecture_kana": "アイチケン",
    "prefecture_code": 23,
    "city": "瀬戸市",
    "city_kana": "セトシ",
    "town": "石田町",
    "town_kana": "イシダチョウ",
    "street": null,
    "office_name": null,
    "office_name_kana": null
  },
  "0952": {
    "postcode": "4890952",
    "prefecture": "愛知県",
    "prefecture_kana": "アイチケン",
    "prefecture_code": 23,
    "city": "瀬戸市",
    "city_kana": "セトシ",
    "town": "池田町",
    "town_kana": "イケダチョウ",
    "street": null,
    "office_name": null,
    "office_name_kana": null
  },
  "0953": {
    "postcode": "4890953",
    "prefecture": "愛知県",
    "prefecture_kana": "アイチケン",
    "prefecture_code": 23,
    "city": "瀬戸市",
    "city_kana": "セトシ",
    "town": "柳ケ坪町",
    "town_kana": "ヤナガツボチョウ",
    "street": null,
    "office_name": null,
    "office_name_kana": null
  },
  "0954": {
    "postcode": "4890954",
    "prefecture": "愛知県",
    "prefecture_kana": "アイチケン",
    "prefecture_code": 23,
    "city": "瀬戸市",
    "city_kana": "セトシ",
    "town": "台六町",
    "town_kana": "ダイロクチョウ",
    "street": null,
    "office_name": null,
    "office_name_kana": null
  },
  "0955": {
    "postcode": "4890955",
    "prefecture": "愛知県",
    "prefecture_kana": "アイチケン",
    "prefecture_code": 23,
    "city": "瀬戸市",
    "city_kana": "セトシ",
    "town": "南ケ丘町",
    "town_kana": "ミナミガオカチョウ",
    "street": null,
    "office_name": null,
    "office_name_kana": null
  },
  "0961": {
    "postcode": "4890961",
    "prefecture": "愛知県",
    "prefecture_kana": "アイチケン",
    "prefecture_code": 23,
    "city": "瀬戸市",
    "city_kana": "セトシ",
    "town": "田中町",
    "town_kana": "タナカチョウ",
    "street": null,
    "office_name": null,
    "office_name_kana": null
  },
  "0962": {
    "postcode": "4890962",
    "prefecture": "愛知県",
    "prefecture_kana": "アイチケン",
    "prefecture_code": 23,
    "city": "瀬戸市",
    "city_kana": "セトシ",
    "town": "大坪町",
    "town_kana": "オオツボチョウ",
    "street": null,
    "office_name": null,
    "office_name_kana": null
  },
  "0963": {
    "postcode": "4890963",
    "prefecture": "愛知県",
    "prefecture_kana": "アイチケン",
    "prefecture_code": 23,
    "city": "瀬戸市",
    "city_kana": "セトシ",
    "town": "宮地町",
    "town_kana": "ミヤジチョウ",
    "street": null,
    "office_name": null,
    "office_name_kana": null
  },
  "0964": {
    "postcode": "4890964",
    "prefecture": "愛知県",
    "prefecture_kana": "アイチケン",
    "prefecture_code": 23,
    "city": "瀬戸市",
    "city_kana": "セトシ",
    "town": "上之山町",
    "town_kana": "ウエノヤマチョウ",
    "street": null,
    "office_name": null,
    "office_name_kana": null
  },
  "0965": {
    "postcode": "4890965",
    "prefecture": "愛知県",
    "prefecture_kana": "アイチケン",
    "prefecture_code": 23,
    "city": "瀬戸市",
    "city_kana": "セトシ",
    "town": "南山口町",
    "town_kana": "ミナミヤマグチチョウ",
    "street": null,
    "office_name": null,
    "office_name_kana": null
  },
  "0966": {
    "postcode": "4890966",
    "prefecture": "愛知県",
    "prefecture_kana": "アイチケン",
    "prefecture_code": 23,
    "city": "瀬戸市",
    "city_kana": "セトシ",
    "town": "掛下町",
    "town_kana": "カケシタチョウ",
    "street": null,
    "office_name": null,
    "office_name_kana": null
  },
  "0971": {
    "postcode": "4890971",
    "prefecture": "愛知県",
    "prefecture_kana": "アイチケン",
    "prefecture_code": 23,
    "city": "瀬戸市",
    "city_kana": "セトシ",
    "town": "西本地町",
    "town_kana": "ニシホンジチョウ",
    "street": null,
    "office_name": null,
    "office_name_kana": null
  },
  "0972": {
    "postcode": "4890972",
    "prefecture": "愛知県",
    "prefecture_kana": "アイチケン",
    "prefecture_code": 23,
    "city": "瀬戸市",
    "city_kana": "セトシ",
    "town": "西原町",
    "town_kana": "ニシハラチョウ",
    "street": null,
    "office_name": null,
    "office_name_kana": null
  },
  "0973": {
    "postcode": "4890973",
    "prefecture": "愛知県",
    "prefecture_kana": "アイチケン",
    "prefecture_code": 23,
    "city": "瀬戸市",
    "city_kana": "セトシ",
    "town": "東本地町",
    "town_kana": "ヒガシホンジチョウ",
    "street": null,
    "office_name": null,
    "office_name_kana": null
  },
  "0974": {
    "postcode": "4890974",
    "prefecture": "愛知県",
    "prefecture_kana": "アイチケン",
    "prefecture_code": 23,
    "city": "瀬戸市",
    "city_kana": "セトシ",
    "town": "駒前町",
    "town_kana": "コママエチョウ",
    "street": null,
    "office_name": null,
    "office_name_kana": null
  },
  "0975": {
    "postcode": "4890975",
    "prefecture": "愛知県",
    "prefecture_kana": "アイチケン",
    "prefecture_code": 23,
    "city": "瀬戸市",
    "city_kana": "セトシ",
    "town": "山の田町",
    "town_kana": "ヤマノタチョウ",
    "street": null,
    "office_name": null,
    "office_name_kana": null
  },
  "0976": {
    "postcode": "4890976",
    "prefecture": "愛知県",
    "prefecture_kana": "アイチケン",
    "prefecture_code": 23,
    "city": "瀬戸市",
    "city_kana": "セトシ",
    "town": "井戸金町",
    "town_kana": "イドガネチョウ",
    "street": null,
    "office_name": null,
    "office_name_kana": null
  },
  "0977": {
    "postcode": "4890977",
    "prefecture": "愛知県",
    "prefecture_kana": "アイチケン",
    "prefecture_code": 23,
    "city": "瀬戸市",
    "city_kana": "セトシ",
    "town": "坂上町",
    "town_kana": "サカウエチョウ",
    "street": null,
    "office_name": null,
    "office_name_kana": null
  },
  "0978": {
    "postcode": "4890978",
    "prefecture": "愛知県",
    "prefecture_kana": "アイチケン",
    "prefecture_code": 23,
    "city": "瀬戸市",
    "city_kana": "セトシ",
    "town": "小坂町",
    "town_kana": "コサカチョウ",
    "street": null,
    "office_name": null,
    "office_name_kana": null
  },
  "0979": {
    "postcode": "4890979",
    "prefecture": "愛知県",
    "prefecture_kana": "アイチケン",
    "prefecture_code": 23,
    "city": "瀬戸市",
    "city_kana": "セトシ",
    "town": "坊金町",
    "town_kana": "ボウガネチョウ",
    "street": null,
    "office_name": null,
    "office_name_kana": null
  },
  "0980": {
    "postcode": "4890980",
    "prefecture": "愛知県",
    "prefecture_kana": "アイチケン",
    "prefecture_code": 23,
    "city": "瀬戸市",
    "city_kana": "セトシ",
    "town": "やまて坂",
    "town_kana": "ヤマテザカ",
    "street": null,
    "office_name": null,
    "office_name_kana": null
  },
  "0981": {
    "postcode": "4890981",
    "prefecture": "愛知県",
    "prefecture_kana": "アイチケン",
    "prefecture_code": 23,
    "city": "瀬戸市",
    "city_kana": "セトシ",
    "town": "ひまわり台",
    "town_kana": "ヒマワリダイ",
    "street": null,
    "office_name": null,
    "office_name_kana": null
  },
  "0982": {
    "postcode": "4890982",
    "prefecture": "愛知県",
    "prefecture_kana": "アイチケン",
    "prefecture_code": 23,
    "city": "瀬戸市",
    "city_kana": "セトシ",
    "town": "さつき台",
    "town_kana": "サツキダイ",
    "street": null,
    "office_name": null,
    "office_name_kana": null
  },
  "0983": {
    "postcode": "4890983",
    "prefecture": "愛知県",
    "prefecture_kana": "アイチケン",
    "prefecture_code": 23,
    "city": "瀬戸市",
    "city_kana": "セトシ",
    "town": "苗場町",
    "town_kana": "ナエバチョウ",
    "street": null,
    "office_name": null,
    "office_name_kana": null
  },
  "0984": {
    "postcode": "4890984",
    "prefecture": "愛知県",
    "prefecture_kana": "アイチケン",
    "prefecture_code": 23,
    "city": "瀬戸市",
    "city_kana": "セトシ",
    "town": "北山町",
    "town_kana": "キタヤマチョウ",
    "street": null,
    "office_name": null,
    "office_name_kana": null
  },
  "0985": {
    "postcode": "4890985",
    "prefecture": "愛知県",
    "prefecture_kana": "アイチケン",
    "prefecture_code": 23,
    "city": "瀬戸市",
    "city_kana": "セトシ",
    "town": "松原町",
    "town_kana": "マツバラチョウ",
    "street": null,
    "office_name": null,
    "office_name_kana": null
  },
  "0986": {
    "postcode": "4890986",
    "prefecture": "愛知県",
    "prefecture_kana": "アイチケン",
    "prefecture_code": 23,
    "city": "瀬戸市",
    "city_kana": "セトシ",
    "town": "南山町",
    "town_kana": "ミナミヤマチョウ",
    "street": null,
    "office_name": null,
    "office_name_kana": null
  },
  "0987": {
    "postcode": "4890987",
    "prefecture": "愛知県",
    "prefecture_kana": "アイチケン",
    "prefecture_code": 23,
    "city": "瀬戸市",
    "city_kana": "セトシ",
    "town": "西山町",
    "town_kana": "ニシヤマチョウ",
    "street": null,
    "office_name": null,
    "office_name_kana": null
  },
  "0988": {
    "postcode": "4890988",
    "prefecture": "愛知県",
    "prefecture_kana": "アイチケン",
    "prefecture_code": 23,
    "city": "瀬戸市",
    "city_kana": "セトシ",
    "town": "東山町",
    "town_kana": "ヒガシヤマチョウ",
    "street": null,
    "office_name": null,
    "office_name_kana": null
  },
  "0989": {
    "postcode": "4890989",
    "prefecture": "愛知県",
    "prefecture_kana": "アイチケン",
    "prefecture_code": 23,
    "city": "瀬戸市",
    "city_kana": "セトシ",
    "town": "山手町",
    "town_kana": "ヤマテチョウ",
    "street": null,
    "office_name": null,
    "office_name_kana": null
  },
  "8450": {
    "postcode": "4898450",
    "prefecture": "愛知県",
    "prefecture_kana": "アイチケン",
    "prefecture_code": 23,
    "city": "瀬戸市",
    "city_kana": "セトシ",
    "town": "仲切町",
    "town_kana": "ナカギリチョウ",
    "street": "２２番地",
    "office_name": "（株）　尾張東部放送",
    "office_name_kana": "(カブ) オワリトウブホウソウ"
  },
  "8510": {
    "postcode": "4898510",
    "prefecture": "愛知県",
    "prefecture_kana": "アイチケン",
    "prefecture_code": 23,
    "city": "瀬戸市",
    "city_kana": "セトシ",
    "town": "暁町",
    "town_kana": "アカツキチョウ",
    "street": "１",
    "office_name": "テクノエイト　株式会社",
    "office_name_kana": "テクノエイト カブシキガイシヤ"
  },
  "8511": {
    "postcode": "4898511",
    "prefecture": "愛知県",
    "prefecture_kana": "アイチケン",
    "prefecture_code": 23,
    "city": "瀬戸市",
    "city_kana": "セトシ",
    "town": "見付町",
    "town_kana": "ミツケチョウ",
    "street": "３８−２",
    "office_name": "瀬戸商工会議所",
    "office_name_kana": "セトシヨウコウカイギシヨ"
  },
  "8520": {
    "postcode": "4898520",
    "prefecture": "愛知県",
    "prefecture_kana": "アイチケン",
    "prefecture_code": 23,
    "city": "瀬戸市",
    "city_kana": "セトシ",
    "town": "熊野町",
    "town_kana": "クマノチョウ",
    "street": "７６番地１",
    "office_name": "尾張瀬戸税務署",
    "office_name_kana": "オワリセトゼイムシヨ"
  },
  "8550": {
    "postcode": "4898550",
    "prefecture": "愛知県",
    "prefecture_kana": "アイチケン",
    "prefecture_code": 23,
    "city": "瀬戸市",
    "city_kana": "セトシ",
    "town": "暁町",
    "town_kana": "アカツキチョウ",
    "street": "３−４５",
    "office_name": "豊精密工業　株式会社",
    "office_name_kana": "ユタカセイミツコウギヨウ カブシキガイシヤ"
  },
  "8555": {
    "postcode": "4898555",
    "prefecture": "愛知県",
    "prefecture_kana": "アイチケン",
    "prefecture_code": 23,
    "city": "瀬戸市",
    "city_kana": "セトシ",
    "town": "南山口町",
    "town_kana": "ミナミヤマグチチョウ",
    "street": "５３９−３",
    "office_name": "愛知県赤十字血液センター",
    "office_name_kana": "アイチケンセキジユウジケツエキセンタ-"
  },
  "8567": {
    "postcode": "4898567",
    "prefecture": "愛知県",
    "prefecture_kana": "アイチケン",
    "prefecture_code": 23,
    "city": "瀬戸市",
    "city_kana": "セトシ",
    "town": "西原町",
    "town_kana": "ニシハラチョウ",
    "street": "１丁目８６インロック社ビル２階",
    "office_name": "インロック社　株式会社　インロック",
    "office_name_kana": "インロツクシヤ カブシキガイシヤ インロツク"
  },
  "8585": {
    "postcode": "4898585",
    "prefecture": "愛知県",
    "prefecture_kana": "アイチケン",
    "prefecture_code": 23,
    "city": "瀬戸市",
    "city_kana": "セトシ",
    "town": "南山口町",
    "town_kana": "ミナミヤマグチチョウ",
    "street": "５３９番地３",
    "office_name": "日本赤十字社　東海北陸ブロック血液センター",
    "office_name_kana": "ニツポンセキジユウジシヤ トウカイホクリクブロツクケツエキセンタ-"
  },
  "8611": {
    "postcode": "4898611",
    "prefecture": "愛知県",
    "prefecture_kana": "アイチケン",
    "prefecture_code": 23,
    "city": "瀬戸市",
    "city_kana": "セトシ",
    "town": "暁町",
    "town_kana": "アカツキチョウ",
    "street": "３−８６",
    "office_name": "河村電器産業　株式会社",
    "office_name_kana": "カワムラデンキサンギヨウ カブシキガイシヤ"
  },
  "8642": {
    "postcode": "4898642",
    "prefecture": "愛知県",
    "prefecture_kana": "アイチケン",
    "prefecture_code": 23,
    "city": "瀬戸市",
    "city_kana": "セトシ",
    "town": "西追分町",
    "town_kana": "ニシオイワケチョウ",
    "street": "１６０",
    "office_name": "公立陶生病院",
    "office_name_kana": "コウリツトウセイビヨウイン"
  },
  "8645": {
    "postcode": "4898645",
    "prefecture": "愛知県",
    "prefecture_kana": "アイチケン",
    "prefecture_code": 23,
    "city": "瀬戸市",
    "city_kana": "セトシ",
    "town": "暁町",
    "town_kana": "アカツキチョウ",
    "street": "３−２４",
    "office_name": "（株）　オプトン",
    "office_name_kana": "カブシキガイシヤ オプトン"
  },
  "8650": {
    "postcode": "4898650",
    "prefecture": "愛知県",
    "prefecture_kana": "アイチケン",
    "prefecture_code": 23,
    "city": "瀬戸市",
    "city_kana": "セトシ",
    "town": "東横山町",
    "town_kana": "ヒガシヨコヤマチョウ",
    "street": "１１９−１（瀬戸郵便局私書箱第８１号）",
    "office_name": "瀬戸信用金庫",
    "office_name_kana": "セトシンヨウキンコ"
  },
  "8680": {
    "postcode": "4898680",
    "prefecture": "愛知県",
    "prefecture_kana": "アイチケン",
    "prefecture_code": 23,
    "city": "瀬戸市",
    "city_kana": "セトシ",
    "town": "道泉町",
    "town_kana": "ドウセンチョウ",
    "street": "７０（瀬戸郵便局私書箱第４８号）",
    "office_name": "株式会社　成田製陶所",
    "office_name_kana": "カブシキガイシヤ ナリタセイトウジヨ"
  },
  "8701": {
    "postcode": "4898701",
    "prefecture": "愛知県",
    "prefecture_kana": "アイチケン",
    "prefecture_code": 23,
    "city": "瀬戸市",
    "city_kana": "セトシ",
    "town": "追分町",
    "town_kana": "オイワケチョウ",
    "street": "６４−１（瀬戸郵便局私書箱第８３号）",
    "office_name": "瀬戸市役所",
    "office_name_kana": "セトシヤクシヨ"
  },
  "8777": {
    "postcode": "4898777",
    "prefecture": "愛知県",
    "prefecture_kana": "アイチケン",
    "prefecture_code": 23,
    "city": "瀬戸市",
    "city_kana": "セトシ",
    "town": "西原町",
    "town_kana": "ニシハラチョウ",
    "street": "１丁目７６番地",
    "office_name": "ロック・セールス社",
    "office_name_kana": "ロツク・セ-ルスシヤ"
  }
}