{
  "0000": {
    "postcode": "4910000",
    "prefecture": "愛知県",
    "prefecture_kana": "アイチケン",
    "prefecture_code": 23,
    "city": "一宮市",
    "city_kana": "イチノミヤシ",
    "town": "",
    "town_kana": "",
    "street": null,
    "office_name": null,
    "office_name_kana": null
  },
  "0001": {
    "postcode": "4910001",
    "prefecture": "愛知県",
    "prefecture_kana": "アイチケン",
    "prefecture_code": 23,
    "city": "一宮市",
    "city_kana": "イチノミヤシ",
    "town": "瀬部",
    "town_kana": "セベ",
    "street": null,
    "office_name": null,
    "office_name_kana": null
  },
  "0002": {
    "postcode": "4910002",
    "prefecture": "愛知県",
    "prefecture_kana": "アイチケン",
    "prefecture_code": 23,
    "city": "一宮市",
    "city_kana": "イチノミヤシ",
    "town": "時之島",
    "town_kana": "トキノシマ",
    "street": null,
    "office_name": null,
    "office_name_kana": null
  },
  "0003": {
    "postcode": "4910003",
    "prefecture": "愛知県",
    "prefecture_kana": "アイチケン",
    "prefecture_code": 23,
    "city": "一宮市",
    "city_kana": "イチノミヤシ",
    "town": "春明",
    "town_kana": "シュンメイ",
    "street": null,
    "office_name": null,
    "office_name_kana": null
  },
  "0004": {
    "postcode": "4910004",
    "prefecture": "愛知県",
    "prefecture_kana": "アイチケン",
    "prefecture_code": 23,
    "city": "一宮市",
    "city_kana": "イチノミヤシ",
    "town": "定水寺",
    "town_kana": "ジョウスイジ",
    "street": null,
    "office_name": null,
    "office_name_kana": null
  },
  "0005": {
    "postcode": "4910005",
    "prefecture": "愛知県",
    "prefecture_kana": "アイチケン",
    "prefecture_code": 23,
    "city": "一宮市",
    "city_kana": "イチノミヤシ",
    "town": "西大海道",
    "town_kana": "ニシオオガイドウ",
    "street": null,
    "office_name": null,
    "office_name_kana": null
  },
  "0011": {
    "postcode": "4910011",
    "prefecture": "愛知県",
    "prefecture_kana": "アイチケン",
    "prefecture_code": 23,
    "city": "一宮市",
    "city_kana": "イチノミヤシ",
    "town": "柚木颪",
    "town_kana": "ユギオロシ",
    "street": null,
    "office_name": null,
    "office_name_kana": null
  },
  "0012": {
    "postcode": "4910012",
    "prefecture": "愛知県",
    "prefecture_kana": "アイチケン",
    "prefecture_code": 23,
    "city": "一宮市",
    "city_kana": "イチノミヤシ",
    "town": "小赤見",
    "town_kana": "コアカミ",
    "street": null,
    "office_name": null,
    "office_name_kana": null
  },
  "0013": {
    "postcode": "4910013",
    "prefecture": "愛知県",
    "prefecture_kana": "アイチケン",
    "prefecture_code": 23,
    "city": "一宮市",
    "city_kana": "イチノミヤシ",
    "town": "北小渕",
    "town_kana": "キタオブチ",
    "street": null,
    "office_name": null,
    "office_name_kana": null
  },
  "0014": {
    "postcode": "4910014",
    "prefecture": "愛知県",
    "prefecture_kana": "アイチケン",
    "prefecture_code": 23,
    "city": "一宮市",
    "city_kana": "イチノミヤシ",
    "town": "南小渕",
    "town_kana": "ミナミオブチ",
    "street": null,
    "office_name": null,
    "office_name_kana": null
  },
  "0015": {
    "postcode": "4910015",
    "prefecture": "愛知県",
    "prefecture_kana": "アイチケン",
    "prefecture_code": 23,
    "city": "一宮市",
    "city_kana": "イチノミヤシ",
    "town": "大赤見",
    "town_kana": "オオアカミ",
    "street": null,
    "office_name": null,
    "office_name_kana": null
  },
  "0021": {
    "postcode": "4910021",
    "prefecture": "愛知県",
    "prefecture_kana": "アイチケン",
    "prefecture_code": 23,
    "city": "一宮市",
    "city_kana": "イチノミヤシ",
    "town": "東両郷町",
    "town_kana": "ヒガシリョウゴウチョウ",
    "street": null,
    "office_name": null,
    "office_name_kana": null
  },
  "0022": {
    "postcode": "4910022",
    "prefecture": "愛知県",
    "prefecture_kana": "アイチケン",
    "prefecture_code": 23,
    "city": "一宮市",
    "city_kana": "イチノミヤシ",
    "town": "両郷町",
    "town_kana": "リョウゴウチョウ",
    "street": null,
    "office_name": null,
    "office_name_kana": null
  },
  "0023": {
    "postcode": "4910023",
    "prefecture": "愛知県",
    "prefecture_kana": "アイチケン",
    "prefecture_code": 23,
    "city": "一宮市",
    "city_kana": "イチノミヤシ",
    "town": "赤見",
    "town_kana": "アカミ",
    "street": null,
    "office_name": null,
    "office_name_kana": null
  },
  "0024": {
    "postcode": "4910024",
    "prefecture": "愛知県",
    "prefecture_kana": "アイチケン",
    "prefecture_code": 23,
    "city": "一宮市",
    "city_kana": "イチノミヤシ",
    "town": "富士",
    "town_kana": "フジ",
    "street": null,
    "office_name": null,
    "office_name_kana": null
  },
  "0025": {
    "postcode": "4910025",
    "prefecture": "愛知県",
    "prefecture_kana": "アイチケン",
    "prefecture_code": 23,
    "city": "一宮市",
    "city_kana": "イチノミヤシ",
    "town": "羽衣",
    "town_kana": "ハゴロモ",
    "street": null,
    "office_name": null,
    "office_name_kana": null
  },
  "0026": {
    "postcode": "4910026",
    "prefecture": "愛知県",
    "prefecture_kana": "アイチケン",
    "prefecture_code": 23,
    "city": "一宮市",
    "city_kana": "イチノミヤシ",
    "town": "和光",
    "town_kana": "ワコウ",
    "street": null,
    "office_name": null,
    "office_name_kana": null
  },
  "0027": {
    "postcode": "4910027",
    "prefecture": "愛知県",
    "prefecture_kana": "アイチケン",
    "prefecture_code": 23,
    "city": "一宮市",
    "city_kana": "イチノミヤシ",
    "town": "藤塚町",
    "town_kana": "フジツカチョウ",
    "street": null,
    "office_name": null,
    "office_name_kana": null
  },
  "0028": {
    "postcode": "4910028",
    "prefecture": "愛知県",
    "prefecture_kana": "アイチケン",
    "prefecture_code": 23,
    "city": "一宮市",
    "city_kana": "イチノミヤシ",
    "town": "朝日",
    "town_kana": "アサヒ",
    "street": null,
    "office_name": null,
    "office_name_kana": null
  },
  "0031": {
    "postcode": "4910031",
    "prefecture": "愛知県",
    "prefecture_kana": "アイチケン",
    "prefecture_code": 23,
    "city": "一宮市",
    "city_kana": "イチノミヤシ",
    "town": "観音町",
    "town_kana": "カンノンチョウ",
    "street": null,
    "office_name": null,
    "office_name_kana": null
  },
  "0032": {
    "postcode": "4910032",
    "prefecture": "愛知県",
    "prefecture_kana": "アイチケン",
    "prefecture_code": 23,
    "city": "一宮市",
    "city_kana": "イチノミヤシ",
    "town": "下沼町",
    "town_kana": "シモヌマチョウ",
    "street": null,
    "office_name": null,
    "office_name_kana": null
  },
  "0033": {
    "postcode": "4910033",
    "prefecture": "愛知県",
    "prefecture_kana": "アイチケン",
    "prefecture_code": 23,
    "city": "一宮市",
    "city_kana": "イチノミヤシ",
    "town": "別明町",
    "town_kana": "ベツメイチョウ",
    "street": null,
    "office_name": null,
    "office_name_kana": null
  },
  "0034": {
    "postcode": "4910034",
    "prefecture": "愛知県",
    "prefecture_kana": "アイチケン",
    "prefecture_code": 23,
    "city": "一宮市",
    "city_kana": "イチノミヤシ",
    "town": "浜町",
    "town_kana": "ハマチョウ",
    "street": null,
    "office_name": null,
    "office_name_kana": null
  },
  "0035": {
    "postcode": "4910035",
    "prefecture": "愛知県",
    "prefecture_kana": "アイチケン",
    "prefecture_code": 23,
    "city": "一宮市",
    "city_kana": "イチノミヤシ",
    "town": "大浜",
    "town_kana": "オオハマ",
    "street": null,
    "office_name": null,
    "office_name_kana": null
  },
  "0036": {
    "postcode": "4910036",
    "prefecture": "愛知県",
    "prefecture_kana": "アイチケン",
    "prefecture_code": 23,
    "city": "一宮市",
    "city_kana": "イチノミヤシ",
    "town": "桜",
    "town_kana": "サクラ",
    "street": null,
    "office_name": null,
    "office_name_kana": null
  },
  "0037": {
    "postcode": "4910037",
    "prefecture": "愛知県",
    "prefecture_kana": "アイチケン",
    "prefecture_code": 23,
    "city": "一宮市",
    "city_kana": "イチノミヤシ",
    "town": "貴船",
    "town_kana": "キフネ",
    "street": null,
    "office_name": null,
    "office_name_kana": null
  },
  "0041": {
    "postcode": "4910041",
    "prefecture": "愛知県",
    "prefecture_kana": "アイチケン",
    "prefecture_code": 23,
    "city": "一宮市",
    "city_kana": "イチノミヤシ",
    "town": "文京",
    "town_kana": "ブンキョウ",
    "street": null,
    "office_name": null,
    "office_name_kana": null
  },
  "0042": {
    "postcode": "4910042",
    "prefecture": "愛知県",
    "prefecture_kana": "アイチケン",
    "prefecture_code": 23,
    "city": "一宮市",
    "city_kana": "イチノミヤシ",
    "town": "松降",
    "town_kana": "マツフリ",
    "street": null,
    "office_name": null,
    "office_name_kana": null
  },
  "0043": {
    "postcode": "4910043",
    "prefecture": "愛知県",
    "prefecture_kana": "アイチケン",
    "prefecture_code": 23,
    "city": "一宮市",
    "city_kana": "イチノミヤシ",
    "town": "真清田",
    "town_kana": "マスミダ",
    "street": null,
    "office_name": null,
    "office_name_kana": null
  },
  "0044": {
    "postcode": "4910044",
    "prefecture": "愛知県",
    "prefecture_kana": "アイチケン",
    "prefecture_code": 23,
    "city": "一宮市",
    "city_kana": "イチノミヤシ",
    "town": "大宮",
    "town_kana": "オオミヤ",
    "street": null,
    "office_name": null,
    "office_name_kana": null
  },
  "0045": {
    "postcode": "4910045",
    "prefecture": "愛知県",
    "prefecture_kana": "アイチケン",
    "prefecture_code": 23,
    "city": "一宮市",
    "city_kana": "イチノミヤシ",
    "town": "音羽",
    "town_kana": "オトワ",
    "street": null,
    "office_name": null,
    "office_name_kana": null
  },
  "0046": {
    "postcode": "4910046",
    "prefecture": "愛知県",
    "prefecture_kana": "アイチケン",
    "prefecture_code": 23,
    "city": "一宮市",
    "city_kana": "イチノミヤシ",
    "town": "天王",
    "town_kana": "テンノウ",
    "street": null,
    "office_name": null,
    "office_name_kana": null
  },
  "0051": {
    "postcode": "4910051",
    "prefecture": "愛知県",
    "prefecture_kana": "アイチケン",
    "prefecture_code": 23,
    "city": "一宮市",
    "city_kana": "イチノミヤシ",
    "town": "今伊勢町馬寄",
    "town_kana": "イマイセチョウウマヨセ",
    "street": null,
    "office_name": null,
    "office_name_kana": null
  },
  "0052": {
    "postcode": "4910052",
    "prefecture": "愛知県",
    "prefecture_kana": "アイチケン",
    "prefecture_code": 23,
    "city": "一宮市",
    "city_kana": "イチノミヤシ",
    "town": "今伊勢町新神戸",
    "town_kana": "イマイセチョウシンカンベ",
    "street": null,
    "office_name": null,
    "office_name_kana": null
  },
  "0053": {
    "postcode": "4910053",
    "prefecture": "愛知県",
    "prefecture_kana": "アイチケン",
    "prefecture_code": 23,
    "city": "一宮市",
    "city_kana": "イチノミヤシ",
    "town": "今伊勢町本神戸",
    "town_kana": "イマイセチョウホンカンベ",
    "street": null,
    "office_name": null,
    "office_name_kana": null
  },
  "0054": {
    "postcode": "4910054",
    "prefecture": "愛知県",
    "prefecture_kana": "アイチケン",
    "prefecture_code": 23,
    "city": "一宮市",
    "city_kana": "イチノミヤシ",
    "town": "大正通",
    "town_kana": "タイショウドオリ",
    "street": null,
    "office_name": null,
    "office_name_kana": null
  },
  "0055": {
    "postcode": "4910055",
    "prefecture": "愛知県",
    "prefecture_kana": "アイチケン",
    "prefecture_code": 23,
    "city": "一宮市",
    "city_kana": "イチノミヤシ",
    "town": "神戸町",
    "town_kana": "カンベチョウ",
    "street": null,
    "office_name": null,
    "office_name_kana": null
  },
  "0056": {
    "postcode": "4910056",
    "prefecture": "愛知県",
    "prefecture_kana": "アイチケン",
    "prefecture_code": 23,
    "city": "一宮市",
    "city_kana": "イチノミヤシ",
    "town": "東出町",
    "town_kana": "ヒガシデチョウ",
    "street": null,
    "office_name": null,
    "office_name_kana": null
  },
  "0057": {
    "postcode": "4910057",
    "prefecture": "愛知県",
    "prefecture_kana": "アイチケン",
    "prefecture_code": 23,
    "city": "一宮市",
    "city_kana": "イチノミヤシ",
    "town": "今伊勢町宮後",
    "town_kana": "イマイセチョウミヤウシロ",
    "street": null,
    "office_name": null,
    "office_name_kana": null
  },
  "0058": [
    {
      "postcode": "4910058",
      "prefecture": "愛知県",
      "prefecture_kana": "アイチケン",
      "prefecture_code": 23,
      "city": "一宮市",
      "city_kana": "イチノミヤシ",
      "town": "今伊勢町馬寄",
      "town_kana": "イマイセチョウウマヨセ",
      "street": null,
      "office_name": null,
      "office_name_kana": null
    },
    {
      "postcode": "4910058",
      "prefecture": "愛知県",
      "prefecture_kana": "アイチケン",
      "prefecture_code": 23,
      "city": "一宮市",
      "city_kana": "イチノミヤシ",
      "town": "今伊勢町馬寄舟入",
      "town_kana": "イマイセチョウウマヨセフナイリ",
      "street": null,
      "office_name": null,
      "office_name_kana": null
    }
  ],
  "0059": {
    "postcode": "4910059",
    "prefecture": "愛知県",
    "prefecture_kana": "アイチケン",
    "prefecture_code": 23,
    "city": "一宮市",
    "city_kana": "イチノミヤシ",
    "town": "一宮",
    "town_kana": "イチノミヤ",
    "street": null,
    "office_name": null,
    "office_name_kana": null
  },
  "0061": {
    "postcode": "4910061",
    "prefecture": "愛知県",
    "prefecture_kana": "アイチケン",
    "prefecture_code": 23,
    "city": "一宮市",
    "city_kana": "イチノミヤシ",
    "town": "乾町",
    "town_kana": "イヌイチョウ",
    "street": null,
    "office_name": null,
    "office_name_kana": null
  },
  "0062": {
    "postcode": "4910062",
    "prefecture": "愛知県",
    "prefecture_kana": "アイチケン",
    "prefecture_code": 23,
    "city": "一宮市",
    "city_kana": "イチノミヤシ",
    "town": "西島町",
    "town_kana": "ニシジマチョウ",
    "street": null,
    "office_name": null,
    "office_name_kana": null
  },
  "0063": {
    "postcode": "4910063",
    "prefecture": "愛知県",
    "prefecture_kana": "アイチケン",
    "prefecture_code": 23,
    "city": "一宮市",
    "city_kana": "イチノミヤシ",
    "town": "常願通",
    "town_kana": "ジョウガンドオリ",
    "street": null,
    "office_name": null,
    "office_name_kana": null
  },
  "0064": {
    "postcode": "4910064",
    "prefecture": "愛知県",
    "prefecture_kana": "アイチケン",
    "prefecture_code": 23,
    "city": "一宮市",
    "city_kana": "イチノミヤシ",
    "town": "宮西通",
    "town_kana": "ミヤニシドオリ",
    "street": null,
    "office_name": null,
    "office_name_kana": null
  },
  "0065": {
    "postcode": "4910065",
    "prefecture": "愛知県",
    "prefecture_kana": "アイチケン",
    "prefecture_code": 23,
    "city": "一宮市",
    "city_kana": "イチノミヤシ",
    "town": "水落町",
    "town_kana": "ミズオチチョウ",
    "street": null,
    "office_name": null,
    "office_name_kana": null
  },
  "0066": {
    "postcode": "4910066",
    "prefecture": "愛知県",
    "prefecture_kana": "アイチケン",
    "prefecture_code": 23,
    "city": "一宮市",
    "city_kana": "イチノミヤシ",
    "town": "三丹町",
    "town_kana": "サンタンチョウ",
    "street": null,
    "office_name": null,
    "office_name_kana": null
  },
  "0067": {
    "postcode": "4910067",
    "prefecture": "愛知県",
    "prefecture_kana": "アイチケン",
    "prefecture_code": 23,
    "city": "一宮市",
    "city_kana": "イチノミヤシ",
    "town": "北丹町",
    "town_kana": "ホクタンチョウ",
    "street": null,
    "office_name": null,
    "office_name_kana": null
  },
  "0068": {
    "postcode": "4910068",
    "prefecture": "愛知県",
    "prefecture_kana": "アイチケン",
    "prefecture_code": 23,
    "city": "一宮市",
    "city_kana": "イチノミヤシ",
    "town": "小栗町",
    "town_kana": "オグリチョウ",
    "street": null,
    "office_name": null,
    "office_name_kana": null
  },
  "0069": {
    "postcode": "4910069",
    "prefecture": "愛知県",
    "prefecture_kana": "アイチケン",
    "prefecture_code": 23,
    "city": "一宮市",
    "city_kana": "イチノミヤシ",
    "town": "北神明町",
    "town_kana": "キタシンメイチョウ",
    "street": null,
    "office_name": null,
    "office_name_kana": null
  },
  "0071": {
    "postcode": "4910071",
    "prefecture": "愛知県",
    "prefecture_kana": "アイチケン",
    "prefecture_code": 23,
    "city": "一宮市",
    "city_kana": "イチノミヤシ",
    "town": "長島町",
    "town_kana": "ナガシマチョウ",
    "street": null,
    "office_name": null,
    "office_name_kana": null
  },
  "0072": {
    "postcode": "4910072",
    "prefecture": "愛知県",
    "prefecture_kana": "アイチケン",
    "prefecture_code": 23,
    "city": "一宮市",
    "city_kana": "イチノミヤシ",
    "town": "中島通",
    "town_kana": "ナカシマドオリ",
    "street": null,
    "office_name": null,
    "office_name_kana": null
  },
  "0073": {
    "postcode": "4910073",
    "prefecture": "愛知県",
    "prefecture_kana": "アイチケン",
    "prefecture_code": 23,
    "city": "一宮市",
    "city_kana": "イチノミヤシ",
    "town": "高畑町",
    "town_kana": "タカハタチョウ",
    "street": null,
    "office_name": null,
    "office_name_kana": null
  },
  "0074": {
    "postcode": "4910074",
    "prefecture": "愛知県",
    "prefecture_kana": "アイチケン",
    "prefecture_code": 23,
    "city": "一宮市",
    "city_kana": "イチノミヤシ",
    "town": "東島町",
    "town_kana": "ヒガシシマチョウ",
    "street": null,
    "office_name": null,
    "office_name_kana": null
  },
  "0075": {
    "postcode": "4910075",
    "prefecture": "愛知県",
    "prefecture_kana": "アイチケン",
    "prefecture_code": 23,
    "city": "一宮市",
    "city_kana": "イチノミヤシ",
    "town": "寺島町",
    "town_kana": "テラシマチョウ",
    "street": null,
    "office_name": null,
    "office_name_kana": null
  },
  "0076": {
    "postcode": "4910076",
    "prefecture": "愛知県",
    "prefecture_kana": "アイチケン",
    "prefecture_code": 23,
    "city": "一宮市",
    "city_kana": "イチノミヤシ",
    "town": "貴船町",
    "town_kana": "キフネチョウ",
    "street": null,
    "office_name": null,
    "office_name_kana": null
  },
  "0077": {
    "postcode": "4910077",
    "prefecture": "愛知県",
    "prefecture_kana": "アイチケン",
    "prefecture_code": 23,
    "city": "一宮市",
    "city_kana": "イチノミヤシ",
    "town": "枠杁町",
    "town_kana": "ワクイリチョウ",
    "street": null,
    "office_name": null,
    "office_name_kana": null
  },
  "0078": {
    "postcode": "4910078",
    "prefecture": "愛知県",
    "prefecture_kana": "アイチケン",
    "prefecture_code": 23,
    "city": "一宮市",
    "city_kana": "イチノミヤシ",
    "town": "松降通",
    "town_kana": "マツフリドオリ",
    "street": null,
    "office_name": null,
    "office_name_kana": null
  },
  "0079": {
    "postcode": "4910079",
    "prefecture": "愛知県",
    "prefecture_kana": "アイチケン",
    "prefecture_code": 23,
    "city": "一宮市",
    "city_kana": "イチノミヤシ",
    "town": "九品町",
    "town_kana": "クホンチョウ",
    "street": null,
    "office_name": null,
    "office_name_kana": null
  },
  "0081": {
    "postcode": "4910081",
    "prefecture": "愛知県",
    "prefecture_kana": "アイチケン",
    "prefecture_code": 23,
    "city": "一宮市",
    "city_kana": "イチノミヤシ",
    "town": "西小原町",
    "town_kana": "ニシオハラチョウ",
    "street": null,
    "office_name": null,
    "office_name_kana": null
  },
  "0082": {
    "postcode": "4910082",
    "prefecture": "愛知県",
    "prefecture_kana": "アイチケン",
    "prefecture_code": 23,
    "city": "一宮市",
    "city_kana": "イチノミヤシ",
    "town": "小原町",
    "town_kana": "オハラチョウ",
    "street": null,
    "office_name": null,
    "office_name_kana": null
  },
  "0083": {
    "postcode": "4910083",
    "prefecture": "愛知県",
    "prefecture_kana": "アイチケン",
    "prefecture_code": 23,
    "city": "一宮市",
    "city_kana": "イチノミヤシ",
    "town": "丹羽",
    "town_kana": "ニワ",
    "street": null,
    "office_name": null,
    "office_name_kana": null
  },
  "0084": {
    "postcode": "4910084",
    "prefecture": "愛知県",
    "prefecture_kana": "アイチケン",
    "prefecture_code": 23,
    "city": "一宮市",
    "city_kana": "イチノミヤシ",
    "town": "古見町",
    "town_kana": "コケンチョウ",
    "street": null,
    "office_name": null,
    "office_name_kana": null
  },
  "0085": {
    "postcode": "4910085",
    "prefecture": "愛知県",
    "prefecture_kana": "アイチケン",
    "prefecture_code": 23,
    "city": "一宮市",
    "city_kana": "イチノミヤシ",
    "town": "松山町",
    "town_kana": "マツヤマチョウ",
    "street": null,
    "office_name": null,
    "office_name_kana": null
  },
  "0086": {
    "postcode": "4910086",
    "prefecture": "愛知県",
    "prefecture_kana": "アイチケン",
    "prefecture_code": 23,
    "city": "一宮市",
    "city_kana": "イチノミヤシ",
    "town": "田島町",
    "town_kana": "タジマチョウ",
    "street": null,
    "office_name": null,
    "office_name_kana": null
  },
  "0101": {
    "postcode": "4910101",
    "prefecture": "愛知県",
    "prefecture_kana": "アイチケン",
    "prefecture_code": 23,
    "city": "一宮市",
    "city_kana": "イチノミヤシ",
    "town": "浅井町尾関",
    "town_kana": "アザイチョウオゼキ",
    "street": null,
    "office_name": null,
    "office_name_kana": null
  },
  "0102": [
    {
      "postcode": "4910102",
      "prefecture": "愛知県",
      "prefecture_kana": "アイチケン",
      "prefecture_code": 23,
      "city": "一宮市",
      "city_kana": "イチノミヤシ",
      "town": "浅井町尾関",
      "town_kana": "アザイチョウオゼキ",
      "street": null,
      "office_name": null,
      "office_name_kana": null
    },
    {
      "postcode": "4910102",
      "prefecture": "愛知県",
      "prefecture_kana": "アイチケン",
      "prefecture_code": 23,
      "city": "一宮市",
      "city_kana": "イチノミヤシ",
      "town": "浅井町尾関長田",
      "town_kana": "アザイチョウオゼキナガタ",
      "street": null,
      "office_name": null,
      "office_name_kana": null
    }
  ],
  "0103": {
    "postcode": "4910103",
    "prefecture": "愛知県",
    "prefecture_kana": "アイチケン",
    "prefecture_code": 23,
    "city": "一宮市",
    "city_kana": "イチノミヤシ",
    "town": "浅井町前野",
    "town_kana": "アザイチョウマエノ",
    "street": null,
    "office_name": null,
    "office_name_kana": null
  },
  "0104": {
    "postcode": "4910104",
    "prefecture": "愛知県",
    "prefecture_kana": "アイチケン",
    "prefecture_code": 23,
    "city": "一宮市",
    "city_kana": "イチノミヤシ",
    "town": "浅井町小日比野",
    "town_kana": "アザイチョウコヒビノ",
    "street": null,
    "office_name": null,
    "office_name_kana": null
  },
  "0105": {
    "postcode": "4910105",
    "prefecture": "愛知県",
    "prefecture_kana": "アイチケン",
    "prefecture_code": 23,
    "city": "一宮市",
    "city_kana": "イチノミヤシ",
    "town": "浅井町大日比野",
    "town_kana": "アザイチョウオオヒビノ",
    "street": null,
    "office_name": null,
    "office_name_kana": null
  },
  "0111": {
    "postcode": "4910111",
    "prefecture": "愛知県",
    "prefecture_kana": "アイチケン",
    "prefecture_code": 23,
    "city": "一宮市",
    "city_kana": "イチノミヤシ",
    "town": "浅井町河端",
    "town_kana": "アザイチョウコウバタ",
    "street": null,
    "office_name": null,
    "office_name_kana": null
  },
  "0112": {
    "postcode": "4910112",
    "prefecture": "愛知県",
    "prefecture_kana": "アイチケン",
    "prefecture_code": 23,
    "city": "一宮市",
    "city_kana": "イチノミヤシ",
    "town": "浅井町東浅井",
    "town_kana": "アザイチョウヒガシアザイ",
    "street": null,
    "office_name": null,
    "office_name_kana": null
  },
  "0113": {
    "postcode": "4910113",
    "prefecture": "愛知県",
    "prefecture_kana": "アイチケン",
    "prefecture_code": 23,
    "city": "一宮市",
    "city_kana": "イチノミヤシ",
    "town": "浅井町西浅井",
    "town_kana": "アザイチョウニシアザイ",
    "street": null,
    "office_name": null,
    "office_name_kana": null
  },
  "0114": {
    "postcode": "4910114",
    "prefecture": "愛知県",
    "prefecture_kana": "アイチケン",
    "prefecture_code": 23,
    "city": "一宮市",
    "city_kana": "イチノミヤシ",
    "town": "浅井町江森",
    "town_kana": "アザイチョウエモリ",
    "street": null,
    "office_name": null,
    "office_name_kana": null
  },
  "0115": {
    "postcode": "4910115",
    "prefecture": "愛知県",
    "prefecture_kana": "アイチケン",
    "prefecture_code": 23,
    "city": "一宮市",
    "city_kana": "イチノミヤシ",
    "town": "浅井町西海戸",
    "town_kana": "アザイチョウニシガイド",
    "street": null,
    "office_name": null,
    "office_name_kana": null
  },
  "0121": {
    "postcode": "4910121",
    "prefecture": "愛知県",
    "prefecture_kana": "アイチケン",
    "prefecture_code": 23,
    "city": "一宮市",
    "city_kana": "イチノミヤシ",
    "town": "島村",
    "town_kana": "シマムラ",
    "street": null,
    "office_name": null,
    "office_name_kana": null
  },
  "0122": [
    {
      "postcode": "4910122",
      "prefecture": "愛知県",
      "prefecture_kana": "アイチケン",
      "prefecture_code": 23,
      "city": "一宮市",
      "city_kana": "イチノミヤシ",
      "town": "島村",
      "town_kana": "シマムラ",
      "street": null,
      "office_name": null,
      "office_name_kana": null
    },
    {
      "postcode": "4910122",
      "prefecture": "愛知県",
      "prefecture_kana": "アイチケン",
      "prefecture_code": 23,
      "city": "一宮市",
      "city_kana": "イチノミヤシ",
      "town": "島村西山",
      "town_kana": "シマムラニシヤマ",
      "street": null,
      "office_name": null,
      "office_name_kana": null
    }
  ],
  "0123": {
    "postcode": "4910123",
    "prefecture": "愛知県",
    "prefecture_kana": "アイチケン",
    "prefecture_code": 23,
    "city": "一宮市",
    "city_kana": "イチノミヤシ",
    "town": "富塚",
    "town_kana": "トミツカ",
    "street": null,
    "office_name": null,
    "office_name_kana": null
  },
  "0124": {
    "postcode": "4910124",
    "prefecture": "愛知県",
    "prefecture_kana": "アイチケン",
    "prefecture_code": 23,
    "city": "一宮市",
    "city_kana": "イチノミヤシ",
    "town": "佐千原",
    "town_kana": "サチハラ",
    "street": null,
    "office_name": null,
    "office_name_kana": null
  },
  "0125": {
    "postcode": "4910125",
    "prefecture": "愛知県",
    "prefecture_kana": "アイチケン",
    "prefecture_code": 23,
    "city": "一宮市",
    "city_kana": "イチノミヤシ",
    "town": "高田",
    "town_kana": "タカタ",
    "street": null,
    "office_name": null,
    "office_name_kana": null
  },
  "0131": {
    "postcode": "4910131",
    "prefecture": "愛知県",
    "prefecture_kana": "アイチケン",
    "prefecture_code": 23,
    "city": "一宮市",
    "city_kana": "イチノミヤシ",
    "town": "笹野",
    "town_kana": "ササノ",
    "street": null,
    "office_name": null,
    "office_name_kana": null
  },
  "0132": {
    "postcode": "4910132",
    "prefecture": "愛知県",
    "prefecture_kana": "アイチケン",
    "prefecture_code": 23,
    "city": "一宮市",
    "city_kana": "イチノミヤシ",
    "town": "大毛",
    "town_kana": "オオケ",
    "street": null,
    "office_name": null,
    "office_name_kana": null
  },
  "0133": {
    "postcode": "4910133",
    "prefecture": "愛知県",
    "prefecture_kana": "アイチケン",
    "prefecture_code": 23,
    "city": "一宮市",
    "city_kana": "イチノミヤシ",
    "town": "田所",
    "town_kana": "タドコロ",
    "street": null,
    "office_name": null,
    "office_name_kana": null
  },
  "0134": {
    "postcode": "4910134",
    "prefecture": "愛知県",
    "prefecture_kana": "アイチケン",
    "prefecture_code": 23,
    "city": "一宮市",
    "city_kana": "イチノミヤシ",
    "town": "更屋敷",
    "town_kana": "サラヤシキ",
    "street": null,
    "office_name": null,
    "office_name_kana": null
  },
  "0135": {
    "postcode": "4910135",
    "prefecture": "愛知県",
    "prefecture_kana": "アイチケン",
    "prefecture_code": 23,
    "city": "一宮市",
    "city_kana": "イチノミヤシ",
    "town": "光明寺",
    "town_kana": "コウミョウジ",
    "street": null,
    "office_name": null,
    "office_name_kana": null
  },
  "0136": {
    "postcode": "4910136",
    "prefecture": "愛知県",
    "prefecture_kana": "アイチケン",
    "prefecture_code": 23,
    "city": "一宮市",
    "city_kana": "イチノミヤシ",
    "town": "杉山",
    "town_kana": "スギヤマ",
    "street": null,
    "office_name": null,
    "office_name_kana": null
  },
  "0141": {
    "postcode": "4910141",
    "prefecture": "愛知県",
    "prefecture_kana": "アイチケン",
    "prefecture_code": 23,
    "city": "一宮市",
    "city_kana": "イチノミヤシ",
    "town": "浅井町黒岩",
    "town_kana": "アザイチョウクロイワ",
    "street": null,
    "office_name": null,
    "office_name_kana": null
  },
  "0142": {
    "postcode": "4910142",
    "prefecture": "愛知県",
    "prefecture_kana": "アイチケン",
    "prefecture_code": 23,
    "city": "一宮市",
    "city_kana": "イチノミヤシ",
    "town": "浅井町河田",
    "town_kana": "アザイチョウコウダ",
    "street": null,
    "office_name": null,
    "office_name_kana": null
  },
  "0143": {
    "postcode": "4910143",
    "prefecture": "愛知県",
    "prefecture_kana": "アイチケン",
    "prefecture_code": 23,
    "city": "一宮市",
    "city_kana": "イチノミヤシ",
    "town": "浅井町大野",
    "town_kana": "アザイチョウオオノ",
    "street": null,
    "office_name": null,
    "office_name_kana": null
  },
  "0144": {
    "postcode": "4910144",
    "prefecture": "愛知県",
    "prefecture_kana": "アイチケン",
    "prefecture_code": 23,
    "city": "一宮市",
    "city_kana": "イチノミヤシ",
    "town": "浅井町極楽寺",
    "town_kana": "アザイチョウゴクラクジ",
    "street": null,
    "office_name": null,
    "office_name_kana": null
  },
  "0192": {
    "postcode": "4910192",
    "prefecture": "愛知県",
    "prefecture_kana": "アイチケン",
    "prefecture_code": 23,
    "city": "一宮市",
    "city_kana": "イチノミヤシ",
    "town": "大字高田",
    "town_kana": null,
    "street": "字池尻６",
    "office_name": "ソニー一宮　株式会社",
    "office_name_kana": "ソニ-イチノミヤ カブシキガイシヤ"
  },
  "0201": {
    "postcode": "4910201",
    "prefecture": "愛知県",
    "prefecture_kana": "アイチケン",
    "prefecture_code": 23,
    "city": "一宮市",
    "city_kana": "イチノミヤシ",
    "town": "奥町",
    "town_kana": "オクチョウ",
    "street": null,
    "office_name": null,
    "office_name_kana": null
  },
  "0351": {
    "postcode": "4910351",
    "prefecture": "愛知県",
    "prefecture_kana": "アイチケン",
    "prefecture_code": 23,
    "city": "一宮市",
    "city_kana": "イチノミヤシ",
    "town": "萩原町花井方",
    "town_kana": "ハギワラチョウハナイガタ",
    "street": null,
    "office_name": null,
    "office_name_kana": null
  },
  "0352": {
    "postcode": "4910352",
    "prefecture": "愛知県",
    "prefecture_kana": "アイチケン",
    "prefecture_code": 23,
    "city": "一宮市",
    "city_kana": "イチノミヤシ",
    "town": "萩原町富田方",
    "town_kana": "ハギワラチョウトミダガタ",
    "street": null,
    "office_name": null,
    "office_name_kana": null
  },
  "0353": {
    "postcode": "4910353",
    "prefecture": "愛知県",
    "prefecture_kana": "アイチケン",
    "prefecture_code": 23,
    "city": "一宮市",
    "city_kana": "イチノミヤシ",
    "town": "萩原町萩原",
    "town_kana": "ハギワラチョウハギワラ",
    "street": null,
    "office_name": null,
    "office_name_kana": null
  },
  "0354": {
    "postcode": "4910354",
    "prefecture": "愛知県",
    "prefecture_kana": "アイチケン",
    "prefecture_code": 23,
    "city": "一宮市",
    "city_kana": "イチノミヤシ",
    "town": "萩原町朝宮",
    "town_kana": "ハギワラチョウアサミヤ",
    "street": null,
    "office_name": null,
    "office_name_kana": null
  },
  "0361": {
    "postcode": "4910361",
    "prefecture": "愛知県",
    "prefecture_kana": "アイチケン",
    "prefecture_code": 23,
    "city": "一宮市",
    "city_kana": "イチノミヤシ",
    "town": "萩原町林野",
    "town_kana": "ハギワラチョウハヤシノ",
    "street": null,
    "office_name": null,
    "office_name_kana": null
  },
  "0362": {
    "postcode": "4910362",
    "prefecture": "愛知県",
    "prefecture_kana": "アイチケン",
    "prefecture_code": 23,
    "city": "一宮市",
    "city_kana": "イチノミヤシ",
    "town": "萩原町西宮重",
    "town_kana": "ハギワラチョウニシミヤシゲ",
    "street": null,
    "office_name": null,
    "office_name_kana": null
  },
  "0363": {
    "postcode": "4910363",
    "prefecture": "愛知県",
    "prefecture_kana": "アイチケン",
    "prefecture_code": 23,
    "city": "一宮市",
    "city_kana": "イチノミヤシ",
    "town": "萩原町東宮重",
    "town_kana": "ハギワラチョウヒガシミヤシゲ",
    "street": null,
    "office_name": null,
    "office_name_kana": null
  },
  "0364": {
    "postcode": "4910364",
    "prefecture": "愛知県",
    "prefecture_kana": "アイチケン",
    "prefecture_code": 23,
    "city": "一宮市",
    "city_kana": "イチノミヤシ",
    "town": "萩原町中島",
    "town_kana": "ハギワラチョウナカシマ",
    "street": null,
    "office_name": null,
    "office_name_kana": null
  },
  "0365": {
    "postcode": "4910365",
    "prefecture": "愛知県",
    "prefecture_kana": "アイチケン",
    "prefecture_code": 23,
    "city": "一宮市",
    "city_kana": "イチノミヤシ",
    "town": "萩原町西御堂",
    "town_kana": "ハギワラチョウニシミドウ",
    "street": null,
    "office_name": null,
    "office_name_kana": null
  },
  "0366": {
    "postcode": "4910366",
    "prefecture": "愛知県",
    "prefecture_kana": "アイチケン",
    "prefecture_code": 23,
    "city": "一宮市",
    "city_kana": "イチノミヤシ",
    "town": "萩原町河田方",
    "town_kana": "ハギワラチョウカワダガタ",
    "street": null,
    "office_name": null,
    "office_name_kana": null
  },
  "0371": {
    "postcode": "4910371",
    "prefecture": "愛知県",
    "prefecture_kana": "アイチケン",
    "prefecture_code": 23,
    "city": "一宮市",
    "city_kana": "イチノミヤシ",
    "town": "萩原町高木",
    "town_kana": "ハギワラチョウタカギ",
    "street": null,
    "office_name": null,
    "office_name_kana": null
  },
  "0372": {
    "postcode": "4910372",
    "prefecture": "愛知県",
    "prefecture_kana": "アイチケン",
    "prefecture_code": 23,
    "city": "一宮市",
    "city_kana": "イチノミヤシ",
    "town": "萩原町滝",
    "town_kana": "ハギワラチョウタキ",
    "street": null,
    "office_name": null,
    "office_name_kana": null
  },
  "0373": {
    "postcode": "4910373",
    "prefecture": "愛知県",
    "prefecture_kana": "アイチケン",
    "prefecture_code": 23,
    "city": "一宮市",
    "city_kana": "イチノミヤシ",
    "town": "萩原町高松",
    "town_kana": "ハギワラチョウタカマツ",
    "street": null,
    "office_name": null,
    "office_name_kana": null
  },
  "0374": {
    "postcode": "4910374",
    "prefecture": "愛知県",
    "prefecture_kana": "アイチケン",
    "prefecture_code": 23,
    "city": "一宮市",
    "city_kana": "イチノミヤシ",
    "town": "萩原町築込",
    "town_kana": "ハギワラチョウツキコミ",
    "street": null,
    "office_name": null,
    "office_name_kana": null
  },
  "0375": {
    "postcode": "4910375",
    "prefecture": "愛知県",
    "prefecture_kana": "アイチケン",
    "prefecture_code": 23,
    "city": "一宮市",
    "city_kana": "イチノミヤシ",
    "town": "萩原町戸苅",
    "town_kana": "ハギワラチョウトガリ",
    "street": null,
    "office_name": null,
    "office_name_kana": null
  },
  "0376": {
    "postcode": "4910376",
    "prefecture": "愛知県",
    "prefecture_kana": "アイチケン",
    "prefecture_code": 23,
    "city": "一宮市",
    "city_kana": "イチノミヤシ",
    "town": "萩原町串作",
    "town_kana": "ハギワラチョウクシツクリ",
    "street": null,
    "office_name": null,
    "office_name_kana": null
  },
  "0392": {
    "postcode": "4910392",
    "prefecture": "愛知県",
    "prefecture_kana": "アイチケン",
    "prefecture_code": 23,
    "city": "一宮市",
    "city_kana": "イチノミヤシ",
    "town": "萩原町",
    "town_kana": null,
    "street": "松山５６６−８",
    "office_name": "岩田食品　株式会社",
    "office_name_kana": "イワタシヨクヒン カブシキガイシヤ"
  },
  "0393": {
    "postcode": "4910393",
    "prefecture": "愛知県",
    "prefecture_kana": "アイチケン",
    "prefecture_code": 23,
    "city": "一宮市",
    "city_kana": "イチノミヤシ",
    "town": "萩原町萩原",
    "town_kana": "ハギワラチョウハギワラ",
    "street": "字松山５５０",
    "office_name": "橋本毛織　株式会社",
    "office_name_kana": "ハシモトケオリ カブシキガイシヤ"
  },
  "0394": {
    "postcode": "4910394",
    "prefecture": "愛知県",
    "prefecture_kana": "アイチケン",
    "prefecture_code": 23,
    "city": "一宮市",
    "city_kana": "イチノミヤシ",
    "town": "萩原町萩原",
    "town_kana": "ハギワラチョウハギワラ",
    "street": "字松山５３１−１０",
    "office_name": "アイコクアルファ　株式会社　一宮工場",
    "office_name_kana": "アイコクアルフア カブシキガイシヤ イチノミヤコウジヨウ"
  },
  "0395": {
    "postcode": "4910395",
    "prefecture": "愛知県",
    "prefecture_kana": "アイチケン",
    "prefecture_code": 23,
    "city": "一宮市",
    "city_kana": "イチノミヤシ",
    "town": "萩原町高木",
    "town_kana": "ハギワラチョウタカギ",
    "street": "字５０歩１−４",
    "office_name": "和泉化成　株式会社",
    "office_name_kana": "イズミカセイ カブシキガイシヤ"
  },
  "0801": {
    "postcode": "4910801",
    "prefecture": "愛知県",
    "prefecture_kana": "アイチケン",
    "prefecture_code": 23,
    "city": "一宮市",
    "city_kana": "イチノミヤシ",
    "town": "千秋町加茂",
    "town_kana": "チアキチョウカモ",
    "street": null,
    "office_name": null,
    "office_name_kana": null
  },
  "0802": {
    "postcode": "4910802",
    "prefecture": "愛知県",
    "prefecture_kana": "アイチケン",
    "prefecture_code": 23,
    "city": "一宮市",
    "city_kana": "イチノミヤシ",
    "town": "千秋町勝栗",
    "town_kana": "チアキチョウカチクリ",
    "street": null,
    "office_name": null,
    "office_name_kana": null
  },
  "0803": {
    "postcode": "4910803",
    "prefecture": "愛知県",
    "prefecture_kana": "アイチケン",
    "prefecture_code": 23,
    "city": "一宮市",
    "city_kana": "イチノミヤシ",
    "town": "千秋町穂積塚本",
    "town_kana": "チアキチョウホヅミツカモト",
    "street": null,
    "office_name": null,
    "office_name_kana": null
  },
  "0804": {
    "postcode": "4910804",
    "prefecture": "愛知県",
    "prefecture_kana": "アイチケン",
    "prefecture_code": 23,
    "city": "一宮市",
    "city_kana": "イチノミヤシ",
    "town": "千秋町佐野",
    "town_kana": "チアキチョウサノ",
    "street": null,
    "office_name": null,
    "office_name_kana": null
  },
  "0805": {
    "postcode": "4910805",
    "prefecture": "愛知県",
    "prefecture_kana": "アイチケン",
    "prefecture_code": 23,
    "city": "一宮市",
    "city_kana": "イチノミヤシ",
    "town": "千秋町一色",
    "town_kana": "チアキチョウイシキ",
    "street": null,
    "office_name": null,
    "office_name_kana": null
  },
  "0806": {
    "postcode": "4910806",
    "prefecture": "愛知県",
    "prefecture_kana": "アイチケン",
    "prefecture_code": 23,
    "city": "一宮市",
    "city_kana": "イチノミヤシ",
    "town": "千秋町浮野",
    "town_kana": "チアキチョウウキノ",
    "street": null,
    "office_name": null,
    "office_name_kana": null
  },
  "0811": {
    "postcode": "4910811",
    "prefecture": "愛知県",
    "prefecture_kana": "アイチケン",
    "prefecture_code": 23,
    "city": "一宮市",
    "city_kana": "イチノミヤシ",
    "town": "千秋町加納馬場",
    "town_kana": "チアキチョウカノウマンバ",
    "street": null,
    "office_name": null,
    "office_name_kana": null
  },
  "0812": {
    "postcode": "4910812",
    "prefecture": "愛知県",
    "prefecture_kana": "アイチケン",
    "prefecture_code": 23,
    "city": "一宮市",
    "city_kana": "イチノミヤシ",
    "town": "千秋町芝原",
    "town_kana": "チアキチョウシバハラ",
    "street": null,
    "office_name": null,
    "office_name_kana": null
  },
  "0813": {
    "postcode": "4910813",
    "prefecture": "愛知県",
    "prefecture_kana": "アイチケン",
    "prefecture_code": 23,
    "city": "一宮市",
    "city_kana": "イチノミヤシ",
    "town": "千秋町町屋",
    "town_kana": "チアキチョウマチヤ",
    "street": null,
    "office_name": null,
    "office_name_kana": null
  },
  "0814": {
    "postcode": "4910814",
    "prefecture": "愛知県",
    "prefecture_kana": "アイチケン",
    "prefecture_code": 23,
    "city": "一宮市",
    "city_kana": "イチノミヤシ",
    "town": "千秋町小山",
    "town_kana": "チアキチョウオヤマ",
    "street": null,
    "office_name": null,
    "office_name_kana": null
  },
  "0815": {
    "postcode": "4910815",
    "prefecture": "愛知県",
    "prefecture_kana": "アイチケン",
    "prefecture_code": 23,
    "city": "一宮市",
    "city_kana": "イチノミヤシ",
    "town": "千秋町塩尻",
    "town_kana": "チアキチョウシオジリ",
    "street": null,
    "office_name": null,
    "office_name_kana": null
  },
  "0816": {
    "postcode": "4910816",
    "prefecture": "愛知県",
    "prefecture_kana": "アイチケン",
    "prefecture_code": 23,
    "city": "一宮市",
    "city_kana": "イチノミヤシ",
    "town": "千秋町浅野羽根",
    "town_kana": "チアキチョウアサノハネ",
    "street": null,
    "office_name": null,
    "office_name_kana": null
  },
  "0817": {
    "postcode": "4910817",
    "prefecture": "愛知県",
    "prefecture_kana": "アイチケン",
    "prefecture_code": 23,
    "city": "一宮市",
    "city_kana": "イチノミヤシ",
    "town": "千秋町天摩",
    "town_kana": "チアキチョウテンマ",
    "street": null,
    "office_name": null,
    "office_name_kana": null
  },
  "0821": {
    "postcode": "4910821",
    "prefecture": "愛知県",
    "prefecture_kana": "アイチケン",
    "prefecture_code": 23,
    "city": "一宮市",
    "city_kana": "イチノミヤシ",
    "town": "丹陽町重吉",
    "town_kana": "タンヨウチョウシゲヨシ",
    "street": null,
    "office_name": null,
    "office_name_kana": null
  },
  "0823": {
    "postcode": "4910823",
    "prefecture": "愛知県",
    "prefecture_kana": "アイチケン",
    "prefecture_code": 23,
    "city": "一宮市",
    "city_kana": "イチノミヤシ",
    "town": "丹陽町五日市場",
    "town_kana": "タンヨウチョウイツカイチバ",
    "street": null,
    "office_name": null,
    "office_name_kana": null
  },
  "0824": {
    "postcode": "4910824",
    "prefecture": "愛知県",
    "prefecture_kana": "アイチケン",
    "prefecture_code": 23,
    "city": "一宮市",
    "city_kana": "イチノミヤシ",
    "town": "丹陽町九日市場",
    "town_kana": "タンヨウチョウココノカイチバ",
    "street": null,
    "office_name": null,
    "office_name_kana": null
  },
  "0825": {
    "postcode": "4910825",
    "prefecture": "愛知県",
    "prefecture_kana": "アイチケン",
    "prefecture_code": 23,
    "city": "一宮市",
    "city_kana": "イチノミヤシ",
    "town": "丹陽町外崎",
    "town_kana": "タンヨウチョウドサキ",
    "street": null,
    "office_name": null,
    "office_name_kana": null
  },
  "0826": {
    "postcode": "4910826",
    "prefecture": "愛知県",
    "prefecture_kana": "アイチケン",
    "prefecture_code": 23,
    "city": "一宮市",
    "city_kana": "イチノミヤシ",
    "town": "丹陽町三ツ井",
    "town_kana": "タンヨウチョウミツイ",
    "street": null,
    "office_name": null,
    "office_name_kana": null
  },
  "0827": [
    {
      "postcode": "4910827",
      "prefecture": "愛知県",
      "prefecture_kana": "アイチケン",
      "prefecture_code": 23,
      "city": "一宮市",
      "city_kana": "イチノミヤシ",
      "town": "丹陽町森本",
      "town_kana": "タンヨウチョウモリモト",
      "street": null,
      "office_name": null,
      "office_name_kana": null
    },
    {
      "postcode": "4910827",
      "prefecture": "愛知県",
      "prefecture_kana": "アイチケン",
      "prefecture_code": 23,
      "city": "一宮市",
      "city_kana": "イチノミヤシ",
      "town": "三ツ井",
      "town_kana": "ミツイ",
      "street": null,
      "office_name": null,
      "office_name_kana": null
    }
  ],
  "0828": {
    "postcode": "4910828",
    "prefecture": "愛知県",
    "prefecture_kana": "アイチケン",
    "prefecture_code": 23,
    "city": "一宮市",
    "city_kana": "イチノミヤシ",
    "town": "伝法寺",
    "town_kana": "デンポウジ",
    "street": null,
    "office_name": null,
    "office_name_kana": null
  },
  "0831": {
    "postcode": "4910831",
    "prefecture": "愛知県",
    "prefecture_kana": "アイチケン",
    "prefecture_code": 23,
    "city": "一宮市",
    "city_kana": "イチノミヤシ",
    "town": "森本",
    "town_kana": "モリモト",
    "street": null,
    "office_name": null,
    "office_name_kana": null
  },
  "0832": {
    "postcode": "4910832",
    "prefecture": "愛知県",
    "prefecture_kana": "アイチケン",
    "prefecture_code": 23,
    "city": "一宮市",
    "city_kana": "イチノミヤシ",
    "town": "若竹",
    "town_kana": "ワカタケ",
    "street": null,
    "office_name": null,
    "office_name_kana": null
  },
  "0833": {
    "postcode": "4910833",
    "prefecture": "愛知県",
    "prefecture_kana": "アイチケン",
    "prefecture_code": 23,
    "city": "一宮市",
    "city_kana": "イチノミヤシ",
    "town": "平島",
    "town_kana": "ヒラシマ",
    "street": null,
    "office_name": null,
    "office_name_kana": null
  },
  "0834": {
    "postcode": "4910834",
    "prefecture": "愛知県",
    "prefecture_kana": "アイチケン",
    "prefecture_code": 23,
    "city": "一宮市",
    "city_kana": "イチノミヤシ",
    "town": "島崎",
    "town_kana": "シマサキ",
    "street": null,
    "office_name": null,
    "office_name_kana": null
  },
  "0835": {
    "postcode": "4910835",
    "prefecture": "愛知県",
    "prefecture_kana": "アイチケン",
    "prefecture_code": 23,
    "city": "一宮市",
    "city_kana": "イチノミヤシ",
    "town": "あずら",
    "town_kana": "アズラ",
    "street": null,
    "office_name": null,
    "office_name_kana": null
  },
  "0836": {
    "postcode": "4910836",
    "prefecture": "愛知県",
    "prefecture_kana": "アイチケン",
    "prefecture_code": 23,
    "city": "一宮市",
    "city_kana": "イチノミヤシ",
    "town": "丹陽町多加木",
    "town_kana": "タンヨウチョウタカキ",
    "street": null,
    "office_name": null,
    "office_name_kana": null
  },
  "0837": {
    "postcode": "4910837",
    "prefecture": "愛知県",
    "prefecture_kana": "アイチケン",
    "prefecture_code": 23,
    "city": "一宮市",
    "city_kana": "イチノミヤシ",
    "town": "多加木",
    "town_kana": "タカキ",
    "street": null,
    "office_name": null,
    "office_name_kana": null
  },
  "0838": [
    {
      "postcode": "4910838",
      "prefecture": "愛知県",
      "prefecture_kana": "アイチケン",
      "prefecture_code": 23,
      "city": "一宮市",
      "city_kana": "イチノミヤシ",
      "town": "猿海道",
      "town_kana": "サルカイドウ",
      "street": null,
      "office_name": null,
      "office_name_kana": null
    },
    {
      "postcode": "4910838",
      "prefecture": "愛知県",
      "prefecture_kana": "アイチケン",
      "prefecture_code": 23,
      "city": "一宮市",
      "city_kana": "イチノミヤシ",
      "town": "丹陽町猿海道",
      "town_kana": "タンヨウチョウサルガイドウ",
      "street": null,
      "office_name": null,
      "office_name_kana": null
    }
  ],
  "0841": {
    "postcode": "4910841",
    "prefecture": "愛知県",
    "prefecture_kana": "アイチケン",
    "prefecture_code": 23,
    "city": "一宮市",
    "city_kana": "イチノミヤシ",
    "town": "松島町",
    "town_kana": "マツシマチョウ",
    "street": null,
    "office_name": null,
    "office_name_kana": null
  },
  "0842": {
    "postcode": "4910842",
    "prefecture": "愛知県",
    "prefecture_kana": "アイチケン",
    "prefecture_code": 23,
    "city": "一宮市",
    "city_kana": "イチノミヤシ",
    "town": "公園通",
    "town_kana": "コウエンドオリ",
    "street": null,
    "office_name": null,
    "office_name_kana": null
  },
  "0843": {
    "postcode": "4910843",
    "prefecture": "愛知県",
    "prefecture_kana": "アイチケン",
    "prefecture_code": 23,
    "city": "一宮市",
    "city_kana": "イチノミヤシ",
    "town": "柳戸町",
    "town_kana": "ヤナギドチョウ",
    "street": null,
    "office_name": null,
    "office_name_kana": null
  },
  "0844": {
    "postcode": "4910844",
    "prefecture": "愛知県",
    "prefecture_kana": "アイチケン",
    "prefecture_code": 23,
    "city": "一宮市",
    "city_kana": "イチノミヤシ",
    "town": "八町通",
    "town_kana": "ハッチョウドオリ",
    "street": null,
    "office_name": null,
    "office_name_kana": null
  },
  "0845": {
    "postcode": "4910845",
    "prefecture": "愛知県",
    "prefecture_kana": "アイチケン",
    "prefecture_code": 23,
    "city": "一宮市",
    "city_kana": "イチノミヤシ",
    "town": "下川田町",
    "town_kana": "シモカワダチョウ",
    "street": null,
    "office_name": null,
    "office_name_kana": null
  },
  "0846": {
    "postcode": "4910846",
    "prefecture": "愛知県",
    "prefecture_kana": "アイチケン",
    "prefecture_code": 23,
    "city": "一宮市",
    "city_kana": "イチノミヤシ",
    "town": "牛野通",
    "town_kana": "ウシノドオリ",
    "street": null,
    "office_name": null,
    "office_name_kana": null
  },
  "0847": {
    "postcode": "4910847",
    "prefecture": "愛知県",
    "prefecture_kana": "アイチケン",
    "prefecture_code": 23,
    "city": "一宮市",
    "city_kana": "イチノミヤシ",
    "town": "大和町宮地花池",
    "town_kana": "ヤマトチョウミヤジハナイケ",
    "street": null,
    "office_name": null,
    "office_name_kana": null
  },
  "0848": {
    "postcode": "4910848",
    "prefecture": "愛知県",
    "prefecture_kana": "アイチケン",
    "prefecture_code": 23,
    "city": "一宮市",
    "city_kana": "イチノミヤシ",
    "town": "殿町",
    "town_kana": "トノマチ",
    "street": null,
    "office_name": null,
    "office_name_kana": null
  },
  "0851": {
    "postcode": "4910851",
    "prefecture": "愛知県",
    "prefecture_kana": "アイチケン",
    "prefecture_code": 23,
    "city": "一宮市",
    "city_kana": "イチノミヤシ",
    "town": "大江",
    "town_kana": "オオエ",
    "street": null,
    "office_name": null,
    "office_name_kana": null
  },
  "0852": {
    "postcode": "4910852",
    "prefecture": "愛知県",
    "prefecture_kana": "アイチケン",
    "prefecture_code": 23,
    "city": "一宮市",
    "city_kana": "イチノミヤシ",
    "town": "大志",
    "town_kana": "ダイシ",
    "street": null,
    "office_name": null,
    "office_name_kana": null
  },
  "0853": {
    "postcode": "4910853",
    "prefecture": "愛知県",
    "prefecture_kana": "アイチケン",
    "prefecture_code": 23,
    "city": "一宮市",
    "city_kana": "イチノミヤシ",
    "town": "川田町",
    "town_kana": "カワダチョウ",
    "street": null,
    "office_name": null,
    "office_name_kana": null
  },
  "0854": {
    "postcode": "4910854",
    "prefecture": "愛知県",
    "prefecture_kana": "アイチケン",
    "prefecture_code": 23,
    "city": "一宮市",
    "city_kana": "イチノミヤシ",
    "town": "北園通",
    "town_kana": "キタゾノドオリ",
    "street": null,
    "office_name": null,
    "office_name_kana": null
  },
  "0855": {
    "postcode": "4910855",
    "prefecture": "愛知県",
    "prefecture_kana": "アイチケン",
    "prefecture_code": 23,
    "city": "一宮市",
    "city_kana": "イチノミヤシ",
    "town": "石山町",
    "town_kana": "イシヤマチョウ",
    "street": null,
    "office_name": null,
    "office_name_kana": null
  },
  "0856": {
    "postcode": "4910856",
    "prefecture": "愛知県",
    "prefecture_kana": "アイチケン",
    "prefecture_code": 23,
    "city": "一宮市",
    "city_kana": "イチノミヤシ",
    "town": "本町通",
    "town_kana": "ホンマチドオリ",
    "street": null,
    "office_name": null,
    "office_name_kana": null
  },
  "0857": {
    "postcode": "4910857",
    "prefecture": "愛知県",
    "prefecture_kana": "アイチケン",
    "prefecture_code": 23,
    "city": "一宮市",
    "city_kana": "イチノミヤシ",
    "town": "明治通",
    "town_kana": "メイジドオリ",
    "street": null,
    "office_name": null,
    "office_name_kana": null
  },
  "0858": {
    "postcode": "4910858",
    "prefecture": "愛知県",
    "prefecture_kana": "アイチケン",
    "prefecture_code": 23,
    "city": "一宮市",
    "city_kana": "イチノミヤシ",
    "town": "栄",
    "town_kana": "サカエ",
    "street": null,
    "office_name": null,
    "office_name_kana": null
  },
  "0859": {
    "postcode": "4910859",
    "prefecture": "愛知県",
    "prefecture_kana": "アイチケン",
    "prefecture_code": 23,
    "city": "一宮市",
    "city_kana": "イチノミヤシ",
    "town": "本町",
    "town_kana": "ホンマチ",
    "street": null,
    "office_name": null,
    "office_name_kana": null
  },
  "0861": {
    "postcode": "4910861",
    "prefecture": "愛知県",
    "prefecture_kana": "アイチケン",
    "prefecture_code": 23,
    "city": "一宮市",
    "city_kana": "イチノミヤシ",
    "town": "泉",
    "town_kana": "イズミ",
    "street": null,
    "office_name": null,
    "office_name_kana": null
  },
  "0862": {
    "postcode": "4910862",
    "prefecture": "愛知県",
    "prefecture_kana": "アイチケン",
    "prefecture_code": 23,
    "city": "一宮市",
    "city_kana": "イチノミヤシ",
    "town": "緑",
    "town_kana": "ミドリ",
    "street": null,
    "office_name": null,
    "office_name_kana": null
  },
  "0863": {
    "postcode": "4910863",
    "prefecture": "愛知県",
    "prefecture_kana": "アイチケン",
    "prefecture_code": 23,
    "city": "一宮市",
    "city_kana": "イチノミヤシ",
    "town": "東印田町",
    "town_kana": "ヒガシインデンチョウ",
    "street": null,
    "office_name": null,
    "office_name_kana": null
  },
  "0865": {
    "postcode": "4910865",
    "prefecture": "愛知県",
    "prefecture_kana": "アイチケン",
    "prefecture_code": 23,
    "city": "一宮市",
    "city_kana": "イチノミヤシ",
    "town": "印田通",
    "town_kana": "インデンドオリ",
    "street": null,
    "office_name": null,
    "office_name_kana": null
  },
  "0866": {
    "postcode": "4910866",
    "prefecture": "愛知県",
    "prefecture_kana": "アイチケン",
    "prefecture_code": 23,
    "city": "一宮市",
    "city_kana": "イチノミヤシ",
    "town": "城崎通",
    "town_kana": "シロサキドオリ",
    "street": null,
    "office_name": null,
    "office_name_kana": null
  },
  "0867": {
    "postcode": "4910867",
    "prefecture": "愛知県",
    "prefecture_kana": "アイチケン",
    "prefecture_code": 23,
    "city": "一宮市",
    "city_kana": "イチノミヤシ",
    "town": "古金町",
    "town_kana": "コガネマチ",
    "street": null,
    "office_name": null,
    "office_name_kana": null
  },
  "0868": {
    "postcode": "4910868",
    "prefecture": "愛知県",
    "prefecture_kana": "アイチケン",
    "prefecture_code": 23,
    "city": "一宮市",
    "city_kana": "イチノミヤシ",
    "town": "向山南",
    "town_kana": "ムカイヤマミナミ",
    "street": null,
    "office_name": null,
    "office_name_kana": null
  },
  "0869": {
    "postcode": "4910869",
    "prefecture": "愛知県",
    "prefecture_kana": "アイチケン",
    "prefecture_code": 23,
    "city": "一宮市",
    "city_kana": "イチノミヤシ",
    "town": "向山町",
    "town_kana": "ムカイヤマチョウ",
    "street": null,
    "office_name": null,
    "office_name_kana": null
  },
  "0871": {
    "postcode": "4910871",
    "prefecture": "愛知県",
    "prefecture_kana": "アイチケン",
    "prefecture_code": 23,
    "city": "一宮市",
    "city_kana": "イチノミヤシ",
    "town": "浅野",
    "town_kana": "アサノ",
    "street": null,
    "office_name": null,
    "office_name_kana": null
  },
  "0872": {
    "postcode": "4910872",
    "prefecture": "愛知県",
    "prefecture_kana": "アイチケン",
    "prefecture_code": 23,
    "city": "一宮市",
    "city_kana": "イチノミヤシ",
    "town": "平安",
    "town_kana": "ヘイアン",
    "street": null,
    "office_name": null,
    "office_name_kana": null
  },
  "0873": {
    "postcode": "4910873",
    "prefecture": "愛知県",
    "prefecture_kana": "アイチケン",
    "prefecture_code": 23,
    "city": "一宮市",
    "city_kana": "イチノミヤシ",
    "town": "せんい",
    "town_kana": "センイ",
    "street": null,
    "office_name": null,
    "office_name_kana": null
  },
  "0874": {
    "postcode": "4910874",
    "prefecture": "愛知県",
    "prefecture_kana": "アイチケン",
    "prefecture_code": 23,
    "city": "一宮市",
    "city_kana": "イチノミヤシ",
    "town": "馬見塚",
    "town_kana": "マミヅカ",
    "street": null,
    "office_name": null,
    "office_name_kana": null
  },
  "0878": {
    "postcode": "4910878",
    "prefecture": "愛知県",
    "prefecture_kana": "アイチケン",
    "prefecture_code": 23,
    "city": "一宮市",
    "city_kana": "イチノミヤシ",
    "town": "水附町",
    "town_kana": "ミズツキチョウ",
    "street": null,
    "office_name": null,
    "office_name_kana": null
  },
  "0879": {
    "postcode": "4910879",
    "prefecture": "愛知県",
    "prefecture_kana": "アイチケン",
    "prefecture_code": 23,
    "city": "一宮市",
    "city_kana": "イチノミヤシ",
    "town": "白旗通",
    "town_kana": "シロハタドオリ",
    "street": null,
    "office_name": null,
    "office_name_kana": null
  },
  "0881": {
    "postcode": "4910881",
    "prefecture": "愛知県",
    "prefecture_kana": "アイチケン",
    "prefecture_code": 23,
    "city": "一宮市",
    "city_kana": "イチノミヤシ",
    "town": "南印田",
    "town_kana": "ミナミインデン",
    "street": null,
    "office_name": null,
    "office_name_kana": null
  },
  "0882": {
    "postcode": "4910882",
    "prefecture": "愛知県",
    "prefecture_kana": "アイチケン",
    "prefecture_code": 23,
    "city": "一宮市",
    "city_kana": "イチノミヤシ",
    "town": "相生",
    "town_kana": "アイオイ",
    "street": null,
    "office_name": null,
    "office_name_kana": null
  },
  "0883": {
    "postcode": "4910883",
    "prefecture": "愛知県",
    "prefecture_kana": "アイチケン",
    "prefecture_code": 23,
    "city": "一宮市",
    "city_kana": "イチノミヤシ",
    "town": "下田",
    "town_kana": "シモダ",
    "street": null,
    "office_name": null,
    "office_name_kana": null
  },
  "0901": {
    "postcode": "4910901",
    "prefecture": "愛知県",
    "prefecture_kana": "アイチケン",
    "prefecture_code": 23,
    "city": "一宮市",
    "city_kana": "イチノミヤシ",
    "town": "北浦町",
    "town_kana": "キタウラチョウ",
    "street": null,
    "office_name": null,
    "office_name_kana": null
  },
  "0902": {
    "postcode": "4910902",
    "prefecture": "愛知県",
    "prefecture_kana": "アイチケン",
    "prefecture_code": 23,
    "city": "一宮市",
    "city_kana": "イチノミヤシ",
    "town": "一色町",
    "town_kana": "イシキチョウ",
    "street": null,
    "office_name": null,
    "office_name_kana": null
  },
  "0903": {
    "postcode": "4910903",
    "prefecture": "愛知県",
    "prefecture_kana": "アイチケン",
    "prefecture_code": 23,
    "city": "一宮市",
    "city_kana": "イチノミヤシ",
    "town": "八幡",
    "town_kana": "ハチマン",
    "street": null,
    "office_name": null,
    "office_name_kana": null
  },
  "0904": {
    "postcode": "4910904",
    "prefecture": "愛知県",
    "prefecture_kana": "アイチケン",
    "prefecture_code": 23,
    "city": "一宮市",
    "city_kana": "イチノミヤシ",
    "town": "神山",
    "town_kana": "カミヤマ",
    "street": null,
    "office_name": null,
    "office_name_kana": null
  },
  "0905": {
    "postcode": "4910905",
    "prefecture": "愛知県",
    "prefecture_kana": "アイチケン",
    "prefecture_code": 23,
    "city": "一宮市",
    "city_kana": "イチノミヤシ",
    "town": "平和",
    "town_kana": "ヘイワ",
    "street": null,
    "office_name": null,
    "office_name_kana": null
  },
  "0906": {
    "postcode": "4910906",
    "prefecture": "愛知県",
    "prefecture_kana": "アイチケン",
    "prefecture_code": 23,
    "city": "一宮市",
    "city_kana": "イチノミヤシ",
    "town": "南出町",
    "town_kana": "ミナミデチョウ",
    "street": null,
    "office_name": null,
    "office_name_kana": null
  },
  "0907": {
    "postcode": "4910907",
    "prefecture": "愛知県",
    "prefecture_kana": "アイチケン",
    "prefecture_code": 23,
    "city": "一宮市",
    "city_kana": "イチノミヤシ",
    "town": "西出町",
    "town_kana": "ニシデチョウ",
    "street": null,
    "office_name": null,
    "office_name_kana": null
  },
  "0908": {
    "postcode": "4910908",
    "prefecture": "愛知県",
    "prefecture_kana": "アイチケン",
    "prefecture_code": 23,
    "city": "一宮市",
    "city_kana": "イチノミヤシ",
    "town": "深坪町",
    "town_kana": "フカツボチョウ",
    "street": null,
    "office_name": null,
    "office_name_kana": null
  },
  "0911": {
    "postcode": "4910911",
    "prefecture": "愛知県",
    "prefecture_kana": "アイチケン",
    "prefecture_code": 23,
    "city": "一宮市",
    "city_kana": "イチノミヤシ",
    "town": "野口",
    "town_kana": "ノグチ",
    "street": null,
    "office_name": null,
    "office_name_kana": null
  },
  "0912": {
    "postcode": "4910912",
    "prefecture": "愛知県",
    "prefecture_kana": "アイチケン",
    "prefecture_code": 23,
    "city": "一宮市",
    "city_kana": "イチノミヤシ",
    "town": "新生",
    "town_kana": "シンセイ",
    "street": null,
    "office_name": null,
    "office_name_kana": null
  },
  "0913": {
    "postcode": "4910913",
    "prefecture": "愛知県",
    "prefecture_kana": "アイチケン",
    "prefecture_code": 23,
    "city": "一宮市",
    "city_kana": "イチノミヤシ",
    "town": "中町",
    "town_kana": "ナカマチ",
    "street": null,
    "office_name": null,
    "office_name_kana": null
  },
  "0914": {
    "postcode": "4910914",
    "prefecture": "愛知県",
    "prefecture_kana": "アイチケン",
    "prefecture_code": 23,
    "city": "一宮市",
    "city_kana": "イチノミヤシ",
    "town": "花池",
    "town_kana": "ハナイケ",
    "street": null,
    "office_name": null,
    "office_name_kana": null
  },
  "0915": {
    "postcode": "4910915",
    "prefecture": "愛知県",
    "prefecture_kana": "アイチケン",
    "prefecture_code": 23,
    "city": "一宮市",
    "city_kana": "イチノミヤシ",
    "town": "宮地",
    "town_kana": "ミヤジ",
    "street": null,
    "office_name": null,
    "office_name_kana": null
  },
  "0916": {
    "postcode": "4910916",
    "prefecture": "愛知県",
    "prefecture_kana": "アイチケン",
    "prefecture_code": 23,
    "city": "一宮市",
    "city_kana": "イチノミヤシ",
    "town": "観音寺",
    "town_kana": "カンノンジ",
    "street": null,
    "office_name": null,
    "office_name_kana": null
  },
  "0917": {
    "postcode": "4910917",
    "prefecture": "愛知県",
    "prefecture_kana": "アイチケン",
    "prefecture_code": 23,
    "city": "一宮市",
    "city_kana": "イチノミヤシ",
    "town": "昭和",
    "town_kana": "ショウワ",
    "street": null,
    "office_name": null,
    "office_name_kana": null
  },
  "0918": {
    "postcode": "4910918",
    "prefecture": "愛知県",
    "prefecture_kana": "アイチケン",
    "prefecture_code": 23,
    "city": "一宮市",
    "city_kana": "イチノミヤシ",
    "town": "末広",
    "town_kana": "スエヒロ",
    "street": null,
    "office_name": null,
    "office_name_kana": null
  },
  "0919": {
    "postcode": "4910919",
    "prefecture": "愛知県",
    "prefecture_kana": "アイチケン",
    "prefecture_code": 23,
    "city": "一宮市",
    "city_kana": "イチノミヤシ",
    "town": "住吉",
    "town_kana": "スミヨシ",
    "street": null,
    "office_name": null,
    "office_name_kana": null
  },
  "0921": {
    "postcode": "4910921",
    "prefecture": "愛知県",
    "prefecture_kana": "アイチケン",
    "prefecture_code": 23,
    "city": "一宮市",
    "city_kana": "イチノミヤシ",
    "town": "妙興寺",
    "town_kana": "ミョウコウジ",
    "street": null,
    "office_name": null,
    "office_name_kana": null
  },
  "0922": {
    "postcode": "4910922",
    "prefecture": "愛知県",
    "prefecture_kana": "アイチケン",
    "prefecture_code": 23,
    "city": "一宮市",
    "city_kana": "イチノミヤシ",
    "town": "大和町妙興寺",
    "town_kana": "ヤマトチョウミョウコウジ",
    "street": null,
    "office_name": null,
    "office_name_kana": null
  },
  "0923": {
    "postcode": "4910923",
    "prefecture": "愛知県",
    "prefecture_kana": "アイチケン",
    "prefecture_code": 23,
    "city": "一宮市",
    "city_kana": "イチノミヤシ",
    "town": "大和町氏永",
    "town_kana": "ヤマトチョウウジナガ",
    "street": null,
    "office_name": null,
    "office_name_kana": null
  },
  "0924": {
    "postcode": "4910924",
    "prefecture": "愛知県",
    "prefecture_kana": "アイチケン",
    "prefecture_code": 23,
    "city": "一宮市",
    "city_kana": "イチノミヤシ",
    "town": "大和町於保",
    "town_kana": "ヤマトチョウオホ",
    "street": null,
    "office_name": null,
    "office_name_kana": null
  },
  "0925": {
    "postcode": "4910925",
    "prefecture": "愛知県",
    "prefecture_kana": "アイチケン",
    "prefecture_code": 23,
    "city": "一宮市",
    "city_kana": "イチノミヤシ",
    "town": "大和町南高井",
    "town_kana": "ヤマトチョウミナミタカイ",
    "street": null,
    "office_name": null,
    "office_name_kana": null
  },
  "0926": {
    "postcode": "4910926",
    "prefecture": "愛知県",
    "prefecture_kana": "アイチケン",
    "prefecture_code": 23,
    "city": "一宮市",
    "city_kana": "イチノミヤシ",
    "town": "大和町北高井",
    "town_kana": "ヤマトチョウキタタカイ",
    "street": null,
    "office_name": null,
    "office_name_kana": null
  },
  "0927": {
    "postcode": "4910927",
    "prefecture": "愛知県",
    "prefecture_kana": "アイチケン",
    "prefecture_code": 23,
    "city": "一宮市",
    "city_kana": "イチノミヤシ",
    "town": "大和町戸塚",
    "town_kana": "ヤマトチョウトツカ",
    "street": null,
    "office_name": null,
    "office_name_kana": null
  },
  "0931": {
    "postcode": "4910931",
    "prefecture": "愛知県",
    "prefecture_kana": "アイチケン",
    "prefecture_code": 23,
    "city": "一宮市",
    "city_kana": "イチノミヤシ",
    "town": "大和町馬引",
    "town_kana": "ヤマトチョウマビキ",
    "street": null,
    "office_name": null,
    "office_name_kana": null
  },
  "0932": {
    "postcode": "4910932",
    "prefecture": "愛知県",
    "prefecture_kana": "アイチケン",
    "prefecture_code": 23,
    "city": "一宮市",
    "city_kana": "イチノミヤシ",
    "town": "大和町毛受",
    "town_kana": "ヤマトチョウメンジョ",
    "street": null,
    "office_name": null,
    "office_name_kana": null
  },
  "0933": {
    "postcode": "4910933",
    "prefecture": "愛知県",
    "prefecture_kana": "アイチケン",
    "prefecture_code": 23,
    "city": "一宮市",
    "city_kana": "イチノミヤシ",
    "town": "苅安賀",
    "town_kana": "カリヤスカ",
    "street": null,
    "office_name": null,
    "office_name_kana": null
  },
  "0934": {
    "postcode": "4910934",
    "prefecture": "愛知県",
    "prefecture_kana": "アイチケン",
    "prefecture_code": 23,
    "city": "一宮市",
    "city_kana": "イチノミヤシ",
    "town": "大和町苅安賀",
    "town_kana": "ヤマトチョウカリヤスカ",
    "street": null,
    "office_name": null,
    "office_name_kana": null
  },
  "0935": {
    "postcode": "4910935",
    "prefecture": "愛知県",
    "prefecture_kana": "アイチケン",
    "prefecture_code": 23,
    "city": "一宮市",
    "city_kana": "イチノミヤシ",
    "town": "大和町福森",
    "town_kana": "ヤマトチョウフクモリ",
    "street": null,
    "office_name": null,
    "office_name_kana": null
  },
  "0936": {
    "postcode": "4910936",
    "prefecture": "愛知県",
    "prefecture_kana": "アイチケン",
    "prefecture_code": 23,
    "city": "一宮市",
    "city_kana": "イチノミヤシ",
    "town": "寺前町",
    "town_kana": "テラマエチョウ",
    "street": null,
    "office_name": null,
    "office_name_kana": null
  },
  "0937": {
    "postcode": "4910937",
    "prefecture": "愛知県",
    "prefecture_kana": "アイチケン",
    "prefecture_code": 23,
    "city": "一宮市",
    "city_kana": "イチノミヤシ",
    "town": "竹橋町",
    "town_kana": "タケハシチョウ",
    "street": null,
    "office_name": null,
    "office_name_kana": null
  },
  "0938": {
    "postcode": "4910938",
    "prefecture": "愛知県",
    "prefecture_kana": "アイチケン",
    "prefecture_code": 23,
    "city": "一宮市",
    "city_kana": "イチノミヤシ",
    "town": "日光町",
    "town_kana": "ニッコウチョウ",
    "street": null,
    "office_name": null,
    "office_name_kana": null
  },
  "8501": {
    "postcode": "4918501",
    "prefecture": "愛知県",
    "prefecture_kana": "アイチケン",
    "prefecture_code": 23,
    "city": "一宮市",
    "city_kana": "イチノミヤシ",
    "town": "本町",
    "town_kana": "ホンマチ",
    "street": "２丁目５−６",
    "office_name": "一宮市役所",
    "office_name_kana": "イチノミヤシヤクシヨ"
  },
  "8502": {
    "postcode": "4918502",
    "prefecture": "愛知県",
    "prefecture_kana": "アイチケン",
    "prefecture_code": 23,
    "city": "一宮市",
    "city_kana": "イチノミヤシ",
    "town": "栄",
    "town_kana": "サカエ",
    "street": "４丁目５−７",
    "office_name": "一宮　税務署",
    "office_name_kana": "イチノミヤ ゼイムシヨ"
  },
  "8505": {
    "postcode": "4918505",
    "prefecture": "愛知県",
    "prefecture_kana": "アイチケン",
    "prefecture_code": 23,
    "city": "一宮市",
    "city_kana": "イチノミヤシ",
    "town": "八幡",
    "town_kana": "ハチマン",
    "street": "５丁目１−１０８",
    "office_name": "サンファイン　株式会社",
    "office_name_kana": "サンフアイン カブシキガイシヤ"
  },
  "8506": {
    "postcode": "4918506",
    "prefecture": "愛知県",
    "prefecture_kana": "アイチケン",
    "prefecture_code": 23,
    "city": "一宮市",
    "city_kana": "イチノミヤシ",
    "town": "新生",
    "town_kana": "シンセイ",
    "street": "２丁目２１番１２号",
    "office_name": "愛知県西尾張県税事務所",
    "office_name_kana": "アイチケンニシオワリケンゼイジムシヨ"
  },
  "8508": {
    "postcode": "4918508",
    "prefecture": "愛知県",
    "prefecture_kana": "アイチケン",
    "prefecture_code": 23,
    "city": "一宮市",
    "city_kana": "イチノミヤシ",
    "town": "花池",
    "town_kana": "ハナイケ",
    "street": "４丁目１７−１２",
    "office_name": "株式会社　ジェイオーディ",
    "office_name_kana": "カブシキガイシヤ ジエイオ-デイ"
  },
  "8509": {
    "postcode": "4918509",
    "prefecture": "愛知県",
    "prefecture_kana": "アイチケン",
    "prefecture_code": 23,
    "city": "一宮市",
    "city_kana": "イチノミヤシ",
    "town": "八幡",
    "town_kana": "ハチマン",
    "street": "４丁目８−７",
    "office_name": "一宮公共職業安定所",
    "office_name_kana": "イチノミヤコウキヨウシヨクギヨウアンテイジヨ"
  },
  "8512": {
    "postcode": "4918512",
    "prefecture": "愛知県",
    "prefecture_kana": "アイチケン",
    "prefecture_code": 23,
    "city": "一宮市",
    "city_kana": "イチノミヤシ",
    "town": "大字浅野",
    "town_kana": null,
    "street": "字田井戸田６０",
    "office_name": "株式会社　油伝商店",
    "office_name_kana": "カブシキガイシヤ アブデンシヨウテン"
  },
  "8513": {
    "postcode": "4918513",
    "prefecture": "愛知県",
    "prefecture_kana": "アイチケン",
    "prefecture_code": 23,
    "city": "一宮市",
    "city_kana": "イチノミヤシ",
    "town": "せんい",
    "town_kana": "センイ",
    "street": "２丁目９−１６",
    "office_name": "ササキセルム　株式会社",
    "office_name_kana": "ササキセルム カブシキガイシヤ"
  },
  "8515": {
    "postcode": "4918515",
    "prefecture": "愛知県",
    "prefecture_kana": "アイチケン",
    "prefecture_code": 23,
    "city": "一宮市",
    "city_kana": "イチノミヤシ",
    "town": "せんい",
    "town_kana": "センイ",
    "street": "１丁目９−３",
    "office_name": "株式会社　ファッションヤマグチ",
    "office_name_kana": "カブシキガイシヤ フアツシヨンヤマグチ"
  },
  "8516": {
    "postcode": "4918516",
    "prefecture": "愛知県",
    "prefecture_kana": "アイチケン",
    "prefecture_code": 23,
    "city": "一宮市",
    "city_kana": "イチノミヤシ",
    "town": "せんい",
    "town_kana": "センイ",
    "street": "２丁目１０−２２",
    "office_name": "株式会社　滝善",
    "office_name_kana": "カブシキガイシヤ タキゼン"
  },
  "8526": {
    "postcode": "4918526",
    "prefecture": "愛知県",
    "prefecture_kana": "アイチケン",
    "prefecture_code": 23,
    "city": "一宮市",
    "city_kana": "イチノミヤシ",
    "town": "丹陽町九日市場",
    "town_kana": "タンヨウチョウココノカイチバ",
    "street": "字竹之宮２０４",
    "office_name": "中日本高速道路　株式会社",
    "office_name_kana": "ナカニホンコウソクドウロ カブシキガイシヤ"
  },
  "8528": {
    "postcode": "4918528",
    "prefecture": "愛知県",
    "prefecture_kana": "アイチケン",
    "prefecture_code": 23,
    "city": "一宮市",
    "city_kana": "イチノミヤシ",
    "town": "あずら",
    "town_kana": "アズラ",
    "street": "３丁目９−２３",
    "office_name": "株式会社　三昭堂",
    "office_name_kana": "カブシキガイシヤ サンシヨウドウ"
  },
  "8531": {
    "postcode": "4918531",
    "prefecture": "愛知県",
    "prefecture_kana": "アイチケン",
    "prefecture_code": 23,
    "city": "一宮市",
    "city_kana": "イチノミヤシ",
    "town": "中町",
    "town_kana": "ナカマチ",
    "street": "１丁目３−５",
    "office_name": "医療法人　山下病院",
    "office_name_kana": "イリヨウホウジン ヤマシタビヨウイン"
  },
  "8532": {
    "postcode": "4918532",
    "prefecture": "愛知県",
    "prefecture_kana": "アイチケン",
    "prefecture_code": 23,
    "city": "一宮市",
    "city_kana": "イチノミヤシ",
    "town": "下川田町",
    "town_kana": "シモカワダチョウ",
    "street": "５丁目１",
    "office_name": "株式会社　カネスエ",
    "office_name_kana": "カブシキガイシヤ カネスエ"
  },
  "8533": {
    "postcode": "4918533",
    "prefecture": "愛知県",
    "prefecture_kana": "アイチケン",
    "prefecture_code": 23,
    "city": "一宮市",
    "city_kana": "イチノミヤシ",
    "town": "北園通",
    "town_kana": "キタゾノドオリ",
    "street": "６丁目９",
    "office_name": "県立一宮高校",
    "office_name_kana": "ケンリツイチノミヤコウコウ"
  },
  "8535": {
    "postcode": "4918535",
    "prefecture": "愛知県",
    "prefecture_kana": "アイチケン",
    "prefecture_code": 23,
    "city": "一宮市",
    "city_kana": "イチノミヤシ",
    "town": "中町",
    "town_kana": "ナカマチ",
    "street": "１丁目８−２６",
    "office_name": "株式会社　アバンセコーポレーション",
    "office_name_kana": "カブシキガイシヤ アバンセコ-ポレ-シヨン"
  },
  "8551": {
    "postcode": "4918551",
    "prefecture": "愛知県",
    "prefecture_kana": "アイチケン",
    "prefecture_code": 23,
    "city": "一宮市",
    "city_kana": "イチノミヤシ",
    "town": "桜",
    "town_kana": "サクラ",
    "street": "１丁目９−９",
    "office_name": "医療法人　大雄会",
    "office_name_kana": "イリヨウホウジン ダイユウカイ"
  },
  "8553": {
    "postcode": "4918553",
    "prefecture": "愛知県",
    "prefecture_kana": "アイチケン",
    "prefecture_code": 23,
    "city": "一宮市",
    "city_kana": "イチノミヤシ",
    "town": "天王",
    "town_kana": "テンノウ",
    "street": "２丁目２番２号",
    "office_name": "株式会社　タナカふとんサービス",
    "office_name_kana": "カブシキガイシヤ タナカフトンサ-ビス"
  },
  "8555": {
    "postcode": "4918555",
    "prefecture": "愛知県",
    "prefecture_kana": "アイチケン",
    "prefecture_code": 23,
    "city": "一宮市",
    "city_kana": "イチノミヤシ",
    "town": "音羽",
    "town_kana": "オトワ",
    "street": "３丁目１４−２５",
    "office_name": "ワシズ機械　株式会社",
    "office_name_kana": "ワシズキカイ カブシキガイシヤ"
  },
  "8558": {
    "postcode": "4918558",
    "prefecture": "愛知県",
    "prefecture_kana": "アイチケン",
    "prefecture_code": 23,
    "city": "一宮市",
    "city_kana": "イチノミヤシ",
    "town": "文京",
    "town_kana": "ブンキョウ",
    "street": "２丁目２−２２",
    "office_name": "一宮市立市民病院",
    "office_name_kana": "イチノミヤシリツシミンビヨウイン"
  },
  "8561": {
    "postcode": "4918561",
    "prefecture": "愛知県",
    "prefecture_kana": "アイチケン",
    "prefecture_code": 23,
    "city": "一宮市",
    "city_kana": "イチノミヤシ",
    "town": "今伊勢町本神戸",
    "town_kana": "イマイセチョウホンカンベ",
    "street": "字河原１",
    "office_name": "日本毛織　株式会社　一宮工場",
    "office_name_kana": "ニホンケオリ カブシキガイシヤ イチノミヤコウジヨウ"
  },
  "8562": {
    "postcode": "4918562",
    "prefecture": "愛知県",
    "prefecture_kana": "アイチケン",
    "prefecture_code": 23,
    "city": "一宮市",
    "city_kana": "イチノミヤシ",
    "town": "今伊勢町馬寄",
    "town_kana": "イマイセチョウウマヨセ",
    "street": "字郷前５６−１",
    "office_name": "大井田工業　株式会社",
    "office_name_kana": "オオイダコウギヨウ カブシキガイシヤ"
  },
  "8571": {
    "postcode": "4918571",
    "prefecture": "愛知県",
    "prefecture_kana": "アイチケン",
    "prefecture_code": 23,
    "city": "一宮市",
    "city_kana": "イチノミヤシ",
    "town": "浜町",
    "town_kana": "ハマチョウ",
    "street": "６丁目２",
    "office_name": "中部電力パワーグリッド　株式会社　一宮営業所",
    "office_name_kana": "チユウブデンリヨクパワ-グリツド カブシキガイシヤ イチノミヤエイギヨウシヨ"
  },
  "8575": {
    "postcode": "4918575",
    "prefecture": "愛知県",
    "prefecture_kana": "アイチケン",
    "prefecture_code": 23,
    "city": "一宮市",
    "city_kana": "イチノミヤシ",
    "town": "千秋町浅野羽根",
    "town_kana": "チアキチョウアサノハネ",
    "street": "字羽知古１２５５−１",
    "office_name": "株式会社　中日総合サービス",
    "office_name_kana": "カ) チユウニチソウゴウサ-ビス"
  },
  "8576": {
    "postcode": "4918576",
    "prefecture": "愛知県",
    "prefecture_kana": "アイチケン",
    "prefecture_code": 23,
    "city": "一宮市",
    "city_kana": "イチノミヤシ",
    "town": "城崎通",
    "town_kana": "シロサキドオリ",
    "street": "６丁目１７",
    "office_name": "松永　株式会社",
    "office_name_kana": "マツナガ カブシキガイシヤ"
  },
  "8577": {
    "postcode": "4918577",
    "prefecture": "愛知県",
    "prefecture_kana": "アイチケン",
    "prefecture_code": 23,
    "city": "一宮市",
    "city_kana": "イチノミヤシ",
    "town": "両郷町",
    "town_kana": "リョウゴウチョウ",
    "street": "１丁目６",
    "office_name": "ユニー　一宮店",
    "office_name_kana": "ユニ- イチノミヤテン"
  },
  "8585": {
    "postcode": "4918585",
    "prefecture": "愛知県",
    "prefecture_kana": "アイチケン",
    "prefecture_code": 23,
    "city": "一宮市",
    "city_kana": "イチノミヤシ",
    "town": "新生",
    "town_kana": "シンセイ",
    "street": "１丁目１番１号",
    "office_name": "株式会社　名鉄百貨店　一宮店",
    "office_name_kana": "カブシキガイシヤ メイテツヒヤツカテン イチノミヤテン"
  },
  "8601": {
    "postcode": "4918601",
    "prefecture": "愛知県",
    "prefecture_kana": "アイチケン",
    "prefecture_code": 23,
    "city": "一宮市",
    "city_kana": "イチノミヤシ",
    "town": "三ツ井",
    "town_kana": "ミツイ",
    "street": "６丁目１２−２３（一宮郵便局私書箱第６号）",
    "office_name": "株式会社　壱番屋",
    "office_name_kana": "カブシキガイシヤ イチバンヤ"
  },
  "8608": {
    "postcode": "4918608",
    "prefecture": "愛知県",
    "prefecture_kana": "アイチケン",
    "prefecture_code": 23,
    "city": "一宮市",
    "city_kana": "イチノミヤシ",
    "town": "栄",
    "town_kana": "サカエ",
    "street": "１丁目１０−１７（一宮郵便局私書箱第７８号）",
    "office_name": "長大　株式会社",
    "office_name_kana": "チヨウダイ カブシキガイシヤ"
  },
  "8610": {
    "postcode": "4918610",
    "prefecture": "愛知県",
    "prefecture_kana": "アイチケン",
    "prefecture_code": 23,
    "city": "一宮市",
    "city_kana": "イチノミヤシ",
    "town": "本町",
    "town_kana": "ホンマチ",
    "street": "４丁目２２−１０",
    "office_name": "モリリン　株式会社",
    "office_name_kana": "モリリン カブシキガイシヤ"
  },
  "8611": {
    "postcode": "4918611",
    "prefecture": "愛知県",
    "prefecture_kana": "アイチケン",
    "prefecture_code": 23,
    "city": "一宮市",
    "city_kana": "イチノミヤシ",
    "town": "若竹",
    "town_kana": "ワカタケ",
    "street": "３丁目２番２号",
    "office_name": "いちい信用金庫",
    "office_name_kana": "イチイシンヨウキンコ"
  },
  "8612": {
    "postcode": "4918612",
    "prefecture": "愛知県",
    "prefecture_kana": "アイチケン",
    "prefecture_code": 23,
    "city": "一宮市",
    "city_kana": "イチノミヤシ",
    "town": "大和町馬引",
    "town_kana": "ヤマトチョウマビキ",
    "street": "字焼野４８（一宮郵便局私書箱第１２号）",
    "office_name": "中外国島　株式会社",
    "office_name_kana": "チユウガイクニシマ カブシキガイシヤ"
  },
  "8686": {
    "postcode": "4918686",
    "prefecture": "愛知県",
    "prefecture_kana": "アイチケン",
    "prefecture_code": 23,
    "city": "一宮市",
    "city_kana": "イチノミヤシ",
    "town": "栄",
    "town_kana": "サカエ",
    "street": "４丁目２−１（一宮郵便局私書箱第７号）",
    "office_name": "一宮商工会議所",
    "office_name_kana": "イチノミヤシヨウコウカイギシヨ"
  },
  "8688": {
    "postcode": "4918688",
    "prefecture": "愛知県",
    "prefecture_kana": "アイチケン",
    "prefecture_code": 23,
    "city": "一宮市",
    "city_kana": "イチノミヤシ",
    "town": "八幡",
    "town_kana": "ハチマン",
    "street": "２丁目７−３（一宮郵便局私書箱第２９号）",
    "office_name": "愛和産業　株式会社",
    "office_name_kana": "アイワサンギヨウ カブシキガイシヤ"
  }
}