{
  "0001": {
    "postcode": "5020001",
    "prefecture": "岐阜県",
    "prefecture_kana": "ギフケン",
    "prefecture_code": 21,
    "city": "岐阜市",
    "city_kana": "ギフシ",
    "town": "粟野",
    "town_kana": "アワノ",
    "street": null,
    "office_name": null,
    "office_name_kana": null
  },
  "0002": {
    "postcode": "5020002",
    "prefecture": "岐阜県",
    "prefecture_kana": "ギフケン",
    "prefecture_code": 21,
    "city": "岐阜市",
    "city_kana": "ギフシ",
    "town": "粟野東",
    "town_kana": "アワノヒガシ",
    "street": null,
    "office_name": null,
    "office_name_kana": null
  },
  "0003": {
    "postcode": "5020003",
    "prefecture": "岐阜県",
    "prefecture_kana": "ギフケン",
    "prefecture_code": 21,
    "city": "岐阜市",
    "city_kana": "ギフシ",
    "town": "三田洞東",
    "town_kana": "ミタホラヒガシ",
    "street": null,
    "office_name": null,
    "office_name_kana": null
  },
  "0004": {
    "postcode": "5020004",
    "prefecture": "岐阜県",
    "prefecture_kana": "ギフケン",
    "prefecture_code": 21,
    "city": "岐阜市",
    "city_kana": "ギフシ",
    "town": "三田洞",
    "town_kana": "ミタホラ",
    "street": null,
    "office_name": null,
    "office_name_kana": null
  },
  "0005": {
    "postcode": "5020005",
    "prefecture": "岐阜県",
    "prefecture_kana": "ギフケン",
    "prefecture_code": 21,
    "city": "岐阜市",
    "city_kana": "ギフシ",
    "town": "岩崎",
    "town_kana": "イワサキ",
    "street": null,
    "office_name": null,
    "office_name_kana": null
  },
  "0006": {
    "postcode": "5020006",
    "prefecture": "岐阜県",
    "prefecture_kana": "ギフケン",
    "prefecture_code": 21,
    "city": "岐阜市",
    "city_kana": "ギフシ",
    "town": "粟野西",
    "town_kana": "アワノニシ",
    "street": null,
    "office_name": null,
    "office_name_kana": null
  },
  "0007": {
    "postcode": "5020007",
    "prefecture": "岐阜県",
    "prefecture_kana": "ギフケン",
    "prefecture_code": 21,
    "city": "岐阜市",
    "city_kana": "ギフシ",
    "town": "粟野台",
    "town_kana": "アワノダイ",
    "street": null,
    "office_name": null,
    "office_name_kana": null
  },
  "0011": {
    "postcode": "5020011",
    "prefecture": "岐阜県",
    "prefecture_kana": "ギフケン",
    "prefecture_code": 21,
    "city": "岐阜市",
    "city_kana": "ギフシ",
    "town": "長良古津",
    "town_kana": "ナガラフルツ",
    "street": null,
    "office_name": null,
    "office_name_kana": null
  },
  "0012": {
    "postcode": "5020012",
    "prefecture": "岐阜県",
    "prefecture_kana": "ギフケン",
    "prefecture_code": 21,
    "city": "岐阜市",
    "city_kana": "ギフシ",
    "town": "長良志段見",
    "town_kana": "ナガラシダミ",
    "street": null,
    "office_name": null,
    "office_name_kana": null
  },
  "0013": {
    "postcode": "5020013",
    "prefecture": "岐阜県",
    "prefecture_kana": "ギフケン",
    "prefecture_code": 21,
    "city": "岐阜市",
    "city_kana": "ギフシ",
    "town": "中川原",
    "town_kana": "ナカガワラ",
    "street": null,
    "office_name": null,
    "office_name_kana": null
  },
  "0014": {
    "postcode": "5020014",
    "prefecture": "岐阜県",
    "prefecture_kana": "ギフケン",
    "prefecture_code": 21,
    "city": "岐阜市",
    "city_kana": "ギフシ",
    "town": "雄総緑町",
    "town_kana": "オブサミドリマチ",
    "street": null,
    "office_name": null,
    "office_name_kana": null
  },
  "0015": {
    "postcode": "5020015",
    "prefecture": "岐阜県",
    "prefecture_kana": "ギフケン",
    "prefecture_code": 21,
    "city": "岐阜市",
    "city_kana": "ギフシ",
    "town": "雄総柳町",
    "town_kana": "オブサヤナギマチ",
    "street": null,
    "office_name": null,
    "office_name_kana": null
  },
  "0016": {
    "postcode": "5020016",
    "prefecture": "岐阜県",
    "prefecture_kana": "ギフケン",
    "prefecture_code": 21,
    "city": "岐阜市",
    "city_kana": "ギフシ",
    "town": "雄総桜町",
    "town_kana": "オブササクラマチ",
    "street": null,
    "office_name": null,
    "office_name_kana": null
  },
  "0017": {
    "postcode": "5020017",
    "prefecture": "岐阜県",
    "prefecture_kana": "ギフケン",
    "prefecture_code": 21,
    "city": "岐阜市",
    "city_kana": "ギフシ",
    "town": "長良雄総",
    "town_kana": "ナガラオブサ",
    "street": null,
    "office_name": null,
    "office_name_kana": null
  },
  "0021": {
    "postcode": "5020021",
    "prefecture": "岐阜県",
    "prefecture_kana": "ギフケン",
    "prefecture_code": 21,
    "city": "岐阜市",
    "city_kana": "ギフシ",
    "town": "西後町",
    "town_kana": "サイゴチョウ",
    "street": null,
    "office_name": null,
    "office_name_kana": null
  },
  "0022": {
    "postcode": "5020022",
    "prefecture": "岐阜県",
    "prefecture_kana": "ギフケン",
    "prefecture_code": 21,
    "city": "岐阜市",
    "city_kana": "ギフシ",
    "town": "長良東郷町",
    "town_kana": "ナガラトウゴウチョウ",
    "street": null,
    "office_name": null,
    "office_name_kana": null
  },
  "0023": {
    "postcode": "5020023",
    "prefecture": "岐阜県",
    "prefecture_kana": "ギフケン",
    "prefecture_code": 21,
    "city": "岐阜市",
    "city_kana": "ギフシ",
    "town": "城前町",
    "town_kana": "シロマエチョウ",
    "street": null,
    "office_name": null,
    "office_name_kana": null
  },
  "0024": {
    "postcode": "5020024",
    "prefecture": "岐阜県",
    "prefecture_kana": "ギフケン",
    "prefecture_code": 21,
    "city": "岐阜市",
    "city_kana": "ギフシ",
    "town": "堀田町",
    "town_kana": "ホリタマチ",
    "street": null,
    "office_name": null,
    "office_name_kana": null
  },
  "0025": {
    "postcode": "5020025",
    "prefecture": "岐阜県",
    "prefecture_kana": "ギフケン",
    "prefecture_code": 21,
    "city": "岐阜市",
    "city_kana": "ギフシ",
    "town": "山先町",
    "town_kana": "ヤマサキチョウ",
    "street": null,
    "office_name": null,
    "office_name_kana": null
  },
  "0026": {
    "postcode": "5020026",
    "prefecture": "岐阜県",
    "prefecture_kana": "ギフケン",
    "prefecture_code": 21,
    "city": "岐阜市",
    "city_kana": "ギフシ",
    "town": "長良桜井町",
    "town_kana": "ナガラサクライチョウ",
    "street": null,
    "office_name": null,
    "office_name_kana": null
  },
  "0027": {
    "postcode": "5020027",
    "prefecture": "岐阜県",
    "prefecture_kana": "ギフケン",
    "prefecture_code": 21,
    "city": "岐阜市",
    "city_kana": "ギフシ",
    "town": "長良宮口町",
    "town_kana": "ナガラミヤグチチョウ",
    "street": null,
    "office_name": null,
    "office_name_kana": null
  },
  "0028": {
    "postcode": "5020028",
    "prefecture": "岐阜県",
    "prefecture_kana": "ギフケン",
    "prefecture_code": 21,
    "city": "岐阜市",
    "city_kana": "ギフシ",
    "town": "長良白妙町",
    "town_kana": "ナガラシラタエチョウ",
    "street": null,
    "office_name": null,
    "office_name_kana": null
  },
  "0029": {
    "postcode": "5020029",
    "prefecture": "岐阜県",
    "prefecture_kana": "ギフケン",
    "prefecture_code": 21,
    "city": "岐阜市",
    "city_kana": "ギフシ",
    "town": "長良若葉町",
    "town_kana": "ナガラワカバチョウ",
    "street": null,
    "office_name": null,
    "office_name_kana": null
  },
  "0031": {
    "postcode": "5020031",
    "prefecture": "岐阜県",
    "prefecture_kana": "ギフケン",
    "prefecture_code": 21,
    "city": "岐阜市",
    "city_kana": "ギフシ",
    "town": "長良大路",
    "town_kana": "ナガラオオジ",
    "street": null,
    "office_name": null,
    "office_name_kana": null
  },
  "0032": {
    "postcode": "5020032",
    "prefecture": "岐阜県",
    "prefecture_kana": "ギフケン",
    "prefecture_code": 21,
    "city": "岐阜市",
    "city_kana": "ギフシ",
    "town": "長良高嶺町",
    "town_kana": "ナガラタカミネチョウ",
    "street": null,
    "office_name": null,
    "office_name_kana": null
  },
  "0033": {
    "postcode": "5020033",
    "prefecture": "岐阜県",
    "prefecture_kana": "ギフケン",
    "prefecture_code": 21,
    "city": "岐阜市",
    "city_kana": "ギフシ",
    "town": "長良有楽町",
    "town_kana": "ナガラユウラクチョウ",
    "street": null,
    "office_name": null,
    "office_name_kana": null
  },
  "0034": {
    "postcode": "5020034",
    "prefecture": "岐阜県",
    "prefecture_kana": "ギフケン",
    "prefecture_code": 21,
    "city": "岐阜市",
    "city_kana": "ギフシ",
    "town": "長良有明町",
    "town_kana": "ナガラアリアケチョウ",
    "street": null,
    "office_name": null,
    "office_name_kana": null
  },
  "0035": {
    "postcode": "5020035",
    "prefecture": "岐阜県",
    "prefecture_kana": "ギフケン",
    "prefecture_code": 21,
    "city": "岐阜市",
    "city_kana": "ギフシ",
    "town": "長良南陽町",
    "town_kana": "ナガラナンヨウチョウ",
    "street": null,
    "office_name": null,
    "office_name_kana": null
  },
  "0036": {
    "postcode": "5020036",
    "prefecture": "岐阜県",
    "prefecture_kana": "ギフケン",
    "prefecture_code": 21,
    "city": "岐阜市",
    "city_kana": "ギフシ",
    "town": "長良大前町",
    "town_kana": "ナガラオオマエチョウ",
    "street": null,
    "office_name": null,
    "office_name_kana": null
  },
  "0037": {
    "postcode": "5020037",
    "prefecture": "岐阜県",
    "prefecture_kana": "ギフケン",
    "prefecture_code": 21,
    "city": "岐阜市",
    "city_kana": "ギフシ",
    "town": "長良金碧町",
    "town_kana": "ナガラキンペキチョウ",
    "street": null,
    "office_name": null,
    "office_name_kana": null
  },
  "0038": {
    "postcode": "5020038",
    "prefecture": "岐阜県",
    "prefecture_kana": "ギフケン",
    "prefecture_code": 21,
    "city": "岐阜市",
    "city_kana": "ギフシ",
    "town": "長良法久寺町",
    "town_kana": "ナガラホウキュウジチョウ",
    "street": null,
    "office_name": null,
    "office_name_kana": null
  },
  "0041": {
    "postcode": "5020041",
    "prefecture": "岐阜県",
    "prefecture_kana": "ギフケン",
    "prefecture_code": 21,
    "city": "岐阜市",
    "city_kana": "ギフシ",
    "town": "長良海用町",
    "town_kana": "ナガラカイヨウチョウ",
    "street": null,
    "office_name": null,
    "office_name_kana": null
  },
  "0042": {
    "postcode": "5020042",
    "prefecture": "岐阜県",
    "prefecture_kana": "ギフケン",
    "prefecture_code": 21,
    "city": "岐阜市",
    "city_kana": "ギフシ",
    "town": "長良城西町",
    "town_kana": "ナガラシロニシチョウ",
    "street": null,
    "office_name": null,
    "office_name_kana": null
  },
  "0043": {
    "postcode": "5020043",
    "prefecture": "岐阜県",
    "prefecture_kana": "ギフケン",
    "prefecture_code": 21,
    "city": "岐阜市",
    "city_kana": "ギフシ",
    "town": "長良東町",
    "town_kana": "ナガラヒガシマチ",
    "street": null,
    "office_name": null,
    "office_name_kana": null
  },
  "0044": {
    "postcode": "5020044",
    "prefecture": "岐阜県",
    "prefecture_kana": "ギフケン",
    "prefecture_code": 21,
    "city": "岐阜市",
    "city_kana": "ギフシ",
    "town": "長良校文町",
    "town_kana": "ナガラコウブンチョウ",
    "street": null,
    "office_name": null,
    "office_name_kana": null
  },
  "0045": {
    "postcode": "5020045",
    "prefecture": "岐阜県",
    "prefecture_kana": "ギフケン",
    "prefecture_code": 21,
    "city": "岐阜市",
    "city_kana": "ギフシ",
    "town": "長良校前町",
    "town_kana": "ナガラコウゼンチョウ",
    "street": null,
    "office_name": null,
    "office_name_kana": null
  },
  "0046": {
    "postcode": "5020046",
    "prefecture": "岐阜県",
    "prefecture_kana": "ギフケン",
    "prefecture_code": 21,
    "city": "岐阜市",
    "city_kana": "ギフシ",
    "town": "長良杉乃町",
    "town_kana": "ナガラスギノチョウ",
    "street": null,
    "office_name": null,
    "office_name_kana": null
  },
  "0047": {
    "postcode": "5020047",
    "prefecture": "岐阜県",
    "prefecture_kana": "ギフケン",
    "prefecture_code": 21,
    "city": "岐阜市",
    "city_kana": "ギフシ",
    "town": "長良葵町",
    "town_kana": "ナガラアオイチョウ",
    "street": null,
    "office_name": null,
    "office_name_kana": null
  },
  "0051": {
    "postcode": "5020051",
    "prefecture": "岐阜県",
    "prefecture_kana": "ギフケン",
    "prefecture_code": 21,
    "city": "岐阜市",
    "city_kana": "ギフシ",
    "town": "長良幸和町",
    "town_kana": "ナガラコウワチョウ",
    "street": null,
    "office_name": null,
    "office_name_kana": null
  },
  "0052": {
    "postcode": "5020052",
    "prefecture": "岐阜県",
    "prefecture_kana": "ギフケン",
    "prefecture_code": 21,
    "city": "岐阜市",
    "city_kana": "ギフシ",
    "town": "長良小松町",
    "town_kana": "ナガラコマツチョウ",
    "street": null,
    "office_name": null,
    "office_name_kana": null
  },
  "0053": {
    "postcode": "5020053",
    "prefecture": "岐阜県",
    "prefecture_kana": "ギフケン",
    "prefecture_code": 21,
    "city": "岐阜市",
    "city_kana": "ギフシ",
    "town": "長良宮路町",
    "town_kana": "ナガラミヤジチョウ",
    "street": null,
    "office_name": null,
    "office_name_kana": null
  },
  "0054": {
    "postcode": "5020054",
    "prefecture": "岐阜県",
    "prefecture_kana": "ギフケン",
    "prefecture_code": 21,
    "city": "岐阜市",
    "city_kana": "ギフシ",
    "town": "長良井田",
    "town_kana": "ナガライダ",
    "street": null,
    "office_name": null,
    "office_name_kana": null
  },
  "0055": {
    "postcode": "5020055",
    "prefecture": "岐阜県",
    "prefecture_kana": "ギフケン",
    "prefecture_code": 21,
    "city": "岐阜市",
    "city_kana": "ギフシ",
    "town": "長良福江町",
    "town_kana": "ナガラフクエチョウ",
    "street": null,
    "office_name": null,
    "office_name_kana": null
  },
  "0056": {
    "postcode": "5020056",
    "prefecture": "岐阜県",
    "prefecture_kana": "ギフケン",
    "prefecture_code": 21,
    "city": "岐阜市",
    "city_kana": "ギフシ",
    "town": "長良真生町",
    "town_kana": "ナガラシンセイチョウ",
    "street": null,
    "office_name": null,
    "office_name_kana": null
  },
  "0061": {
    "postcode": "5020061",
    "prefecture": "岐阜県",
    "prefecture_kana": "ギフケン",
    "prefecture_code": 21,
    "city": "岐阜市",
    "city_kana": "ギフシ",
    "town": "長良竜東町",
    "town_kana": "ナガラリュウトウチョウ",
    "street": null,
    "office_name": null,
    "office_name_kana": null
  },
  "0062": {
    "postcode": "5020062",
    "prefecture": "岐阜県",
    "prefecture_kana": "ギフケン",
    "prefecture_code": 21,
    "city": "岐阜市",
    "city_kana": "ギフシ",
    "town": "長良春田",
    "town_kana": "ナガラハルタ",
    "street": null,
    "office_name": null,
    "office_name_kana": null
  },
  "0063": {
    "postcode": "5020063",
    "prefecture": "岐阜県",
    "prefecture_kana": "ギフケン",
    "prefecture_code": 21,
    "city": "岐阜市",
    "city_kana": "ギフシ",
    "town": "長良一楽",
    "town_kana": "ナガライチラク",
    "street": null,
    "office_name": null,
    "office_name_kana": null
  },
  "0064": {
    "postcode": "5020064",
    "prefecture": "岐阜県",
    "prefecture_kana": "ギフケン",
    "prefecture_code": 21,
    "city": "岐阜市",
    "city_kana": "ギフシ",
    "town": "長良田中前",
    "town_kana": "ナガラタナカマエ",
    "street": null,
    "office_name": null,
    "office_name_kana": null
  },
  "0065": {
    "postcode": "5020065",
    "prefecture": "岐阜県",
    "prefecture_kana": "ギフケン",
    "prefecture_code": 21,
    "city": "岐阜市",
    "city_kana": "ギフシ",
    "town": "長良森町",
    "town_kana": "ナガラモリマチ",
    "street": null,
    "office_name": null,
    "office_name_kana": null
  },
  "0066": {
    "postcode": "5020066",
    "prefecture": "岐阜県",
    "prefecture_kana": "ギフケン",
    "prefecture_code": 21,
    "city": "岐阜市",
    "city_kana": "ギフシ",
    "town": "長良仙田町",
    "town_kana": "ナガラセンダマチ",
    "street": null,
    "office_name": null,
    "office_name_kana": null
  },
  "0067": {
    "postcode": "5020067",
    "prefecture": "岐阜県",
    "prefecture_kana": "ギフケン",
    "prefecture_code": 21,
    "city": "岐阜市",
    "city_kana": "ギフシ",
    "town": "長良西野前",
    "town_kana": "ナガラニシノマエ",
    "street": null,
    "office_name": null,
    "office_name_kana": null
  },
  "0071": {
    "postcode": "5020071",
    "prefecture": "岐阜県",
    "prefecture_kana": "ギフケン",
    "prefecture_code": 21,
    "city": "岐阜市",
    "city_kana": "ギフシ",
    "town": "長良",
    "town_kana": "ナガラ",
    "street": null,
    "office_name": null,
    "office_name_kana": null
  },
  "0072": {
    "postcode": "5020072",
    "prefecture": "岐阜県",
    "prefecture_kana": "ギフケン",
    "prefecture_code": 21,
    "city": "岐阜市",
    "city_kana": "ギフシ",
    "town": "長良福泉",
    "town_kana": "ナガラフクイズミ",
    "street": null,
    "office_name": null,
    "office_name_kana": null
  },
  "0073": {
    "postcode": "5020073",
    "prefecture": "岐阜県",
    "prefecture_kana": "ギフケン",
    "prefecture_code": 21,
    "city": "岐阜市",
    "city_kana": "ギフシ",
    "town": "長良田中",
    "town_kana": "ナガラタナカ",
    "street": null,
    "office_name": null,
    "office_name_kana": null
  },
  "0074": {
    "postcode": "5020074",
    "prefecture": "岐阜県",
    "prefecture_kana": "ギフケン",
    "prefecture_code": 21,
    "city": "岐阜市",
    "city_kana": "ギフシ",
    "town": "長良西山前",
    "town_kana": "ナガラニシヤママエ",
    "street": null,
    "office_name": null,
    "office_name_kana": null
  },
  "0075": {
    "postcode": "5020075",
    "prefecture": "岐阜県",
    "prefecture_kana": "ギフケン",
    "prefecture_code": 21,
    "city": "岐阜市",
    "city_kana": "ギフシ",
    "town": "長良子正賀",
    "town_kana": "ナガラコショウガ",
    "street": null,
    "office_name": null,
    "office_name_kana": null
  },
  "0076": {
    "postcode": "5020076",
    "prefecture": "岐阜県",
    "prefecture_kana": "ギフケン",
    "prefecture_code": 21,
    "city": "岐阜市",
    "city_kana": "ギフシ",
    "town": "長良友瀬",
    "town_kana": "ナガラトモセ",
    "street": null,
    "office_name": null,
    "office_name_kana": null
  },
  "0077": {
    "postcode": "5020077",
    "prefecture": "岐阜県",
    "prefecture_kana": "ギフケン",
    "prefecture_code": 21,
    "city": "岐阜市",
    "city_kana": "ギフシ",
    "town": "長良奥郷",
    "town_kana": "ナガラオクゴウ",
    "street": null,
    "office_name": null,
    "office_name_kana": null
  },
  "0081": {
    "postcode": "5020081",
    "prefecture": "岐阜県",
    "prefecture_kana": "ギフケン",
    "prefecture_code": 21,
    "city": "岐阜市",
    "city_kana": "ギフシ",
    "town": "長良",
    "town_kana": "ナガラ",
    "street": null,
    "office_name": null,
    "office_name_kana": null
  },
  "0082": {
    "postcode": "5020082",
    "prefecture": "岐阜県",
    "prefecture_kana": "ギフケン",
    "prefecture_code": 21,
    "city": "岐阜市",
    "city_kana": "ギフシ",
    "town": "長良東",
    "town_kana": "ナガラヒガシ",
    "street": null,
    "office_name": null,
    "office_name_kana": null
  },
  "0801": {
    "postcode": "5020801",
    "prefecture": "岐阜県",
    "prefecture_kana": "ギフケン",
    "prefecture_code": 21,
    "city": "岐阜市",
    "city_kana": "ギフシ",
    "town": "椿洞",
    "town_kana": "ツバキボラ",
    "street": null,
    "office_name": null,
    "office_name_kana": null
  },
  "0802": {
    "postcode": "5020802",
    "prefecture": "岐阜県",
    "prefecture_kana": "ギフケン",
    "prefecture_code": 21,
    "city": "岐阜市",
    "city_kana": "ギフシ",
    "town": "打越",
    "town_kana": "ウチコシ",
    "street": null,
    "office_name": null,
    "office_name_kana": null
  },
  "0803": {
    "postcode": "5020803",
    "prefecture": "岐阜県",
    "prefecture_kana": "ギフケン",
    "prefecture_code": 21,
    "city": "岐阜市",
    "city_kana": "ギフシ",
    "town": "上土居",
    "town_kana": "カミツチイ",
    "street": null,
    "office_name": null,
    "office_name_kana": null
  },
  "0811": {
    "postcode": "5020811",
    "prefecture": "岐阜県",
    "prefecture_kana": "ギフケン",
    "prefecture_code": 21,
    "city": "岐阜市",
    "city_kana": "ギフシ",
    "town": "若福町",
    "town_kana": "ワカフクチョウ",
    "street": null,
    "office_name": null,
    "office_name_kana": null
  },
  "0812": {
    "postcode": "5020812",
    "prefecture": "岐阜県",
    "prefecture_kana": "ギフケン",
    "prefecture_code": 21,
    "city": "岐阜市",
    "city_kana": "ギフシ",
    "town": "八代",
    "town_kana": "ヤシロ",
    "street": null,
    "office_name": null,
    "office_name_kana": null
  },
  "0813": {
    "postcode": "5020813",
    "prefecture": "岐阜県",
    "prefecture_kana": "ギフケン",
    "prefecture_code": 21,
    "city": "岐阜市",
    "city_kana": "ギフシ",
    "town": "福光東",
    "town_kana": "フクミツヒガシ",
    "street": null,
    "office_name": null,
    "office_name_kana": null
  },
  "0814": {
    "postcode": "5020814",
    "prefecture": "岐阜県",
    "prefecture_kana": "ギフケン",
    "prefecture_code": 21,
    "city": "岐阜市",
    "city_kana": "ギフシ",
    "town": "福光西",
    "town_kana": "フクミツニシ",
    "street": null,
    "office_name": null,
    "office_name_kana": null
  },
  "0815": {
    "postcode": "5020815",
    "prefecture": "岐阜県",
    "prefecture_kana": "ギフケン",
    "prefecture_code": 21,
    "city": "岐阜市",
    "city_kana": "ギフシ",
    "town": "福光南町",
    "town_kana": "フクミツミナミマチ",
    "street": null,
    "office_name": null,
    "office_name_kana": null
  },
  "0816": {
    "postcode": "5020816",
    "prefecture": "岐阜県",
    "prefecture_kana": "ギフケン",
    "prefecture_code": 21,
    "city": "岐阜市",
    "city_kana": "ギフシ",
    "town": "道三町",
    "town_kana": "ドウサンチョウ",
    "street": null,
    "office_name": null,
    "office_name_kana": null
  },
  "0817": {
    "postcode": "5020817",
    "prefecture": "岐阜県",
    "prefecture_kana": "ギフケン",
    "prefecture_code": 21,
    "city": "岐阜市",
    "city_kana": "ギフシ",
    "town": "長良福光",
    "town_kana": "ナガラフクミツ",
    "street": null,
    "office_name": null,
    "office_name_kana": null
  },
  "0821": {
    "postcode": "5020821",
    "prefecture": "岐阜県",
    "prefecture_kana": "ギフケン",
    "prefecture_code": 21,
    "city": "岐阜市",
    "city_kana": "ギフシ",
    "town": "太平町",
    "town_kana": "タイヘイチョウ",
    "street": null,
    "office_name": null,
    "office_name_kana": null
  },
  "0822": {
    "postcode": "5020822",
    "prefecture": "岐阜県",
    "prefecture_kana": "ギフケン",
    "prefecture_code": 21,
    "city": "岐阜市",
    "city_kana": "ギフシ",
    "town": "福田町",
    "town_kana": "フクタマチ",
    "street": null,
    "office_name": null,
    "office_name_kana": null
  },
  "0823": {
    "postcode": "5020823",
    "prefecture": "岐阜県",
    "prefecture_kana": "ギフケン",
    "prefecture_code": 21,
    "city": "岐阜市",
    "city_kana": "ギフシ",
    "town": "光栄町",
    "town_kana": "コウエイチョウ",
    "street": null,
    "office_name": null,
    "office_name_kana": null
  },
  "0824": {
    "postcode": "5020824",
    "prefecture": "岐阜県",
    "prefecture_kana": "ギフケン",
    "prefecture_code": 21,
    "city": "岐阜市",
    "city_kana": "ギフシ",
    "town": "花ノ木町",
    "town_kana": "ハナノキチョウ",
    "street": null,
    "office_name": null,
    "office_name_kana": null
  },
  "0825": {
    "postcode": "5020825",
    "prefecture": "岐阜県",
    "prefecture_kana": "ギフケン",
    "prefecture_code": 21,
    "city": "岐阜市",
    "city_kana": "ギフシ",
    "town": "初日町",
    "town_kana": "ハツヒマチ",
    "street": null,
    "office_name": null,
    "office_name_kana": null
  },
  "0826": {
    "postcode": "5020826",
    "prefecture": "岐阜県",
    "prefecture_kana": "ギフケン",
    "prefecture_code": 21,
    "city": "岐阜市",
    "city_kana": "ギフシ",
    "town": "楠町",
    "town_kana": "クスノキチョウ",
    "street": null,
    "office_name": null,
    "office_name_kana": null
  },
  "0827": {
    "postcode": "5020827",
    "prefecture": "岐阜県",
    "prefecture_kana": "ギフケン",
    "prefecture_code": 21,
    "city": "岐阜市",
    "city_kana": "ギフシ",
    "town": "平和通",
    "town_kana": "ヘイワドオリ",
    "street": null,
    "office_name": null,
    "office_name_kana": null
  },
  "0828": {
    "postcode": "5020828",
    "prefecture": "岐阜県",
    "prefecture_kana": "ギフケン",
    "prefecture_code": 21,
    "city": "岐阜市",
    "city_kana": "ギフシ",
    "town": "金華町",
    "town_kana": "キンカチョウ",
    "street": null,
    "office_name": null,
    "office_name_kana": null
  },
  "0829": {
    "postcode": "5020829",
    "prefecture": "岐阜県",
    "prefecture_kana": "ギフケン",
    "prefecture_code": 21,
    "city": "岐阜市",
    "city_kana": "ギフシ",
    "town": "万代町",
    "town_kana": "バンダイチョウ",
    "street": null,
    "office_name": null,
    "office_name_kana": null
  },
  "0831": {
    "postcode": "5020831",
    "prefecture": "岐阜県",
    "prefecture_kana": "ギフケン",
    "prefecture_code": 21,
    "city": "岐阜市",
    "city_kana": "ギフシ",
    "town": "菊水町",
    "town_kana": "キクスイチョウ",
    "street": null,
    "office_name": null,
    "office_name_kana": null
  },
  "0832": {
    "postcode": "5020832",
    "prefecture": "岐阜県",
    "prefecture_kana": "ギフケン",
    "prefecture_code": 21,
    "city": "岐阜市",
    "city_kana": "ギフシ",
    "town": "千代田町",
    "town_kana": "チヨダマチ",
    "street": null,
    "office_name": null,
    "office_name_kana": null
  },
  "0833": {
    "postcode": "5020833",
    "prefecture": "岐阜県",
    "prefecture_kana": "ギフケン",
    "prefecture_code": 21,
    "city": "岐阜市",
    "city_kana": "ギフシ",
    "town": "松風町",
    "town_kana": "マツカゼチョウ",
    "street": null,
    "office_name": null,
    "office_name_kana": null
  },
  "0834": {
    "postcode": "5020834",
    "prefecture": "岐阜県",
    "prefecture_kana": "ギフケン",
    "prefecture_code": 21,
    "city": "岐阜市",
    "city_kana": "ギフシ",
    "town": "養老町",
    "town_kana": "ヨウロウチョウ",
    "street": null,
    "office_name": null,
    "office_name_kana": null
  },
  "0835": {
    "postcode": "5020835",
    "prefecture": "岐阜県",
    "prefecture_kana": "ギフケン",
    "prefecture_code": 21,
    "city": "岐阜市",
    "city_kana": "ギフシ",
    "town": "織田町",
    "town_kana": "オダマチ",
    "street": null,
    "office_name": null,
    "office_name_kana": null
  },
  "0836": {
    "postcode": "5020836",
    "prefecture": "岐阜県",
    "prefecture_kana": "ギフケン",
    "prefecture_code": 21,
    "city": "岐阜市",
    "city_kana": "ギフシ",
    "town": "若竹町",
    "town_kana": "ワカタケチョウ",
    "street": null,
    "office_name": null,
    "office_name_kana": null
  },
  "0837": {
    "postcode": "5020837",
    "prefecture": "岐阜県",
    "prefecture_kana": "ギフケン",
    "prefecture_code": 21,
    "city": "岐阜市",
    "city_kana": "ギフシ",
    "town": "鵜川町",
    "town_kana": "ウカワチョウ",
    "street": null,
    "office_name": null,
    "office_name_kana": null
  },
  "0838": {
    "postcode": "5020838",
    "prefecture": "岐阜県",
    "prefecture_kana": "ギフケン",
    "prefecture_code": 21,
    "city": "岐阜市",
    "city_kana": "ギフシ",
    "town": "長良丘",
    "town_kana": "ナガラオカ",
    "street": null,
    "office_name": null,
    "office_name_kana": null
  },
  "0841": {
    "postcode": "5020841",
    "prefecture": "岐阜県",
    "prefecture_kana": "ギフケン",
    "prefecture_code": 21,
    "city": "岐阜市",
    "city_kana": "ギフシ",
    "town": "学園町",
    "town_kana": "ガクエンチョウ",
    "street": null,
    "office_name": null,
    "office_name_kana": null
  },
  "0842": {
    "postcode": "5020842",
    "prefecture": "岐阜県",
    "prefecture_kana": "ギフケン",
    "prefecture_code": 21,
    "city": "岐阜市",
    "city_kana": "ギフシ",
    "town": "早田",
    "town_kana": "ソウデン",
    "street": null,
    "office_name": null,
    "office_name_kana": null
  },
  "0843": {
    "postcode": "5020843",
    "prefecture": "岐阜県",
    "prefecture_kana": "ギフケン",
    "prefecture_code": 21,
    "city": "岐阜市",
    "city_kana": "ギフシ",
    "town": "早田東町",
    "town_kana": "ソウデンヒガシマチ",
    "street": null,
    "office_name": null,
    "office_name_kana": null
  },
  "0844": {
    "postcode": "5020844",
    "prefecture": "岐阜県",
    "prefecture_kana": "ギフケン",
    "prefecture_code": 21,
    "city": "岐阜市",
    "city_kana": "ギフシ",
    "town": "岩倉町",
    "town_kana": "イワクラチョウ",
    "street": null,
    "office_name": null,
    "office_name_kana": null
  },
  "0845": {
    "postcode": "5020845",
    "prefecture": "岐阜県",
    "prefecture_kana": "ギフケン",
    "prefecture_code": 21,
    "city": "岐阜市",
    "city_kana": "ギフシ",
    "town": "早田町",
    "town_kana": "ソウデンチョウ",
    "street": null,
    "office_name": null,
    "office_name_kana": null
  },
  "0846": {
    "postcode": "5020846",
    "prefecture": "岐阜県",
    "prefecture_kana": "ギフケン",
    "prefecture_code": 21,
    "city": "岐阜市",
    "city_kana": "ギフシ",
    "town": "津島町",
    "town_kana": "ツシマチョウ",
    "street": null,
    "office_name": null,
    "office_name_kana": null
  },
  "0847": {
    "postcode": "5020847",
    "prefecture": "岐阜県",
    "prefecture_kana": "ギフケン",
    "prefecture_code": 21,
    "city": "岐阜市",
    "city_kana": "ギフシ",
    "town": "早田栄町",
    "town_kana": "ソウデンサカエマチ",
    "street": null,
    "office_name": null,
    "office_name_kana": null
  },
  "0848": {
    "postcode": "5020848",
    "prefecture": "岐阜県",
    "prefecture_kana": "ギフケン",
    "prefecture_code": 21,
    "city": "岐阜市",
    "city_kana": "ギフシ",
    "town": "早田本町",
    "town_kana": "ソウデンホンマチ",
    "street": null,
    "office_name": null,
    "office_name_kana": null
  },
  "0849": {
    "postcode": "5020849",
    "prefecture": "岐阜県",
    "prefecture_kana": "ギフケン",
    "prefecture_code": 21,
    "city": "岐阜市",
    "city_kana": "ギフシ",
    "town": "栄新町",
    "town_kana": "サカエシンマチ",
    "street": null,
    "office_name": null,
    "office_name_kana": null
  },
  "0850": {
    "postcode": "5020850",
    "prefecture": "岐阜県",
    "prefecture_kana": "ギフケン",
    "prefecture_code": 21,
    "city": "岐阜市",
    "city_kana": "ギフシ",
    "town": "鷺山東",
    "town_kana": "サギヤマヒガシ",
    "street": null,
    "office_name": null,
    "office_name_kana": null
  },
  "0851": {
    "postcode": "5020851",
    "prefecture": "岐阜県",
    "prefecture_kana": "ギフケン",
    "prefecture_code": 21,
    "city": "岐阜市",
    "city_kana": "ギフシ",
    "town": "鷺山",
    "town_kana": "サギヤマ",
    "street": null,
    "office_name": null,
    "office_name_kana": null
  },
  "0852": {
    "postcode": "5020852",
    "prefecture": "岐阜県",
    "prefecture_kana": "ギフケン",
    "prefecture_code": 21,
    "city": "岐阜市",
    "city_kana": "ギフシ",
    "town": "南蝉",
    "town_kana": "ミナミセミ",
    "street": null,
    "office_name": null,
    "office_name_kana": null
  },
  "0853": {
    "postcode": "5020853",
    "prefecture": "岐阜県",
    "prefecture_kana": "ギフケン",
    "prefecture_code": 21,
    "city": "岐阜市",
    "city_kana": "ギフシ",
    "town": "鷺山清洲町",
    "town_kana": "サギヤマキヨスチョウ",
    "street": null,
    "office_name": null,
    "office_name_kana": null
  },
  "0854": {
    "postcode": "5020854",
    "prefecture": "岐阜県",
    "prefecture_kana": "ギフケン",
    "prefecture_code": 21,
    "city": "岐阜市",
    "city_kana": "ギフシ",
    "town": "鷺山向井町",
    "town_kana": "サギヤマムカイチョウ",
    "street": null,
    "office_name": null,
    "office_name_kana": null
  },
  "0855": {
    "postcode": "5020855",
    "prefecture": "岐阜県",
    "prefecture_kana": "ギフケン",
    "prefecture_code": 21,
    "city": "岐阜市",
    "city_kana": "ギフシ",
    "town": "鷺山緑ケ丘",
    "town_kana": "サギヤマミドリガオカ",
    "street": null,
    "office_name": null,
    "office_name_kana": null
  },
  "0856": {
    "postcode": "5020856",
    "prefecture": "岐阜県",
    "prefecture_kana": "ギフケン",
    "prefecture_code": 21,
    "city": "岐阜市",
    "city_kana": "ギフシ",
    "town": "鷺山緑ケ丘新町",
    "town_kana": "サギヤマミドリガオカシンマチ",
    "street": null,
    "office_name": null,
    "office_name_kana": null
  },
  "0857": {
    "postcode": "5020857",
    "prefecture": "岐阜県",
    "prefecture_kana": "ギフケン",
    "prefecture_code": 21,
    "city": "岐阜市",
    "city_kana": "ギフシ",
    "town": "正木",
    "town_kana": "マサキ",
    "street": null,
    "office_name": null,
    "office_name_kana": null
  },
  "0858": {
    "postcode": "5020858",
    "prefecture": "岐阜県",
    "prefecture_kana": "ギフケン",
    "prefecture_code": 21,
    "city": "岐阜市",
    "city_kana": "ギフシ",
    "town": "下土居",
    "town_kana": "シモツチイ",
    "street": null,
    "office_name": null,
    "office_name_kana": null
  },
  "0859": {
    "postcode": "5020859",
    "prefecture": "岐阜県",
    "prefecture_kana": "ギフケン",
    "prefecture_code": 21,
    "city": "岐阜市",
    "city_kana": "ギフシ",
    "town": "城田寺",
    "town_kana": "キダイジ",
    "street": null,
    "office_name": null,
    "office_name_kana": null
  },
  "0861": {
    "postcode": "5020861",
    "prefecture": "岐阜県",
    "prefecture_kana": "ギフケン",
    "prefecture_code": 21,
    "city": "岐阜市",
    "city_kana": "ギフシ",
    "town": "上城田寺南",
    "town_kana": "カミキダイジミナミ",
    "street": null,
    "office_name": null,
    "office_name_kana": null
  },
  "0862": {
    "postcode": "5020862",
    "prefecture": "岐阜県",
    "prefecture_kana": "ギフケン",
    "prefecture_code": 21,
    "city": "岐阜市",
    "city_kana": "ギフシ",
    "town": "上城田寺中",
    "town_kana": "カミキダイジナカ",
    "street": null,
    "office_name": null,
    "office_name_kana": null
  },
  "0863": {
    "postcode": "5020863",
    "prefecture": "岐阜県",
    "prefecture_kana": "ギフケン",
    "prefecture_code": 21,
    "city": "岐阜市",
    "city_kana": "ギフシ",
    "town": "上城田寺西",
    "town_kana": "カミキダイジニシ",
    "street": null,
    "office_name": null,
    "office_name_kana": null
  },
  "0864": {
    "postcode": "5020864",
    "prefecture": "岐阜県",
    "prefecture_kana": "ギフケン",
    "prefecture_code": 21,
    "city": "岐阜市",
    "city_kana": "ギフシ",
    "town": "上城田寺東",
    "town_kana": "カミキダイジヒガシ",
    "street": null,
    "office_name": null,
    "office_name_kana": null
  },
  "0865": {
    "postcode": "5020865",
    "prefecture": "岐阜県",
    "prefecture_kana": "ギフケン",
    "prefecture_code": 21,
    "city": "岐阜市",
    "city_kana": "ギフシ",
    "town": "正木西町",
    "town_kana": "マサキニシマチ",
    "street": null,
    "office_name": null,
    "office_name_kana": null
  },
  "0866": {
    "postcode": "5020866",
    "prefecture": "岐阜県",
    "prefecture_kana": "ギフケン",
    "prefecture_code": 21,
    "city": "岐阜市",
    "city_kana": "ギフシ",
    "town": "正木南",
    "town_kana": "マサキミナミ",
    "street": null,
    "office_name": null,
    "office_name_kana": null
  },
  "0867": {
    "postcode": "5020867",
    "prefecture": "岐阜県",
    "prefecture_kana": "ギフケン",
    "prefecture_code": 21,
    "city": "岐阜市",
    "city_kana": "ギフシ",
    "town": "鷺山南",
    "town_kana": "サギヤマミナミ",
    "street": null,
    "office_name": null,
    "office_name_kana": null
  },
  "0871": {
    "postcode": "5020871",
    "prefecture": "岐阜県",
    "prefecture_kana": "ギフケン",
    "prefecture_code": 21,
    "city": "岐阜市",
    "city_kana": "ギフシ",
    "town": "鷺山新町",
    "town_kana": "サギヤマシンマチ",
    "street": null,
    "office_name": null,
    "office_name_kana": null
  },
  "0872": {
    "postcode": "5020872",
    "prefecture": "岐阜県",
    "prefecture_kana": "ギフケン",
    "prefecture_code": 21,
    "city": "岐阜市",
    "city_kana": "ギフシ",
    "town": "鷺山北町",
    "town_kana": "サギヤマキタマチ",
    "street": null,
    "office_name": null,
    "office_name_kana": null
  },
  "0881": {
    "postcode": "5020881",
    "prefecture": "岐阜県",
    "prefecture_kana": "ギフケン",
    "prefecture_code": 21,
    "city": "岐阜市",
    "city_kana": "ギフシ",
    "town": "正木北町",
    "town_kana": "マサキキタマチ",
    "street": null,
    "office_name": null,
    "office_name_kana": null
  },
  "0882": {
    "postcode": "5020882",
    "prefecture": "岐阜県",
    "prefecture_kana": "ギフケン",
    "prefecture_code": 21,
    "city": "岐阜市",
    "city_kana": "ギフシ",
    "town": "正木中",
    "town_kana": "マサキナカ",
    "street": null,
    "office_name": null,
    "office_name_kana": null
  },
  "0901": {
    "postcode": "5020901",
    "prefecture": "岐阜県",
    "prefecture_kana": "ギフケン",
    "prefecture_code": 21,
    "city": "岐阜市",
    "city_kana": "ギフシ",
    "town": "光町",
    "town_kana": "ヒカリマチ",
    "street": null,
    "office_name": null,
    "office_name_kana": null
  },
  "0902": {
    "postcode": "5020902",
    "prefecture": "岐阜県",
    "prefecture_kana": "ギフケン",
    "prefecture_code": 21,
    "city": "岐阜市",
    "city_kana": "ギフシ",
    "town": "早田大通",
    "town_kana": "ソウデンオオドオリ",
    "street": null,
    "office_name": null,
    "office_name_kana": null
  },
  "0903": {
    "postcode": "5020903",
    "prefecture": "岐阜県",
    "prefecture_kana": "ギフケン",
    "prefecture_code": 21,
    "city": "岐阜市",
    "city_kana": "ギフシ",
    "town": "美島町",
    "town_kana": "ミシマチョウ",
    "street": null,
    "office_name": null,
    "office_name_kana": null
  },
  "0904": {
    "postcode": "5020904",
    "prefecture": "岐阜県",
    "prefecture_kana": "ギフケン",
    "prefecture_code": 21,
    "city": "岐阜市",
    "city_kana": "ギフシ",
    "town": "島栄町",
    "town_kana": "シマサカエマチ",
    "street": null,
    "office_name": null,
    "office_name_kana": null
  },
  "0905": {
    "postcode": "5020905",
    "prefecture": "岐阜県",
    "prefecture_kana": "ギフケン",
    "prefecture_code": 21,
    "city": "岐阜市",
    "city_kana": "ギフシ",
    "town": "山吹町",
    "town_kana": "ヤマブキチョウ",
    "street": null,
    "office_name": null,
    "office_name_kana": null
  },
  "0906": {
    "postcode": "5020906",
    "prefecture": "岐阜県",
    "prefecture_kana": "ギフケン",
    "prefecture_code": 21,
    "city": "岐阜市",
    "city_kana": "ギフシ",
    "town": "池ノ上町",
    "town_kana": "イケノウエチョウ",
    "street": null,
    "office_name": null,
    "office_name_kana": null
  },
  "0907": {
    "postcode": "5020907",
    "prefecture": "岐阜県",
    "prefecture_kana": "ギフケン",
    "prefecture_code": 21,
    "city": "岐阜市",
    "city_kana": "ギフシ",
    "town": "島新町",
    "town_kana": "シマシンマチ",
    "street": null,
    "office_name": null,
    "office_name_kana": null
  },
  "0908": {
    "postcode": "5020908",
    "prefecture": "岐阜県",
    "prefecture_kana": "ギフケン",
    "prefecture_code": 21,
    "city": "岐阜市",
    "city_kana": "ギフシ",
    "town": "近島",
    "town_kana": "ゴンノシマ",
    "street": null,
    "office_name": null,
    "office_name_kana": null
  },
  "0909": {
    "postcode": "5020909",
    "prefecture": "岐阜県",
    "prefecture_kana": "ギフケン",
    "prefecture_code": 21,
    "city": "岐阜市",
    "city_kana": "ギフシ",
    "town": "白菊町",
    "town_kana": "シラギクチョウ",
    "street": null,
    "office_name": null,
    "office_name_kana": null
  },
  "0911": {
    "postcode": "5020911",
    "prefecture": "岐阜県",
    "prefecture_kana": "ギフケン",
    "prefecture_code": 21,
    "city": "岐阜市",
    "city_kana": "ギフシ",
    "town": "北島",
    "town_kana": "キタジマ",
    "street": null,
    "office_name": null,
    "office_name_kana": null
  },
  "0912": {
    "postcode": "5020912",
    "prefecture": "岐阜県",
    "prefecture_kana": "ギフケン",
    "prefecture_code": 21,
    "city": "岐阜市",
    "city_kana": "ギフシ",
    "town": "西島町",
    "town_kana": "ニシジマチョウ",
    "street": null,
    "office_name": null,
    "office_name_kana": null
  },
  "0913": {
    "postcode": "5020913",
    "prefecture": "岐阜県",
    "prefecture_kana": "ギフケン",
    "prefecture_code": 21,
    "city": "岐阜市",
    "city_kana": "ギフシ",
    "town": "東島",
    "town_kana": "ヒガシジマ",
    "street": null,
    "office_name": null,
    "office_name_kana": null
  },
  "0914": {
    "postcode": "5020914",
    "prefecture": "岐阜県",
    "prefecture_kana": "ギフケン",
    "prefecture_code": 21,
    "city": "岐阜市",
    "city_kana": "ギフシ",
    "town": "菅生",
    "town_kana": "スゴウ",
    "street": null,
    "office_name": null,
    "office_name_kana": null
  },
  "0915": {
    "postcode": "5020915",
    "prefecture": "岐阜県",
    "prefecture_kana": "ギフケン",
    "prefecture_code": 21,
    "city": "岐阜市",
    "city_kana": "ギフシ",
    "town": "江口",
    "town_kana": "エグチ",
    "street": null,
    "office_name": null,
    "office_name_kana": null
  },
  "0916": {
    "postcode": "5020916",
    "prefecture": "岐阜県",
    "prefecture_kana": "ギフケン",
    "prefecture_code": 21,
    "city": "岐阜市",
    "city_kana": "ギフシ",
    "town": "西中島",
    "town_kana": "ニシナカジマ",
    "street": null,
    "office_name": null,
    "office_name_kana": null
  },
  "0917": {
    "postcode": "5020917",
    "prefecture": "岐阜県",
    "prefecture_kana": "ギフケン",
    "prefecture_code": 21,
    "city": "岐阜市",
    "city_kana": "ギフシ",
    "town": "島田",
    "town_kana": "シマダ",
    "street": null,
    "office_name": null,
    "office_name_kana": null
  },
  "0921": {
    "postcode": "5020921",
    "prefecture": "岐阜県",
    "prefecture_kana": "ギフケン",
    "prefecture_code": 21,
    "city": "岐阜市",
    "city_kana": "ギフシ",
    "town": "守口町",
    "town_kana": "モリグチチョウ",
    "street": null,
    "office_name": null,
    "office_name_kana": null
  },
  "0922": {
    "postcode": "5020922",
    "prefecture": "岐阜県",
    "prefecture_kana": "ギフケン",
    "prefecture_code": 21,
    "city": "岐阜市",
    "city_kana": "ギフシ",
    "town": "明神町",
    "town_kana": "ミョウジンチョウ",
    "street": null,
    "office_name": null,
    "office_name_kana": null
  },
  "0923": {
    "postcode": "5020923",
    "prefecture": "岐阜県",
    "prefecture_kana": "ギフケン",
    "prefecture_code": 21,
    "city": "岐阜市",
    "city_kana": "ギフシ",
    "town": "宮浦町",
    "town_kana": "ミヤウラチョウ",
    "street": null,
    "office_name": null,
    "office_name_kana": null
  },
  "0924": {
    "postcode": "5020924",
    "prefecture": "岐阜県",
    "prefecture_kana": "ギフケン",
    "prefecture_code": 21,
    "city": "岐阜市",
    "city_kana": "ギフシ",
    "town": "旦島宮町",
    "town_kana": "ダンノシマミヤマチ",
    "street": null,
    "office_name": null,
    "office_name_kana": null
  },
  "0925": {
    "postcode": "5020925",
    "prefecture": "岐阜県",
    "prefecture_kana": "ギフケン",
    "prefecture_code": 21,
    "city": "岐阜市",
    "city_kana": "ギフシ",
    "town": "旦島中町",
    "town_kana": "ダンノシマナカマチ",
    "street": null,
    "office_name": null,
    "office_name_kana": null
  },
  "0926": {
    "postcode": "5020926",
    "prefecture": "岐阜県",
    "prefecture_kana": "ギフケン",
    "prefecture_code": 21,
    "city": "岐阜市",
    "city_kana": "ギフシ",
    "town": "旦島",
    "town_kana": "ダンノシマ",
    "street": null,
    "office_name": null,
    "office_name_kana": null
  },
  "0927": {
    "postcode": "5020927",
    "prefecture": "岐阜県",
    "prefecture_kana": "ギフケン",
    "prefecture_code": 21,
    "city": "岐阜市",
    "city_kana": "ギフシ",
    "town": "旦島西町",
    "town_kana": "ダンノシマニシマチ",
    "street": null,
    "office_name": null,
    "office_name_kana": null
  },
  "0928": {
    "postcode": "5020928",
    "prefecture": "岐阜県",
    "prefecture_kana": "ギフケン",
    "prefecture_code": 21,
    "city": "岐阜市",
    "city_kana": "ギフシ",
    "town": "旦島中",
    "town_kana": "ダンノシマナカ",
    "street": null,
    "office_name": null,
    "office_name_kana": null
  },
  "0929": {
    "postcode": "5020929",
    "prefecture": "岐阜県",
    "prefecture_kana": "ギフケン",
    "prefecture_code": 21,
    "city": "岐阜市",
    "city_kana": "ギフシ",
    "town": "則武東",
    "town_kana": "ノリタケヒガシ",
    "street": null,
    "office_name": null,
    "office_name_kana": null
  },
  "0931": {
    "postcode": "5020931",
    "prefecture": "岐阜県",
    "prefecture_kana": "ギフケン",
    "prefecture_code": 21,
    "city": "岐阜市",
    "city_kana": "ギフシ",
    "town": "則武",
    "town_kana": "ノリタケ",
    "street": null,
    "office_name": null,
    "office_name_kana": null
  },
  "0932": {
    "postcode": "5020932",
    "prefecture": "岐阜県",
    "prefecture_kana": "ギフケン",
    "prefecture_code": 21,
    "city": "岐阜市",
    "city_kana": "ギフシ",
    "town": "則武中",
    "town_kana": "ノリタケナカ",
    "street": null,
    "office_name": null,
    "office_name_kana": null
  },
  "0933": {
    "postcode": "5020933",
    "prefecture": "岐阜県",
    "prefecture_kana": "ギフケン",
    "prefecture_code": 21,
    "city": "岐阜市",
    "city_kana": "ギフシ",
    "town": "日光町",
    "town_kana": "ニッコウチョウ",
    "street": null,
    "office_name": null,
    "office_name_kana": null
  },
  "0934": {
    "postcode": "5020934",
    "prefecture": "岐阜県",
    "prefecture_kana": "ギフケン",
    "prefecture_code": 21,
    "city": "岐阜市",
    "city_kana": "ギフシ",
    "town": "大福町",
    "town_kana": "ダイフクチョウ",
    "street": null,
    "office_name": null,
    "office_name_kana": null
  },
  "0935": {
    "postcode": "5020935",
    "prefecture": "岐阜県",
    "prefecture_kana": "ギフケン",
    "prefecture_code": 21,
    "city": "岐阜市",
    "city_kana": "ギフシ",
    "town": "萱場東町",
    "town_kana": "カヤバヒガシマチ",
    "street": null,
    "office_name": null,
    "office_name_kana": null
  },
  "0936": {
    "postcode": "5020936",
    "prefecture": "岐阜県",
    "prefecture_kana": "ギフケン",
    "prefecture_code": 21,
    "city": "岐阜市",
    "city_kana": "ギフシ",
    "town": "萱場南",
    "town_kana": "カヤバミナミ",
    "street": null,
    "office_name": null,
    "office_name_kana": null
  },
  "0937": {
    "postcode": "5020937",
    "prefecture": "岐阜県",
    "prefecture_kana": "ギフケン",
    "prefecture_code": 21,
    "city": "岐阜市",
    "city_kana": "ギフシ",
    "town": "萱場町",
    "town_kana": "カヤバチョウ",
    "street": null,
    "office_name": null,
    "office_name_kana": null
  },
  "0938": {
    "postcode": "5020938",
    "prefecture": "岐阜県",
    "prefecture_kana": "ギフケン",
    "prefecture_code": 21,
    "city": "岐阜市",
    "city_kana": "ギフシ",
    "town": "萱場北町",
    "town_kana": "カヤバキタマチ",
    "street": null,
    "office_name": null,
    "office_name_kana": null
  },
  "0939": {
    "postcode": "5020939",
    "prefecture": "岐阜県",
    "prefecture_kana": "ギフケン",
    "prefecture_code": 21,
    "city": "岐阜市",
    "city_kana": "ギフシ",
    "town": "則武西",
    "town_kana": "ノリタケニシ",
    "street": null,
    "office_name": null,
    "office_name_kana": null
  },
  "8501": {
    "postcode": "5028501",
    "prefecture": "岐阜県",
    "prefecture_kana": "ギフケン",
    "prefecture_code": 21,
    "city": "岐阜市",
    "city_kana": "ギフシ",
    "town": "正木",
    "town_kana": "マサキ",
    "street": "中１−１−１",
    "office_name": "カワボウ　株式会社",
    "office_name_kana": "カワボウ カブシキカイシヤ"
  },
  "8503": {
    "postcode": "5028503",
    "prefecture": "岐阜県",
    "prefecture_kana": "ギフケン",
    "prefecture_code": 21,
    "city": "岐阜市",
    "city_kana": "ギフシ",
    "town": "学園町",
    "town_kana": "ガクエンチョウ",
    "street": "２−３３",
    "office_name": "岐阜県障がい者総合就労支援センター、ぎふ木遊館",
    "office_name_kana": "ギフケンシヨウガイシヤソウゴウシユウロウシエンセンタ-、ギフモクユウカン"
  },
  "8511": {
    "postcode": "5028511",
    "prefecture": "岐阜県",
    "prefecture_kana": "ギフケン",
    "prefecture_code": 21,
    "city": "岐阜市",
    "city_kana": "ギフシ",
    "town": "岩倉町",
    "town_kana": "イワクラチョウ",
    "street": "３丁目３６",
    "office_name": "岐阜赤十字病院",
    "office_name_kana": "ギフセキジユウジビヨウイン"
  },
  "8521": {
    "postcode": "5028521",
    "prefecture": "岐阜県",
    "prefecture_kana": "ギフケン",
    "prefecture_code": 21,
    "city": "岐阜市",
    "city_kana": "ギフシ",
    "town": "正木",
    "town_kana": "マサキ",
    "street": "中１−２−１",
    "office_name": "カワボウ　株式会社",
    "office_name_kana": "カワボウ カブシキカイシヤ"
  },
  "8558": {
    "postcode": "5028558",
    "prefecture": "岐阜県",
    "prefecture_kana": "ギフケン",
    "prefecture_code": 21,
    "city": "岐阜市",
    "city_kana": "ギフシ",
    "town": "長良",
    "town_kana": "ナガラ",
    "street": "１３００番地７番",
    "office_name": "独立行政法人国立病院機構長良医療センター",
    "office_name_kana": "ドクリツギヨウセイホウジン コクリツビヨウインキコウナガライリヨウセンタ-"
  },
  "8567": {
    "postcode": "5028567",
    "prefecture": "岐阜県",
    "prefecture_kana": "ギフケン",
    "prefecture_code": 21,
    "city": "岐阜市",
    "city_kana": "ギフシ",
    "town": "長良",
    "town_kana": "ナガラ",
    "street": "６４８",
    "office_name": "株式会社　岐阜グランドホテル",
    "office_name_kana": "カブシキガイシヤ ギフグランドホテル"
  },
  "8585": {
    "postcode": "5028585",
    "prefecture": "岐阜県",
    "prefecture_kana": "ギフケン",
    "prefecture_code": 21,
    "city": "岐阜市",
    "city_kana": "ギフシ",
    "town": "三田洞東",
    "town_kana": "ミタホラヒガシ",
    "street": "５丁目６−１",
    "office_name": "岐阜薬科大学　三田洞キャンパス",
    "office_name_kana": "ギフヤツカダイガク ミタホラキヤンパス"
  },
  "8792": {
    "postcode": "5028792",
    "prefecture": "岐阜県",
    "prefecture_kana": "ギフケン",
    "prefecture_code": 21,
    "city": "岐阜市",
    "city_kana": "ギフシ",
    "town": "鷺山",
    "town_kana": "サギヤマ",
    "street": "１７６９−３",
    "office_name": "岐阜サービスセンター",
    "office_name_kana": "ギフサ-ビスセンタ-"
  }
}