{
  "0000": {
    "postcode": "5220000",
    "prefecture": "滋賀県",
    "prefecture_kana": "シガケン",
    "prefecture_code": 25,
    "city": "彦根市",
    "city_kana": "ヒコネシ",
    "town": "",
    "town_kana": "",
    "street": null,
    "office_name": null,
    "office_name_kana": null
  },
  "0001": {
    "postcode": "5220001",
    "prefecture": "滋賀県",
    "prefecture_kana": "シガケン",
    "prefecture_code": 25,
    "city": "彦根市",
    "city_kana": "ヒコネシ",
    "town": "尾末町",
    "town_kana": "オスエチョウ",
    "street": null,
    "office_name": null,
    "office_name_kana": null
  },
  "0002": [
    {
      "postcode": "5220002",
      "prefecture": "滋賀県",
      "prefecture_kana": "シガケン",
      "prefecture_code": 25,
      "city": "彦根市",
      "city_kana": "ヒコネシ",
      "town": "松原",
      "town_kana": "マツバラ",
      "street": null,
      "office_name": null,
      "office_name_kana": null
    },
    {
      "postcode": "5220002",
      "prefecture": "滋賀県",
      "prefecture_kana": "シガケン",
      "prefecture_code": 25,
      "city": "彦根市",
      "city_kana": "ヒコネシ",
      "town": "松原町",
      "town_kana": "マツバラチョウ",
      "street": null,
      "office_name": null,
      "office_name_kana": null
    }
  ],
  "0003": {
    "postcode": "5220003",
    "prefecture": "滋賀県",
    "prefecture_kana": "シガケン",
    "prefecture_code": 25,
    "city": "彦根市",
    "city_kana": "ヒコネシ",
    "town": "宮田町",
    "town_kana": "ミヤタチョウ",
    "street": null,
    "office_name": null,
    "office_name_kana": null
  },
  "0004": {
    "postcode": "5220004",
    "prefecture": "滋賀県",
    "prefecture_kana": "シガケン",
    "prefecture_code": 25,
    "city": "彦根市",
    "city_kana": "ヒコネシ",
    "town": "鳥居本町",
    "town_kana": "トリイモトチョウ",
    "street": null,
    "office_name": null,
    "office_name_kana": null
  },
  "0005": {
    "postcode": "5220005",
    "prefecture": "滋賀県",
    "prefecture_kana": "シガケン",
    "prefecture_code": 25,
    "city": "彦根市",
    "city_kana": "ヒコネシ",
    "town": "小野町",
    "town_kana": "オノチョウ",
    "street": null,
    "office_name": null,
    "office_name_kana": null
  },
  "0006": {
    "postcode": "5220006",
    "prefecture": "滋賀県",
    "prefecture_kana": "シガケン",
    "prefecture_code": 25,
    "city": "彦根市",
    "city_kana": "ヒコネシ",
    "town": "佐和山町",
    "town_kana": "サワヤマチョウ",
    "street": null,
    "office_name": null,
    "office_name_kana": null
  },
  "0007": {
    "postcode": "5220007",
    "prefecture": "滋賀県",
    "prefecture_kana": "シガケン",
    "prefecture_code": 25,
    "city": "彦根市",
    "city_kana": "ヒコネシ",
    "town": "古沢町",
    "town_kana": "フルサワチョウ",
    "street": null,
    "office_name": null,
    "office_name_kana": null
  },
  "0008": {
    "postcode": "5220008",
    "prefecture": "滋賀県",
    "prefecture_kana": "シガケン",
    "prefecture_code": 25,
    "city": "彦根市",
    "city_kana": "ヒコネシ",
    "town": "安清東町",
    "town_kana": "ヤスキヨヒガシマチ",
    "street": null,
    "office_name": null,
    "office_name_kana": null
  },
  "0009": {
    "postcode": "5220009",
    "prefecture": "滋賀県",
    "prefecture_kana": "シガケン",
    "prefecture_code": 25,
    "city": "彦根市",
    "city_kana": "ヒコネシ",
    "town": "外町",
    "town_kana": "トマチ",
    "street": null,
    "office_name": null,
    "office_name_kana": null
  },
  "0010": {
    "postcode": "5220010",
    "prefecture": "滋賀県",
    "prefecture_kana": "シガケン",
    "prefecture_code": 25,
    "city": "彦根市",
    "city_kana": "ヒコネシ",
    "town": "駅東町",
    "town_kana": "エキヒガシチョウ",
    "street": null,
    "office_name": null,
    "office_name_kana": null
  },
  "0011": {
    "postcode": "5220011",
    "prefecture": "滋賀県",
    "prefecture_kana": "シガケン",
    "prefecture_code": 25,
    "city": "彦根市",
    "city_kana": "ヒコネシ",
    "town": "下矢倉町",
    "town_kana": "シモヤグラチョウ",
    "street": null,
    "office_name": null,
    "office_name_kana": null
  },
  "0012": {
    "postcode": "5220012",
    "prefecture": "滋賀県",
    "prefecture_kana": "シガケン",
    "prefecture_code": 25,
    "city": "彦根市",
    "city_kana": "ヒコネシ",
    "town": "甲田町",
    "town_kana": "コウタチョウ",
    "street": null,
    "office_name": null,
    "office_name_kana": null
  },
  "0013": {
    "postcode": "5220013",
    "prefecture": "滋賀県",
    "prefecture_kana": "シガケン",
    "prefecture_code": 25,
    "city": "彦根市",
    "city_kana": "ヒコネシ",
    "town": "中山町",
    "town_kana": "ナカヤマチョウ",
    "street": null,
    "office_name": null,
    "office_name_kana": null
  },
  "0014": {
    "postcode": "5220014",
    "prefecture": "滋賀県",
    "prefecture_kana": "シガケン",
    "prefecture_code": 25,
    "city": "彦根市",
    "city_kana": "ヒコネシ",
    "town": "善谷町",
    "town_kana": "ゼンダニチョウ",
    "street": null,
    "office_name": null,
    "office_name_kana": null
  },
  "0015": {
    "postcode": "5220015",
    "prefecture": "滋賀県",
    "prefecture_kana": "シガケン",
    "prefecture_code": 25,
    "city": "彦根市",
    "city_kana": "ヒコネシ",
    "town": "荘厳寺町",
    "town_kana": "ショウゴンジチョウ",
    "street": null,
    "office_name": null,
    "office_name_kana": null
  },
  "0016": {
    "postcode": "5220016",
    "prefecture": "滋賀県",
    "prefecture_kana": "シガケン",
    "prefecture_code": 25,
    "city": "彦根市",
    "city_kana": "ヒコネシ",
    "town": "武奈町",
    "town_kana": "ブナチョウ",
    "street": null,
    "office_name": null,
    "office_name_kana": null
  },
  "0017": {
    "postcode": "5220017",
    "prefecture": "滋賀県",
    "prefecture_kana": "シガケン",
    "prefecture_code": 25,
    "city": "彦根市",
    "city_kana": "ヒコネシ",
    "town": "男鬼町",
    "town_kana": "オオリチョウ",
    "street": null,
    "office_name": null,
    "office_name_kana": null
  },
  "0018": {
    "postcode": "5220018",
    "prefecture": "滋賀県",
    "prefecture_kana": "シガケン",
    "prefecture_code": 25,
    "city": "彦根市",
    "city_kana": "ヒコネシ",
    "town": "仏生寺町",
    "town_kana": "ブツショウジチョウ",
    "street": null,
    "office_name": null,
    "office_name_kana": null
  },
  "0019": {
    "postcode": "5220019",
    "prefecture": "滋賀県",
    "prefecture_kana": "シガケン",
    "prefecture_code": 25,
    "city": "彦根市",
    "city_kana": "ヒコネシ",
    "town": "笹尾町",
    "town_kana": "ササオチョウ",
    "street": null,
    "office_name": null,
    "office_name_kana": null
  },
  "0021": {
    "postcode": "5220021",
    "prefecture": "滋賀県",
    "prefecture_kana": "シガケン",
    "prefecture_code": 25,
    "city": "彦根市",
    "city_kana": "ヒコネシ",
    "town": "幸町",
    "town_kana": "サイワイチョウ",
    "street": null,
    "office_name": null,
    "office_name_kana": null
  },
  "0022": {
    "postcode": "5220022",
    "prefecture": "滋賀県",
    "prefecture_kana": "シガケン",
    "prefecture_code": 25,
    "city": "彦根市",
    "city_kana": "ヒコネシ",
    "town": "里根町",
    "town_kana": "サトネチョウ",
    "street": null,
    "office_name": null,
    "office_name_kana": null
  },
  "0023": {
    "postcode": "5220023",
    "prefecture": "滋賀県",
    "prefecture_kana": "シガケン",
    "prefecture_code": 25,
    "city": "彦根市",
    "city_kana": "ヒコネシ",
    "town": "原町",
    "town_kana": "ハラチョウ",
    "street": null,
    "office_name": null,
    "office_name_kana": null
  },
  "0024": {
    "postcode": "5220024",
    "prefecture": "滋賀県",
    "prefecture_kana": "シガケン",
    "prefecture_code": 25,
    "city": "彦根市",
    "city_kana": "ヒコネシ",
    "town": "正法寺町",
    "town_kana": "ショウボウジチョウ",
    "street": null,
    "office_name": null,
    "office_name_kana": null
  },
  "0025": {
    "postcode": "5220025",
    "prefecture": "滋賀県",
    "prefecture_kana": "シガケン",
    "prefecture_code": 25,
    "city": "彦根市",
    "city_kana": "ヒコネシ",
    "town": "野田山町",
    "town_kana": "ノダヤマチョウ",
    "street": null,
    "office_name": null,
    "office_name_kana": null
  },
  "0026": {
    "postcode": "5220026",
    "prefecture": "滋賀県",
    "prefecture_kana": "シガケン",
    "prefecture_code": 25,
    "city": "彦根市",
    "city_kana": "ヒコネシ",
    "town": "大堀町",
    "town_kana": "オオボリチョウ",
    "street": null,
    "office_name": null,
    "office_name_kana": null
  },
  "0027": {
    "postcode": "5220027",
    "prefecture": "滋賀県",
    "prefecture_kana": "シガケン",
    "prefecture_code": 25,
    "city": "彦根市",
    "city_kana": "ヒコネシ",
    "town": "東沼波町",
    "town_kana": "ヒガシノナミチョウ",
    "street": null,
    "office_name": null,
    "office_name_kana": null
  },
  "0029": {
    "postcode": "5220029",
    "prefecture": "滋賀県",
    "prefecture_kana": "シガケン",
    "prefecture_code": 25,
    "city": "彦根市",
    "city_kana": "ヒコネシ",
    "town": "地蔵町",
    "town_kana": "ジゾウチョウ",
    "street": null,
    "office_name": null,
    "office_name_kana": null
  },
  "0031": {
    "postcode": "5220031",
    "prefecture": "滋賀県",
    "prefecture_kana": "シガケン",
    "prefecture_code": 25,
    "city": "彦根市",
    "city_kana": "ヒコネシ",
    "town": "芹中町",
    "town_kana": "セリナカマチ",
    "street": null,
    "office_name": null,
    "office_name_kana": null
  },
  "0032": {
    "postcode": "5220032",
    "prefecture": "滋賀県",
    "prefecture_kana": "シガケン",
    "prefecture_code": 25,
    "city": "彦根市",
    "city_kana": "ヒコネシ",
    "town": "芹町",
    "town_kana": "セリマチ",
    "street": null,
    "office_name": null,
    "office_name_kana": null
  },
  "0033": {
    "postcode": "5220033",
    "prefecture": "滋賀県",
    "prefecture_kana": "シガケン",
    "prefecture_code": 25,
    "city": "彦根市",
    "city_kana": "ヒコネシ",
    "town": "芹川町",
    "town_kana": "セリカワチョウ",
    "street": null,
    "office_name": null,
    "office_name_kana": null
  },
  "0034": {
    "postcode": "5220034",
    "prefecture": "滋賀県",
    "prefecture_kana": "シガケン",
    "prefecture_code": 25,
    "city": "彦根市",
    "city_kana": "ヒコネシ",
    "town": "大橋町",
    "town_kana": "オオハシマチ",
    "street": null,
    "office_name": null,
    "office_name_kana": null
  },
  "0035": {
    "postcode": "5220035",
    "prefecture": "滋賀県",
    "prefecture_kana": "シガケン",
    "prefecture_code": 25,
    "city": "彦根市",
    "city_kana": "ヒコネシ",
    "town": "元岡町",
    "town_kana": "モトオカマチ",
    "street": null,
    "office_name": null,
    "office_name_kana": null
  },
  "0036": {
    "postcode": "5220036",
    "prefecture": "滋賀県",
    "prefecture_kana": "シガケン",
    "prefecture_code": 25,
    "city": "彦根市",
    "city_kana": "ヒコネシ",
    "town": "沼波町",
    "town_kana": "ノナミマチ",
    "street": null,
    "office_name": null,
    "office_name_kana": null
  },
  "0037": {
    "postcode": "5220037",
    "prefecture": "滋賀県",
    "prefecture_kana": "シガケン",
    "prefecture_code": 25,
    "city": "彦根市",
    "city_kana": "ヒコネシ",
    "town": "岡町",
    "town_kana": "オカマチ",
    "street": null,
    "office_name": null,
    "office_name_kana": null
  },
  "0038": [
    {
      "postcode": "5220038",
      "prefecture": "滋賀県",
      "prefecture_kana": "シガケン",
      "prefecture_code": 25,
      "city": "彦根市",
      "city_kana": "ヒコネシ",
      "town": "西沼波町",
      "town_kana": "ニシノナミチョウ",
      "street": null,
      "office_name": null,
      "office_name_kana": null
    },
    {
      "postcode": "5220038",
      "prefecture": "滋賀県",
      "prefecture_kana": "シガケン",
      "prefecture_code": 25,
      "city": "彦根市",
      "city_kana": "ヒコネシ",
      "town": "山之脇町",
      "town_kana": "ヤマノワキチョウ",
      "street": null,
      "office_name": null,
      "office_name_kana": null
    }
  ],
  "0039": {
    "postcode": "5220039",
    "prefecture": "滋賀県",
    "prefecture_kana": "シガケン",
    "prefecture_code": 25,
    "city": "彦根市",
    "city_kana": "ヒコネシ",
    "town": "和田町",
    "town_kana": "ワダチョウ",
    "street": null,
    "office_name": null,
    "office_name_kana": null
  },
  "0041": {
    "postcode": "5220041",
    "prefecture": "滋賀県",
    "prefecture_kana": "シガケン",
    "prefecture_code": 25,
    "city": "彦根市",
    "city_kana": "ヒコネシ",
    "town": "平田町",
    "town_kana": "ヒラタチョウ",
    "street": null,
    "office_name": null,
    "office_name_kana": null
  },
  "0042": {
    "postcode": "5220042",
    "prefecture": "滋賀県",
    "prefecture_kana": "シガケン",
    "prefecture_code": 25,
    "city": "彦根市",
    "city_kana": "ヒコネシ",
    "town": "戸賀町",
    "town_kana": "トガチョウ",
    "street": null,
    "office_name": null,
    "office_name_kana": null
  },
  "0043": {
    "postcode": "5220043",
    "prefecture": "滋賀県",
    "prefecture_kana": "シガケン",
    "prefecture_code": 25,
    "city": "彦根市",
    "city_kana": "ヒコネシ",
    "town": "小泉町",
    "town_kana": "コイズミチョウ",
    "street": null,
    "office_name": null,
    "office_name_kana": null
  },
  "0044": {
    "postcode": "5220044",
    "prefecture": "滋賀県",
    "prefecture_kana": "シガケン",
    "prefecture_code": 25,
    "city": "彦根市",
    "city_kana": "ヒコネシ",
    "town": "竹ケ鼻町",
    "town_kana": "タケガハナチョウ",
    "street": null,
    "office_name": null,
    "office_name_kana": null
  },
  "0045": {
    "postcode": "5220045",
    "prefecture": "滋賀県",
    "prefecture_kana": "シガケン",
    "prefecture_code": 25,
    "city": "彦根市",
    "city_kana": "ヒコネシ",
    "town": "宇尾町",
    "town_kana": "ウオチョウ",
    "street": null,
    "office_name": null,
    "office_name_kana": null
  },
  "0046": {
    "postcode": "5220046",
    "prefecture": "滋賀県",
    "prefecture_kana": "シガケン",
    "prefecture_code": 25,
    "city": "彦根市",
    "city_kana": "ヒコネシ",
    "town": "甘呂町",
    "town_kana": "カンロチョウ",
    "street": null,
    "office_name": null,
    "office_name_kana": null
  },
  "0047": {
    "postcode": "5220047",
    "prefecture": "滋賀県",
    "prefecture_kana": "シガケン",
    "prefecture_code": 25,
    "city": "彦根市",
    "city_kana": "ヒコネシ",
    "town": "日夏町",
    "town_kana": "ヒナツチョウ",
    "street": null,
    "office_name": null,
    "office_name_kana": null
  },
  "0051": [
    {
      "postcode": "5220051",
      "prefecture": "滋賀県",
      "prefecture_kana": "シガケン",
      "prefecture_code": 25,
      "city": "彦根市",
      "city_kana": "ヒコネシ",
      "town": "中藪",
      "town_kana": "ナカヤブ",
      "street": null,
      "office_name": null,
      "office_name_kana": null
    },
    {
      "postcode": "5220051",
      "prefecture": "滋賀県",
      "prefecture_kana": "シガケン",
      "prefecture_code": 25,
      "city": "彦根市",
      "city_kana": "ヒコネシ",
      "town": "中藪町",
      "town_kana": "ナカヤブチョウ",
      "street": null,
      "office_name": null,
      "office_name_kana": null
    }
  ],
  "0052": {
    "postcode": "5220052",
    "prefecture": "滋賀県",
    "prefecture_kana": "シガケン",
    "prefecture_code": 25,
    "city": "彦根市",
    "city_kana": "ヒコネシ",
    "town": "長曽根南町",
    "town_kana": "ナガソネミナミチョウ",
    "street": null,
    "office_name": null,
    "office_name_kana": null
  },
  "0053": {
    "postcode": "5220053",
    "prefecture": "滋賀県",
    "prefecture_kana": "シガケン",
    "prefecture_code": 25,
    "city": "彦根市",
    "city_kana": "ヒコネシ",
    "town": "大藪町",
    "town_kana": "オオヤブチョウ",
    "street": null,
    "office_name": null,
    "office_name_kana": null
  },
  "0054": {
    "postcode": "5220054",
    "prefecture": "滋賀県",
    "prefecture_kana": "シガケン",
    "prefecture_code": 25,
    "city": "彦根市",
    "city_kana": "ヒコネシ",
    "town": "西今町",
    "town_kana": "ニシイマチョウ",
    "street": null,
    "office_name": null,
    "office_name_kana": null
  },
  "0055": {
    "postcode": "5220055",
    "prefecture": "滋賀県",
    "prefecture_kana": "シガケン",
    "prefecture_code": 25,
    "city": "彦根市",
    "city_kana": "ヒコネシ",
    "town": "野瀬町",
    "town_kana": "ノセチョウ",
    "street": null,
    "office_name": null,
    "office_name_kana": null
  },
  "0056": {
    "postcode": "5220056",
    "prefecture": "滋賀県",
    "prefecture_kana": "シガケン",
    "prefecture_code": 25,
    "city": "彦根市",
    "city_kana": "ヒコネシ",
    "town": "開出今町",
    "town_kana": "カイデイマチョウ",
    "street": null,
    "office_name": null,
    "office_name_kana": null
  },
  "0057": {
    "postcode": "5220057",
    "prefecture": "滋賀県",
    "prefecture_kana": "シガケン",
    "prefecture_code": 25,
    "city": "彦根市",
    "city_kana": "ヒコネシ",
    "town": "八坂町",
    "town_kana": "ハッサカチョウ",
    "street": null,
    "office_name": null,
    "office_name_kana": null
  },
  "0058": {
    "postcode": "5220058",
    "prefecture": "滋賀県",
    "prefecture_kana": "シガケン",
    "prefecture_code": 25,
    "city": "彦根市",
    "city_kana": "ヒコネシ",
    "town": "須越町",
    "town_kana": "スゴシチョウ",
    "street": null,
    "office_name": null,
    "office_name_kana": null
  },
  "0059": {
    "postcode": "5220059",
    "prefecture": "滋賀県",
    "prefecture_kana": "シガケン",
    "prefecture_code": 25,
    "city": "彦根市",
    "city_kana": "ヒコネシ",
    "town": "三津屋町",
    "town_kana": "ミツヤチョウ",
    "street": null,
    "office_name": null,
    "office_name_kana": null
  },
  "0061": {
    "postcode": "5220061",
    "prefecture": "滋賀県",
    "prefecture_kana": "シガケン",
    "prefecture_code": 25,
    "city": "彦根市",
    "city_kana": "ヒコネシ",
    "town": "金亀町",
    "town_kana": "コンキチョウ",
    "street": null,
    "office_name": null,
    "office_name_kana": null
  },
  "0062": {
    "postcode": "5220062",
    "prefecture": "滋賀県",
    "prefecture_kana": "シガケン",
    "prefecture_code": 25,
    "city": "彦根市",
    "city_kana": "ヒコネシ",
    "town": "立花町",
    "town_kana": "タチバナチョウ",
    "street": null,
    "office_name": null,
    "office_name_kana": null
  },
  "0063": {
    "postcode": "5220063",
    "prefecture": "滋賀県",
    "prefecture_kana": "シガケン",
    "prefecture_code": 25,
    "city": "彦根市",
    "city_kana": "ヒコネシ",
    "town": "中央町",
    "town_kana": "チュウオウチョウ",
    "street": null,
    "office_name": null,
    "office_name_kana": null
  },
  "0064": {
    "postcode": "5220064",
    "prefecture": "滋賀県",
    "prefecture_kana": "シガケン",
    "prefecture_code": 25,
    "city": "彦根市",
    "city_kana": "ヒコネシ",
    "town": "本町",
    "town_kana": "ホンマチ",
    "street": null,
    "office_name": null,
    "office_name_kana": null
  },
  "0065": {
    "postcode": "5220065",
    "prefecture": "滋賀県",
    "prefecture_kana": "シガケン",
    "prefecture_code": 25,
    "city": "彦根市",
    "city_kana": "ヒコネシ",
    "town": "池州町",
    "town_kana": "イケスチョウ",
    "street": null,
    "office_name": null,
    "office_name_kana": null
  },
  "0066": {
    "postcode": "5220066",
    "prefecture": "滋賀県",
    "prefecture_kana": "シガケン",
    "prefecture_code": 25,
    "city": "彦根市",
    "city_kana": "ヒコネシ",
    "town": "栄町",
    "town_kana": "サカエマチ",
    "street": null,
    "office_name": null,
    "office_name_kana": null
  },
  "0067": {
    "postcode": "5220067",
    "prefecture": "滋賀県",
    "prefecture_kana": "シガケン",
    "prefecture_code": 25,
    "city": "彦根市",
    "city_kana": "ヒコネシ",
    "town": "長曽根町",
    "town_kana": "ナガソネチョウ",
    "street": null,
    "office_name": null,
    "office_name_kana": null
  },
  "0068": {
    "postcode": "5220068",
    "prefecture": "滋賀県",
    "prefecture_kana": "シガケン",
    "prefecture_code": 25,
    "city": "彦根市",
    "city_kana": "ヒコネシ",
    "town": "城町",
    "town_kana": "シロマチ",
    "street": null,
    "office_name": null,
    "office_name_kana": null
  },
  "0069": {
    "postcode": "5220069",
    "prefecture": "滋賀県",
    "prefecture_kana": "シガケン",
    "prefecture_code": 25,
    "city": "彦根市",
    "city_kana": "ヒコネシ",
    "town": "馬場",
    "town_kana": "バンバ",
    "street": null,
    "office_name": null,
    "office_name_kana": null
  },
  "0071": {
    "postcode": "5220071",
    "prefecture": "滋賀県",
    "prefecture_kana": "シガケン",
    "prefecture_code": 25,
    "city": "彦根市",
    "city_kana": "ヒコネシ",
    "town": "元町",
    "town_kana": "モトマチ",
    "street": null,
    "office_name": null,
    "office_name_kana": null
  },
  "0072": {
    "postcode": "5220072",
    "prefecture": "滋賀県",
    "prefecture_kana": "シガケン",
    "prefecture_code": 25,
    "city": "彦根市",
    "city_kana": "ヒコネシ",
    "town": "船町",
    "town_kana": "フナマチ",
    "street": null,
    "office_name": null,
    "office_name_kana": null
  },
  "0073": {
    "postcode": "5220073",
    "prefecture": "滋賀県",
    "prefecture_kana": "シガケン",
    "prefecture_code": 25,
    "city": "彦根市",
    "city_kana": "ヒコネシ",
    "town": "旭町",
    "town_kana": "アサヒマチ",
    "street": null,
    "office_name": null,
    "office_name_kana": null
  },
  "0074": {
    "postcode": "5220074",
    "prefecture": "滋賀県",
    "prefecture_kana": "シガケン",
    "prefecture_code": 25,
    "city": "彦根市",
    "city_kana": "ヒコネシ",
    "town": "大東町",
    "town_kana": "ダイトウチョウ",
    "street": null,
    "office_name": null,
    "office_name_kana": null
  },
  "0075": {
    "postcode": "5220075",
    "prefecture": "滋賀県",
    "prefecture_kana": "シガケン",
    "prefecture_code": 25,
    "city": "彦根市",
    "city_kana": "ヒコネシ",
    "town": "佐和町",
    "town_kana": "サワチョウ",
    "street": null,
    "office_name": null,
    "office_name_kana": null
  },
  "0081": {
    "postcode": "5220081",
    "prefecture": "滋賀県",
    "prefecture_kana": "シガケン",
    "prefecture_code": 25,
    "city": "彦根市",
    "city_kana": "ヒコネシ",
    "town": "京町",
    "town_kana": "キョウマチ",
    "street": null,
    "office_name": null,
    "office_name_kana": null
  },
  "0082": {
    "postcode": "5220082",
    "prefecture": "滋賀県",
    "prefecture_kana": "シガケン",
    "prefecture_code": 25,
    "city": "彦根市",
    "city_kana": "ヒコネシ",
    "town": "安清町",
    "town_kana": "ヤスキヨチョウ",
    "street": null,
    "office_name": null,
    "office_name_kana": null
  },
  "0083": {
    "postcode": "5220083",
    "prefecture": "滋賀県",
    "prefecture_kana": "シガケン",
    "prefecture_code": 25,
    "city": "彦根市",
    "city_kana": "ヒコネシ",
    "town": "河原",
    "town_kana": "カワラ",
    "street": null,
    "office_name": null,
    "office_name_kana": null
  },
  "0084": {
    "postcode": "5220084",
    "prefecture": "滋賀県",
    "prefecture_kana": "シガケン",
    "prefecture_code": 25,
    "city": "彦根市",
    "city_kana": "ヒコネシ",
    "town": "橋向町",
    "town_kana": "ハシムカイチョウ",
    "street": null,
    "office_name": null,
    "office_name_kana": null
  },
  "0085": {
    "postcode": "5220085",
    "prefecture": "滋賀県",
    "prefecture_kana": "シガケン",
    "prefecture_code": 25,
    "city": "彦根市",
    "city_kana": "ヒコネシ",
    "town": "新町",
    "town_kana": "シンマチ",
    "street": null,
    "office_name": null,
    "office_name_kana": null
  },
  "0086": {
    "postcode": "5220086",
    "prefecture": "滋賀県",
    "prefecture_kana": "シガケン",
    "prefecture_code": 25,
    "city": "彦根市",
    "city_kana": "ヒコネシ",
    "town": "後三条町",
    "town_kana": "ゴサンジョウチョウ",
    "street": null,
    "office_name": null,
    "office_name_kana": null
  },
  "0087": {
    "postcode": "5220087",
    "prefecture": "滋賀県",
    "prefecture_kana": "シガケン",
    "prefecture_code": 25,
    "city": "彦根市",
    "city_kana": "ヒコネシ",
    "town": "芹橋",
    "town_kana": "セリバシ",
    "street": null,
    "office_name": null,
    "office_name_kana": null
  },
  "0088": {
    "postcode": "5220088",
    "prefecture": "滋賀県",
    "prefecture_kana": "シガケン",
    "prefecture_code": 25,
    "city": "彦根市",
    "city_kana": "ヒコネシ",
    "town": "銀座町",
    "town_kana": "ギンザチョウ",
    "street": null,
    "office_name": null,
    "office_name_kana": null
  },
  "0089": {
    "postcode": "5220089",
    "prefecture": "滋賀県",
    "prefecture_kana": "シガケン",
    "prefecture_code": 25,
    "city": "彦根市",
    "city_kana": "ヒコネシ",
    "town": "錦町",
    "town_kana": "ニシキマチ",
    "street": null,
    "office_name": null,
    "office_name_kana": null
  },
  "0200": {
    "postcode": "5220200",
    "prefecture": "滋賀県",
    "prefecture_kana": "シガケン",
    "prefecture_code": 25,
    "city": "犬上郡甲良町",
    "city_kana": "イヌカミグンコウラチョウ",
    "town": "",
    "town_kana": "",
    "street": null,
    "office_name": null,
    "office_name_kana": null
  },
  "0201": {
    "postcode": "5220201",
    "prefecture": "滋賀県",
    "prefecture_kana": "シガケン",
    "prefecture_code": 25,
    "city": "彦根市",
    "city_kana": "ヒコネシ",
    "town": "高宮町",
    "town_kana": "タカミヤチョウ",
    "street": null,
    "office_name": null,
    "office_name_kana": null
  },
  "0211": {
    "postcode": "5220211",
    "prefecture": "滋賀県",
    "prefecture_kana": "シガケン",
    "prefecture_code": 25,
    "city": "彦根市",
    "city_kana": "ヒコネシ",
    "town": "法士町",
    "town_kana": "ホウゼチョウ",
    "street": null,
    "office_name": null,
    "office_name_kana": null
  },
  "0212": {
    "postcode": "5220212",
    "prefecture": "滋賀県",
    "prefecture_kana": "シガケン",
    "prefecture_code": 25,
    "city": "彦根市",
    "city_kana": "ヒコネシ",
    "town": "葛籠町",
    "town_kana": "ツズラマチ",
    "street": null,
    "office_name": null,
    "office_name_kana": null
  },
  "0213": {
    "postcode": "5220213",
    "prefecture": "滋賀県",
    "prefecture_kana": "シガケン",
    "prefecture_code": 25,
    "city": "彦根市",
    "city_kana": "ヒコネシ",
    "town": "西葛籠町",
    "town_kana": "ニシツズラマチ",
    "street": null,
    "office_name": null,
    "office_name_kana": null
  },
  "0214": {
    "postcode": "5220214",
    "prefecture": "滋賀県",
    "prefecture_kana": "シガケン",
    "prefecture_code": 25,
    "city": "彦根市",
    "city_kana": "ヒコネシ",
    "town": "出町",
    "town_kana": "デマチ",
    "street": null,
    "office_name": null,
    "office_name_kana": null
  },
  "0221": {
    "postcode": "5220221",
    "prefecture": "滋賀県",
    "prefecture_kana": "シガケン",
    "prefecture_code": 25,
    "city": "彦根市",
    "city_kana": "ヒコネシ",
    "town": "野口町",
    "town_kana": "ノグチチョウ",
    "street": null,
    "office_name": null,
    "office_name_kana": null
  },
  "0222": {
    "postcode": "5220222",
    "prefecture": "滋賀県",
    "prefecture_kana": "シガケン",
    "prefecture_code": 25,
    "city": "彦根市",
    "city_kana": "ヒコネシ",
    "town": "南川瀬町",
    "town_kana": "ミナミカワセチョウ",
    "street": null,
    "office_name": null,
    "office_name_kana": null
  },
  "0223": {
    "postcode": "5220223",
    "prefecture": "滋賀県",
    "prefecture_kana": "シガケン",
    "prefecture_code": 25,
    "city": "彦根市",
    "city_kana": "ヒコネシ",
    "town": "川瀬馬場町",
    "town_kana": "カワセババチョウ",
    "street": null,
    "office_name": null,
    "office_name_kana": null
  },
  "0231": {
    "postcode": "5220231",
    "prefecture": "滋賀県",
    "prefecture_kana": "シガケン",
    "prefecture_code": 25,
    "city": "彦根市",
    "city_kana": "ヒコネシ",
    "town": "極楽寺町",
    "town_kana": "ゴクラクジチョウ",
    "street": null,
    "office_name": null,
    "office_name_kana": null
  },
  "0232": {
    "postcode": "5220232",
    "prefecture": "滋賀県",
    "prefecture_kana": "シガケン",
    "prefecture_code": 25,
    "city": "彦根市",
    "city_kana": "ヒコネシ",
    "town": "蓮台寺町",
    "town_kana": "レンダイジチョウ",
    "street": null,
    "office_name": null,
    "office_name_kana": null
  },
  "0233": {
    "postcode": "5220233",
    "prefecture": "滋賀県",
    "prefecture_kana": "シガケン",
    "prefecture_code": 25,
    "city": "彦根市",
    "city_kana": "ヒコネシ",
    "town": "辻堂町",
    "town_kana": "ツジドウチョウ",
    "street": null,
    "office_name": null,
    "office_name_kana": null
  },
  "0234": {
    "postcode": "5220234",
    "prefecture": "滋賀県",
    "prefecture_kana": "シガケン",
    "prefecture_code": 25,
    "city": "彦根市",
    "city_kana": "ヒコネシ",
    "town": "森堂町",
    "town_kana": "モリドウチョウ",
    "street": null,
    "office_name": null,
    "office_name_kana": null
  },
  "0235": {
    "postcode": "5220235",
    "prefecture": "滋賀県",
    "prefecture_kana": "シガケン",
    "prefecture_code": 25,
    "city": "彦根市",
    "city_kana": "ヒコネシ",
    "town": "金剛寺町",
    "town_kana": "コンゴウジチョウ",
    "street": null,
    "office_name": null,
    "office_name_kana": null
  },
  "0236": {
    "postcode": "5220236",
    "prefecture": "滋賀県",
    "prefecture_kana": "シガケン",
    "prefecture_code": 25,
    "city": "彦根市",
    "city_kana": "ヒコネシ",
    "town": "犬方町",
    "town_kana": "イヌカタチョウ",
    "street": null,
    "office_name": null,
    "office_name_kana": null
  },
  "0237": {
    "postcode": "5220237",
    "prefecture": "滋賀県",
    "prefecture_kana": "シガケン",
    "prefecture_code": 25,
    "city": "彦根市",
    "city_kana": "ヒコネシ",
    "town": "堀町",
    "town_kana": "ホリチョウ",
    "street": null,
    "office_name": null,
    "office_name_kana": null
  },
  "0238": {
    "postcode": "5220238",
    "prefecture": "滋賀県",
    "prefecture_kana": "シガケン",
    "prefecture_code": 25,
    "city": "彦根市",
    "city_kana": "ヒコネシ",
    "town": "広野町",
    "town_kana": "コウノチョウ",
    "street": null,
    "office_name": null,
    "office_name_kana": null
  },
  "0239": {
    "postcode": "5220239",
    "prefecture": "滋賀県",
    "prefecture_kana": "シガケン",
    "prefecture_code": 25,
    "city": "彦根市",
    "city_kana": "ヒコネシ",
    "town": "宇尾町",
    "town_kana": "ウオチョウ",
    "street": null,
    "office_name": null,
    "office_name_kana": null
  },
  "0241": {
    "postcode": "5220241",
    "prefecture": "滋賀県",
    "prefecture_kana": "シガケン",
    "prefecture_code": 25,
    "city": "犬上郡甲良町",
    "city_kana": "イヌカミグンコウラチョウ",
    "town": "呉竹",
    "town_kana": "クレタケ",
    "street": null,
    "office_name": null,
    "office_name_kana": null
  },
  "0242": {
    "postcode": "5220242",
    "prefecture": "滋賀県",
    "prefecture_kana": "シガケン",
    "prefecture_code": 25,
    "city": "犬上郡甲良町",
    "city_kana": "イヌカミグンコウラチョウ",
    "town": "尼子",
    "town_kana": "アマゴ",
    "street": null,
    "office_name": null,
    "office_name_kana": null
  },
  "0243": {
    "postcode": "5220243",
    "prefecture": "滋賀県",
    "prefecture_kana": "シガケン",
    "prefecture_code": 25,
    "city": "犬上郡甲良町",
    "city_kana": "イヌカミグンコウラチョウ",
    "town": "小川原",
    "town_kana": "コガワハラ",
    "street": null,
    "office_name": null,
    "office_name_kana": null
  },
  "0244": {
    "postcode": "5220244",
    "prefecture": "滋賀県",
    "prefecture_kana": "シガケン",
    "prefecture_code": 25,
    "city": "犬上郡甲良町",
    "city_kana": "イヌカミグンコウラチョウ",
    "town": "在士",
    "town_kana": "ザイジ",
    "street": null,
    "office_name": null,
    "office_name_kana": null
  },
  "0251": {
    "postcode": "5220251",
    "prefecture": "滋賀県",
    "prefecture_kana": "シガケン",
    "prefecture_code": 25,
    "city": "犬上郡甲良町",
    "city_kana": "イヌカミグンコウラチョウ",
    "town": "北落",
    "town_kana": "キタオチ",
    "street": null,
    "office_name": null,
    "office_name_kana": null
  },
  "0252": {
    "postcode": "5220252",
    "prefecture": "滋賀県",
    "prefecture_kana": "シガケン",
    "prefecture_code": 25,
    "city": "犬上郡甲良町",
    "city_kana": "イヌカミグンコウラチョウ",
    "town": "金屋",
    "town_kana": "カナヤ",
    "street": null,
    "office_name": null,
    "office_name_kana": null
  },
  "0253": {
    "postcode": "5220253",
    "prefecture": "滋賀県",
    "prefecture_kana": "シガケン",
    "prefecture_code": 25,
    "city": "犬上郡甲良町",
    "city_kana": "イヌカミグンコウラチョウ",
    "town": "正楽寺",
    "town_kana": "ショウラクジ",
    "street": null,
    "office_name": null,
    "office_name_kana": null
  },
  "0254": {
    "postcode": "5220254",
    "prefecture": "滋賀県",
    "prefecture_kana": "シガケン",
    "prefecture_code": 25,
    "city": "犬上郡甲良町",
    "city_kana": "イヌカミグンコウラチョウ",
    "town": "池寺",
    "town_kana": "イケデラ",
    "street": null,
    "office_name": null,
    "office_name_kana": null
  },
  "0261": {
    "postcode": "5220261",
    "prefecture": "滋賀県",
    "prefecture_kana": "シガケン",
    "prefecture_code": 25,
    "city": "犬上郡甲良町",
    "city_kana": "イヌカミグンコウラチョウ",
    "town": "長寺",
    "town_kana": "オサデラ",
    "street": null,
    "office_name": null,
    "office_name_kana": null
  },
  "0262": {
    "postcode": "5220262",
    "prefecture": "滋賀県",
    "prefecture_kana": "シガケン",
    "prefecture_code": 25,
    "city": "犬上郡甲良町",
    "city_kana": "イヌカミグンコウラチョウ",
    "town": "横関",
    "town_kana": "ヨコゼキ",
    "street": null,
    "office_name": null,
    "office_name_kana": null
  },
  "0263": {
    "postcode": "5220263",
    "prefecture": "滋賀県",
    "prefecture_kana": "シガケン",
    "prefecture_code": 25,
    "city": "犬上郡甲良町",
    "city_kana": "イヌカミグンコウラチョウ",
    "town": "法養寺",
    "town_kana": "ホウヨウジ",
    "street": null,
    "office_name": null,
    "office_name_kana": null
  },
  "0271": {
    "postcode": "5220271",
    "prefecture": "滋賀県",
    "prefecture_kana": "シガケン",
    "prefecture_code": 25,
    "city": "犬上郡甲良町",
    "city_kana": "イヌカミグンコウラチョウ",
    "town": "下之郷",
    "town_kana": "シモノゴウ",
    "street": null,
    "office_name": null,
    "office_name_kana": null
  },
  "0292": {
    "postcode": "5220292",
    "prefecture": "滋賀県",
    "prefecture_kana": "シガケン",
    "prefecture_code": 25,
    "city": "彦根市",
    "city_kana": "ヒコネシ",
    "town": "高宮町",
    "town_kana": "タカミヤチョウ",
    "street": "４８０番地１",
    "office_name": "大日本スクリーン製造　株式会社　彦根地区事業所",
    "office_name_kana": "ダイニツポンスクリ-ンセイゾウ カブシキガイシヤ ヒコネチクジギヨウシヨ"
  },
  "0297": {
    "postcode": "5220297",
    "prefecture": "滋賀県",
    "prefecture_kana": "シガケン",
    "prefecture_code": 25,
    "city": "彦根市",
    "city_kana": "ヒコネシ",
    "town": "川瀬馬場町",
    "town_kana": "カワセババチョウ",
    "street": "８００番地",
    "office_name": "日立化成　株式会社　彦根事業所",
    "office_name_kana": "ヒタチカセイ カブシキガイシヤ ヒコネジギヨウシヨ"
  },
  "0300": {
    "postcode": "5220300",
    "prefecture": "滋賀県",
    "prefecture_kana": "シガケン",
    "prefecture_code": 25,
    "city": "犬上郡多賀町",
    "city_kana": "イヌカミグンタガチョウ",
    "town": "",
    "town_kana": "",
    "street": null,
    "office_name": null,
    "office_name_kana": null
  },
  "0301": {
    "postcode": "5220301",
    "prefecture": "滋賀県",
    "prefecture_kana": "シガケン",
    "prefecture_code": 25,
    "city": "犬上郡多賀町",
    "city_kana": "イヌカミグンタガチョウ",
    "town": "河内",
    "town_kana": "カワチ",
    "street": null,
    "office_name": null,
    "office_name_kana": null
  },
  "0302": {
    "postcode": "5220302",
    "prefecture": "滋賀県",
    "prefecture_kana": "シガケン",
    "prefecture_code": 25,
    "city": "犬上郡多賀町",
    "city_kana": "イヌカミグンタガチョウ",
    "town": "向之倉",
    "town_kana": "ムカイノクラ",
    "street": null,
    "office_name": null,
    "office_name_kana": null
  },
  "0303": {
    "postcode": "5220303",
    "prefecture": "滋賀県",
    "prefecture_kana": "シガケン",
    "prefecture_code": 25,
    "city": "犬上郡多賀町",
    "city_kana": "イヌカミグンタガチョウ",
    "town": "屏風",
    "town_kana": "ビョウブ",
    "street": null,
    "office_name": null,
    "office_name_kana": null
  },
  "0304": {
    "postcode": "5220304",
    "prefecture": "滋賀県",
    "prefecture_kana": "シガケン",
    "prefecture_code": 25,
    "city": "犬上郡多賀町",
    "city_kana": "イヌカミグンタガチョウ",
    "town": "後谷",
    "town_kana": "ウシロダニ",
    "street": null,
    "office_name": null,
    "office_name_kana": null
  },
  "0305": {
    "postcode": "5220305",
    "prefecture": "滋賀県",
    "prefecture_kana": "シガケン",
    "prefecture_code": 25,
    "city": "犬上郡多賀町",
    "city_kana": "イヌカミグンタガチョウ",
    "town": "甲頭倉",
    "town_kana": "コウズクラ",
    "street": null,
    "office_name": null,
    "office_name_kana": null
  },
  "0306": {
    "postcode": "5220306",
    "prefecture": "滋賀県",
    "prefecture_kana": "シガケン",
    "prefecture_code": 25,
    "city": "犬上郡多賀町",
    "city_kana": "イヌカミグンタガチョウ",
    "town": "霊仙",
    "town_kana": "リョウゼン",
    "street": null,
    "office_name": null,
    "office_name_kana": null
  },
  "0311": {
    "postcode": "5220311",
    "prefecture": "滋賀県",
    "prefecture_kana": "シガケン",
    "prefecture_code": 25,
    "city": "犬上郡多賀町",
    "city_kana": "イヌカミグンタガチョウ",
    "town": "五僧",
    "town_kana": "ゴソウ",
    "street": null,
    "office_name": null,
    "office_name_kana": null
  },
  "0312": {
    "postcode": "5220312",
    "prefecture": "滋賀県",
    "prefecture_kana": "シガケン",
    "prefecture_code": 25,
    "city": "犬上郡多賀町",
    "city_kana": "イヌカミグンタガチョウ",
    "town": "保月",
    "town_kana": "ホウヅキ",
    "street": null,
    "office_name": null,
    "office_name_kana": null
  },
  "0313": {
    "postcode": "5220313",
    "prefecture": "滋賀県",
    "prefecture_kana": "シガケン",
    "prefecture_code": 25,
    "city": "犬上郡多賀町",
    "city_kana": "イヌカミグンタガチョウ",
    "town": "杉",
    "town_kana": "スギ",
    "street": null,
    "office_name": null,
    "office_name_kana": null
  },
  "0314": {
    "postcode": "5220314",
    "prefecture": "滋賀県",
    "prefecture_kana": "シガケン",
    "prefecture_code": 25,
    "city": "犬上郡多賀町",
    "city_kana": "イヌカミグンタガチョウ",
    "town": "四手",
    "town_kana": "シデ",
    "street": null,
    "office_name": null,
    "office_name_kana": null
  },
  "0315": {
    "postcode": "5220315",
    "prefecture": "滋賀県",
    "prefecture_kana": "シガケン",
    "prefecture_code": 25,
    "city": "犬上郡多賀町",
    "city_kana": "イヌカミグンタガチョウ",
    "town": "大岡",
    "town_kana": "オオオカ",
    "street": null,
    "office_name": null,
    "office_name_kana": null
  },
  "0316": {
    "postcode": "5220316",
    "prefecture": "滋賀県",
    "prefecture_kana": "シガケン",
    "prefecture_code": 25,
    "city": "犬上郡多賀町",
    "city_kana": "イヌカミグンタガチョウ",
    "town": "栗栖",
    "town_kana": "クルス",
    "street": null,
    "office_name": null,
    "office_name_kana": null
  },
  "0317": {
    "postcode": "5220317",
    "prefecture": "滋賀県",
    "prefecture_kana": "シガケン",
    "prefecture_code": 25,
    "city": "犬上郡多賀町",
    "city_kana": "イヌカミグンタガチョウ",
    "town": "一円",
    "town_kana": "イチエン",
    "street": null,
    "office_name": null,
    "office_name_kana": null
  },
  "0318": {
    "postcode": "5220318",
    "prefecture": "滋賀県",
    "prefecture_kana": "シガケン",
    "prefecture_code": 25,
    "city": "犬上郡多賀町",
    "city_kana": "イヌカミグンタガチョウ",
    "town": "水谷",
    "town_kana": "スイダニ",
    "street": null,
    "office_name": null,
    "office_name_kana": null
  },
  "0319": {
    "postcode": "5220319",
    "prefecture": "滋賀県",
    "prefecture_kana": "シガケン",
    "prefecture_code": 25,
    "city": "犬上郡多賀町",
    "city_kana": "イヌカミグンタガチョウ",
    "town": "桃原",
    "town_kana": "モバラ",
    "street": null,
    "office_name": null,
    "office_name_kana": null
  },
  "0321": {
    "postcode": "5220321",
    "prefecture": "滋賀県",
    "prefecture_kana": "シガケン",
    "prefecture_code": 25,
    "city": "犬上郡多賀町",
    "city_kana": "イヌカミグンタガチョウ",
    "town": "大君ケ畑",
    "town_kana": "オジガハタ",
    "street": null,
    "office_name": null,
    "office_name_kana": null
  },
  "0322": {
    "postcode": "5220322",
    "prefecture": "滋賀県",
    "prefecture_kana": "シガケン",
    "prefecture_code": 25,
    "city": "犬上郡多賀町",
    "city_kana": "イヌカミグンタガチョウ",
    "town": "佐目",
    "town_kana": "サメ",
    "street": null,
    "office_name": null,
    "office_name_kana": null
  },
  "0323": {
    "postcode": "5220323",
    "prefecture": "滋賀県",
    "prefecture_kana": "シガケン",
    "prefecture_code": 25,
    "city": "犬上郡多賀町",
    "city_kana": "イヌカミグンタガチョウ",
    "town": "一ノ瀬",
    "town_kana": "イチノセ",
    "street": null,
    "office_name": null,
    "office_name_kana": null
  },
  "0324": {
    "postcode": "5220324",
    "prefecture": "滋賀県",
    "prefecture_kana": "シガケン",
    "prefecture_code": 25,
    "city": "犬上郡多賀町",
    "city_kana": "イヌカミグンタガチョウ",
    "town": "川相",
    "town_kana": "カワナイ",
    "street": null,
    "office_name": null,
    "office_name_kana": null
  },
  "0325": {
    "postcode": "5220325",
    "prefecture": "滋賀県",
    "prefecture_kana": "シガケン",
    "prefecture_code": 25,
    "city": "犬上郡多賀町",
    "city_kana": "イヌカミグンタガチョウ",
    "town": "小原",
    "town_kana": "コハラ",
    "street": null,
    "office_name": null,
    "office_name_kana": null
  },
  "0326": {
    "postcode": "5220326",
    "prefecture": "滋賀県",
    "prefecture_kana": "シガケン",
    "prefecture_code": 25,
    "city": "犬上郡多賀町",
    "city_kana": "イヌカミグンタガチョウ",
    "town": "霜ケ原",
    "town_kana": "シモガハラ",
    "street": null,
    "office_name": null,
    "office_name_kana": null
  },
  "0327": {
    "postcode": "5220327",
    "prefecture": "滋賀県",
    "prefecture_kana": "シガケン",
    "prefecture_code": 25,
    "city": "犬上郡多賀町",
    "city_kana": "イヌカミグンタガチョウ",
    "town": "南後谷",
    "town_kana": "ミナミウシロダニ",
    "street": null,
    "office_name": null,
    "office_name_kana": null
  },
  "0331": {
    "postcode": "5220331",
    "prefecture": "滋賀県",
    "prefecture_kana": "シガケン",
    "prefecture_code": 25,
    "city": "犬上郡多賀町",
    "city_kana": "イヌカミグンタガチョウ",
    "town": "大杉",
    "town_kana": "オオスギ",
    "street": null,
    "office_name": null,
    "office_name_kana": null
  },
  "0332": {
    "postcode": "5220332",
    "prefecture": "滋賀県",
    "prefecture_kana": "シガケン",
    "prefecture_code": 25,
    "city": "犬上郡多賀町",
    "city_kana": "イヌカミグンタガチョウ",
    "town": "樋田",
    "town_kana": "ヒダ",
    "street": null,
    "office_name": null,
    "office_name_kana": null
  },
  "0333": {
    "postcode": "5220333",
    "prefecture": "滋賀県",
    "prefecture_kana": "シガケン",
    "prefecture_code": 25,
    "city": "犬上郡多賀町",
    "city_kana": "イヌカミグンタガチョウ",
    "town": "萱原",
    "town_kana": "カイハラ",
    "street": null,
    "office_name": null,
    "office_name_kana": null
  },
  "0334": {
    "postcode": "5220334",
    "prefecture": "滋賀県",
    "prefecture_kana": "シガケン",
    "prefecture_code": 25,
    "city": "犬上郡多賀町",
    "city_kana": "イヌカミグンタガチョウ",
    "town": "仏ケ後",
    "town_kana": "ホトケラ",
    "street": null,
    "office_name": null,
    "office_name_kana": null
  },
  "0335": {
    "postcode": "5220335",
    "prefecture": "滋賀県",
    "prefecture_kana": "シガケン",
    "prefecture_code": 25,
    "city": "犬上郡多賀町",
    "city_kana": "イヌカミグンタガチョウ",
    "town": "藤瀬",
    "town_kana": "フジセ",
    "street": null,
    "office_name": null,
    "office_name_kana": null
  },
  "0336": {
    "postcode": "5220336",
    "prefecture": "滋賀県",
    "prefecture_kana": "シガケン",
    "prefecture_code": 25,
    "city": "犬上郡多賀町",
    "city_kana": "イヌカミグンタガチョウ",
    "town": "楢崎",
    "town_kana": "ナラサキ",
    "street": null,
    "office_name": null,
    "office_name_kana": null
  },
  "0337": {
    "postcode": "5220337",
    "prefecture": "滋賀県",
    "prefecture_kana": "シガケン",
    "prefecture_code": 25,
    "city": "犬上郡多賀町",
    "city_kana": "イヌカミグンタガチョウ",
    "town": "富之尾",
    "town_kana": "トミノオ",
    "street": null,
    "office_name": null,
    "office_name_kana": null
  },
  "0338": {
    "postcode": "5220338",
    "prefecture": "滋賀県",
    "prefecture_kana": "シガケン",
    "prefecture_code": 25,
    "city": "犬上郡多賀町",
    "city_kana": "イヌカミグンタガチョウ",
    "town": "壺",
    "town_kana": "ツボ",
    "street": null,
    "office_name": null,
    "office_name_kana": null
  },
  "0341": {
    "postcode": "5220341",
    "prefecture": "滋賀県",
    "prefecture_kana": "シガケン",
    "prefecture_code": 25,
    "city": "犬上郡多賀町",
    "city_kana": "イヌカミグンタガチョウ",
    "town": "多賀",
    "town_kana": "タガ",
    "street": null,
    "office_name": null,
    "office_name_kana": null
  },
  "0342": {
    "postcode": "5220342",
    "prefecture": "滋賀県",
    "prefecture_kana": "シガケン",
    "prefecture_code": 25,
    "city": "犬上郡多賀町",
    "city_kana": "イヌカミグンタガチョウ",
    "town": "敏満寺",
    "town_kana": "ビンマンジ",
    "street": null,
    "office_name": null,
    "office_name_kana": null
  },
  "0343": {
    "postcode": "5220343",
    "prefecture": "滋賀県",
    "prefecture_kana": "シガケン",
    "prefecture_code": 25,
    "city": "犬上郡多賀町",
    "city_kana": "イヌカミグンタガチョウ",
    "town": "猿木",
    "town_kana": "サルギ",
    "street": null,
    "office_name": null,
    "office_name_kana": null
  },
  "0351": {
    "postcode": "5220351",
    "prefecture": "滋賀県",
    "prefecture_kana": "シガケン",
    "prefecture_code": 25,
    "city": "犬上郡多賀町",
    "city_kana": "イヌカミグンタガチョウ",
    "town": "八重練",
    "town_kana": "ヤエネリ",
    "street": null,
    "office_name": null,
    "office_name_kana": null
  },
  "0352": {
    "postcode": "5220352",
    "prefecture": "滋賀県",
    "prefecture_kana": "シガケン",
    "prefecture_code": 25,
    "city": "犬上郡多賀町",
    "city_kana": "イヌカミグンタガチョウ",
    "town": "久徳",
    "town_kana": "キュウトク",
    "street": null,
    "office_name": null,
    "office_name_kana": null
  },
  "0353": {
    "postcode": "5220353",
    "prefecture": "滋賀県",
    "prefecture_kana": "シガケン",
    "prefecture_code": 25,
    "city": "犬上郡多賀町",
    "city_kana": "イヌカミグンタガチョウ",
    "town": "月之木",
    "town_kana": "ツキノキ",
    "street": null,
    "office_name": null,
    "office_name_kana": null
  },
  "0354": {
    "postcode": "5220354",
    "prefecture": "滋賀県",
    "prefecture_kana": "シガケン",
    "prefecture_code": 25,
    "city": "犬上郡多賀町",
    "city_kana": "イヌカミグンタガチョウ",
    "town": "土田",
    "town_kana": "ツチダ",
    "street": null,
    "office_name": null,
    "office_name_kana": null
  },
  "0355": {
    "postcode": "5220355",
    "prefecture": "滋賀県",
    "prefecture_kana": "シガケン",
    "prefecture_code": 25,
    "city": "犬上郡多賀町",
    "city_kana": "イヌカミグンタガチョウ",
    "town": "中川原",
    "town_kana": "ナカガワラ",
    "street": null,
    "office_name": null,
    "office_name_kana": null
  },
  "0356": {
    "postcode": "5220356",
    "prefecture": "滋賀県",
    "prefecture_kana": "シガケン",
    "prefecture_code": 25,
    "city": "犬上郡多賀町",
    "city_kana": "イヌカミグンタガチョウ",
    "town": "木曽",
    "town_kana": "キソ",
    "street": null,
    "office_name": null,
    "office_name_kana": null
  },
  "8501": {
    "postcode": "5228501",
    "prefecture": "滋賀県",
    "prefecture_kana": "シガケン",
    "prefecture_code": 25,
    "city": "彦根市",
    "city_kana": "ヒコネシ",
    "town": "元町",
    "town_kana": "モトマチ",
    "street": "４−２",
    "office_name": "彦根市役所",
    "office_name_kana": "ヒコネシヤクシヨ"
  },
  "8503": {
    "postcode": "5228503",
    "prefecture": "滋賀県",
    "prefecture_kana": "シガケン",
    "prefecture_code": 25,
    "city": "彦根市",
    "city_kana": "ヒコネシ",
    "town": "古沢町",
    "town_kana": "フルサワチョウ",
    "street": "１８１",
    "office_name": "近江鉄道　株式会社",
    "office_name_kana": "オウミテツドウ カブシキガイシヤ"
  },
  "8505": {
    "postcode": "5228505",
    "prefecture": "滋賀県",
    "prefecture_kana": "シガケン",
    "prefecture_code": 25,
    "city": "彦根市",
    "city_kana": "ヒコネシ",
    "town": "東沼波町",
    "town_kana": "ヒガシノナミチョウ",
    "street": "１７２−２",
    "office_name": "フジノ食品　株式会社",
    "office_name_kana": "フジノシヨクヒン カブシキガイシヤ"
  },
  "8511": {
    "postcode": "5228511",
    "prefecture": "滋賀県",
    "prefecture_kana": "シガケン",
    "prefecture_code": 25,
    "city": "彦根市",
    "city_kana": "ヒコネシ",
    "town": "西今町",
    "town_kana": "ニシイマチョウ",
    "street": "１",
    "office_name": "株式会社　平和堂",
    "office_name_kana": "カブシキガイシヤ ヘイワドウ"
  },
  "8520": {
    "postcode": "5228520",
    "prefecture": "滋賀県",
    "prefecture_kana": "シガケン",
    "prefecture_code": 25,
    "city": "彦根市",
    "city_kana": "ヒコネシ",
    "town": "岡町",
    "town_kana": "オカマチ",
    "street": "３３番地",
    "office_name": "パナソニック　株式会社　ビューティ・パーソナルケア事業部　彦根工場",
    "office_name_kana": "パナソニツク カブシキカイシヤ ビユ-テイ・パ-ソナルケアジギヨウブ ヒコネコウジヨウ"
  },
  "8522": {
    "postcode": "5228522",
    "prefecture": "滋賀県",
    "prefecture_kana": "シガケン",
    "prefecture_code": 25,
    "city": "彦根市",
    "city_kana": "ヒコネシ",
    "town": "馬場",
    "town_kana": "バンバ",
    "street": "１丁目１−１",
    "office_name": "滋賀大学",
    "office_name_kana": "シガダイガク"
  },
  "8523": {
    "postcode": "5228523",
    "prefecture": "滋賀県",
    "prefecture_kana": "シガケン",
    "prefecture_code": 25,
    "city": "彦根市",
    "city_kana": "ヒコネシ",
    "town": "大東町",
    "town_kana": "ダイトウチョウ",
    "street": "２−２８",
    "office_name": "アル・プラザ彦根",
    "office_name_kana": "アル.プラザヒコネ"
  },
  "8533": {
    "postcode": "5228533",
    "prefecture": "滋賀県",
    "prefecture_kana": "シガケン",
    "prefecture_code": 25,
    "city": "彦根市",
    "city_kana": "ヒコネシ",
    "town": "八坂町",
    "town_kana": "ハッサカチョウ",
    "street": "２５００",
    "office_name": "滋賀県立大学",
    "office_name_kana": "シガケンリツダイガク"
  },
  "8539": {
    "postcode": "5228539",
    "prefecture": "滋賀県",
    "prefecture_kana": "シガケン",
    "prefecture_code": 25,
    "city": "彦根市",
    "city_kana": "ヒコネシ",
    "town": "八坂町",
    "town_kana": "ハッサカチョウ",
    "street": "１８８２",
    "office_name": "彦根市立病院",
    "office_name_kana": "ヒコネシリツビヨウイン"
  },
  "8540": {
    "postcode": "5228540",
    "prefecture": "滋賀県",
    "prefecture_kana": "シガケン",
    "prefecture_code": 25,
    "city": "彦根市",
    "city_kana": "ヒコネシ",
    "town": "外町",
    "town_kana": "トマチ",
    "street": "１６９−６",
    "office_name": "日本年金機構　彦根年金事務所",
    "office_name_kana": "ニホンネンキンキコウ ヒコネネンキンジムシヨ"
  },
  "8543": {
    "postcode": "5228543",
    "prefecture": "滋賀県",
    "prefecture_kana": "シガケン",
    "prefecture_code": 25,
    "city": "彦根市",
    "city_kana": "ヒコネシ",
    "town": "長曽根南町",
    "town_kana": "ナガソネミナミチョウ",
    "street": "４７２番地２",
    "office_name": "株式会社　パリヤ",
    "office_name_kana": "カブシキガイシヤ パリヤ"
  },
  "8585": {
    "postcode": "5228585",
    "prefecture": "滋賀県",
    "prefecture_kana": "シガケン",
    "prefecture_code": 25,
    "city": "彦根市",
    "city_kana": "ヒコネシ",
    "town": "大東町",
    "town_kana": "ダイトウチョウ",
    "street": "１３−１",
    "office_name": "ＫＢＳ　滋賀",
    "office_name_kana": "ケ-ビ-エス シガ"
  },
  "8588": {
    "postcode": "5228588",
    "prefecture": "滋賀県",
    "prefecture_kana": "シガケン",
    "prefecture_code": 25,
    "city": "彦根市",
    "city_kana": "ヒコネシ",
    "town": "宮田町",
    "town_kana": "ミヤタチョウ",
    "street": "５９１−１",
    "office_name": "フジテック　株式会社　Ｂｉｇ　Ｗｉｎｇ",
    "office_name_kana": "フジテツク カブシキガイシヤ ビツク ウイング"
  },
  "8655": {
    "postcode": "5228655",
    "prefecture": "滋賀県",
    "prefecture_kana": "シガケン",
    "prefecture_code": 25,
    "city": "彦根市",
    "city_kana": "ヒコネシ",
    "town": "小泉町",
    "town_kana": "コイズミチョウ",
    "street": "３４番地１（彦根郵便局私書箱第１２号）",
    "office_name": "滋賀中央信用金庫",
    "office_name_kana": "シガチユウオウシンヨウキンコ"
  },
  "8666": {
    "postcode": "5228666",
    "prefecture": "滋賀県",
    "prefecture_kana": "シガケン",
    "prefecture_code": 25,
    "city": "彦根市",
    "city_kana": "ヒコネシ",
    "town": "佐和町",
    "town_kana": "サワチョウ",
    "street": "６−１５（彦根郵便局私書箱第３５号）",
    "office_name": "株式会社　文教スタヂオ",
    "office_name_kana": "カブシキカイシヤ ブンキヨウスタヂオ"
  }
}