{
  "0000": {
    "postcode": "5920000",
    "prefecture": "大阪府",
    "prefecture_kana": "オオサカフ",
    "prefecture_code": 27,
    "city": "高石市",
    "city_kana": "タカイシシ",
    "town": "",
    "town_kana": "",
    "street": null,
    "office_name": null,
    "office_name_kana": null
  },
  "0001": {
    "postcode": "5920001",
    "prefecture": "大阪府",
    "prefecture_kana": "オオサカフ",
    "prefecture_code": 27,
    "city": "高石市",
    "city_kana": "タカイシシ",
    "town": "高砂",
    "town_kana": "タカサゴ",
    "street": null,
    "office_name": null,
    "office_name_kana": null
  },
  "0002": [
    {
      "postcode": "5920002",
      "prefecture": "大阪府",
      "prefecture_kana": "オオサカフ",
      "prefecture_code": 27,
      "city": "高石市",
      "city_kana": "タカイシシ",
      "town": "羽衣",
      "town_kana": "ハゴロモ",
      "street": null,
      "office_name": null,
      "office_name_kana": null
    },
    {
      "postcode": "5920002",
      "prefecture": "大阪府",
      "prefecture_kana": "オオサカフ",
      "prefecture_code": 27,
      "city": "高石市",
      "city_kana": "タカイシシ",
      "town": "羽衣公園丁",
      "town_kana": "ハゴロモコウエンチョウ",
      "street": null,
      "office_name": null,
      "office_name_kana": null
    }
  ],
  "0003": {
    "postcode": "5920003",
    "prefecture": "大阪府",
    "prefecture_kana": "オオサカフ",
    "prefecture_code": 27,
    "city": "高石市",
    "city_kana": "タカイシシ",
    "town": "東羽衣",
    "town_kana": "ヒガシハゴロモ",
    "street": null,
    "office_name": null,
    "office_name_kana": null
  },
  "0004": {
    "postcode": "5920004",
    "prefecture": "大阪府",
    "prefecture_kana": "オオサカフ",
    "prefecture_code": 27,
    "city": "高石市",
    "city_kana": "タカイシシ",
    "town": "高師浜",
    "town_kana": "タカシノハマ",
    "street": null,
    "office_name": null,
    "office_name_kana": null
  },
  "0005": {
    "postcode": "5920005",
    "prefecture": "大阪府",
    "prefecture_kana": "オオサカフ",
    "prefecture_code": 27,
    "city": "高石市",
    "city_kana": "タカイシシ",
    "town": "千代田",
    "town_kana": "チヨダ",
    "street": null,
    "office_name": null,
    "office_name_kana": null
  },
  "0006": {
    "postcode": "5920006",
    "prefecture": "大阪府",
    "prefecture_kana": "オオサカフ",
    "prefecture_code": 27,
    "city": "高石市",
    "city_kana": "タカイシシ",
    "town": "高師浜丁",
    "town_kana": "タカシノハマチョウ",
    "street": null,
    "office_name": null,
    "office_name_kana": null
  },
  "0011": {
    "postcode": "5920011",
    "prefecture": "大阪府",
    "prefecture_kana": "オオサカフ",
    "prefecture_code": 27,
    "city": "高石市",
    "city_kana": "タカイシシ",
    "town": "加茂",
    "town_kana": "カモ",
    "street": null,
    "office_name": null,
    "office_name_kana": null
  },
  "0012": {
    "postcode": "5920012",
    "prefecture": "大阪府",
    "prefecture_kana": "オオサカフ",
    "prefecture_code": 27,
    "city": "高石市",
    "city_kana": "タカイシシ",
    "town": "西取石",
    "town_kana": "ニシトリイシ",
    "street": null,
    "office_name": null,
    "office_name_kana": null
  },
  "0013": {
    "postcode": "5920013",
    "prefecture": "大阪府",
    "prefecture_kana": "オオサカフ",
    "prefecture_code": 27,
    "city": "高石市",
    "city_kana": "タカイシシ",
    "town": "取石",
    "town_kana": "トリイシ",
    "street": null,
    "office_name": null,
    "office_name_kana": null
  },
  "0014": {
    "postcode": "5920014",
    "prefecture": "大阪府",
    "prefecture_kana": "オオサカフ",
    "prefecture_code": 27,
    "city": "高石市",
    "city_kana": "タカイシシ",
    "town": "綾園",
    "town_kana": "アヤゾノ",
    "street": null,
    "office_name": null,
    "office_name_kana": null
  },
  "8331": {
    "postcode": "5928331",
    "prefecture": "大阪府",
    "prefecture_kana": "オオサカフ",
    "prefecture_code": 27,
    "city": "堺市西区",
    "city_kana": "サカイシニシク",
    "town": "築港新町",
    "town_kana": "チッコウシンマチ",
    "street": null,
    "office_name": null,
    "office_name_kana": null
  },
  "8332": {
    "postcode": "5928332",
    "prefecture": "大阪府",
    "prefecture_kana": "オオサカフ",
    "prefecture_code": 27,
    "city": "堺市西区",
    "city_kana": "サカイシニシク",
    "town": "石津西町",
    "town_kana": "イシヅニシマチ",
    "street": null,
    "office_name": null,
    "office_name_kana": null
  },
  "8333": {
    "postcode": "5928333",
    "prefecture": "大阪府",
    "prefecture_kana": "オオサカフ",
    "prefecture_code": 27,
    "city": "堺市西区",
    "city_kana": "サカイシニシク",
    "town": "浜寺石津町西",
    "town_kana": "ハマデライシヅチョウニシ",
    "street": null,
    "office_name": null,
    "office_name_kana": null
  },
  "8334": {
    "postcode": "5928334",
    "prefecture": "大阪府",
    "prefecture_kana": "オオサカフ",
    "prefecture_code": 27,
    "city": "堺市西区",
    "city_kana": "サカイシニシク",
    "town": "浜寺石津町中",
    "town_kana": "ハマデライシヅチョウナカ",
    "street": null,
    "office_name": null,
    "office_name_kana": null
  },
  "8335": {
    "postcode": "5928335",
    "prefecture": "大阪府",
    "prefecture_kana": "オオサカフ",
    "prefecture_code": 27,
    "city": "堺市西区",
    "city_kana": "サカイシニシク",
    "town": "浜寺石津町東",
    "town_kana": "ハマデライシヅチョウヒガシ",
    "street": null,
    "office_name": null,
    "office_name_kana": null
  },
  "8341": {
    "postcode": "5928341",
    "prefecture": "大阪府",
    "prefecture_kana": "オオサカフ",
    "prefecture_code": 27,
    "city": "堺市西区",
    "city_kana": "サカイシニシク",
    "town": "浜寺船尾町東",
    "town_kana": "ハマデラフナオチョウヒガシ",
    "street": null,
    "office_name": null,
    "office_name_kana": null
  },
  "8342": {
    "postcode": "5928342",
    "prefecture": "大阪府",
    "prefecture_kana": "オオサカフ",
    "prefecture_code": 27,
    "city": "堺市西区",
    "city_kana": "サカイシニシク",
    "town": "浜寺船尾町西",
    "town_kana": "ハマデラフナオチョウニシ",
    "street": null,
    "office_name": null,
    "office_name_kana": null
  },
  "8343": {
    "postcode": "5928343",
    "prefecture": "大阪府",
    "prefecture_kana": "オオサカフ",
    "prefecture_code": 27,
    "city": "堺市西区",
    "city_kana": "サカイシニシク",
    "town": "浜寺元町",
    "town_kana": "ハマデラモトマチ",
    "street": null,
    "office_name": null,
    "office_name_kana": null
  },
  "8344": {
    "postcode": "5928344",
    "prefecture": "大阪府",
    "prefecture_kana": "オオサカフ",
    "prefecture_code": 27,
    "city": "堺市西区",
    "city_kana": "サカイシニシク",
    "town": "浜寺南町",
    "town_kana": "ハマデラミナミマチ",
    "street": null,
    "office_name": null,
    "office_name_kana": null
  },
  "8345": {
    "postcode": "5928345",
    "prefecture": "大阪府",
    "prefecture_kana": "オオサカフ",
    "prefecture_code": 27,
    "city": "堺市西区",
    "city_kana": "サカイシニシク",
    "town": "浜寺昭和町",
    "town_kana": "ハマデラショウワチョウ",
    "street": null,
    "office_name": null,
    "office_name_kana": null
  },
  "8346": {
    "postcode": "5928346",
    "prefecture": "大阪府",
    "prefecture_kana": "オオサカフ",
    "prefecture_code": 27,
    "city": "堺市西区",
    "city_kana": "サカイシニシク",
    "town": "浜寺公園町",
    "town_kana": "ハマデラコウエンチョウ",
    "street": null,
    "office_name": null,
    "office_name_kana": null
  },
  "8347": {
    "postcode": "5928347",
    "prefecture": "大阪府",
    "prefecture_kana": "オオサカフ",
    "prefecture_code": 27,
    "city": "堺市西区",
    "city_kana": "サカイシニシク",
    "town": "浜寺諏訪森町西",
    "town_kana": "ハマデラスワノモリチョウニシ",
    "street": null,
    "office_name": null,
    "office_name_kana": null
  },
  "8348": {
    "postcode": "5928348",
    "prefecture": "大阪府",
    "prefecture_kana": "オオサカフ",
    "prefecture_code": 27,
    "city": "堺市西区",
    "city_kana": "サカイシニシク",
    "town": "浜寺諏訪森町中",
    "town_kana": "ハマデラスワノモリチョウナカ",
    "street": null,
    "office_name": null,
    "office_name_kana": null
  },
  "8349": {
    "postcode": "5928349",
    "prefecture": "大阪府",
    "prefecture_kana": "オオサカフ",
    "prefecture_code": 27,
    "city": "堺市西区",
    "city_kana": "サカイシニシク",
    "town": "浜寺諏訪森町東",
    "town_kana": "ハマデラスワノモリチョウヒガシ",
    "street": null,
    "office_name": null,
    "office_name_kana": null
  },
  "8351": {
    "postcode": "5928351",
    "prefecture": "大阪府",
    "prefecture_kana": "オオサカフ",
    "prefecture_code": 27,
    "city": "堺市西区",
    "city_kana": "サカイシニシク",
    "town": "築港浜寺町",
    "town_kana": "チッコウハマデラチョウ",
    "street": null,
    "office_name": null,
    "office_name_kana": null
  },
  "8352": {
    "postcode": "5928352",
    "prefecture": "大阪府",
    "prefecture_kana": "オオサカフ",
    "prefecture_code": 27,
    "city": "堺市西区",
    "city_kana": "サカイシニシク",
    "town": "築港浜寺西町",
    "town_kana": "チッコウハマデラニシマチ",
    "street": null,
    "office_name": null,
    "office_name_kana": null
  },
  "8550": {
    "postcode": "5928550",
    "prefecture": "大阪府",
    "prefecture_kana": "オオサカフ",
    "prefecture_code": 27,
    "city": "堺市西区",
    "city_kana": "サカイシニシク",
    "town": "築港浜寺町",
    "town_kana": "チッコウハマデラチョウ",
    "street": "１番地",
    "office_name": "ＥＮＥＯＳ　株式会社　堺製油所",
    "office_name_kana": "エネオス カブシキガイシヤ サカイセイユシヨ"
  },
  "8585": {
    "postcode": "5928585",
    "prefecture": "大阪府",
    "prefecture_kana": "オオサカフ",
    "prefecture_code": 27,
    "city": "高石市",
    "city_kana": "タカイシシ",
    "town": "加茂",
    "town_kana": "カモ",
    "street": "４丁目１番１号",
    "office_name": "高石市役所",
    "office_name_kana": "タカイシシヤクシヨ"
  }
}