{
  "0000": {
    "postcode": "6900000",
    "prefecture": "島根県",
    "prefecture_kana": "シマネケン",
    "prefecture_code": 32,
    "city": "松江市",
    "city_kana": "マツエシ",
    "town": "",
    "town_kana": "",
    "street": null,
    "office_name": null,
    "office_name_kana": null
  },
  "0001": {
    "postcode": "6900001",
    "prefecture": "島根県",
    "prefecture_kana": "シマネケン",
    "prefecture_code": 32,
    "city": "松江市",
    "city_kana": "マツエシ",
    "town": "東朝日町",
    "town_kana": "ヒガシアサヒマチ",
    "street": null,
    "office_name": null,
    "office_name_kana": null
  },
  "0002": {
    "postcode": "6900002",
    "prefecture": "島根県",
    "prefecture_kana": "シマネケン",
    "prefecture_code": 32,
    "city": "松江市",
    "city_kana": "マツエシ",
    "town": "大正町",
    "town_kana": "タイショウマチ",
    "street": null,
    "office_name": null,
    "office_name_kana": null
  },
  "0003": {
    "postcode": "6900003",
    "prefecture": "島根県",
    "prefecture_kana": "シマネケン",
    "prefecture_code": 32,
    "city": "松江市",
    "city_kana": "マツエシ",
    "town": "朝日町",
    "town_kana": "アサヒマチ",
    "street": null,
    "office_name": null,
    "office_name_kana": null
  },
  "0004": {
    "postcode": "6900004",
    "prefecture": "島根県",
    "prefecture_kana": "シマネケン",
    "prefecture_code": 32,
    "city": "松江市",
    "city_kana": "マツエシ",
    "town": "八軒屋町",
    "town_kana": "ハチケンヤマチ",
    "street": null,
    "office_name": null,
    "office_name_kana": null
  },
  "0005": {
    "postcode": "6900005",
    "prefecture": "島根県",
    "prefecture_kana": "シマネケン",
    "prefecture_code": 32,
    "city": "松江市",
    "city_kana": "マツエシ",
    "town": "和多見町",
    "town_kana": "ワダミチョウ",
    "street": null,
    "office_name": null,
    "office_name_kana": null
  },
  "0006": {
    "postcode": "6900006",
    "prefecture": "島根県",
    "prefecture_kana": "シマネケン",
    "prefecture_code": 32,
    "city": "松江市",
    "city_kana": "マツエシ",
    "town": "伊勢宮町",
    "town_kana": "イセミヤチョウ",
    "street": null,
    "office_name": null,
    "office_name_kana": null
  },
  "0007": {
    "postcode": "6900007",
    "prefecture": "島根県",
    "prefecture_kana": "シマネケン",
    "prefecture_code": 32,
    "city": "松江市",
    "city_kana": "マツエシ",
    "town": "御手船場町",
    "town_kana": "オテセンバチョウ",
    "street": null,
    "office_name": null,
    "office_name_kana": null
  },
  "0011": {
    "postcode": "6900011",
    "prefecture": "島根県",
    "prefecture_kana": "シマネケン",
    "prefecture_code": 32,
    "city": "松江市",
    "city_kana": "マツエシ",
    "town": "東津田町",
    "town_kana": "ヒガシツダチョウ",
    "street": null,
    "office_name": null,
    "office_name_kana": null
  },
  "0012": {
    "postcode": "6900012",
    "prefecture": "島根県",
    "prefecture_kana": "シマネケン",
    "prefecture_code": 32,
    "city": "松江市",
    "city_kana": "マツエシ",
    "town": "古志原",
    "town_kana": "コシバラ",
    "street": null,
    "office_name": null,
    "office_name_kana": null
  },
  "0013": {
    "postcode": "6900013",
    "prefecture": "島根県",
    "prefecture_kana": "シマネケン",
    "prefecture_code": 32,
    "city": "松江市",
    "city_kana": "マツエシ",
    "town": "古志原町",
    "town_kana": "コシバラチョウ",
    "street": null,
    "office_name": null,
    "office_name_kana": null
  },
  "0014": {
    "postcode": "6900014",
    "prefecture": "島根県",
    "prefecture_kana": "シマネケン",
    "prefecture_code": 32,
    "city": "松江市",
    "city_kana": "マツエシ",
    "town": "八雲台",
    "town_kana": "ヤクモダイ",
    "street": null,
    "office_name": null,
    "office_name_kana": null
  },
  "0015": {
    "postcode": "6900015",
    "prefecture": "島根県",
    "prefecture_kana": "シマネケン",
    "prefecture_code": 32,
    "city": "松江市",
    "city_kana": "マツエシ",
    "town": "上乃木",
    "town_kana": "アゲノギ",
    "street": null,
    "office_name": null,
    "office_name_kana": null
  },
  "0017": {
    "postcode": "6900017",
    "prefecture": "島根県",
    "prefecture_kana": "シマネケン",
    "prefecture_code": 32,
    "city": "松江市",
    "city_kana": "マツエシ",
    "town": "西津田",
    "town_kana": "ニシツダ",
    "street": null,
    "office_name": null,
    "office_name_kana": null
  },
  "0021": {
    "postcode": "6900021",
    "prefecture": "島根県",
    "prefecture_kana": "シマネケン",
    "prefecture_code": 32,
    "city": "松江市",
    "city_kana": "マツエシ",
    "town": "矢田町",
    "town_kana": "ヤダチョウ",
    "street": null,
    "office_name": null,
    "office_name_kana": null
  },
  "0022": {
    "postcode": "6900022",
    "prefecture": "島根県",
    "prefecture_kana": "シマネケン",
    "prefecture_code": 32,
    "city": "松江市",
    "city_kana": "マツエシ",
    "town": "青葉台",
    "town_kana": "アオバダイ",
    "street": null,
    "office_name": null,
    "office_name_kana": null
  },
  "0023": {
    "postcode": "6900023",
    "prefecture": "島根県",
    "prefecture_kana": "シマネケン",
    "prefecture_code": 32,
    "city": "松江市",
    "city_kana": "マツエシ",
    "town": "竹矢町",
    "town_kana": "チクヤチョウ",
    "street": null,
    "office_name": null,
    "office_name_kana": null
  },
  "0024": {
    "postcode": "6900024",
    "prefecture": "島根県",
    "prefecture_kana": "シマネケン",
    "prefecture_code": 32,
    "city": "松江市",
    "city_kana": "マツエシ",
    "town": "馬潟町",
    "town_kana": "マカタチョウ",
    "street": null,
    "office_name": null,
    "office_name_kana": null
  },
  "0025": {
    "postcode": "6900025",
    "prefecture": "島根県",
    "prefecture_kana": "シマネケン",
    "prefecture_code": 32,
    "city": "松江市",
    "city_kana": "マツエシ",
    "town": "八幡町",
    "town_kana": "ヤワタチョウ",
    "street": null,
    "office_name": null,
    "office_name_kana": null
  },
  "0026": {
    "postcode": "6900026",
    "prefecture": "島根県",
    "prefecture_kana": "シマネケン",
    "prefecture_code": 32,
    "city": "松江市",
    "city_kana": "マツエシ",
    "town": "富士見町",
    "town_kana": "フジミチョウ",
    "street": null,
    "office_name": null,
    "office_name_kana": null
  },
  "0027": {
    "postcode": "6900027",
    "prefecture": "島根県",
    "prefecture_kana": "シマネケン",
    "prefecture_code": 32,
    "city": "松江市",
    "city_kana": "マツエシ",
    "town": "意宇町",
    "town_kana": "イウチョウ",
    "street": null,
    "office_name": null,
    "office_name_kana": null
  },
  "0031": {
    "postcode": "6900031",
    "prefecture": "島根県",
    "prefecture_kana": "シマネケン",
    "prefecture_code": 32,
    "city": "松江市",
    "city_kana": "マツエシ",
    "town": "山代町",
    "town_kana": "ヤマシロチョウ",
    "street": null,
    "office_name": null,
    "office_name_kana": null
  },
  "0032": {
    "postcode": "6900032",
    "prefecture": "島根県",
    "prefecture_kana": "シマネケン",
    "prefecture_code": 32,
    "city": "松江市",
    "city_kana": "マツエシ",
    "town": "大草町",
    "town_kana": "オオクサチョウ",
    "street": null,
    "office_name": null,
    "office_name_kana": null
  },
  "0033": {
    "postcode": "6900033",
    "prefecture": "島根県",
    "prefecture_kana": "シマネケン",
    "prefecture_code": 32,
    "city": "松江市",
    "city_kana": "マツエシ",
    "town": "大庭町",
    "town_kana": "オオバチョウ",
    "street": null,
    "office_name": null,
    "office_name_kana": null
  },
  "0034": {
    "postcode": "6900034",
    "prefecture": "島根県",
    "prefecture_kana": "シマネケン",
    "prefecture_code": 32,
    "city": "松江市",
    "city_kana": "マツエシ",
    "town": "一の谷町",
    "town_kana": "イチノタニチョウ",
    "street": null,
    "office_name": null,
    "office_name_kana": null
  },
  "0035": {
    "postcode": "6900035",
    "prefecture": "島根県",
    "prefecture_kana": "シマネケン",
    "prefecture_code": 32,
    "city": "松江市",
    "city_kana": "マツエシ",
    "town": "佐草町",
    "town_kana": "サクサチョウ",
    "street": null,
    "office_name": null,
    "office_name_kana": null
  },
  "0036": {
    "postcode": "6900036",
    "prefecture": "島根県",
    "prefecture_kana": "シマネケン",
    "prefecture_code": 32,
    "city": "松江市",
    "city_kana": "マツエシ",
    "town": "東忌部町",
    "town_kana": "ヒガシインベチョウ",
    "street": null,
    "office_name": null,
    "office_name_kana": null
  },
  "0037": {
    "postcode": "6900037",
    "prefecture": "島根県",
    "prefecture_kana": "シマネケン",
    "prefecture_code": 32,
    "city": "松江市",
    "city_kana": "マツエシ",
    "town": "西忌部町",
    "town_kana": "ニシインベチョウ",
    "street": null,
    "office_name": null,
    "office_name_kana": null
  },
  "0038": {
    "postcode": "6900038",
    "prefecture": "島根県",
    "prefecture_kana": "シマネケン",
    "prefecture_code": 32,
    "city": "松江市",
    "city_kana": "マツエシ",
    "town": "平成町",
    "town_kana": "ヘイセイチョウ",
    "street": null,
    "office_name": null,
    "office_name_kana": null
  },
  "0041": {
    "postcode": "6900041",
    "prefecture": "島根県",
    "prefecture_kana": "シマネケン",
    "prefecture_code": 32,
    "city": "松江市",
    "city_kana": "マツエシ",
    "town": "幸町",
    "town_kana": "サイワイマチ",
    "street": null,
    "office_name": null,
    "office_name_kana": null
  },
  "0042": {
    "postcode": "6900042",
    "prefecture": "島根県",
    "prefecture_kana": "シマネケン",
    "prefecture_code": 32,
    "city": "松江市",
    "city_kana": "マツエシ",
    "town": "栄町",
    "town_kana": "サカエマチ",
    "street": null,
    "office_name": null,
    "office_name_kana": null
  },
  "0043": {
    "postcode": "6900043",
    "prefecture": "島根県",
    "prefecture_kana": "シマネケン",
    "prefecture_code": 32,
    "city": "松江市",
    "city_kana": "マツエシ",
    "town": "松尾町",
    "town_kana": "マツオチョウ",
    "street": null,
    "office_name": null,
    "office_name_kana": null
  },
  "0044": {
    "postcode": "6900044",
    "prefecture": "島根県",
    "prefecture_kana": "シマネケン",
    "prefecture_code": 32,
    "city": "松江市",
    "city_kana": "マツエシ",
    "town": "浜乃木",
    "town_kana": "ハマノギ",
    "street": null,
    "office_name": null,
    "office_name_kana": null
  },
  "0045": {
    "postcode": "6900045",
    "prefecture": "島根県",
    "prefecture_kana": "シマネケン",
    "prefecture_code": 32,
    "city": "松江市",
    "city_kana": "マツエシ",
    "town": "乃白町",
    "town_kana": "ノシラチョウ",
    "street": null,
    "office_name": null,
    "office_name_kana": null
  },
  "0046": {
    "postcode": "6900046",
    "prefecture": "島根県",
    "prefecture_kana": "シマネケン",
    "prefecture_code": 32,
    "city": "松江市",
    "city_kana": "マツエシ",
    "town": "乃木福富町",
    "town_kana": "ノギフクトミチョウ",
    "street": null,
    "office_name": null,
    "office_name_kana": null
  },
  "0047": {
    "postcode": "6900047",
    "prefecture": "島根県",
    "prefecture_kana": "シマネケン",
    "prefecture_code": 32,
    "city": "松江市",
    "city_kana": "マツエシ",
    "town": "嫁島町",
    "town_kana": "ヨメシマチョウ",
    "street": null,
    "office_name": null,
    "office_name_kana": null
  },
  "0048": {
    "postcode": "6900048",
    "prefecture": "島根県",
    "prefecture_kana": "シマネケン",
    "prefecture_code": 32,
    "city": "松江市",
    "city_kana": "マツエシ",
    "town": "西嫁島",
    "town_kana": "ニシヨメシマ",
    "street": null,
    "office_name": null,
    "office_name_kana": null
  },
  "0049": {
    "postcode": "6900049",
    "prefecture": "島根県",
    "prefecture_kana": "シマネケン",
    "prefecture_code": 32,
    "city": "松江市",
    "city_kana": "マツエシ",
    "town": "袖師町",
    "town_kana": "ソデシチョウ",
    "street": null,
    "office_name": null,
    "office_name_kana": null
  },
  "0051": {
    "postcode": "6900051",
    "prefecture": "島根県",
    "prefecture_kana": "シマネケン",
    "prefecture_code": 32,
    "city": "松江市",
    "city_kana": "マツエシ",
    "town": "横浜町",
    "town_kana": "ヨコバマチョウ",
    "street": null,
    "office_name": null,
    "office_name_kana": null
  },
  "0052": {
    "postcode": "6900052",
    "prefecture": "島根県",
    "prefecture_kana": "シマネケン",
    "prefecture_code": 32,
    "city": "松江市",
    "city_kana": "マツエシ",
    "town": "竪町",
    "town_kana": "タテマチ",
    "street": null,
    "office_name": null,
    "office_name_kana": null
  },
  "0053": {
    "postcode": "6900053",
    "prefecture": "島根県",
    "prefecture_kana": "シマネケン",
    "prefecture_code": 32,
    "city": "松江市",
    "city_kana": "マツエシ",
    "town": "本郷町",
    "town_kana": "ホンゴウチョウ",
    "street": null,
    "office_name": null,
    "office_name_kana": null
  },
  "0054": {
    "postcode": "6900054",
    "prefecture": "島根県",
    "prefecture_kana": "シマネケン",
    "prefecture_code": 32,
    "city": "松江市",
    "city_kana": "マツエシ",
    "town": "新雑賀町",
    "town_kana": "シンサイカマチ",
    "street": null,
    "office_name": null,
    "office_name_kana": null
  },
  "0055": {
    "postcode": "6900055",
    "prefecture": "島根県",
    "prefecture_kana": "シマネケン",
    "prefecture_code": 32,
    "city": "松江市",
    "city_kana": "マツエシ",
    "town": "津田町",
    "town_kana": "ツダマチ",
    "street": null,
    "office_name": null,
    "office_name_kana": null
  },
  "0056": {
    "postcode": "6900056",
    "prefecture": "島根県",
    "prefecture_kana": "シマネケン",
    "prefecture_code": 32,
    "city": "松江市",
    "city_kana": "マツエシ",
    "town": "雑賀町",
    "town_kana": "サイカマチ",
    "street": null,
    "office_name": null,
    "office_name_kana": null
  },
  "0057": {
    "postcode": "6900057",
    "prefecture": "島根県",
    "prefecture_kana": "シマネケン",
    "prefecture_code": 32,
    "city": "松江市",
    "city_kana": "マツエシ",
    "town": "新町",
    "town_kana": "シンマチ",
    "street": null,
    "office_name": null,
    "office_name_kana": null
  },
  "0058": {
    "postcode": "6900058",
    "prefecture": "島根県",
    "prefecture_kana": "シマネケン",
    "prefecture_code": 32,
    "city": "松江市",
    "city_kana": "マツエシ",
    "town": "田和山町",
    "town_kana": "タワヤマチョウ",
    "street": null,
    "office_name": null,
    "office_name_kana": null
  },
  "0061": {
    "postcode": "6900061",
    "prefecture": "島根県",
    "prefecture_kana": "シマネケン",
    "prefecture_code": 32,
    "city": "松江市",
    "city_kana": "マツエシ",
    "town": "白瀉本町",
    "town_kana": "シラカタホンマチ",
    "street": null,
    "office_name": null,
    "office_name_kana": null
  },
  "0062": {
    "postcode": "6900062",
    "prefecture": "島根県",
    "prefecture_kana": "シマネケン",
    "prefecture_code": 32,
    "city": "松江市",
    "city_kana": "マツエシ",
    "town": "魚町",
    "town_kana": "ウオマチ",
    "street": null,
    "office_name": null,
    "office_name_kana": null
  },
  "0063": {
    "postcode": "6900063",
    "prefecture": "島根県",
    "prefecture_kana": "シマネケン",
    "prefecture_code": 32,
    "city": "松江市",
    "city_kana": "マツエシ",
    "town": "寺町",
    "town_kana": "テラマチ",
    "street": null,
    "office_name": null,
    "office_name_kana": null
  },
  "0064": {
    "postcode": "6900064",
    "prefecture": "島根県",
    "prefecture_kana": "シマネケン",
    "prefecture_code": 32,
    "city": "松江市",
    "city_kana": "マツエシ",
    "town": "天神町",
    "town_kana": "テンジンマチ",
    "street": null,
    "office_name": null,
    "office_name_kana": null
  },
  "0065": {
    "postcode": "6900065",
    "prefecture": "島根県",
    "prefecture_kana": "シマネケン",
    "prefecture_code": 32,
    "city": "松江市",
    "city_kana": "マツエシ",
    "town": "灘町",
    "town_kana": "ナダマチ",
    "street": null,
    "office_name": null,
    "office_name_kana": null
  },
  "0121": {
    "postcode": "6900121",
    "prefecture": "島根県",
    "prefecture_kana": "シマネケン",
    "prefecture_code": 32,
    "city": "松江市",
    "city_kana": "マツエシ",
    "town": "古志町",
    "town_kana": "コシチョウ",
    "street": null,
    "office_name": null,
    "office_name_kana": null
  },
  "0122": {
    "postcode": "6900122",
    "prefecture": "島根県",
    "prefecture_kana": "シマネケン",
    "prefecture_code": 32,
    "city": "松江市",
    "city_kana": "マツエシ",
    "town": "西浜佐陀町",
    "town_kana": "ニシハマサダチョウ",
    "street": null,
    "office_name": null,
    "office_name_kana": null
  },
  "0131": {
    "postcode": "6900131",
    "prefecture": "島根県",
    "prefecture_kana": "シマネケン",
    "prefecture_code": 32,
    "city": "松江市",
    "city_kana": "マツエシ",
    "town": "打出町",
    "town_kana": "ウチデチョウ",
    "street": null,
    "office_name": null,
    "office_name_kana": null
  },
  "0132": {
    "postcode": "6900132",
    "prefecture": "島根県",
    "prefecture_kana": "シマネケン",
    "prefecture_code": 32,
    "city": "松江市",
    "city_kana": "マツエシ",
    "town": "西長江町",
    "town_kana": "ニシナガエチョウ",
    "street": null,
    "office_name": null,
    "office_name_kana": null
  },
  "0133": {
    "postcode": "6900133",
    "prefecture": "島根県",
    "prefecture_kana": "シマネケン",
    "prefecture_code": 32,
    "city": "松江市",
    "city_kana": "マツエシ",
    "town": "東長江町",
    "town_kana": "ヒガシナガエチョウ",
    "street": null,
    "office_name": null,
    "office_name_kana": null
  },
  "0141": {
    "postcode": "6900141",
    "prefecture": "島根県",
    "prefecture_kana": "シマネケン",
    "prefecture_code": 32,
    "city": "松江市",
    "city_kana": "マツエシ",
    "town": "荘成町",
    "town_kana": "ショウジョウチョウ",
    "street": null,
    "office_name": null,
    "office_name_kana": null
  },
  "0142": {
    "postcode": "6900142",
    "prefecture": "島根県",
    "prefecture_kana": "シマネケン",
    "prefecture_code": 32,
    "city": "松江市",
    "city_kana": "マツエシ",
    "town": "西谷町",
    "town_kana": "ニシダニチョウ",
    "street": null,
    "office_name": null,
    "office_name_kana": null
  },
  "0151": {
    "postcode": "6900151",
    "prefecture": "島根県",
    "prefecture_kana": "シマネケン",
    "prefecture_code": 32,
    "city": "松江市",
    "city_kana": "マツエシ",
    "town": "古曽志町",
    "town_kana": "コソシチョウ",
    "street": null,
    "office_name": null,
    "office_name_kana": null
  },
  "0261": {
    "postcode": "6900261",
    "prefecture": "島根県",
    "prefecture_kana": "シマネケン",
    "prefecture_code": 32,
    "city": "松江市",
    "city_kana": "マツエシ",
    "town": "秋鹿町",
    "town_kana": "アイカチョウ",
    "street": null,
    "office_name": null,
    "office_name_kana": null
  },
  "0262": {
    "postcode": "6900262",
    "prefecture": "島根県",
    "prefecture_kana": "シマネケン",
    "prefecture_code": 32,
    "city": "松江市",
    "city_kana": "マツエシ",
    "town": "岡本町",
    "town_kana": "オカモトチョウ",
    "street": null,
    "office_name": null,
    "office_name_kana": null
  },
  "0263": {
    "postcode": "6900263",
    "prefecture": "島根県",
    "prefecture_kana": "シマネケン",
    "prefecture_code": 32,
    "city": "松江市",
    "city_kana": "マツエシ",
    "town": "大垣町",
    "town_kana": "オオガキチョウ",
    "street": null,
    "office_name": null,
    "office_name_kana": null
  },
  "0264": {
    "postcode": "6900264",
    "prefecture": "島根県",
    "prefecture_kana": "シマネケン",
    "prefecture_code": 32,
    "city": "松江市",
    "city_kana": "マツエシ",
    "town": "大野町",
    "town_kana": "オオノチョウ",
    "street": null,
    "office_name": null,
    "office_name_kana": null
  },
  "0265": {
    "postcode": "6900265",
    "prefecture": "島根県",
    "prefecture_kana": "シマネケン",
    "prefecture_code": 32,
    "city": "松江市",
    "city_kana": "マツエシ",
    "town": "上大野町",
    "town_kana": "カミオオノチョウ",
    "street": null,
    "office_name": null,
    "office_name_kana": null
  },
  "0266": {
    "postcode": "6900266",
    "prefecture": "島根県",
    "prefecture_kana": "シマネケン",
    "prefecture_code": 32,
    "city": "松江市",
    "city_kana": "マツエシ",
    "town": "魚瀬町",
    "town_kana": "オノゼチョウ",
    "street": null,
    "office_name": null,
    "office_name_kana": null
  },
  "0321": {
    "postcode": "6900321",
    "prefecture": "島根県",
    "prefecture_kana": "シマネケン",
    "prefecture_code": 32,
    "city": "松江市",
    "city_kana": "マツエシ",
    "town": "鹿島町武代",
    "town_kana": "カシマチョウタケダイ",
    "street": null,
    "office_name": null,
    "office_name_kana": null
  },
  "0322": {
    "postcode": "6900322",
    "prefecture": "島根県",
    "prefecture_kana": "シマネケン",
    "prefecture_code": 32,
    "city": "松江市",
    "city_kana": "マツエシ",
    "town": "鹿島町恵曇",
    "town_kana": "カシマチョウエトモ",
    "street": null,
    "office_name": null,
    "office_name_kana": null
  },
  "0323": {
    "postcode": "6900323",
    "prefecture": "島根県",
    "prefecture_kana": "シマネケン",
    "prefecture_code": 32,
    "city": "松江市",
    "city_kana": "マツエシ",
    "town": "鹿島町手結",
    "town_kana": "カシマチョウタユ",
    "street": null,
    "office_name": null,
    "office_name_kana": null
  },
  "0324": {
    "postcode": "6900324",
    "prefecture": "島根県",
    "prefecture_kana": "シマネケン",
    "prefecture_code": 32,
    "city": "松江市",
    "city_kana": "マツエシ",
    "town": "鹿島町片句",
    "town_kana": "カシマチョウカタク",
    "street": null,
    "office_name": null,
    "office_name_kana": null
  },
  "0331": {
    "postcode": "6900331",
    "prefecture": "島根県",
    "prefecture_kana": "シマネケン",
    "prefecture_code": 32,
    "city": "松江市",
    "city_kana": "マツエシ",
    "town": "鹿島町佐陀宮内",
    "town_kana": "カシマチョウサダミヤウチ",
    "street": null,
    "office_name": null,
    "office_name_kana": null
  },
  "0332": {
    "postcode": "6900332",
    "prefecture": "島根県",
    "prefecture_kana": "シマネケン",
    "prefecture_code": 32,
    "city": "松江市",
    "city_kana": "マツエシ",
    "town": "鹿島町佐陀本郷",
    "town_kana": "カシマチョウサダホンゴウ",
    "street": null,
    "office_name": null,
    "office_name_kana": null
  },
  "0333": {
    "postcode": "6900333",
    "prefecture": "島根県",
    "prefecture_kana": "シマネケン",
    "prefecture_code": 32,
    "city": "松江市",
    "city_kana": "マツエシ",
    "town": "鹿島町古浦",
    "town_kana": "カシマチョウコウラ",
    "street": null,
    "office_name": null,
    "office_name_kana": null
  },
  "0393": {
    "postcode": "6900393",
    "prefecture": "島根県",
    "prefecture_kana": "シマネケン",
    "prefecture_code": 32,
    "city": "松江市",
    "city_kana": "マツエシ",
    "town": "鹿島町片句",
    "town_kana": "カシマチョウカタク",
    "street": "６５４−１",
    "office_name": "中国電力　株式会社　島根原子力発電所",
    "office_name_kana": "チユウゴクデンリヨク カブシキガイシヤ シマネゲンシリヨクハツデンシヨ"
  },
  "0396": {
    "postcode": "6900396",
    "prefecture": "島根県",
    "prefecture_kana": "シマネケン",
    "prefecture_code": 32,
    "city": "松江市",
    "city_kana": "マツエシ",
    "town": "鹿島町佐陀本郷",
    "town_kana": "カシマチョウサダホンゴウ",
    "street": "６４０−１",
    "office_name": "松江市役所　鹿島支所",
    "office_name_kana": "マツエシヤクシヨ カシマシシヨ"
  },
  "0401": {
    "postcode": "6900401",
    "prefecture": "島根県",
    "prefecture_kana": "シマネケン",
    "prefecture_code": 32,
    "city": "松江市",
    "city_kana": "マツエシ",
    "town": "島根町加賀",
    "town_kana": "シマネチョウカカ",
    "street": null,
    "office_name": null,
    "office_name_kana": null
  },
  "0402": {
    "postcode": "6900402",
    "prefecture": "島根県",
    "prefecture_kana": "シマネケン",
    "prefecture_code": 32,
    "city": "松江市",
    "city_kana": "マツエシ",
    "town": "島根町大芦",
    "town_kana": "シマネチョウオワシ",
    "street": null,
    "office_name": null,
    "office_name_kana": null
  },
  "0411": {
    "postcode": "6900411",
    "prefecture": "島根県",
    "prefecture_kana": "シマネケン",
    "prefecture_code": 32,
    "city": "松江市",
    "city_kana": "マツエシ",
    "town": "鹿島町御津",
    "town_kana": "カシマチョウミツ",
    "street": null,
    "office_name": null,
    "office_name_kana": null
  },
  "0801": {
    "postcode": "6900801",
    "prefecture": "島根県",
    "prefecture_kana": "シマネケン",
    "prefecture_code": 32,
    "city": "松江市",
    "city_kana": "マツエシ",
    "town": "鹿島町上講武",
    "town_kana": "カシマチョウカミコウブ",
    "street": null,
    "office_name": null,
    "office_name_kana": null
  },
  "0802": {
    "postcode": "6900802",
    "prefecture": "島根県",
    "prefecture_kana": "シマネケン",
    "prefecture_code": 32,
    "city": "松江市",
    "city_kana": "マツエシ",
    "town": "鹿島町南講武",
    "town_kana": "カシマチョウミナミコウブ",
    "street": null,
    "office_name": null,
    "office_name_kana": null
  },
  "0803": {
    "postcode": "6900803",
    "prefecture": "島根県",
    "prefecture_kana": "シマネケン",
    "prefecture_code": 32,
    "city": "松江市",
    "city_kana": "マツエシ",
    "town": "鹿島町名分",
    "town_kana": "カシマチョウミョウブン",
    "street": null,
    "office_name": null,
    "office_name_kana": null
  },
  "0804": {
    "postcode": "6900804",
    "prefecture": "島根県",
    "prefecture_kana": "シマネケン",
    "prefecture_code": 32,
    "city": "松江市",
    "city_kana": "マツエシ",
    "town": "鹿島町北講武",
    "town_kana": "カシマチョウキタコウブ",
    "street": null,
    "office_name": null,
    "office_name_kana": null
  },
  "0811": {
    "postcode": "6900811",
    "prefecture": "島根県",
    "prefecture_kana": "シマネケン",
    "prefecture_code": 32,
    "city": "松江市",
    "city_kana": "マツエシ",
    "town": "福原町",
    "town_kana": "フクハラチョウ",
    "street": null,
    "office_name": null,
    "office_name_kana": null
  },
  "0812": {
    "postcode": "6900812",
    "prefecture": "島根県",
    "prefecture_kana": "シマネケン",
    "prefecture_code": 32,
    "city": "松江市",
    "city_kana": "マツエシ",
    "town": "川原町",
    "town_kana": "カワハラチョウ",
    "street": null,
    "office_name": null,
    "office_name_kana": null
  },
  "0813": {
    "postcode": "6900813",
    "prefecture": "島根県",
    "prefecture_kana": "シマネケン",
    "prefecture_code": 32,
    "city": "松江市",
    "city_kana": "マツエシ",
    "town": "坂本町",
    "town_kana": "サカモトチョウ",
    "street": null,
    "office_name": null,
    "office_name_kana": null
  },
  "0814": {
    "postcode": "6900814",
    "prefecture": "島根県",
    "prefecture_kana": "シマネケン",
    "prefecture_code": 32,
    "city": "松江市",
    "city_kana": "マツエシ",
    "town": "東持田町",
    "town_kana": "ヒガシモチダチョウ",
    "street": null,
    "office_name": null,
    "office_name_kana": null
  },
  "0815": {
    "postcode": "6900815",
    "prefecture": "島根県",
    "prefecture_kana": "シマネケン",
    "prefecture_code": 32,
    "city": "松江市",
    "city_kana": "マツエシ",
    "town": "西持田町",
    "town_kana": "ニシモチダチョウ",
    "street": null,
    "office_name": null,
    "office_name_kana": null
  },
  "0816": {
    "postcode": "6900816",
    "prefecture": "島根県",
    "prefecture_kana": "シマネケン",
    "prefecture_code": 32,
    "city": "松江市",
    "city_kana": "マツエシ",
    "town": "北陵町",
    "town_kana": "ホクリョウチョウ",
    "street": null,
    "office_name": null,
    "office_name_kana": null
  },
  "0821": {
    "postcode": "6900821",
    "prefecture": "島根県",
    "prefecture_kana": "シマネケン",
    "prefecture_code": 32,
    "city": "松江市",
    "city_kana": "マツエシ",
    "town": "上東川津町",
    "town_kana": "カミヒガシカワツチョウ",
    "street": null,
    "office_name": null,
    "office_name_kana": null
  },
  "0822": {
    "postcode": "6900822",
    "prefecture": "島根県",
    "prefecture_kana": "シマネケン",
    "prefecture_code": 32,
    "city": "松江市",
    "city_kana": "マツエシ",
    "town": "下東川津町",
    "town_kana": "シモヒガシカワツチョウ",
    "street": null,
    "office_name": null,
    "office_name_kana": null
  },
  "0823": {
    "postcode": "6900823",
    "prefecture": "島根県",
    "prefecture_kana": "シマネケン",
    "prefecture_code": 32,
    "city": "松江市",
    "city_kana": "マツエシ",
    "town": "西川津町",
    "town_kana": "ニシカワツチョウ",
    "street": null,
    "office_name": null,
    "office_name_kana": null
  },
  "0824": {
    "postcode": "6900824",
    "prefecture": "島根県",
    "prefecture_kana": "シマネケン",
    "prefecture_code": 32,
    "city": "松江市",
    "city_kana": "マツエシ",
    "town": "菅田町",
    "town_kana": "スガタチョウ",
    "street": null,
    "office_name": null,
    "office_name_kana": null
  },
  "0825": {
    "postcode": "6900825",
    "prefecture": "島根県",
    "prefecture_kana": "シマネケン",
    "prefecture_code": 32,
    "city": "松江市",
    "city_kana": "マツエシ",
    "town": "学園",
    "town_kana": "ガクエン",
    "street": null,
    "office_name": null,
    "office_name_kana": null
  },
  "0826": {
    "postcode": "6900826",
    "prefecture": "島根県",
    "prefecture_kana": "シマネケン",
    "prefecture_code": 32,
    "city": "松江市",
    "city_kana": "マツエシ",
    "town": "学園南",
    "town_kana": "ガクエンミナミ",
    "street": null,
    "office_name": null,
    "office_name_kana": null
  },
  "0831": {
    "postcode": "6900831",
    "prefecture": "島根県",
    "prefecture_kana": "シマネケン",
    "prefecture_code": 32,
    "city": "松江市",
    "city_kana": "マツエシ",
    "town": "大海崎町",
    "town_kana": "オオミサキチョウ",
    "street": null,
    "office_name": null,
    "office_name_kana": null
  },
  "0832": {
    "postcode": "6900832",
    "prefecture": "島根県",
    "prefecture_kana": "シマネケン",
    "prefecture_code": 32,
    "city": "松江市",
    "city_kana": "マツエシ",
    "town": "大井町",
    "town_kana": "オオイチョウ",
    "street": null,
    "office_name": null,
    "office_name_kana": null
  },
  "0833": {
    "postcode": "6900833",
    "prefecture": "島根県",
    "prefecture_kana": "シマネケン",
    "prefecture_code": 32,
    "city": "松江市",
    "city_kana": "マツエシ",
    "town": "福富町",
    "town_kana": "フクトミチョウ",
    "street": null,
    "office_name": null,
    "office_name_kana": null
  },
  "0834": {
    "postcode": "6900834",
    "prefecture": "島根県",
    "prefecture_kana": "シマネケン",
    "prefecture_code": 32,
    "city": "松江市",
    "city_kana": "マツエシ",
    "town": "朝酌町",
    "town_kana": "アサクミチョウ",
    "street": null,
    "office_name": null,
    "office_name_kana": null
  },
  "0835": {
    "postcode": "6900835",
    "prefecture": "島根県",
    "prefecture_kana": "シマネケン",
    "prefecture_code": 32,
    "city": "松江市",
    "city_kana": "マツエシ",
    "town": "西尾町",
    "town_kana": "ニシオチョウ",
    "street": null,
    "office_name": null,
    "office_name_kana": null
  },
  "0841": {
    "postcode": "6900841",
    "prefecture": "島根県",
    "prefecture_kana": "シマネケン",
    "prefecture_code": 32,
    "city": "松江市",
    "city_kana": "マツエシ",
    "town": "向島町",
    "town_kana": "ムコウジマチョウ",
    "street": null,
    "office_name": null,
    "office_name_kana": null
  },
  "0842": {
    "postcode": "6900842",
    "prefecture": "島根県",
    "prefecture_kana": "シマネケン",
    "prefecture_code": 32,
    "city": "松江市",
    "city_kana": "マツエシ",
    "town": "東本町",
    "town_kana": "ヒガシホンマチ",
    "street": null,
    "office_name": null,
    "office_name_kana": null
  },
  "0843": {
    "postcode": "6900843",
    "prefecture": "島根県",
    "prefecture_kana": "シマネケン",
    "prefecture_code": 32,
    "city": "松江市",
    "city_kana": "マツエシ",
    "town": "末次本町",
    "town_kana": "スエツグホンマチ",
    "street": null,
    "office_name": null,
    "office_name_kana": null
  },
  "0844": {
    "postcode": "6900844",
    "prefecture": "島根県",
    "prefecture_kana": "シマネケン",
    "prefecture_code": 32,
    "city": "松江市",
    "city_kana": "マツエシ",
    "town": "東茶町",
    "town_kana": "ヒガシチャマチ",
    "street": null,
    "office_name": null,
    "office_name_kana": null
  },
  "0845": {
    "postcode": "6900845",
    "prefecture": "島根県",
    "prefecture_kana": "シマネケン",
    "prefecture_code": 32,
    "city": "松江市",
    "city_kana": "マツエシ",
    "town": "西茶町",
    "town_kana": "ニシチャマチ",
    "street": null,
    "office_name": null,
    "office_name_kana": null
  },
  "0846": {
    "postcode": "6900846",
    "prefecture": "島根県",
    "prefecture_kana": "シマネケン",
    "prefecture_code": 32,
    "city": "松江市",
    "city_kana": "マツエシ",
    "town": "末次町",
    "town_kana": "スエツグチョウ",
    "street": null,
    "office_name": null,
    "office_name_kana": null
  },
  "0847": {
    "postcode": "6900847",
    "prefecture": "島根県",
    "prefecture_kana": "シマネケン",
    "prefecture_code": 32,
    "city": "松江市",
    "city_kana": "マツエシ",
    "town": "片原町",
    "town_kana": "カタハラチョウ",
    "street": null,
    "office_name": null,
    "office_name_kana": null
  },
  "0848": {
    "postcode": "6900848",
    "prefecture": "島根県",
    "prefecture_kana": "シマネケン",
    "prefecture_code": 32,
    "city": "松江市",
    "city_kana": "マツエシ",
    "town": "苧町",
    "town_kana": "オマチ",
    "street": null,
    "office_name": null,
    "office_name_kana": null
  },
  "0851": {
    "postcode": "6900851",
    "prefecture": "島根県",
    "prefecture_kana": "シマネケン",
    "prefecture_code": 32,
    "city": "松江市",
    "city_kana": "マツエシ",
    "town": "堂形町",
    "town_kana": "ドウガタチョウ",
    "street": null,
    "office_name": null,
    "office_name_kana": null
  },
  "0852": {
    "postcode": "6900852",
    "prefecture": "島根県",
    "prefecture_kana": "シマネケン",
    "prefecture_code": 32,
    "city": "松江市",
    "city_kana": "マツエシ",
    "town": "千鳥町",
    "town_kana": "チドリチョウ",
    "street": null,
    "office_name": null,
    "office_name_kana": null
  },
  "0854": {
    "postcode": "6900854",
    "prefecture": "島根県",
    "prefecture_kana": "シマネケン",
    "prefecture_code": 32,
    "city": "松江市",
    "city_kana": "マツエシ",
    "town": "南平台",
    "town_kana": "ナンペイダイ",
    "street": null,
    "office_name": null,
    "office_name_kana": null
  },
  "0855": {
    "postcode": "6900855",
    "prefecture": "島根県",
    "prefecture_kana": "シマネケン",
    "prefecture_code": 32,
    "city": "松江市",
    "city_kana": "マツエシ",
    "town": "浜佐田町",
    "town_kana": "ハマサダチョウ",
    "street": null,
    "office_name": null,
    "office_name_kana": null
  },
  "0856": {
    "postcode": "6900856",
    "prefecture": "島根県",
    "prefecture_kana": "シマネケン",
    "prefecture_code": 32,
    "city": "松江市",
    "city_kana": "マツエシ",
    "town": "薦津町",
    "town_kana": "コモヅチョウ",
    "street": null,
    "office_name": null,
    "office_name_kana": null
  },
  "0859": {
    "postcode": "6900859",
    "prefecture": "島根県",
    "prefecture_kana": "シマネケン",
    "prefecture_code": 32,
    "city": "松江市",
    "city_kana": "マツエシ",
    "town": "国屋町",
    "town_kana": "クヤチョウ",
    "street": null,
    "office_name": null,
    "office_name_kana": null
  },
  "0860": {
    "postcode": "6900860",
    "prefecture": "島根県",
    "prefecture_kana": "シマネケン",
    "prefecture_code": 32,
    "city": "松江市",
    "city_kana": "マツエシ",
    "town": "西法吉町",
    "town_kana": "ニシホッキチョウ",
    "street": null,
    "office_name": null,
    "office_name_kana": null
  },
  "0861": {
    "postcode": "6900861",
    "prefecture": "島根県",
    "prefecture_kana": "シマネケン",
    "prefecture_code": 32,
    "city": "松江市",
    "city_kana": "マツエシ",
    "town": "法吉町",
    "town_kana": "ホッキチョウ",
    "street": null,
    "office_name": null,
    "office_name_kana": null
  },
  "0862": {
    "postcode": "6900862",
    "prefecture": "島根県",
    "prefecture_kana": "シマネケン",
    "prefecture_code": 32,
    "city": "松江市",
    "city_kana": "マツエシ",
    "town": "比津が丘",
    "town_kana": "ヒツガオカ",
    "street": null,
    "office_name": null,
    "office_name_kana": null
  },
  "0863": {
    "postcode": "6900863",
    "prefecture": "島根県",
    "prefecture_kana": "シマネケン",
    "prefecture_code": 32,
    "city": "松江市",
    "city_kana": "マツエシ",
    "town": "比津町",
    "town_kana": "ヒツチョウ",
    "street": null,
    "office_name": null,
    "office_name_kana": null
  },
  "0864": {
    "postcode": "6900864",
    "prefecture": "島根県",
    "prefecture_kana": "シマネケン",
    "prefecture_code": 32,
    "city": "松江市",
    "city_kana": "マツエシ",
    "town": "東生馬町",
    "town_kana": "ヒガシイクマチョウ",
    "street": null,
    "office_name": null,
    "office_name_kana": null
  },
  "0865": {
    "postcode": "6900865",
    "prefecture": "島根県",
    "prefecture_kana": "シマネケン",
    "prefecture_code": 32,
    "city": "松江市",
    "city_kana": "マツエシ",
    "town": "西生馬町",
    "town_kana": "ニシイクマチョウ",
    "street": null,
    "office_name": null,
    "office_name_kana": null
  },
  "0866": {
    "postcode": "6900866",
    "prefecture": "島根県",
    "prefecture_kana": "シマネケン",
    "prefecture_code": 32,
    "city": "松江市",
    "city_kana": "マツエシ",
    "town": "下佐陀町",
    "town_kana": "シモサダチョウ",
    "street": null,
    "office_name": null,
    "office_name_kana": null
  },
  "0867": {
    "postcode": "6900867",
    "prefecture": "島根県",
    "prefecture_kana": "シマネケン",
    "prefecture_code": 32,
    "city": "松江市",
    "city_kana": "マツエシ",
    "town": "上佐陀町",
    "town_kana": "カミサダチョウ",
    "street": null,
    "office_name": null,
    "office_name_kana": null
  },
  "0868": {
    "postcode": "6900868",
    "prefecture": "島根県",
    "prefecture_kana": "シマネケン",
    "prefecture_code": 32,
    "city": "松江市",
    "city_kana": "マツエシ",
    "town": "淞北台",
    "town_kana": "ショウホクダイ",
    "street": null,
    "office_name": null,
    "office_name_kana": null
  },
  "0869": {
    "postcode": "6900869",
    "prefecture": "島根県",
    "prefecture_kana": "シマネケン",
    "prefecture_code": 32,
    "city": "松江市",
    "city_kana": "マツエシ",
    "town": "うぐいす台",
    "town_kana": "ウグイスダイ",
    "street": null,
    "office_name": null,
    "office_name_kana": null
  },
  "0871": {
    "postcode": "6900871",
    "prefecture": "島根県",
    "prefecture_kana": "シマネケン",
    "prefecture_code": 32,
    "city": "松江市",
    "city_kana": "マツエシ",
    "town": "東奥谷町",
    "town_kana": "ヒガシオクダニチョウ",
    "street": null,
    "office_name": null,
    "office_name_kana": null
  },
  "0872": {
    "postcode": "6900872",
    "prefecture": "島根県",
    "prefecture_kana": "シマネケン",
    "prefecture_code": 32,
    "city": "松江市",
    "city_kana": "マツエシ",
    "town": "奥谷町",
    "town_kana": "オクダニチョウ",
    "street": null,
    "office_name": null,
    "office_name_kana": null
  },
  "0873": {
    "postcode": "6900873",
    "prefecture": "島根県",
    "prefecture_kana": "シマネケン",
    "prefecture_code": 32,
    "city": "松江市",
    "city_kana": "マツエシ",
    "town": "内中原町",
    "town_kana": "ウチナカバラチョウ",
    "street": null,
    "office_name": null,
    "office_name_kana": null
  },
  "0874": {
    "postcode": "6900874",
    "prefecture": "島根県",
    "prefecture_kana": "シマネケン",
    "prefecture_code": 32,
    "city": "松江市",
    "city_kana": "マツエシ",
    "town": "中原町",
    "town_kana": "ナカハラチョウ",
    "street": null,
    "office_name": null,
    "office_name_kana": null
  },
  "0875": {
    "postcode": "6900875",
    "prefecture": "島根県",
    "prefecture_kana": "シマネケン",
    "prefecture_code": 32,
    "city": "松江市",
    "city_kana": "マツエシ",
    "town": "外中原町",
    "town_kana": "ソトナカバラチョウ",
    "street": null,
    "office_name": null,
    "office_name_kana": null
  },
  "0876": {
    "postcode": "6900876",
    "prefecture": "島根県",
    "prefecture_kana": "シマネケン",
    "prefecture_code": 32,
    "city": "松江市",
    "city_kana": "マツエシ",
    "town": "黒田町",
    "town_kana": "クロダチョウ",
    "street": null,
    "office_name": null,
    "office_name_kana": null
  },
  "0877": {
    "postcode": "6900877",
    "prefecture": "島根県",
    "prefecture_kana": "シマネケン",
    "prefecture_code": 32,
    "city": "松江市",
    "city_kana": "マツエシ",
    "town": "春日町",
    "town_kana": "カスガチョウ",
    "street": null,
    "office_name": null,
    "office_name_kana": null
  },
  "0878": {
    "postcode": "6900878",
    "prefecture": "島根県",
    "prefecture_kana": "シマネケン",
    "prefecture_code": 32,
    "city": "松江市",
    "city_kana": "マツエシ",
    "town": "砂子町",
    "town_kana": "スナゴチョウ",
    "street": null,
    "office_name": null,
    "office_name_kana": null
  },
  "0881": {
    "postcode": "6900881",
    "prefecture": "島根県",
    "prefecture_kana": "シマネケン",
    "prefecture_code": 32,
    "city": "松江市",
    "city_kana": "マツエシ",
    "town": "石橋町",
    "town_kana": "イシバシチョウ",
    "street": null,
    "office_name": null,
    "office_name_kana": null
  },
  "0882": {
    "postcode": "6900882",
    "prefecture": "島根県",
    "prefecture_kana": "シマネケン",
    "prefecture_code": 32,
    "city": "松江市",
    "city_kana": "マツエシ",
    "town": "大輪町",
    "town_kana": "ダイリンチョウ",
    "street": null,
    "office_name": null,
    "office_name_kana": null
  },
  "0883": {
    "postcode": "6900883",
    "prefecture": "島根県",
    "prefecture_kana": "シマネケン",
    "prefecture_code": 32,
    "city": "松江市",
    "city_kana": "マツエシ",
    "town": "北田町",
    "town_kana": "キタタマチ",
    "street": null,
    "office_name": null,
    "office_name_kana": null
  },
  "0884": {
    "postcode": "6900884",
    "prefecture": "島根県",
    "prefecture_kana": "シマネケン",
    "prefecture_code": 32,
    "city": "松江市",
    "city_kana": "マツエシ",
    "town": "南田町",
    "town_kana": "ミナミタマチ",
    "street": null,
    "office_name": null,
    "office_name_kana": null
  },
  "0885": {
    "postcode": "6900885",
    "prefecture": "島根県",
    "prefecture_kana": "シマネケン",
    "prefecture_code": 32,
    "city": "松江市",
    "city_kana": "マツエシ",
    "town": "米子町",
    "town_kana": "ヨナゴマチ",
    "street": null,
    "office_name": null,
    "office_name_kana": null
  },
  "0886": {
    "postcode": "6900886",
    "prefecture": "島根県",
    "prefecture_kana": "シマネケン",
    "prefecture_code": 32,
    "city": "松江市",
    "city_kana": "マツエシ",
    "town": "母衣町",
    "town_kana": "ホロマチ",
    "street": null,
    "office_name": null,
    "office_name_kana": null
  },
  "0887": {
    "postcode": "6900887",
    "prefecture": "島根県",
    "prefecture_kana": "シマネケン",
    "prefecture_code": 32,
    "city": "松江市",
    "city_kana": "マツエシ",
    "town": "殿町",
    "town_kana": "トノマチ",
    "street": null,
    "office_name": null,
    "office_name_kana": null
  },
  "0888": {
    "postcode": "6900888",
    "prefecture": "島根県",
    "prefecture_kana": "シマネケン",
    "prefecture_code": 32,
    "city": "松江市",
    "city_kana": "マツエシ",
    "town": "北堀町",
    "town_kana": "キタホリチョウ",
    "street": null,
    "office_name": null,
    "office_name_kana": null
  },
  "1101": {
    "postcode": "6901101",
    "prefecture": "島根県",
    "prefecture_kana": "シマネケン",
    "prefecture_code": 32,
    "city": "松江市",
    "city_kana": "マツエシ",
    "town": "本庄町",
    "town_kana": "ホンジョウチョウ",
    "street": null,
    "office_name": null,
    "office_name_kana": null
  },
  "1102": {
    "postcode": "6901102",
    "prefecture": "島根県",
    "prefecture_kana": "シマネケン",
    "prefecture_code": 32,
    "city": "松江市",
    "city_kana": "マツエシ",
    "town": "上本庄町",
    "town_kana": "カミホンジョウチョウ",
    "street": null,
    "office_name": null,
    "office_name_kana": null
  },
  "1103": {
    "postcode": "6901103",
    "prefecture": "島根県",
    "prefecture_kana": "シマネケン",
    "prefecture_code": 32,
    "city": "松江市",
    "city_kana": "マツエシ",
    "town": "新庄町",
    "town_kana": "シンジョウチョウ",
    "street": null,
    "office_name": null,
    "office_name_kana": null
  },
  "1104": {
    "postcode": "6901104",
    "prefecture": "島根県",
    "prefecture_kana": "シマネケン",
    "prefecture_code": 32,
    "city": "松江市",
    "city_kana": "マツエシ",
    "town": "上宇部尾町",
    "town_kana": "カミウベオチョウ",
    "street": null,
    "office_name": null,
    "office_name_kana": null
  },
  "1111": {
    "postcode": "6901111",
    "prefecture": "島根県",
    "prefecture_kana": "シマネケン",
    "prefecture_code": 32,
    "city": "松江市",
    "city_kana": "マツエシ",
    "town": "枕木町",
    "town_kana": "マクラギチョウ",
    "street": null,
    "office_name": null,
    "office_name_kana": null
  },
  "1112": {
    "postcode": "6901112",
    "prefecture": "島根県",
    "prefecture_kana": "シマネケン",
    "prefecture_code": 32,
    "city": "松江市",
    "city_kana": "マツエシ",
    "town": "長海町",
    "town_kana": "ナガミチョウ",
    "street": null,
    "office_name": null,
    "office_name_kana": null
  },
  "1113": {
    "postcode": "6901113",
    "prefecture": "島根県",
    "prefecture_kana": "シマネケン",
    "prefecture_code": 32,
    "city": "松江市",
    "city_kana": "マツエシ",
    "town": "手角町",
    "town_kana": "タスミチョウ",
    "street": null,
    "office_name": null,
    "office_name_kana": null
  },
  "1114": {
    "postcode": "6901114",
    "prefecture": "島根県",
    "prefecture_kana": "シマネケン",
    "prefecture_code": 32,
    "city": "松江市",
    "city_kana": "マツエシ",
    "town": "野原町",
    "town_kana": "ノバラチョウ",
    "street": null,
    "office_name": null,
    "office_name_kana": null
  },
  "1115": {
    "postcode": "6901115",
    "prefecture": "島根県",
    "prefecture_kana": "シマネケン",
    "prefecture_code": 32,
    "city": "松江市",
    "city_kana": "マツエシ",
    "town": "邑生町",
    "town_kana": "オウチョウ",
    "street": null,
    "office_name": null,
    "office_name_kana": null
  },
  "1211": {
    "postcode": "6901211",
    "prefecture": "島根県",
    "prefecture_kana": "シマネケン",
    "prefecture_code": 32,
    "city": "松江市",
    "city_kana": "マツエシ",
    "town": "島根町野井",
    "town_kana": "シマネチョウノイ",
    "street": null,
    "office_name": null,
    "office_name_kana": null
  },
  "1212": {
    "postcode": "6901212",
    "prefecture": "島根県",
    "prefecture_kana": "シマネケン",
    "prefecture_code": 32,
    "city": "松江市",
    "city_kana": "マツエシ",
    "town": "島根町野波",
    "town_kana": "シマネチョウノナミ",
    "street": null,
    "office_name": null,
    "office_name_kana": null
  },
  "1213": {
    "postcode": "6901213",
    "prefecture": "島根県",
    "prefecture_kana": "シマネケン",
    "prefecture_code": 32,
    "city": "松江市",
    "city_kana": "マツエシ",
    "town": "島根町多古",
    "town_kana": "シマネチョウタコ",
    "street": null,
    "office_name": null,
    "office_name_kana": null
  },
  "1221": {
    "postcode": "6901221",
    "prefecture": "島根県",
    "prefecture_kana": "シマネケン",
    "prefecture_code": 32,
    "city": "松江市",
    "city_kana": "マツエシ",
    "town": "美保関町北浦",
    "town_kana": "ミホノセキチョウキタウラ",
    "street": null,
    "office_name": null,
    "office_name_kana": null
  },
  "1222": {
    "postcode": "6901222",
    "prefecture": "島根県",
    "prefecture_kana": "シマネケン",
    "prefecture_code": 32,
    "city": "松江市",
    "city_kana": "マツエシ",
    "town": "美保関町千酌",
    "town_kana": "ミホノセキチョウチクミ",
    "street": null,
    "office_name": null,
    "office_name_kana": null
  },
  "1223": {
    "postcode": "6901223",
    "prefecture": "島根県",
    "prefecture_kana": "シマネケン",
    "prefecture_code": 32,
    "city": "松江市",
    "city_kana": "マツエシ",
    "town": "美保関町笠浦",
    "town_kana": "ミホノセキチョウカサウラ",
    "street": null,
    "office_name": null,
    "office_name_kana": null
  },
  "1311": {
    "postcode": "6901311",
    "prefecture": "島根県",
    "prefecture_kana": "シマネケン",
    "prefecture_code": 32,
    "city": "松江市",
    "city_kana": "マツエシ",
    "town": "美保関町七類",
    "town_kana": "ミホノセキチョウシチルイ",
    "street": null,
    "office_name": null,
    "office_name_kana": null
  },
  "1312": {
    "postcode": "6901312",
    "prefecture": "島根県",
    "prefecture_kana": "シマネケン",
    "prefecture_code": 32,
    "city": "松江市",
    "city_kana": "マツエシ",
    "town": "美保関町森山",
    "town_kana": "ミホノセキチョウモリヤマ",
    "street": null,
    "office_name": null,
    "office_name_kana": null
  },
  "1313": {
    "postcode": "6901313",
    "prefecture": "島根県",
    "prefecture_kana": "シマネケン",
    "prefecture_code": 32,
    "city": "松江市",
    "city_kana": "マツエシ",
    "town": "美保関町下宇部尾",
    "town_kana": "ミホノセキチョウシモウベオ",
    "street": null,
    "office_name": null,
    "office_name_kana": null
  },
  "1314": {
    "postcode": "6901314",
    "prefecture": "島根県",
    "prefecture_kana": "シマネケン",
    "prefecture_code": 32,
    "city": "松江市",
    "city_kana": "マツエシ",
    "town": "美保関町菅浦",
    "town_kana": "ミホノセキチョウスゲウラ",
    "street": null,
    "office_name": null,
    "office_name_kana": null
  },
  "1315": {
    "postcode": "6901315",
    "prefecture": "島根県",
    "prefecture_kana": "シマネケン",
    "prefecture_code": 32,
    "city": "松江市",
    "city_kana": "マツエシ",
    "town": "美保関町片江",
    "town_kana": "ミホノセキチョウカタエ",
    "street": null,
    "office_name": null,
    "office_name_kana": null
  },
  "1401": {
    "postcode": "6901401",
    "prefecture": "島根県",
    "prefecture_kana": "シマネケン",
    "prefecture_code": 32,
    "city": "松江市",
    "city_kana": "マツエシ",
    "town": "八束町江島",
    "town_kana": "ヤツカチョウエシマ",
    "street": null,
    "office_name": null,
    "office_name_kana": null
  },
  "1402": {
    "postcode": "6901402",
    "prefecture": "島根県",
    "prefecture_kana": "シマネケン",
    "prefecture_code": 32,
    "city": "松江市",
    "city_kana": "マツエシ",
    "town": "八束町馬渡",
    "town_kana": "ヤツカチョウマワタシ",
    "street": null,
    "office_name": null,
    "office_name_kana": null
  },
  "1403": {
    "postcode": "6901403",
    "prefecture": "島根県",
    "prefecture_kana": "シマネケン",
    "prefecture_code": 32,
    "city": "松江市",
    "city_kana": "マツエシ",
    "town": "八束町遅江",
    "town_kana": "ヤツカチョウオソエ",
    "street": null,
    "office_name": null,
    "office_name_kana": null
  },
  "1404": {
    "postcode": "6901404",
    "prefecture": "島根県",
    "prefecture_kana": "シマネケン",
    "prefecture_code": 32,
    "city": "松江市",
    "city_kana": "マツエシ",
    "town": "八束町波入",
    "town_kana": "ヤツカチョウハニュウ",
    "street": null,
    "office_name": null,
    "office_name_kana": null
  },
  "1405": {
    "postcode": "6901405",
    "prefecture": "島根県",
    "prefecture_kana": "シマネケン",
    "prefecture_code": 32,
    "city": "松江市",
    "city_kana": "マツエシ",
    "town": "八束町入江",
    "town_kana": "ヤツカチョウニュウコウ",
    "street": null,
    "office_name": null,
    "office_name_kana": null
  },
  "1406": {
    "postcode": "6901406",
    "prefecture": "島根県",
    "prefecture_kana": "シマネケン",
    "prefecture_code": 32,
    "city": "松江市",
    "city_kana": "マツエシ",
    "town": "八束町二子",
    "town_kana": "ヤツカチョウフタゴ",
    "street": null,
    "office_name": null,
    "office_name_kana": null
  },
  "1407": {
    "postcode": "6901407",
    "prefecture": "島根県",
    "prefecture_kana": "シマネケン",
    "prefecture_code": 32,
    "city": "松江市",
    "city_kana": "マツエシ",
    "town": "八束町寺津",
    "town_kana": "ヤツカチョウテラヅ",
    "street": null,
    "office_name": null,
    "office_name_kana": null
  },
  "1408": {
    "postcode": "6901408",
    "prefecture": "島根県",
    "prefecture_kana": "シマネケン",
    "prefecture_code": 32,
    "city": "松江市",
    "city_kana": "マツエシ",
    "town": "八束町亀尻",
    "town_kana": "ヤツカチョウカメシリ",
    "street": null,
    "office_name": null,
    "office_name_kana": null
  },
  "1492": {
    "postcode": "6901492",
    "prefecture": "島根県",
    "prefecture_kana": "シマネケン",
    "prefecture_code": 32,
    "city": "松江市",
    "city_kana": "マツエシ",
    "town": "八束町波入",
    "town_kana": "ヤツカチョウハニュウ",
    "street": "１２６０−２",
    "office_name": "有限会社　日本庭園　由志園",
    "office_name_kana": "ユウゲンガイシヤ ニホンテイエン ユシエン"
  },
  "1501": {
    "postcode": "6901501",
    "prefecture": "島根県",
    "prefecture_kana": "シマネケン",
    "prefecture_code": 32,
    "city": "松江市",
    "city_kana": "マツエシ",
    "town": "美保関町美保関",
    "town_kana": "ミホノセキチョウミホノセキ",
    "street": null,
    "office_name": null,
    "office_name_kana": null
  },
  "1502": {
    "postcode": "6901502",
    "prefecture": "島根県",
    "prefecture_kana": "シマネケン",
    "prefecture_code": 32,
    "city": "松江市",
    "city_kana": "マツエシ",
    "town": "美保関町雲津",
    "town_kana": "ミホノセキチョウクモヅ",
    "street": null,
    "office_name": null,
    "office_name_kana": null
  },
  "1503": {
    "postcode": "6901503",
    "prefecture": "島根県",
    "prefecture_kana": "シマネケン",
    "prefecture_code": 32,
    "city": "松江市",
    "city_kana": "マツエシ",
    "town": "美保関町諸喰",
    "town_kana": "ミホノセキチョウモロクイ",
    "street": null,
    "office_name": null,
    "office_name_kana": null
  },
  "1504": {
    "postcode": "6901504",
    "prefecture": "島根県",
    "prefecture_kana": "シマネケン",
    "prefecture_code": 32,
    "city": "松江市",
    "city_kana": "マツエシ",
    "town": "美保関町福浦",
    "town_kana": "ミホノセキチョウフクウラ",
    "street": null,
    "office_name": null,
    "office_name_kana": null
  },
  "1505": [
    {
      "postcode": "6901505",
      "prefecture": "島根県",
      "prefecture_kana": "シマネケン",
      "prefecture_code": 32,
      "city": "松江市",
      "city_kana": "マツエシ",
      "town": "美保関町森山",
      "town_kana": "ミホノセキチョウモリヤマ",
      "street": null,
      "office_name": null,
      "office_name_kana": null
    },
    {
      "postcode": "6901505",
      "prefecture": "島根県",
      "prefecture_kana": "シマネケン",
      "prefecture_code": 32,
      "city": "松江市",
      "city_kana": "マツエシ",
      "town": "美保関町森山古金崎",
      "town_kana": "ミホノセキチョウモリヤマコガネザキ",
      "street": null,
      "office_name": null,
      "office_name_kana": null
    }
  ],
  "2101": {
    "postcode": "6902101",
    "prefecture": "島根県",
    "prefecture_kana": "シマネケン",
    "prefecture_code": 32,
    "city": "松江市",
    "city_kana": "マツエシ",
    "town": "八雲町日吉",
    "town_kana": "ヤクモチョウヒヨシ",
    "street": null,
    "office_name": null,
    "office_name_kana": null
  },
  "2102": {
    "postcode": "6902102",
    "prefecture": "島根県",
    "prefecture_kana": "シマネケン",
    "prefecture_code": 32,
    "city": "松江市",
    "city_kana": "マツエシ",
    "town": "八雲町東岩坂",
    "town_kana": "ヤクモチョウヒガシイワサカ",
    "street": null,
    "office_name": null,
    "office_name_kana": null
  },
  "2103": {
    "postcode": "6902103",
    "prefecture": "島根県",
    "prefecture_kana": "シマネケン",
    "prefecture_code": 32,
    "city": "松江市",
    "city_kana": "マツエシ",
    "town": "八雲町西岩坂",
    "town_kana": "ヤクモチョウニシイワサカ",
    "street": null,
    "office_name": null,
    "office_name_kana": null
  },
  "2104": {
    "postcode": "6902104",
    "prefecture": "島根県",
    "prefecture_kana": "シマネケン",
    "prefecture_code": 32,
    "city": "松江市",
    "city_kana": "マツエシ",
    "town": "八雲町熊野",
    "town_kana": "ヤクモチョウクマノ",
    "street": null,
    "office_name": null,
    "office_name_kana": null
  },
  "2105": {
    "postcode": "6902105",
    "prefecture": "島根県",
    "prefecture_kana": "シマネケン",
    "prefecture_code": 32,
    "city": "松江市",
    "city_kana": "マツエシ",
    "town": "八雲町平原",
    "town_kana": "ヤクモチョウヒラハラ",
    "street": null,
    "office_name": null,
    "office_name_kana": null
  },
  "2192": {
    "postcode": "6902192",
    "prefecture": "島根県",
    "prefecture_kana": "シマネケン",
    "prefecture_code": 32,
    "city": "松江市",
    "city_kana": "マツエシ",
    "town": "八雲町西岩坂",
    "town_kana": "ヤクモチョウニシイワサカ",
    "street": "３１６",
    "office_name": "松江市役所　八雲支所",
    "office_name_kana": "マツエシヤクシヨ ヤクモシシヨ"
  },
  "2198": {
    "postcode": "6902198",
    "prefecture": "島根県",
    "prefecture_kana": "シマネケン",
    "prefecture_code": 32,
    "city": "松江市",
    "city_kana": "マツエシ",
    "town": "八雲町東岩坂",
    "town_kana": "ヤクモチョウヒガシイワサカ",
    "street": "１８０",
    "office_name": "小松電機産業　株式会社",
    "office_name_kana": "コマツデンキサンギヨウ カブシキガイシヤ"
  },
  "2311": {
    "postcode": "6902311",
    "prefecture": "島根県",
    "prefecture_kana": "シマネケン",
    "prefecture_code": 32,
    "city": "雲南市",
    "city_kana": "ウンナンシ",
    "town": "吉田町上山",
    "town_kana": "ヨシダチョウウエヤマ",
    "street": null,
    "office_name": null,
    "office_name_kana": null
  },
  "2312": {
    "postcode": "6902312",
    "prefecture": "島根県",
    "prefecture_kana": "シマネケン",
    "prefecture_code": 32,
    "city": "雲南市",
    "city_kana": "ウンナンシ",
    "town": "吉田町曽木",
    "town_kana": "ヨシダチョウソギ",
    "street": null,
    "office_name": null,
    "office_name_kana": null
  },
  "2313": {
    "postcode": "6902313",
    "prefecture": "島根県",
    "prefecture_kana": "シマネケン",
    "prefecture_code": 32,
    "city": "雲南市",
    "city_kana": "ウンナンシ",
    "town": "吉田町深野",
    "town_kana": "ヨシダチョウフカノ",
    "street": null,
    "office_name": null,
    "office_name_kana": null
  },
  "2314": {
    "postcode": "6902314",
    "prefecture": "島根県",
    "prefecture_kana": "シマネケン",
    "prefecture_code": 32,
    "city": "雲南市",
    "city_kana": "ウンナンシ",
    "town": "吉田町川手",
    "town_kana": "ヨシダチョウカワテ",
    "street": null,
    "office_name": null,
    "office_name_kana": null
  },
  "2400": {
    "postcode": "6902400",
    "prefecture": "島根県",
    "prefecture_kana": "シマネケン",
    "prefecture_code": 32,
    "city": "雲南市",
    "city_kana": "ウンナンシ",
    "town": "",
    "town_kana": "",
    "street": null,
    "office_name": null,
    "office_name_kana": null
  },
  "2401": {
    "postcode": "6902401",
    "prefecture": "島根県",
    "prefecture_kana": "シマネケン",
    "prefecture_code": 32,
    "city": "雲南市",
    "city_kana": "ウンナンシ",
    "town": "三刀屋町伊萱",
    "town_kana": "ミトヤチョウイガヤ",
    "street": null,
    "office_name": null,
    "office_name_kana": null
  },
  "2402": {
    "postcode": "6902402",
    "prefecture": "島根県",
    "prefecture_kana": "シマネケン",
    "prefecture_code": 32,
    "city": "雲南市",
    "city_kana": "ウンナンシ",
    "town": "三刀屋町給下",
    "town_kana": "ミトヤチョウキュウシタ",
    "street": null,
    "office_name": null,
    "office_name_kana": null
  },
  "2403": {
    "postcode": "6902403",
    "prefecture": "島根県",
    "prefecture_kana": "シマネケン",
    "prefecture_code": 32,
    "city": "雲南市",
    "city_kana": "ウンナンシ",
    "town": "三刀屋町下熊谷",
    "town_kana": "ミトヤチョウシモクマタニ",
    "street": null,
    "office_name": null,
    "office_name_kana": null
  },
  "2404": {
    "postcode": "6902404",
    "prefecture": "島根県",
    "prefecture_kana": "シマネケン",
    "prefecture_code": 32,
    "city": "雲南市",
    "city_kana": "ウンナンシ",
    "town": "三刀屋町三刀屋",
    "town_kana": "ミトヤチョウミトヤ",
    "street": null,
    "office_name": null,
    "office_name_kana": null
  },
  "2405": {
    "postcode": "6902405",
    "prefecture": "島根県",
    "prefecture_kana": "シマネケン",
    "prefecture_code": 32,
    "city": "雲南市",
    "city_kana": "ウンナンシ",
    "town": "三刀屋町古城",
    "town_kana": "ミトヤチョウコジョウ",
    "street": null,
    "office_name": null,
    "office_name_kana": null
  },
  "2406": {
    "postcode": "6902406",
    "prefecture": "島根県",
    "prefecture_kana": "シマネケン",
    "prefecture_code": 32,
    "city": "雲南市",
    "city_kana": "ウンナンシ",
    "town": "三刀屋町高窪",
    "town_kana": "ミトヤチョウタカクボ",
    "street": null,
    "office_name": null,
    "office_name_kana": null
  },
  "2511": {
    "postcode": "6902511",
    "prefecture": "島根県",
    "prefecture_kana": "シマネケン",
    "prefecture_code": 32,
    "city": "雲南市",
    "city_kana": "ウンナンシ",
    "town": "三刀屋町上熊谷",
    "town_kana": "ミトヤチョウカミクマタニ",
    "street": null,
    "office_name": null,
    "office_name_kana": null
  },
  "2512": {
    "postcode": "6902512",
    "prefecture": "島根県",
    "prefecture_kana": "シマネケン",
    "prefecture_code": 32,
    "city": "雲南市",
    "city_kana": "ウンナンシ",
    "town": "三刀屋町多久和",
    "town_kana": "ミトヤチョウタクワ",
    "street": null,
    "office_name": null,
    "office_name_kana": null
  },
  "2513": {
    "postcode": "6902513",
    "prefecture": "島根県",
    "prefecture_kana": "シマネケン",
    "prefecture_code": 32,
    "city": "雲南市",
    "city_kana": "ウンナンシ",
    "town": "三刀屋町粟谷",
    "town_kana": "ミトヤチョウアワダニ",
    "street": null,
    "office_name": null,
    "office_name_kana": null
  },
  "2521": {
    "postcode": "6902521",
    "prefecture": "島根県",
    "prefecture_kana": "シマネケン",
    "prefecture_code": 32,
    "city": "雲南市",
    "city_kana": "ウンナンシ",
    "town": "三刀屋町神代",
    "town_kana": "ミトヤチョウコウジロ",
    "street": null,
    "office_name": null,
    "office_name_kana": null
  },
  "2522": {
    "postcode": "6902522",
    "prefecture": "島根県",
    "prefecture_kana": "シマネケン",
    "prefecture_code": 32,
    "city": "雲南市",
    "city_kana": "ウンナンシ",
    "town": "三刀屋町六重",
    "town_kana": "ミトヤチョウムエ",
    "street": null,
    "office_name": null,
    "office_name_kana": null
  },
  "2523": {
    "postcode": "6902523",
    "prefecture": "島根県",
    "prefecture_kana": "シマネケン",
    "prefecture_code": 32,
    "city": "雲南市",
    "city_kana": "ウンナンシ",
    "town": "三刀屋町中野",
    "town_kana": "ミトヤチョウナカノ",
    "street": null,
    "office_name": null,
    "office_name_kana": null
  },
  "2524": {
    "postcode": "6902524",
    "prefecture": "島根県",
    "prefecture_kana": "シマネケン",
    "prefecture_code": 32,
    "city": "雲南市",
    "city_kana": "ウンナンシ",
    "town": "三刀屋町須所",
    "town_kana": "ミトヤチョウスゾ",
    "street": null,
    "office_name": null,
    "office_name_kana": null
  },
  "2525": [
    {
      "postcode": "6902525",
      "prefecture": "島根県",
      "prefecture_kana": "シマネケン",
      "prefecture_code": 32,
      "city": "雲南市",
      "city_kana": "ウンナンシ",
      "town": "三刀屋町坂本",
      "town_kana": "ミトヤチョウサカモト",
      "street": null,
      "office_name": null,
      "office_name_kana": null
    },
    {
      "postcode": "6902525",
      "prefecture": "島根県",
      "prefecture_kana": "シマネケン",
      "prefecture_code": 32,
      "city": "雲南市",
      "city_kana": "ウンナンシ",
      "town": "三刀屋町坂本森谷",
      "town_kana": "ミトヤチョウサカモトモリダニ",
      "street": null,
      "office_name": null,
      "office_name_kana": null
    }
  ],
  "2625": {
    "postcode": "6902625",
    "prefecture": "島根県",
    "prefecture_kana": "シマネケン",
    "prefecture_code": 32,
    "city": "雲南市",
    "city_kana": "ウンナンシ",
    "town": "三刀屋町坂本",
    "town_kana": "ミトヤチョウサカモト",
    "street": null,
    "office_name": null,
    "office_name_kana": null
  },
  "2631": {
    "postcode": "6902631",
    "prefecture": "島根県",
    "prefecture_kana": "シマネケン",
    "prefecture_code": 32,
    "city": "雲南市",
    "city_kana": "ウンナンシ",
    "town": "三刀屋町根波別所",
    "town_kana": "ミトヤチョウネバベッシヨ",
    "street": null,
    "office_name": null,
    "office_name_kana": null
  },
  "2632": {
    "postcode": "6902632",
    "prefecture": "島根県",
    "prefecture_kana": "シマネケン",
    "prefecture_code": 32,
    "city": "雲南市",
    "city_kana": "ウンナンシ",
    "town": "三刀屋町里坊",
    "town_kana": "ミトヤチョウサトボウ",
    "street": null,
    "office_name": null,
    "office_name_kana": null
  },
  "2633": {
    "postcode": "6902633",
    "prefecture": "島根県",
    "prefecture_kana": "シマネケン",
    "prefecture_code": 32,
    "city": "雲南市",
    "city_kana": "ウンナンシ",
    "town": "三刀屋町殿河内",
    "town_kana": "ミトヤチョウトノゴウチ",
    "street": null,
    "office_name": null,
    "office_name_kana": null
  },
  "2634": {
    "postcode": "6902634",
    "prefecture": "島根県",
    "prefecture_kana": "シマネケン",
    "prefecture_code": 32,
    "city": "雲南市",
    "city_kana": "ウンナンシ",
    "town": "三刀屋町乙加宮",
    "town_kana": "ミトヤチョウオツカミヤ",
    "street": null,
    "office_name": null,
    "office_name_kana": null
  },
  "2701": {
    "postcode": "6902701",
    "prefecture": "島根県",
    "prefecture_kana": "シマネケン",
    "prefecture_code": 32,
    "city": "雲南市",
    "city_kana": "ウンナンシ",
    "town": "掛合町掛合",
    "town_kana": "カケヤチョウカケヤ",
    "street": null,
    "office_name": null,
    "office_name_kana": null
  },
  "2702": {
    "postcode": "6902702",
    "prefecture": "島根県",
    "prefecture_kana": "シマネケン",
    "prefecture_code": 32,
    "city": "雲南市",
    "city_kana": "ウンナンシ",
    "town": "掛合町入間",
    "town_kana": "カケヤチョウイルマ",
    "street": null,
    "office_name": null,
    "office_name_kana": null
  },
  "2703": {
    "postcode": "6902703",
    "prefecture": "島根県",
    "prefecture_kana": "シマネケン",
    "prefecture_code": 32,
    "city": "雲南市",
    "city_kana": "ウンナンシ",
    "town": "掛合町波多",
    "town_kana": "カケヤチョウハタ",
    "street": null,
    "office_name": null,
    "office_name_kana": null
  },
  "2704": {
    "postcode": "6902704",
    "prefecture": "島根県",
    "prefecture_kana": "シマネケン",
    "prefecture_code": 32,
    "city": "雲南市",
    "city_kana": "ウンナンシ",
    "town": "掛合町穴見",
    "town_kana": "カケヤチョウアナミ",
    "street": null,
    "office_name": null,
    "office_name_kana": null
  },
  "2705": {
    "postcode": "6902705",
    "prefecture": "島根県",
    "prefecture_kana": "シマネケン",
    "prefecture_code": 32,
    "city": "雲南市",
    "city_kana": "ウンナンシ",
    "town": "掛合町松笠",
    "town_kana": "カケヤチョウマツカサ",
    "street": null,
    "office_name": null,
    "office_name_kana": null
  },
  "2706": {
    "postcode": "6902706",
    "prefecture": "島根県",
    "prefecture_kana": "シマネケン",
    "prefecture_code": 32,
    "city": "雲南市",
    "city_kana": "ウンナンシ",
    "town": "掛合町多根",
    "town_kana": "カケヤチョウタネ",
    "street": null,
    "office_name": null,
    "office_name_kana": null
  },
  "2801": {
    "postcode": "6902801",
    "prefecture": "島根県",
    "prefecture_kana": "シマネケン",
    "prefecture_code": 32,
    "city": "雲南市",
    "city_kana": "ウンナンシ",
    "town": "吉田町吉田",
    "town_kana": "ヨシダチョウヨシダ",
    "street": null,
    "office_name": null,
    "office_name_kana": null
  },
  "2802": {
    "postcode": "6902802",
    "prefecture": "島根県",
    "prefecture_kana": "シマネケン",
    "prefecture_code": 32,
    "city": "雲南市",
    "city_kana": "ウンナンシ",
    "town": "吉田町民谷",
    "town_kana": "ヨシダチョウミンダニ",
    "street": null,
    "office_name": null,
    "office_name_kana": null
  },
  "3200": {
    "postcode": "6903200",
    "prefecture": "島根県",
    "prefecture_kana": "シマネケン",
    "prefecture_code": 32,
    "city": "飯石郡飯南町",
    "city_kana": "イイシグンイイナンチョウ",
    "town": "",
    "town_kana": "",
    "street": null,
    "office_name": null,
    "office_name_kana": null
  },
  "3203": {
    "postcode": "6903203",
    "prefecture": "島根県",
    "prefecture_kana": "シマネケン",
    "prefecture_code": 32,
    "city": "飯石郡飯南町",
    "city_kana": "イイシグンイイナンチョウ",
    "town": "都加賀",
    "town_kana": "ツガカ",
    "street": null,
    "office_name": null,
    "office_name_kana": null
  },
  "3204": {
    "postcode": "6903204",
    "prefecture": "島根県",
    "prefecture_kana": "シマネケン",
    "prefecture_code": 32,
    "city": "飯石郡飯南町",
    "city_kana": "イイシグンイイナンチョウ",
    "town": "佐見",
    "town_kana": "サミ",
    "street": null,
    "office_name": null,
    "office_name_kana": null
  },
  "3205": {
    "postcode": "6903205",
    "prefecture": "島根県",
    "prefecture_kana": "シマネケン",
    "prefecture_code": 32,
    "city": "飯石郡飯南町",
    "city_kana": "イイシグンイイナンチョウ",
    "town": "長谷",
    "town_kana": "ナガタニ",
    "street": null,
    "office_name": null,
    "office_name_kana": null
  },
  "3206": {
    "postcode": "6903206",
    "prefecture": "島根県",
    "prefecture_kana": "シマネケン",
    "prefecture_code": 32,
    "city": "飯石郡飯南町",
    "city_kana": "イイシグンイイナンチョウ",
    "town": "花栗",
    "town_kana": "ハナグリ",
    "street": null,
    "office_name": null,
    "office_name_kana": null
  },
  "3207": {
    "postcode": "6903207",
    "prefecture": "島根県",
    "prefecture_kana": "シマネケン",
    "prefecture_code": 32,
    "city": "飯石郡飯南町",
    "city_kana": "イイシグンイイナンチョウ",
    "town": "頓原",
    "town_kana": "トンバラ",
    "street": null,
    "office_name": null,
    "office_name_kana": null
  },
  "3311": {
    "postcode": "6903311",
    "prefecture": "島根県",
    "prefecture_kana": "シマネケン",
    "prefecture_code": 32,
    "city": "飯石郡飯南町",
    "city_kana": "イイシグンイイナンチョウ",
    "town": "獅子",
    "town_kana": "シシ",
    "street": null,
    "office_name": null,
    "office_name_kana": null
  },
  "3312": {
    "postcode": "6903312",
    "prefecture": "島根県",
    "prefecture_kana": "シマネケン",
    "prefecture_code": 32,
    "city": "飯石郡飯南町",
    "city_kana": "イイシグンイイナンチョウ",
    "town": "八神",
    "town_kana": "ハカミ",
    "street": null,
    "office_name": null,
    "office_name_kana": null
  },
  "3313": {
    "postcode": "6903313",
    "prefecture": "島根県",
    "prefecture_kana": "シマネケン",
    "prefecture_code": 32,
    "city": "飯石郡飯南町",
    "city_kana": "イイシグンイイナンチョウ",
    "town": "志津見",
    "town_kana": "シツミ",
    "street": null,
    "office_name": null,
    "office_name_kana": null
  },
  "3314": {
    "postcode": "6903314",
    "prefecture": "島根県",
    "prefecture_kana": "シマネケン",
    "prefecture_code": 32,
    "city": "飯石郡飯南町",
    "city_kana": "イイシグンイイナンチョウ",
    "town": "角井",
    "town_kana": "ツノイ",
    "street": null,
    "office_name": null,
    "office_name_kana": null
  },
  "3401": {
    "postcode": "6903401",
    "prefecture": "島根県",
    "prefecture_kana": "シマネケン",
    "prefecture_code": 32,
    "city": "飯石郡飯南町",
    "city_kana": "イイシグンイイナンチョウ",
    "town": "野萱",
    "town_kana": "ノガヤ",
    "street": null,
    "office_name": null,
    "office_name_kana": null
  },
  "3402": {
    "postcode": "6903402",
    "prefecture": "島根県",
    "prefecture_kana": "シマネケン",
    "prefecture_code": 32,
    "city": "飯石郡飯南町",
    "city_kana": "イイシグンイイナンチョウ",
    "town": "下来島",
    "town_kana": "シモキジマ",
    "street": null,
    "office_name": null,
    "office_name_kana": null
  },
  "3403": {
    "postcode": "6903403",
    "prefecture": "島根県",
    "prefecture_kana": "シマネケン",
    "prefecture_code": 32,
    "city": "飯石郡飯南町",
    "city_kana": "イイシグンイイナンチョウ",
    "town": "小田",
    "town_kana": "オダ",
    "street": null,
    "office_name": null,
    "office_name_kana": null
  },
  "3404": {
    "postcode": "6903404",
    "prefecture": "島根県",
    "prefecture_kana": "シマネケン",
    "prefecture_code": 32,
    "city": "飯石郡飯南町",
    "city_kana": "イイシグンイイナンチョウ",
    "town": "真木",
    "town_kana": "マキ",
    "street": null,
    "office_name": null,
    "office_name_kana": null
  },
  "3405": {
    "postcode": "6903405",
    "prefecture": "島根県",
    "prefecture_kana": "シマネケン",
    "prefecture_code": 32,
    "city": "飯石郡飯南町",
    "city_kana": "イイシグンイイナンチョウ",
    "town": "上来島",
    "town_kana": "カミキジマ",
    "street": null,
    "office_name": null,
    "office_name_kana": null
  },
  "3511": {
    "postcode": "6903511",
    "prefecture": "島根県",
    "prefecture_kana": "シマネケン",
    "prefecture_code": 32,
    "city": "飯石郡飯南町",
    "city_kana": "イイシグンイイナンチョウ",
    "town": "赤名",
    "town_kana": "アカナ",
    "street": null,
    "office_name": null,
    "office_name_kana": null
  },
  "3512": {
    "postcode": "6903512",
    "prefecture": "島根県",
    "prefecture_kana": "シマネケン",
    "prefecture_code": 32,
    "city": "飯石郡飯南町",
    "city_kana": "イイシグンイイナンチョウ",
    "town": "上赤名",
    "town_kana": "カミアカナ",
    "street": null,
    "office_name": null,
    "office_name_kana": null
  },
  "3513": {
    "postcode": "6903513",
    "prefecture": "島根県",
    "prefecture_kana": "シマネケン",
    "prefecture_code": 32,
    "city": "飯石郡飯南町",
    "city_kana": "イイシグンイイナンチョウ",
    "town": "下赤名",
    "town_kana": "シモアカナ",
    "street": null,
    "office_name": null,
    "office_name_kana": null
  },
  "3514": {
    "postcode": "6903514",
    "prefecture": "島根県",
    "prefecture_kana": "シマネケン",
    "prefecture_code": 32,
    "city": "飯石郡飯南町",
    "city_kana": "イイシグンイイナンチョウ",
    "town": "井戸谷",
    "town_kana": "イドダニ",
    "street": null,
    "office_name": null,
    "office_name_kana": null
  },
  "3515": {
    "postcode": "6903515",
    "prefecture": "島根県",
    "prefecture_kana": "シマネケン",
    "prefecture_code": 32,
    "city": "飯石郡飯南町",
    "city_kana": "イイシグンイイナンチョウ",
    "town": "塩谷",
    "town_kana": "シオダニ",
    "street": null,
    "office_name": null,
    "office_name_kana": null
  },
  "3516": {
    "postcode": "6903516",
    "prefecture": "島根県",
    "prefecture_kana": "シマネケン",
    "prefecture_code": 32,
    "city": "飯石郡飯南町",
    "city_kana": "イイシグンイイナンチョウ",
    "town": "畑田",
    "town_kana": "ハタタ",
    "street": null,
    "office_name": null,
    "office_name_kana": null
  },
  "8501": {
    "postcode": "6908501",
    "prefecture": "島根県",
    "prefecture_kana": "シマネケン",
    "prefecture_code": 32,
    "city": "松江市",
    "city_kana": "マツエシ",
    "town": "殿町",
    "town_kana": "トノマチ",
    "street": "１",
    "office_name": "島根県庁",
    "office_name_kana": "シマネケンチヨウ"
  },
  "8502": {
    "postcode": "6908502",
    "prefecture": "島根県",
    "prefecture_kana": "シマネケン",
    "prefecture_code": 32,
    "city": "松江市",
    "city_kana": "マツエシ",
    "town": "殿町",
    "town_kana": "トノマチ",
    "street": "１",
    "office_name": "島根県　教育委員会",
    "office_name_kana": "シマネケン キヨウイクイインカイ"
  },
  "8503": {
    "postcode": "6908503",
    "prefecture": "島根県",
    "prefecture_kana": "シマネケン",
    "prefecture_code": 32,
    "city": "松江市",
    "city_kana": "マツエシ",
    "town": "灘町",
    "town_kana": "ナダマチ",
    "street": "１番地７",
    "office_name": "島根県信用保証協会",
    "office_name_kana": "シマネケンシンヨウホシヨウキヨウカイ"
  },
  "8504": {
    "postcode": "6908504",
    "prefecture": "島根県",
    "prefecture_kana": "シマネケン",
    "prefecture_code": 32,
    "city": "松江市",
    "city_kana": "マツエシ",
    "town": "西川津町",
    "town_kana": "ニシカワツチョウ",
    "street": "１０６０",
    "office_name": "島根大学",
    "office_name_kana": "シマネダイガク"
  },
  "8505": {
    "postcode": "6908505",
    "prefecture": "島根県",
    "prefecture_kana": "シマネケン",
    "prefecture_code": 32,
    "city": "松江市",
    "city_kana": "マツエシ",
    "town": "向島町",
    "town_kana": "ムコウジマチョウ",
    "street": "１３４−１０",
    "office_name": "松江税務署",
    "office_name_kana": "マツエゼイムシヨ"
  },
  "8506": {
    "postcode": "6908506",
    "prefecture": "島根県",
    "prefecture_kana": "シマネケン",
    "prefecture_code": 32,
    "city": "松江市",
    "city_kana": "マツエシ",
    "town": "母衣町",
    "town_kana": "ホロマチ",
    "street": "２００",
    "office_name": "松江赤十字病院",
    "office_name_kana": "マツエセキジユウジビヨウイン"
  },
  "8507": {
    "postcode": "6908507",
    "prefecture": "島根県",
    "prefecture_kana": "シマネケン",
    "prefecture_code": 32,
    "city": "松江市",
    "city_kana": "マツエシ",
    "town": "乃木福富町",
    "town_kana": "ノギフクトミチョウ",
    "street": "５１",
    "office_name": "県立松江農林高等学校",
    "office_name_kana": "ケンリツマツエノウリンコウトウガツコウ"
  },
  "8508": {
    "postcode": "6908508",
    "prefecture": "島根県",
    "prefecture_kana": "シマネケン",
    "prefecture_code": 32,
    "city": "松江市",
    "city_kana": "マツエシ",
    "town": "学園南",
    "town_kana": "ガクエンミナミ",
    "street": "１丁目２番１号くにびきメッセ西棟２階",
    "office_name": "株式会社　エフエム山陰",
    "office_name_kana": "カブシキガイシヤ エフエムサンイン"
  },
  "8509": {
    "postcode": "6908509",
    "prefecture": "島根県",
    "prefecture_kana": "シマネケン",
    "prefecture_code": 32,
    "city": "松江市",
    "city_kana": "マツエシ",
    "town": "乃白町",
    "town_kana": "ノシラチョウ",
    "street": "３２−１",
    "office_name": "松江市立病院",
    "office_name_kana": "マツエシリツビヨウイン"
  },
  "8510": {
    "postcode": "6908510",
    "prefecture": "島根県",
    "prefecture_kana": "シマネケン",
    "prefecture_code": 32,
    "city": "松江市",
    "city_kana": "マツエシ",
    "town": "殿町",
    "town_kana": "トノマチ",
    "street": "８−１",
    "office_name": "島根県　警察本部",
    "office_name_kana": "シマネケン ケイサツホンブ"
  },
  "8511": {
    "postcode": "6908511",
    "prefecture": "島根県",
    "prefecture_kana": "シマネケン",
    "prefecture_code": 32,
    "city": "松江市",
    "city_kana": "マツエシ",
    "town": "東朝日町",
    "town_kana": "ヒガシアサヒマチ",
    "street": "１０７",
    "office_name": "日本年金機構　松江年金事務所",
    "office_name_kana": "ニツポンネンキンキコウ マツエネンキンジムシヨ"
  },
  "8512": {
    "postcode": "6908512",
    "prefecture": "島根県",
    "prefecture_kana": "シマネケン",
    "prefecture_code": 32,
    "city": "松江市",
    "city_kana": "マツエシ",
    "town": "袖師町",
    "town_kana": "ソデシチョウ",
    "street": "５−１０",
    "office_name": "松江警察署",
    "office_name_kana": "マツエケイサツシヨ"
  },
  "8513": {
    "postcode": "6908513",
    "prefecture": "島根県",
    "prefecture_kana": "シマネケン",
    "prefecture_code": 32,
    "city": "松江市",
    "city_kana": "マツエシ",
    "town": "学園南",
    "town_kana": "ガクエンミナミ",
    "street": "二丁目３番５号",
    "office_name": "松江土建　株式会社",
    "office_name_kana": "マツエドケン カブシキガイシヤ"
  },
  "8514": {
    "postcode": "6908514",
    "prefecture": "島根県",
    "prefecture_kana": "シマネケン",
    "prefecture_code": 32,
    "city": "松江市",
    "city_kana": "マツエシ",
    "town": "母衣町",
    "town_kana": "ホロマチ",
    "street": "１１５",
    "office_name": "中国電力　株式会社　島根支社",
    "office_name_kana": "チユウゴクデンリヨク カブシキガイシヤ シマネシシヤ"
  },
  "8515": {
    "postcode": "6908515",
    "prefecture": "島根県",
    "prefecture_kana": "シマネケン",
    "prefecture_code": 32,
    "city": "松江市",
    "city_kana": "マツエシ",
    "town": "東朝日町",
    "town_kana": "ヒガシアサヒマチ",
    "street": "５−１",
    "office_name": "中国電力　株式会社　松江営業所",
    "office_name_kana": "チユウゴクデンリヨク カブシキガイシヤ マツエエイギヨウシヨ"
  },
  "8516": {
    "postcode": "6908516",
    "prefecture": "島根県",
    "prefecture_kana": "シマネケン",
    "prefecture_code": 32,
    "city": "松江市",
    "city_kana": "マツエシ",
    "town": "御手船場町",
    "town_kana": "オテセンバチョウ",
    "street": "５４９−４",
    "office_name": "中国労働金庫　島根県営業本部",
    "office_name_kana": "チユウゴクロウドウキンコ シマネケンエイギヨウホンブ"
  },
  "8517": {
    "postcode": "6908517",
    "prefecture": "島根県",
    "prefecture_kana": "シマネケン",
    "prefecture_code": 32,
    "city": "松江市",
    "city_kana": "マツエシ",
    "town": "大庭町",
    "town_kana": "オオバチョウ",
    "street": "１７９４−２",
    "office_name": "学校法人　淞南学園",
    "office_name_kana": "ガツコウホウジン シヨウナンガクエン"
  },
  "8518": {
    "postcode": "6908518",
    "prefecture": "島根県",
    "prefecture_kana": "シマネケン",
    "prefecture_code": 32,
    "city": "松江市",
    "city_kana": "マツエシ",
    "town": "西生馬町",
    "town_kana": "ニシイクマチョウ",
    "street": "１４−４",
    "office_name": "松江工業高等専門学校",
    "office_name_kana": "マツエコウギヨウコウトウセンモンガツコウ"
  },
  "8519": {
    "postcode": "6908519",
    "prefecture": "島根県",
    "prefecture_kana": "シマネケン",
    "prefecture_code": 32,
    "city": "松江市",
    "city_kana": "マツエシ",
    "town": "八雲台",
    "town_kana": "ヤクモダイ",
    "street": "１丁目１−１",
    "office_name": "県立松江南高等学校",
    "office_name_kana": "ケンリツマツエミナミコウトウガツコウ"
  },
  "8520": {
    "postcode": "6908520",
    "prefecture": "島根県",
    "prefecture_kana": "シマネケン",
    "prefecture_code": 32,
    "city": "松江市",
    "city_kana": "マツエシ",
    "town": "東朝日町",
    "town_kana": "ヒガシアサヒマチ",
    "street": "１０２",
    "office_name": "西日本電信電話　株式会社　島根支店",
    "office_name_kana": "ニシニホンデンシンデンワ カブシキガイシヤ シマネシテン"
  },
  "8521": {
    "postcode": "6908521",
    "prefecture": "島根県",
    "prefecture_kana": "シマネケン",
    "prefecture_code": 32,
    "city": "松江市",
    "city_kana": "マツエシ",
    "town": "学園南",
    "town_kana": "ガクエンミナミ",
    "street": "１丁目１７−３",
    "office_name": "松江市消防本部",
    "office_name_kana": "マツエシシヨウボウホンブ"
  },
  "8522": {
    "postcode": "6908522",
    "prefecture": "島根県",
    "prefecture_kana": "シマネケン",
    "prefecture_code": 32,
    "city": "松江市",
    "city_kana": "マツエシ",
    "town": "西津田",
    "town_kana": "ニシツダ",
    "street": "８丁目８−８",
    "office_name": "松江生協病院",
    "office_name_kana": "マツエセイキヨウビヨウイン"
  },
  "8523": {
    "postcode": "6908523",
    "prefecture": "島根県",
    "prefecture_kana": "シマネケン",
    "prefecture_code": 32,
    "city": "松江市",
    "city_kana": "マツエシ",
    "town": "母衣町",
    "town_kana": "ホロマチ",
    "street": "６８",
    "office_name": "松江地方裁判所",
    "office_name_kana": "マツエチホウサイバンシヨ"
  },
  "8525": {
    "postcode": "6908525",
    "prefecture": "島根県",
    "prefecture_kana": "シマネケン",
    "prefecture_code": 32,
    "city": "松江市",
    "city_kana": "マツエシ",
    "town": "浜乃木",
    "town_kana": "ハマノギ",
    "street": "８丁目１−１",
    "office_name": "県立松江商業高等学校",
    "office_name_kana": "ケンリツマツエシヨウギヨウコウトウガツコウ"
  },
  "8526": {
    "postcode": "6908526",
    "prefecture": "島根県",
    "prefecture_kana": "シマネケン",
    "prefecture_code": 32,
    "city": "松江市",
    "city_kana": "マツエシ",
    "town": "御手船場町",
    "town_kana": "オテセンバチョウ",
    "street": "５６５−８",
    "office_name": "東京海上日動火災保険　株式会社",
    "office_name_kana": "トウキヨウカイジヨウニチドウカサイホケン カブシキガイシヤ"
  },
  "8527": {
    "postcode": "6908527",
    "prefecture": "島根県",
    "prefecture_kana": "シマネケン",
    "prefecture_code": 32,
    "city": "松江市",
    "city_kana": "マツエシ",
    "town": "乃木福富町",
    "town_kana": "ノギフクトミチョウ",
    "street": "３６９",
    "office_name": "パナソニックエレクトロニックデバイス松江　（株）",
    "office_name_kana": "パナソニツクエレクトロニツクデバイスマツエ (カブ)"
  },
  "8528": {
    "postcode": "6908528",
    "prefecture": "島根県",
    "prefecture_kana": "シマネケン",
    "prefecture_code": 32,
    "city": "松江市",
    "city_kana": "マツエシ",
    "town": "古志原",
    "town_kana": "コシバラ",
    "street": "４丁目１−１０",
    "office_name": "県立松江工業高等学校",
    "office_name_kana": "ケンリツマツエコウギヨウコウトウガツコウ"
  },
  "8530": {
    "postcode": "6908530",
    "prefecture": "島根県",
    "prefecture_kana": "シマネケン",
    "prefecture_code": 32,
    "city": "松江市",
    "city_kana": "マツエシ",
    "town": "東朝日町",
    "town_kana": "ヒガシアサヒマチ",
    "street": "１５１",
    "office_name": "株式会社　マイカル松江サティ",
    "office_name_kana": "カブシキガイシヤ マイカルマツエサテイ"
  },
  "8531": {
    "postcode": "6908531",
    "prefecture": "島根県",
    "prefecture_kana": "シマネケン",
    "prefecture_code": 32,
    "city": "松江市",
    "city_kana": "マツエシ",
    "town": "殿町",
    "town_kana": "トノマチ",
    "street": "３８３山陰中央ビル２階",
    "office_name": "全国健康保険協会　島根支部",
    "office_name_kana": "ゼンコクケンコウホケンキヨウカイ シマネシブ"
  },
  "8532": {
    "postcode": "6908532",
    "prefecture": "島根県",
    "prefecture_kana": "シマネケン",
    "prefecture_code": 32,
    "city": "松江市",
    "city_kana": "マツエシ",
    "town": "母衣町",
    "town_kana": "ホロマチ",
    "street": "１１５番地",
    "office_name": "中国電力　株式会社　山陰電力所",
    "office_name_kana": "チユウゴクデンリヨク カブシキガイシヤ サンインデンリヨクシヨ"
  },
  "8533": {
    "postcode": "6908533",
    "prefecture": "島根県",
    "prefecture_kana": "シマネケン",
    "prefecture_code": 32,
    "city": "松江市",
    "city_kana": "マツエシ",
    "town": "北田町",
    "town_kana": "キタタマチ",
    "street": "３３−１",
    "office_name": "島根県　社会保険診療報酬支払基金",
    "office_name_kana": "シマネケン シヤカイホケンシンリヨウホウシユウシハライキキン"
  },
  "8535": {
    "postcode": "6908535",
    "prefecture": "島根県",
    "prefecture_kana": "シマネケン",
    "prefecture_code": 32,
    "city": "松江市",
    "city_kana": "マツエシ",
    "town": "袖師町",
    "town_kana": "ソデシチョウ",
    "street": "１−３１",
    "office_name": "島根県医師会",
    "office_name_kana": "シマネケンイシカイ"
  },
  "8536": {
    "postcode": "6908536",
    "prefecture": "島根県",
    "prefecture_kana": "シマネケン",
    "prefecture_code": 32,
    "city": "松江市",
    "city_kana": "マツエシ",
    "town": "向島町",
    "town_kana": "ムコウジマチョウ",
    "street": "１３４番１０松江地方合同庁舎４階",
    "office_name": "日本年金機構　島根事務センター",
    "office_name_kana": "ニツポンネンキンキコウ シマネジムセンタ-"
  },
  "8539": {
    "postcode": "6908539",
    "prefecture": "島根県",
    "prefecture_kana": "シマネケン",
    "prefecture_code": 32,
    "city": "松江市",
    "city_kana": "マツエシ",
    "town": "",
    "town_kana": "",
    "street": "白潟本町２３（松江中央郵便局私書箱第６２号）",
    "office_name": "株式会社　山陰合同銀行　クレジットカードセンター",
    "office_name_kana": "カブシキガイシヤ サンインゴウドウギンコウ クレジツトカ-ドセンタ-"
  },
  "8540": {
    "postcode": "6908540",
    "prefecture": "島根県",
    "prefecture_kana": "シマネケン",
    "prefecture_code": 32,
    "city": "松江市",
    "city_kana": "マツエシ",
    "town": "末次町",
    "town_kana": "スエツグチョウ",
    "street": "８６",
    "office_name": "松江市役所",
    "office_name_kana": "マツエシヤクシヨ"
  },
  "8550": {
    "postcode": "6908550",
    "prefecture": "島根県",
    "prefecture_kana": "シマネケン",
    "prefecture_code": 32,
    "city": "松江市",
    "city_kana": "マツエシ",
    "town": "春日町",
    "town_kana": "カスガチョウ",
    "street": "６３６",
    "office_name": "カナツ技建工業　株式会社",
    "office_name_kana": "カナツギケンコウギヨウ カブシキガイシヤ"
  },
  "8551": {
    "postcode": "6908551",
    "prefecture": "島根県",
    "prefecture_kana": "シマネケン",
    "prefecture_code": 32,
    "city": "松江市",
    "city_kana": "マツエシ",
    "town": "東津田町",
    "town_kana": "ヒガシツダチョウ",
    "street": "１７４１−１",
    "office_name": "島根県　東部県民センター",
    "office_name_kana": "シマネケン トウブケンミンセンタ-"
  },
  "8552": {
    "postcode": "6908552",
    "prefecture": "島根県",
    "prefecture_kana": "シマネケン",
    "prefecture_code": 32,
    "city": "松江市",
    "city_kana": "マツエシ",
    "town": "西津田",
    "town_kana": "ニシツダ",
    "street": "８丁目８−１０",
    "office_name": "松江保健生活協同組合",
    "office_name_kana": "マツエホケンセイカツキヨウドウクミアイ"
  },
  "8553": {
    "postcode": "6908553",
    "prefecture": "島根県",
    "prefecture_kana": "シマネケン",
    "prefecture_code": 32,
    "city": "松江市",
    "city_kana": "マツエシ",
    "town": "母衣町",
    "town_kana": "ホロマチ",
    "street": "５５−３",
    "office_name": "日本銀行　松江支店",
    "office_name_kana": "ニホンギンコウ マツエシテン"
  },
  "8554": {
    "postcode": "6908554",
    "prefecture": "島根県",
    "prefecture_kana": "シマネケン",
    "prefecture_code": 32,
    "city": "松江市",
    "city_kana": "マツエシ",
    "town": "西川津町",
    "town_kana": "ニシカワツチョウ",
    "street": "６７",
    "office_name": "松江刑務所",
    "office_name_kana": "マツエケイムシヨ"
  },
  "8555": {
    "postcode": "6908555",
    "prefecture": "島根県",
    "prefecture_kana": "シマネケン",
    "prefecture_code": 32,
    "city": "松江市",
    "city_kana": "マツエシ",
    "town": "朝日町",
    "town_kana": "アサヒマチ",
    "street": "６６１",
    "office_name": "株式会社　一畑百貨店",
    "office_name_kana": "カブシキガイシヤ イチバタヒヤツカテン"
  },
  "8556": {
    "postcode": "6908556",
    "prefecture": "島根県",
    "prefecture_kana": "シマネケン",
    "prefecture_code": 32,
    "city": "松江市",
    "city_kana": "マツエシ",
    "town": "上乃木",
    "town_kana": "アゲノギ",
    "street": "５丁目８−３１",
    "office_name": "国立療養所　松江病院",
    "office_name_kana": "コクリツリヨウヨウシヨ マツエビヨウイン"
  },
  "8558": {
    "postcode": "6908558",
    "prefecture": "島根県",
    "prefecture_kana": "シマネケン",
    "prefecture_code": 32,
    "city": "松江市",
    "city_kana": "マツエシ",
    "town": "東朝日町",
    "town_kana": "ヒガシアサヒマチ",
    "street": "２９",
    "office_name": "株式会社　ユニコン",
    "office_name_kana": "カブシキガイシヤ ユニコン"
  },
  "8560": {
    "postcode": "6908560",
    "prefecture": "島根県",
    "prefecture_kana": "シマネケン",
    "prefecture_code": 32,
    "city": "松江市",
    "city_kana": "マツエシ",
    "town": "伊勢宮町",
    "town_kana": "イセミヤチョウ",
    "street": "５４３−３",
    "office_name": "全労済島根県本部",
    "office_name_kana": "ゼンロウサイシマネケンホンブ"
  },
  "8567": {
    "postcode": "6908567",
    "prefecture": "島根県",
    "prefecture_kana": "シマネケン",
    "prefecture_code": 32,
    "city": "松江市",
    "city_kana": "マツエシ",
    "town": "西津田",
    "town_kana": "ニシツダ",
    "street": "１丁目９−５０",
    "office_name": "協同組合　島根県鐵工会",
    "office_name_kana": "キヨウドウクミアイ シマネケンテツコウカイ"
  },
  "8577": {
    "postcode": "6908577",
    "prefecture": "島根県",
    "prefecture_kana": "シマネケン",
    "prefecture_code": 32,
    "city": "松江市",
    "city_kana": "マツエシ",
    "town": "平成町",
    "town_kana": "ヘイセイチョウ",
    "street": "１８２−９",
    "office_name": "日本通運　株式会社　松江支店",
    "office_name_kana": "ニホンツウウン カブシキガイシヤ マツエシテン"
  },
  "8580": {
    "postcode": "6908580",
    "prefecture": "島根県",
    "prefecture_kana": "シマネケン",
    "prefecture_code": 32,
    "city": "松江市",
    "city_kana": "マツエシ",
    "town": "袖師町",
    "town_kana": "ソデシチョウ",
    "street": "６−１０（松江中央郵便局私書箱第２０号）",
    "office_name": "株式会社　山陰合同銀行　事務センター",
    "office_name_kana": "カブシキガイシヤ サンインゴウドウギンコウ ジムセンタ-"
  },
  "8588": {
    "postcode": "6908588",
    "prefecture": "島根県",
    "prefecture_kana": "シマネケン",
    "prefecture_code": 32,
    "city": "松江市",
    "city_kana": "マツエシ",
    "town": "学園",
    "town_kana": "ガクエン",
    "street": "２丁目２３番２５号",
    "office_name": "フジキ　学園通り店",
    "office_name_kana": "フジキ ガクエンドオリテン"
  },
  "8601": {
    "postcode": "6908601",
    "prefecture": "島根県",
    "prefecture_kana": "シマネケン",
    "prefecture_code": 32,
    "city": "松江市",
    "city_kana": "マツエシ",
    "town": "灘町",
    "town_kana": "ナダマチ",
    "street": "１０１−６（松江中央郵便局私書箱第７号）",
    "office_name": "ＮＨＫ　松江放送局",
    "office_name_kana": "エヌエイチケイ マツエホウソウキヨク"
  },
  "8611": {
    "postcode": "6908611",
    "prefecture": "島根県",
    "prefecture_kana": "シマネケン",
    "prefecture_code": 32,
    "city": "松江市",
    "city_kana": "マツエシ",
    "town": "矢田町",
    "town_kana": "ヤダチョウ",
    "street": "２５０−９８（松江中央郵便局私書箱第９５号）",
    "office_name": "株式会社　千茶荘",
    "office_name_kana": "カブシキガイシヤ センチヤソウ"
  },
  "8660": {
    "postcode": "6908660",
    "prefecture": "島根県",
    "prefecture_kana": "シマネケン",
    "prefecture_code": 32,
    "city": "松江市",
    "city_kana": "マツエシ",
    "town": "殿町",
    "town_kana": "トノマチ",
    "street": "１９−１（松江中央郵便局私書箱第２２号）",
    "office_name": "島根県信用農業協同組合連合会",
    "office_name_kana": "シマネケンシンヨウノウギヨウキヨウドウクミアイレンゴウカイ"
  },
  "8666": {
    "postcode": "6908666",
    "prefecture": "島根県",
    "prefecture_kana": "シマネケン",
    "prefecture_code": 32,
    "city": "松江市",
    "city_kana": "マツエシ",
    "town": "向島町",
    "town_kana": "ムコウジマチョウ",
    "street": "１４０−１（松江中央郵便局私書箱第１７号）",
    "office_name": "山陰中央テレビジョン放送　株式会社",
    "office_name_kana": "サンインチユウオウテレビジヨンホウソウ カブシキガイシヤ"
  },
  "8668": {
    "postcode": "6908668",
    "prefecture": "島根県",
    "prefecture_kana": "シマネケン",
    "prefecture_code": 32,
    "city": "松江市",
    "city_kana": "マツエシ",
    "town": "殿町",
    "town_kana": "トノマチ",
    "street": "３８３（松江中央郵便局私書箱第２号）",
    "office_name": "株式会社　山陰中央新報社",
    "office_name_kana": "カブシキガイシヤ サンインチユウオウシンポウシヤ"
  },
  "8670": {
    "postcode": "6908670",
    "prefecture": "島根県",
    "prefecture_kana": "シマネケン",
    "prefecture_code": 32,
    "city": "松江市",
    "city_kana": "マツエシ",
    "town": "東朝日町",
    "town_kana": "ヒガシアサヒマチ",
    "street": "１３８（松江中央郵便局私書箱第４３号）",
    "office_name": "日本郵政グループ　労働組合中国地方本部島根連絡協議会",
    "office_name_kana": "ニツポンユウセイグル-プ ロウドウクミアイチユウゴクチホウホンブシマネレンラクキヨウギカイ"
  },
  "8677": {
    "postcode": "6908677",
    "prefecture": "島根県",
    "prefecture_kana": "シマネケン",
    "prefecture_code": 32,
    "city": "松江市",
    "city_kana": "マツエシ",
    "town": "白潟本町",
    "town_kana": null,
    "street": "６３番地",
    "office_name": "ごうぎんリース　株式会社",
    "office_name_kana": "ゴウギンリ-ス カブシキガイシヤ"
  },
  "8686": {
    "postcode": "6908686",
    "prefecture": "島根県",
    "prefecture_kana": "シマネケン",
    "prefecture_code": 32,
    "city": "松江市",
    "city_kana": "マツエシ",
    "town": "魚町",
    "town_kana": "ウオマチ",
    "street": "１０（松江中央郵便局私書箱第１号）",
    "office_name": "株式会社　山陰合同銀行",
    "office_name_kana": "カブシキガイシヤ サンインゴウドウギンコウ"
  },
  "8688": {
    "postcode": "6908688",
    "prefecture": "島根県",
    "prefecture_kana": "シマネケン",
    "prefecture_code": 32,
    "city": "松江市",
    "city_kana": "マツエシ",
    "town": "東本町",
    "town_kana": "ヒガシホンマチ",
    "street": "２丁目３５（松江中央郵便局私書箱第４２号）",
    "office_name": "株式会社　島根銀行",
    "office_name_kana": "カブシキガイシヤ シマネギンコウ"
  },
  "8794": {
    "postcode": "6908794",
    "prefecture": "島根県",
    "prefecture_kana": "シマネケン",
    "prefecture_code": 32,
    "city": "松江市",
    "city_kana": "マツエシ",
    "town": "御手船場町",
    "town_kana": "オテセンバチョウ",
    "street": "５４９−１損保ジャパン松江ビル３Ｆ",
    "office_name": "島根地域センター",
    "office_name_kana": "シマネチイキセンタ-"
  }
}