{
  "0000": [
    {
      "postcode": "8020000",
      "prefecture": "福岡県",
      "prefecture_kana": "フクオカケン",
      "prefecture_code": 40,
      "city": "北九州市小倉北区",
      "city_kana": "キタキュウシュウシコクラキタク",
      "town": "",
      "town_kana": "",
      "street": null,
      "office_name": null,
      "office_name_kana": null
    },
    {
      "postcode": "8020000",
      "prefecture": "福岡県",
      "prefecture_kana": "フクオカケン",
      "prefecture_code": 40,
      "city": "北九州市小倉南区",
      "city_kana": "キタキュウシュウシコクラミナミク",
      "town": "",
      "town_kana": "",
      "street": null,
      "office_name": null,
      "office_name_kana": null
    }
  ],
  "0001": {
    "postcode": "8020001",
    "prefecture": "福岡県",
    "prefecture_kana": "フクオカケン",
    "prefecture_code": 40,
    "city": "北九州市小倉北区",
    "city_kana": "キタキュウシュウシコクラキタク",
    "town": "浅野",
    "town_kana": "アサノ",
    "street": null,
    "office_name": null,
    "office_name_kana": null
  },
  "0002": {
    "postcode": "8020002",
    "prefecture": "福岡県",
    "prefecture_kana": "フクオカケン",
    "prefecture_code": 40,
    "city": "北九州市小倉北区",
    "city_kana": "キタキュウシュウシコクラキタク",
    "town": "京町",
    "town_kana": "キョウマチ",
    "street": null,
    "office_name": null,
    "office_name_kana": null
  },
  "0003": {
    "postcode": "8020003",
    "prefecture": "福岡県",
    "prefecture_kana": "フクオカケン",
    "prefecture_code": 40,
    "city": "北九州市小倉北区",
    "city_kana": "キタキュウシュウシコクラキタク",
    "town": "米町",
    "town_kana": "コメマチ",
    "street": null,
    "office_name": null,
    "office_name_kana": null
  },
  "0004": {
    "postcode": "8020004",
    "prefecture": "福岡県",
    "prefecture_kana": "フクオカケン",
    "prefecture_code": 40,
    "city": "北九州市小倉北区",
    "city_kana": "キタキュウシュウシコクラキタク",
    "town": "鍛冶町",
    "town_kana": "カジマチ",
    "street": null,
    "office_name": null,
    "office_name_kana": null
  },
  "0005": {
    "postcode": "8020005",
    "prefecture": "福岡県",
    "prefecture_kana": "フクオカケン",
    "prefecture_code": 40,
    "city": "北九州市小倉北区",
    "city_kana": "キタキュウシュウシコクラキタク",
    "town": "堺町",
    "town_kana": "サカイマチ",
    "street": null,
    "office_name": null,
    "office_name_kana": null
  },
  "0006": {
    "postcode": "8020006",
    "prefecture": "福岡県",
    "prefecture_kana": "フクオカケン",
    "prefecture_code": 40,
    "city": "北九州市小倉北区",
    "city_kana": "キタキュウシュウシコクラキタク",
    "town": "魚町",
    "town_kana": "ウオマチ",
    "street": null,
    "office_name": null,
    "office_name_kana": null
  },
  "0007": {
    "postcode": "8020007",
    "prefecture": "福岡県",
    "prefecture_kana": "フクオカケン",
    "prefecture_code": 40,
    "city": "北九州市小倉北区",
    "city_kana": "キタキュウシュウシコクラキタク",
    "town": "船場町",
    "town_kana": "センバマチ",
    "street": null,
    "office_name": null,
    "office_name_kana": null
  },
  "0008": {
    "postcode": "8020008",
    "prefecture": "福岡県",
    "prefecture_kana": "フクオカケン",
    "prefecture_code": 40,
    "city": "北九州市小倉北区",
    "city_kana": "キタキュウシュウシコクラキタク",
    "town": "船頭町",
    "town_kana": "センドウマチ",
    "street": null,
    "office_name": null,
    "office_name_kana": null
  },
  "0011": {
    "postcode": "8020011",
    "prefecture": "福岡県",
    "prefecture_kana": "フクオカケン",
    "prefecture_code": 40,
    "city": "北九州市小倉北区",
    "city_kana": "キタキュウシュウシコクラキタク",
    "town": "重住",
    "town_kana": "シゲズミ",
    "street": null,
    "office_name": null,
    "office_name_kana": null
  },
  "0012": {
    "postcode": "8020012",
    "prefecture": "福岡県",
    "prefecture_kana": "フクオカケン",
    "prefecture_code": 40,
    "city": "北九州市小倉北区",
    "city_kana": "キタキュウシュウシコクラキタク",
    "town": "末広",
    "town_kana": "スエヒロ",
    "street": null,
    "office_name": null,
    "office_name_kana": null
  },
  "0013": {
    "postcode": "8020013",
    "prefecture": "福岡県",
    "prefecture_kana": "フクオカケン",
    "prefecture_code": 40,
    "city": "北九州市小倉北区",
    "city_kana": "キタキュウシュウシコクラキタク",
    "town": "長浜町",
    "town_kana": "ナガハママチ",
    "street": null,
    "office_name": null,
    "office_name_kana": null
  },
  "0014": {
    "postcode": "8020014",
    "prefecture": "福岡県",
    "prefecture_kana": "フクオカケン",
    "prefecture_code": 40,
    "city": "北九州市小倉北区",
    "city_kana": "キタキュウシュウシコクラキタク",
    "town": "砂津",
    "town_kana": "スナツ",
    "street": null,
    "office_name": null,
    "office_name_kana": null
  },
  "0015": {
    "postcode": "8020015",
    "prefecture": "福岡県",
    "prefecture_kana": "フクオカケン",
    "prefecture_code": 40,
    "city": "北九州市小倉北区",
    "city_kana": "キタキュウシュウシコクラキタク",
    "town": "大田町",
    "town_kana": "オオタマチ",
    "street": null,
    "office_name": null,
    "office_name_kana": null
  },
  "0016": {
    "postcode": "8020016",
    "prefecture": "福岡県",
    "prefecture_kana": "フクオカケン",
    "prefecture_code": 40,
    "city": "北九州市小倉北区",
    "city_kana": "キタキュウシュウシコクラキタク",
    "town": "宇佐町",
    "town_kana": "ウサマチ",
    "street": null,
    "office_name": null,
    "office_name_kana": null
  },
  "0017": {
    "postcode": "8020017",
    "prefecture": "福岡県",
    "prefecture_kana": "フクオカケン",
    "prefecture_code": 40,
    "city": "北九州市小倉北区",
    "city_kana": "キタキュウシュウシコクラキタク",
    "town": "明和町",
    "town_kana": "メイワマチ",
    "street": null,
    "office_name": null,
    "office_name_kana": null
  },
  "0018": {
    "postcode": "8020018",
    "prefecture": "福岡県",
    "prefecture_kana": "フクオカケン",
    "prefecture_code": 40,
    "city": "北九州市小倉北区",
    "city_kana": "キタキュウシュウシコクラキタク",
    "town": "中津口",
    "town_kana": "ナカツグチ",
    "street": null,
    "office_name": null,
    "office_name_kana": null
  },
  "0021": {
    "postcode": "8020021",
    "prefecture": "福岡県",
    "prefecture_kana": "フクオカケン",
    "prefecture_code": 40,
    "city": "北九州市小倉北区",
    "city_kana": "キタキュウシュウシコクラキタク",
    "town": "高浜",
    "town_kana": "タカハマ",
    "street": null,
    "office_name": null,
    "office_name_kana": null
  },
  "0022": {
    "postcode": "8020022",
    "prefecture": "福岡県",
    "prefecture_kana": "フクオカケン",
    "prefecture_code": 40,
    "city": "北九州市小倉北区",
    "city_kana": "キタキュウシュウシコクラキタク",
    "town": "上富野",
    "town_kana": "カミトミノ",
    "street": null,
    "office_name": null,
    "office_name_kana": null
  },
  "0023": {
    "postcode": "8020023",
    "prefecture": "福岡県",
    "prefecture_kana": "フクオカケン",
    "prefecture_code": 40,
    "city": "北九州市小倉北区",
    "city_kana": "キタキュウシュウシコクラキタク",
    "town": "下富野",
    "town_kana": "シモトミノ",
    "street": null,
    "office_name": null,
    "office_name_kana": null
  },
  "0024": {
    "postcode": "8020024",
    "prefecture": "福岡県",
    "prefecture_kana": "フクオカケン",
    "prefecture_code": 40,
    "city": "北九州市小倉北区",
    "city_kana": "キタキュウシュウシコクラキタク",
    "town": "山門町",
    "town_kana": "サンモンチョウ",
    "street": null,
    "office_name": null,
    "office_name_kana": null
  },
  "0025": {
    "postcode": "8020025",
    "prefecture": "福岡県",
    "prefecture_kana": "フクオカケン",
    "prefecture_code": 40,
    "city": "北九州市小倉北区",
    "city_kana": "キタキュウシュウシコクラキタク",
    "town": "寿山町",
    "town_kana": "ジュザンチョウ",
    "street": null,
    "office_name": null,
    "office_name_kana": null
  },
  "0026": {
    "postcode": "8020026",
    "prefecture": "福岡県",
    "prefecture_kana": "フクオカケン",
    "prefecture_code": 40,
    "city": "北九州市小倉北区",
    "city_kana": "キタキュウシュウシコクラキタク",
    "town": "大畠",
    "town_kana": "オオバタケ",
    "street": null,
    "office_name": null,
    "office_name_kana": null
  },
  "0031": {
    "postcode": "8020031",
    "prefecture": "福岡県",
    "prefecture_kana": "フクオカケン",
    "prefecture_code": 40,
    "city": "北九州市小倉北区",
    "city_kana": "キタキュウシュウシコクラキタク",
    "town": "赤坂海岸",
    "town_kana": "アカサカカイガン",
    "street": null,
    "office_name": null,
    "office_name_kana": null
  },
  "0032": {
    "postcode": "8020032",
    "prefecture": "福岡県",
    "prefecture_kana": "フクオカケン",
    "prefecture_code": 40,
    "city": "北九州市小倉北区",
    "city_kana": "キタキュウシュウシコクラキタク",
    "town": "赤坂",
    "town_kana": "アカサカ",
    "street": null,
    "office_name": null,
    "office_name_kana": null
  },
  "0033": {
    "postcode": "8020033",
    "prefecture": "福岡県",
    "prefecture_kana": "フクオカケン",
    "prefecture_code": 40,
    "city": "北九州市小倉北区",
    "city_kana": "キタキュウシュウシコクラキタク",
    "town": "富野台",
    "town_kana": "トミノダイ",
    "street": null,
    "office_name": null,
    "office_name_kana": null
  },
  "0034": {
    "postcode": "8020034",
    "prefecture": "福岡県",
    "prefecture_kana": "フクオカケン",
    "prefecture_code": 40,
    "city": "北九州市小倉北区",
    "city_kana": "キタキュウシュウシコクラキタク",
    "town": "須賀町",
    "town_kana": "スガマチ",
    "street": null,
    "office_name": null,
    "office_name_kana": null
  },
  "0035": {
    "postcode": "8020035",
    "prefecture": "福岡県",
    "prefecture_kana": "フクオカケン",
    "prefecture_code": 40,
    "city": "北九州市小倉北区",
    "city_kana": "キタキュウシュウシコクラキタク",
    "town": "常盤町",
    "town_kana": "トキワマチ",
    "street": null,
    "office_name": null,
    "office_name_kana": null
  },
  "0036": {
    "postcode": "8020036",
    "prefecture": "福岡県",
    "prefecture_kana": "フクオカケン",
    "prefecture_code": 40,
    "city": "北九州市小倉北区",
    "city_kana": "キタキュウシュウシコクラキタク",
    "town": "富野",
    "town_kana": "トミノ",
    "street": null,
    "office_name": null,
    "office_name_kana": null
  },
  "0037": {
    "postcode": "8020037",
    "prefecture": "福岡県",
    "prefecture_kana": "フクオカケン",
    "prefecture_code": 40,
    "city": "北九州市小倉北区",
    "city_kana": "キタキュウシュウシコクラキタク",
    "town": "小文字",
    "town_kana": "コモンジ",
    "street": null,
    "office_name": null,
    "office_name_kana": null
  },
  "0038": {
    "postcode": "8020038",
    "prefecture": "福岡県",
    "prefecture_kana": "フクオカケン",
    "prefecture_code": 40,
    "city": "北九州市小倉北区",
    "city_kana": "キタキュウシュウシコクラキタク",
    "town": "神幸町",
    "town_kana": "シンコウチョウ",
    "street": null,
    "office_name": null,
    "office_name_kana": null
  },
  "0041": {
    "postcode": "8020041",
    "prefecture": "福岡県",
    "prefecture_kana": "フクオカケン",
    "prefecture_code": 40,
    "city": "北九州市小倉北区",
    "city_kana": "キタキュウシュウシコクラキタク",
    "town": "妙見町",
    "town_kana": "ミョウケンチョウ",
    "street": null,
    "office_name": null,
    "office_name_kana": null
  },
  "0042": {
    "postcode": "8020042",
    "prefecture": "福岡県",
    "prefecture_kana": "フクオカケン",
    "prefecture_code": 40,
    "city": "北九州市小倉北区",
    "city_kana": "キタキュウシュウシコクラキタク",
    "town": "足立",
    "town_kana": "アダチ",
    "street": null,
    "office_name": null,
    "office_name_kana": null
  },
  "0043": {
    "postcode": "8020043",
    "prefecture": "福岡県",
    "prefecture_kana": "フクオカケン",
    "prefecture_code": 40,
    "city": "北九州市小倉北区",
    "city_kana": "キタキュウシュウシコクラキタク",
    "town": "足原",
    "town_kana": "アシハラ",
    "street": null,
    "office_name": null,
    "office_name_kana": null
  },
  "0044": {
    "postcode": "8020044",
    "prefecture": "福岡県",
    "prefecture_kana": "フクオカケン",
    "prefecture_code": 40,
    "city": "北九州市小倉北区",
    "city_kana": "キタキュウシュウシコクラキタク",
    "town": "熊本",
    "town_kana": "クマモト",
    "street": null,
    "office_name": null,
    "office_name_kana": null
  },
  "0045": {
    "postcode": "8020045",
    "prefecture": "福岡県",
    "prefecture_kana": "フクオカケン",
    "prefecture_code": 40,
    "city": "北九州市小倉北区",
    "city_kana": "キタキュウシュウシコクラキタク",
    "town": "神岳",
    "town_kana": "カンタケ",
    "street": null,
    "office_name": null,
    "office_name_kana": null
  },
  "0051": {
    "postcode": "8020051",
    "prefecture": "福岡県",
    "prefecture_kana": "フクオカケン",
    "prefecture_code": 40,
    "city": "北九州市小倉北区",
    "city_kana": "キタキュウシュウシコクラキタク",
    "town": "黒原",
    "town_kana": "クロバル",
    "street": null,
    "office_name": null,
    "office_name_kana": null
  },
  "0052": {
    "postcode": "8020052",
    "prefecture": "福岡県",
    "prefecture_kana": "フクオカケン",
    "prefecture_code": 40,
    "city": "北九州市小倉北区",
    "city_kana": "キタキュウシュウシコクラキタク",
    "town": "霧ケ丘",
    "town_kana": "キリガオカ",
    "street": null,
    "office_name": null,
    "office_name_kana": null
  },
  "0053": {
    "postcode": "8020053",
    "prefecture": "福岡県",
    "prefecture_kana": "フクオカケン",
    "prefecture_code": 40,
    "city": "北九州市小倉北区",
    "city_kana": "キタキュウシュウシコクラキタク",
    "town": "高坊",
    "town_kana": "タカボウ",
    "street": null,
    "office_name": null,
    "office_name_kana": null
  },
  "0054": {
    "postcode": "8020054",
    "prefecture": "福岡県",
    "prefecture_kana": "フクオカケン",
    "prefecture_code": 40,
    "city": "北九州市小倉北区",
    "city_kana": "キタキュウシュウシコクラキタク",
    "town": "東城野町",
    "town_kana": "ヒガシジョウノマチ",
    "street": null,
    "office_name": null,
    "office_name_kana": null
  },
  "0055": {
    "postcode": "8020055",
    "prefecture": "福岡県",
    "prefecture_kana": "フクオカケン",
    "prefecture_code": 40,
    "city": "北九州市小倉北区",
    "city_kana": "キタキュウシュウシコクラキタク",
    "town": "城野団地",
    "town_kana": "ジョウノダンチ",
    "street": null,
    "office_name": null,
    "office_name_kana": null
  },
  "0056": {
    "postcode": "8020056",
    "prefecture": "福岡県",
    "prefecture_kana": "フクオカケン",
    "prefecture_code": 40,
    "city": "北九州市小倉北区",
    "city_kana": "キタキュウシュウシコクラキタク",
    "town": "黒住町",
    "town_kana": "クロズミチョウ",
    "street": null,
    "office_name": null,
    "office_name_kana": null
  },
  "0061": {
    "postcode": "8020061",
    "prefecture": "福岡県",
    "prefecture_kana": "フクオカケン",
    "prefecture_code": 40,
    "city": "北九州市小倉北区",
    "city_kana": "キタキュウシュウシコクラキタク",
    "town": "三郎丸",
    "town_kana": "サブロウマル",
    "street": null,
    "office_name": null,
    "office_name_kana": null
  },
  "0062": {
    "postcode": "8020062",
    "prefecture": "福岡県",
    "prefecture_kana": "フクオカケン",
    "prefecture_code": 40,
    "city": "北九州市小倉北区",
    "city_kana": "キタキュウシュウシコクラキタク",
    "town": "片野新町",
    "town_kana": "カタノシンマチ",
    "street": null,
    "office_name": null,
    "office_name_kana": null
  },
  "0063": {
    "postcode": "8020063",
    "prefecture": "福岡県",
    "prefecture_kana": "フクオカケン",
    "prefecture_code": 40,
    "city": "北九州市小倉北区",
    "city_kana": "キタキュウシュウシコクラキタク",
    "town": "若富士町",
    "town_kana": "ワカフジチョウ",
    "street": null,
    "office_name": null,
    "office_name_kana": null
  },
  "0064": {
    "postcode": "8020064",
    "prefecture": "福岡県",
    "prefecture_kana": "フクオカケン",
    "prefecture_code": 40,
    "city": "北九州市小倉北区",
    "city_kana": "キタキュウシュウシコクラキタク",
    "town": "片野",
    "town_kana": "カタノ",
    "street": null,
    "office_name": null,
    "office_name_kana": null
  },
  "0065": {
    "postcode": "8020065",
    "prefecture": "福岡県",
    "prefecture_kana": "フクオカケン",
    "prefecture_code": 40,
    "city": "北九州市小倉北区",
    "city_kana": "キタキュウシュウシコクラキタク",
    "town": "三萩野",
    "town_kana": "ミハギノ",
    "street": null,
    "office_name": null,
    "office_name_kana": null
  },
  "0066": {
    "postcode": "8020066",
    "prefecture": "福岡県",
    "prefecture_kana": "フクオカケン",
    "prefecture_code": 40,
    "city": "北九州市小倉北区",
    "city_kana": "キタキュウシュウシコクラキタク",
    "town": "萩崎町",
    "town_kana": "ハギザキマチ",
    "street": null,
    "office_name": null,
    "office_name_kana": null
  },
  "0071": {
    "postcode": "8020071",
    "prefecture": "福岡県",
    "prefecture_kana": "フクオカケン",
    "prefecture_code": 40,
    "city": "北九州市小倉北区",
    "city_kana": "キタキュウシュウシコクラキタク",
    "town": "黄金",
    "town_kana": "コガネ",
    "street": null,
    "office_name": null,
    "office_name_kana": null
  },
  "0072": {
    "postcode": "8020072",
    "prefecture": "福岡県",
    "prefecture_kana": "フクオカケン",
    "prefecture_code": 40,
    "city": "北九州市小倉北区",
    "city_kana": "キタキュウシュウシコクラキタク",
    "town": "東篠崎",
    "town_kana": "ヒガシシノザキ",
    "street": null,
    "office_name": null,
    "office_name_kana": null
  },
  "0073": {
    "postcode": "8020073",
    "prefecture": "福岡県",
    "prefecture_kana": "フクオカケン",
    "prefecture_code": 40,
    "city": "北九州市小倉北区",
    "city_kana": "キタキュウシュウシコクラキタク",
    "town": "貴船町",
    "town_kana": "キフネマチ",
    "street": null,
    "office_name": null,
    "office_name_kana": null
  },
  "0074": {
    "postcode": "8020074",
    "prefecture": "福岡県",
    "prefecture_kana": "フクオカケン",
    "prefecture_code": 40,
    "city": "北九州市小倉北区",
    "city_kana": "キタキュウシュウシコクラキタク",
    "town": "白銀",
    "town_kana": "シラガネ",
    "street": null,
    "office_name": null,
    "office_name_kana": null
  },
  "0075": {
    "postcode": "8020075",
    "prefecture": "福岡県",
    "prefecture_kana": "フクオカケン",
    "prefecture_code": 40,
    "city": "北九州市小倉北区",
    "city_kana": "キタキュウシュウシコクラキタク",
    "town": "昭和町",
    "town_kana": "ショウワマチ",
    "street": null,
    "office_name": null,
    "office_name_kana": null
  },
  "0076": {
    "postcode": "8020076",
    "prefecture": "福岡県",
    "prefecture_kana": "フクオカケン",
    "prefecture_code": 40,
    "city": "北九州市小倉北区",
    "city_kana": "キタキュウシュウシコクラキタク",
    "town": "中島",
    "town_kana": "ナカシマ",
    "street": null,
    "office_name": null,
    "office_name_kana": null
  },
  "0077": {
    "postcode": "8020077",
    "prefecture": "福岡県",
    "prefecture_kana": "フクオカケン",
    "prefecture_code": 40,
    "city": "北九州市小倉北区",
    "city_kana": "キタキュウシュウシコクラキタク",
    "town": "馬借",
    "town_kana": "バシャク",
    "street": null,
    "office_name": null,
    "office_name_kana": null
  },
  "0081": {
    "postcode": "8020081",
    "prefecture": "福岡県",
    "prefecture_kana": "フクオカケン",
    "prefecture_code": 40,
    "city": "北九州市小倉北区",
    "city_kana": "キタキュウシュウシコクラキタク",
    "town": "紺屋町",
    "town_kana": "コンヤマチ",
    "street": null,
    "office_name": null,
    "office_name_kana": null
  },
  "0082": {
    "postcode": "8020082",
    "prefecture": "福岡県",
    "prefecture_kana": "フクオカケン",
    "prefecture_code": 40,
    "city": "北九州市小倉北区",
    "city_kana": "キタキュウシュウシコクラキタク",
    "town": "古船場町",
    "town_kana": "フルセンバマチ",
    "street": null,
    "office_name": null,
    "office_name_kana": null
  },
  "0083": {
    "postcode": "8020083",
    "prefecture": "福岡県",
    "prefecture_kana": "フクオカケン",
    "prefecture_code": 40,
    "city": "北九州市小倉北区",
    "city_kana": "キタキュウシュウシコクラキタク",
    "town": "江南町",
    "town_kana": "エナミチョウ",
    "street": null,
    "office_name": null,
    "office_name_kana": null
  },
  "0084": {
    "postcode": "8020084",
    "prefecture": "福岡県",
    "prefecture_kana": "フクオカケン",
    "prefecture_code": 40,
    "city": "北九州市小倉北区",
    "city_kana": "キタキュウシュウシコクラキタク",
    "town": "香春口",
    "town_kana": "カワラグチ",
    "street": null,
    "office_name": null,
    "office_name_kana": null
  },
  "0085": {
    "postcode": "8020085",
    "prefecture": "福岡県",
    "prefecture_kana": "フクオカケン",
    "prefecture_code": 40,
    "city": "北九州市小倉北区",
    "city_kana": "キタキュウシュウシコクラキタク",
    "town": "吉野町",
    "town_kana": "ヨシノマチ",
    "street": null,
    "office_name": null,
    "office_name_kana": null
  },
  "0091": {
    "postcode": "8020091",
    "prefecture": "福岡県",
    "prefecture_kana": "フクオカケン",
    "prefecture_code": 40,
    "city": "北九州市小倉北区",
    "city_kana": "キタキュウシュウシコクラキタク",
    "town": "藍島",
    "town_kana": "アイノシマ",
    "street": null,
    "office_name": null,
    "office_name_kana": null
  },
  "0092": {
    "postcode": "8020092",
    "prefecture": "福岡県",
    "prefecture_kana": "フクオカケン",
    "prefecture_code": 40,
    "city": "北九州市小倉北区",
    "city_kana": "キタキュウシュウシコクラキタク",
    "town": "馬島",
    "town_kana": "ウマシマ",
    "street": null,
    "office_name": null,
    "office_name_kana": null
  },
  "0801": {
    "postcode": "8020801",
    "prefecture": "福岡県",
    "prefecture_kana": "フクオカケン",
    "prefecture_code": 40,
    "city": "北九州市小倉南区",
    "city_kana": "キタキュウシュウシコクラミナミク",
    "town": "富士見",
    "town_kana": "フジミ",
    "street": null,
    "office_name": null,
    "office_name_kana": null
  },
  "0802": {
    "postcode": "8020802",
    "prefecture": "福岡県",
    "prefecture_kana": "フクオカケン",
    "prefecture_code": 40,
    "city": "北九州市小倉南区",
    "city_kana": "キタキュウシュウシコクラミナミク",
    "town": "城野",
    "town_kana": "ジョウノ",
    "street": null,
    "office_name": null,
    "office_name_kana": null
  },
  "0803": {
    "postcode": "8020803",
    "prefecture": "福岡県",
    "prefecture_kana": "フクオカケン",
    "prefecture_code": 40,
    "city": "北九州市小倉南区",
    "city_kana": "キタキュウシュウシコクラミナミク",
    "town": "春ケ丘",
    "town_kana": "ハルガオカ",
    "street": null,
    "office_name": null,
    "office_name_kana": null
  },
  "0804": {
    "postcode": "8020804",
    "prefecture": "福岡県",
    "prefecture_kana": "フクオカケン",
    "prefecture_code": 40,
    "city": "北九州市小倉南区",
    "city_kana": "キタキュウシュウシコクラミナミク",
    "town": "下城野",
    "town_kana": "シモジョウノ",
    "street": null,
    "office_name": null,
    "office_name_kana": null
  },
  "0805": {
    "postcode": "8020805",
    "prefecture": "福岡県",
    "prefecture_kana": "フクオカケン",
    "prefecture_code": 40,
    "city": "北九州市小倉南区",
    "city_kana": "キタキュウシュウシコクラミナミク",
    "town": "八幡町",
    "town_kana": "ハチマンチョウ",
    "street": null,
    "office_name": null,
    "office_name_kana": null
  },
  "0811": {
    "postcode": "8020811",
    "prefecture": "福岡県",
    "prefecture_kana": "フクオカケン",
    "prefecture_code": 40,
    "city": "北九州市小倉南区",
    "city_kana": "キタキュウシュウシコクラミナミク",
    "town": "重住",
    "town_kana": "シゲズミ",
    "street": null,
    "office_name": null,
    "office_name_kana": null
  },
  "0812": {
    "postcode": "8020812",
    "prefecture": "福岡県",
    "prefecture_kana": "フクオカケン",
    "prefecture_code": 40,
    "city": "北九州市小倉南区",
    "city_kana": "キタキュウシュウシコクラミナミク",
    "town": "西水町",
    "town_kana": "ニシミズマチ",
    "street": null,
    "office_name": null,
    "office_name_kana": null
  },
  "0813": {
    "postcode": "8020813",
    "prefecture": "福岡県",
    "prefecture_kana": "フクオカケン",
    "prefecture_code": 40,
    "city": "北九州市小倉南区",
    "city_kana": "キタキュウシュウシコクラミナミク",
    "town": "東水町",
    "town_kana": "ヒガシミズマチ",
    "street": null,
    "office_name": null,
    "office_name_kana": null
  },
  "0814": {
    "postcode": "8020814",
    "prefecture": "福岡県",
    "prefecture_kana": "フクオカケン",
    "prefecture_code": 40,
    "city": "北九州市小倉南区",
    "city_kana": "キタキュウシュウシコクラミナミク",
    "town": "蜷田若園",
    "town_kana": "ニナタワカゾノ",
    "street": null,
    "office_name": null,
    "office_name_kana": null
  },
  "0815": {
    "postcode": "8020815",
    "prefecture": "福岡県",
    "prefecture_kana": "フクオカケン",
    "prefecture_code": 40,
    "city": "北九州市小倉南区",
    "city_kana": "キタキュウシュウシコクラミナミク",
    "town": "南若園町",
    "town_kana": "ミナミワカゾノマチ",
    "street": null,
    "office_name": null,
    "office_name_kana": null
  },
  "0816": {
    "postcode": "8020816",
    "prefecture": "福岡県",
    "prefecture_kana": "フクオカケン",
    "prefecture_code": 40,
    "city": "北九州市小倉南区",
    "city_kana": "キタキュウシュウシコクラミナミク",
    "town": "若園",
    "town_kana": "ワカゾノ",
    "street": null,
    "office_name": null,
    "office_name_kana": null
  },
  "0821": {
    "postcode": "8020821",
    "prefecture": "福岡県",
    "prefecture_kana": "フクオカケン",
    "prefecture_code": 40,
    "city": "北九州市小倉南区",
    "city_kana": "キタキュウシュウシコクラミナミク",
    "town": "横代北町",
    "town_kana": "ヨコシロキタマチ",
    "street": null,
    "office_name": null,
    "office_name_kana": null
  },
  "0822": {
    "postcode": "8020822",
    "prefecture": "福岡県",
    "prefecture_kana": "フクオカケン",
    "prefecture_code": 40,
    "city": "北九州市小倉南区",
    "city_kana": "キタキュウシュウシコクラミナミク",
    "town": "横代東町",
    "town_kana": "ヨコシロヒガシマチ",
    "street": null,
    "office_name": null,
    "office_name_kana": null
  },
  "0823": {
    "postcode": "8020823",
    "prefecture": "福岡県",
    "prefecture_kana": "フクオカケン",
    "prefecture_code": 40,
    "city": "北九州市小倉南区",
    "city_kana": "キタキュウシュウシコクラミナミク",
    "town": "舞ケ丘",
    "town_kana": "マイガオカ",
    "street": null,
    "office_name": null,
    "office_name_kana": null
  },
  "0824": {
    "postcode": "8020824",
    "prefecture": "福岡県",
    "prefecture_kana": "フクオカケン",
    "prefecture_code": 40,
    "city": "北九州市小倉南区",
    "city_kana": "キタキュウシュウシコクラミナミク",
    "town": "横代",
    "town_kana": "ヨコシロ",
    "street": null,
    "office_name": null,
    "office_name_kana": null
  },
  "0825": {
    "postcode": "8020825",
    "prefecture": "福岡県",
    "prefecture_kana": "フクオカケン",
    "prefecture_code": 40,
    "city": "北九州市小倉南区",
    "city_kana": "キタキュウシュウシコクラミナミク",
    "town": "横代葉山",
    "town_kana": "ヨコシロハヤマ",
    "street": null,
    "office_name": null,
    "office_name_kana": null
  },
  "0826": {
    "postcode": "8020826",
    "prefecture": "福岡県",
    "prefecture_kana": "フクオカケン",
    "prefecture_code": 40,
    "city": "北九州市小倉南区",
    "city_kana": "キタキュウシュウシコクラミナミク",
    "town": "横代南町",
    "town_kana": "ヨコシロミナミマチ",
    "street": null,
    "office_name": null,
    "office_name_kana": null
  },
  "0831": {
    "postcode": "8020831",
    "prefecture": "福岡県",
    "prefecture_kana": "フクオカケン",
    "prefecture_code": 40,
    "city": "北九州市小倉南区",
    "city_kana": "キタキュウシュウシコクラミナミク",
    "town": "八重洲町",
    "town_kana": "ヤエスマチ",
    "street": null,
    "office_name": null,
    "office_name_kana": null
  },
  "0832": {
    "postcode": "8020832",
    "prefecture": "福岡県",
    "prefecture_kana": "フクオカケン",
    "prefecture_code": 40,
    "city": "北九州市小倉南区",
    "city_kana": "キタキュウシュウシコクラミナミク",
    "town": "下石田",
    "town_kana": "シモイシダ",
    "street": null,
    "office_name": null,
    "office_name_kana": null
  },
  "0833": {
    "postcode": "8020833",
    "prefecture": "福岡県",
    "prefecture_kana": "フクオカケン",
    "prefecture_code": 40,
    "city": "北九州市小倉南区",
    "city_kana": "キタキュウシュウシコクラミナミク",
    "town": "上石田",
    "town_kana": "カミイシダ",
    "street": null,
    "office_name": null,
    "office_name_kana": null
  },
  "0834": {
    "postcode": "8020834",
    "prefecture": "福岡県",
    "prefecture_kana": "フクオカケン",
    "prefecture_code": 40,
    "city": "北九州市小倉南区",
    "city_kana": "キタキュウシュウシコクラミナミク",
    "town": "隠蓑",
    "town_kana": "カクレミノ",
    "street": null,
    "office_name": null,
    "office_name_kana": null
  },
  "0835": {
    "postcode": "8020835",
    "prefecture": "福岡県",
    "prefecture_kana": "フクオカケン",
    "prefecture_code": 40,
    "city": "北九州市小倉南区",
    "city_kana": "キタキュウシュウシコクラミナミク",
    "town": "堀越",
    "town_kana": "ホリコシ",
    "street": null,
    "office_name": null,
    "office_name_kana": null
  },
  "0836": {
    "postcode": "8020836",
    "prefecture": "福岡県",
    "prefecture_kana": "フクオカケン",
    "prefecture_code": 40,
    "city": "北九州市小倉南区",
    "city_kana": "キタキュウシュウシコクラミナミク",
    "town": "石田南",
    "town_kana": "イシダミナミ",
    "street": null,
    "office_name": null,
    "office_name_kana": null
  },
  "0837": {
    "postcode": "8020837",
    "prefecture": "福岡県",
    "prefecture_kana": "フクオカケン",
    "prefecture_code": 40,
    "city": "北九州市小倉南区",
    "city_kana": "キタキュウシュウシコクラミナミク",
    "town": "葉山町",
    "town_kana": "ハヤマチョウ",
    "street": null,
    "office_name": null,
    "office_name_kana": null
  },
  "0838": {
    "postcode": "8020838",
    "prefecture": "福岡県",
    "prefecture_kana": "フクオカケン",
    "prefecture_code": 40,
    "city": "北九州市小倉南区",
    "city_kana": "キタキュウシュウシコクラミナミク",
    "town": "石田町",
    "town_kana": "イシダマチ",
    "street": null,
    "office_name": null,
    "office_name_kana": null
  },
  "0841": {
    "postcode": "8020841",
    "prefecture": "福岡県",
    "prefecture_kana": "フクオカケン",
    "prefecture_code": 40,
    "city": "北九州市小倉南区",
    "city_kana": "キタキュウシュウシコクラミナミク",
    "town": "北方",
    "town_kana": "キタガタ",
    "street": null,
    "office_name": null,
    "office_name_kana": null
  },
  "0842": {
    "postcode": "8020842",
    "prefecture": "福岡県",
    "prefecture_kana": "フクオカケン",
    "prefecture_code": 40,
    "city": "北九州市小倉南区",
    "city_kana": "キタキュウシュウシコクラミナミク",
    "town": "日の出町",
    "town_kana": "ヒノデマチ",
    "street": null,
    "office_name": null,
    "office_name_kana": null
  },
  "0971": {
    "postcode": "8020971",
    "prefecture": "福岡県",
    "prefecture_kana": "フクオカケン",
    "prefecture_code": 40,
    "city": "北九州市小倉南区",
    "city_kana": "キタキュウシュウシコクラミナミク",
    "town": "守恒本町",
    "town_kana": "モリツネホンマチ",
    "street": null,
    "office_name": null,
    "office_name_kana": null
  },
  "0972": {
    "postcode": "8020972",
    "prefecture": "福岡県",
    "prefecture_kana": "フクオカケン",
    "prefecture_code": 40,
    "city": "北九州市小倉南区",
    "city_kana": "キタキュウシュウシコクラミナミク",
    "town": "守恒",
    "town_kana": "モリツネ",
    "street": null,
    "office_name": null,
    "office_name_kana": null
  },
  "0973": {
    "postcode": "8020973",
    "prefecture": "福岡県",
    "prefecture_kana": "フクオカケン",
    "prefecture_code": 40,
    "city": "北九州市小倉南区",
    "city_kana": "キタキュウシュウシコクラミナミク",
    "town": "星和台",
    "town_kana": "セイワダイ",
    "street": null,
    "office_name": null,
    "office_name_kana": null
  },
  "0974": {
    "postcode": "8020974",
    "prefecture": "福岡県",
    "prefecture_kana": "フクオカケン",
    "prefecture_code": 40,
    "city": "北九州市小倉南区",
    "city_kana": "キタキュウシュウシコクラミナミク",
    "town": "徳力",
    "town_kana": "トクリキ",
    "street": null,
    "office_name": null,
    "office_name_kana": null
  },
  "0975": {
    "postcode": "8020975",
    "prefecture": "福岡県",
    "prefecture_kana": "フクオカケン",
    "prefecture_code": 40,
    "city": "北九州市小倉南区",
    "city_kana": "キタキュウシュウシコクラミナミク",
    "town": "徳力団地",
    "town_kana": "トクリキダンチ",
    "street": null,
    "office_name": null,
    "office_name_kana": null
  },
  "0976": {
    "postcode": "8020976",
    "prefecture": "福岡県",
    "prefecture_kana": "フクオカケン",
    "prefecture_code": 40,
    "city": "北九州市小倉南区",
    "city_kana": "キタキュウシュウシコクラミナミク",
    "town": "南方",
    "town_kana": "ミナミガタ",
    "street": null,
    "office_name": null,
    "office_name_kana": null
  },
  "0977": {
    "postcode": "8020977",
    "prefecture": "福岡県",
    "prefecture_kana": "フクオカケン",
    "prefecture_code": 40,
    "city": "北九州市小倉南区",
    "city_kana": "キタキュウシュウシコクラミナミク",
    "town": "下南方",
    "town_kana": "シモミナミガタ",
    "street": null,
    "office_name": null,
    "office_name_kana": null
  },
  "0978": {
    "postcode": "8020978",
    "prefecture": "福岡県",
    "prefecture_kana": "フクオカケン",
    "prefecture_code": 40,
    "city": "北九州市小倉南区",
    "city_kana": "キタキュウシュウシコクラミナミク",
    "town": "蒲生",
    "town_kana": "ガモウ",
    "street": null,
    "office_name": null,
    "office_name_kana": null
  },
  "0979": {
    "postcode": "8020979",
    "prefecture": "福岡県",
    "prefecture_kana": "フクオカケン",
    "prefecture_code": 40,
    "city": "北九州市小倉南区",
    "city_kana": "キタキュウシュウシコクラミナミク",
    "town": "徳力新町",
    "town_kana": "トクリキシンマチ",
    "street": null,
    "office_name": null,
    "office_name_kana": null
  },
  "0981": {
    "postcode": "8020981",
    "prefecture": "福岡県",
    "prefecture_kana": "フクオカケン",
    "prefecture_code": 40,
    "city": "北九州市小倉南区",
    "city_kana": "キタキュウシュウシコクラミナミク",
    "town": "企救丘",
    "town_kana": "キクガオカ",
    "street": null,
    "office_name": null,
    "office_name_kana": null
  },
  "0982": {
    "postcode": "8020982",
    "prefecture": "福岡県",
    "prefecture_kana": "フクオカケン",
    "prefecture_code": 40,
    "city": "北九州市小倉南区",
    "city_kana": "キタキュウシュウシコクラミナミク",
    "town": "山手",
    "town_kana": "ヤマテ",
    "street": null,
    "office_name": null,
    "office_name_kana": null
  },
  "0983": {
    "postcode": "8020983",
    "prefecture": "福岡県",
    "prefecture_kana": "フクオカケン",
    "prefecture_code": 40,
    "city": "北九州市小倉南区",
    "city_kana": "キタキュウシュウシコクラミナミク",
    "town": "志徳",
    "town_kana": "シトク",
    "street": null,
    "office_name": null,
    "office_name_kana": null
  },
  "0984": {
    "postcode": "8020984",
    "prefecture": "福岡県",
    "prefecture_kana": "フクオカケン",
    "prefecture_code": 40,
    "city": "北九州市小倉南区",
    "city_kana": "キタキュウシュウシコクラミナミク",
    "town": "志井公園",
    "town_kana": "シイコウエン",
    "street": null,
    "office_name": null,
    "office_name_kana": null
  },
  "0985": {
    "postcode": "8020985",
    "prefecture": "福岡県",
    "prefecture_kana": "フクオカケン",
    "prefecture_code": 40,
    "city": "北九州市小倉南区",
    "city_kana": "キタキュウシュウシコクラミナミク",
    "town": "志井",
    "town_kana": "シイ",
    "street": null,
    "office_name": null,
    "office_name_kana": null
  },
  "0986": {
    "postcode": "8020986",
    "prefecture": "福岡県",
    "prefecture_kana": "フクオカケン",
    "prefecture_code": 40,
    "city": "北九州市小倉南区",
    "city_kana": "キタキュウシュウシコクラミナミク",
    "town": "志井鷹羽台",
    "town_kana": "シイタカハダイ",
    "street": null,
    "office_name": null,
    "office_name_kana": null
  },
  "8501": {
    "postcode": "8028501",
    "prefecture": "福岡県",
    "prefecture_kana": "フクオカケン",
    "prefecture_code": 40,
    "city": "北九州市小倉北区",
    "city_kana": "キタキュウシュウシコクラキタク",
    "town": "黄金",
    "town_kana": "コガネ",
    "street": "２丁目８−２０",
    "office_name": "福岡ひびき信用金庫　事務センター",
    "office_name_kana": "フクオカヒビキシンヨウキンコ ジムセンタ-"
  },
  "8502": {
    "postcode": "8028502",
    "prefecture": "福岡県",
    "prefecture_kana": "フクオカケン",
    "prefecture_code": 40,
    "city": "北九州市小倉北区",
    "city_kana": "キタキュウシュウシコクラキタク",
    "town": "浅野",
    "town_kana": "アサノ",
    "street": "１丁目１番１号",
    "office_name": "小倉ターミナルビル　株式会社",
    "office_name_kana": "コクラタ-ミナルビル カブシキガイシヤ"
  },
  "8507": {
    "postcode": "8028507",
    "prefecture": "福岡県",
    "prefecture_kana": "フクオカケン",
    "prefecture_code": 40,
    "city": "北九州市小倉北区",
    "city_kana": "キタキュウシュウシコクラキタク",
    "town": "萩崎町",
    "town_kana": "ハギザキマチ",
    "street": "１番１１号",
    "office_name": "小倉公共職業安定所",
    "office_name_kana": "コクラコウキヨウシヨクギヨウアンテイシヨ"
  },
  "8508": {
    "postcode": "8028508",
    "prefecture": "福岡県",
    "prefecture_kana": "フクオカケン",
    "prefecture_code": 40,
    "city": "北九州市小倉北区",
    "city_kana": "キタキュウシュウシコクラキタク",
    "town": "京町",
    "town_kana": "キョウマチ",
    "street": "３丁目１−１",
    "office_name": "株式会社　コレット井筒屋",
    "office_name_kana": "カブシキカイシヤ コレツトイヅツヤ"
  },
  "8510": {
    "postcode": "8028510",
    "prefecture": "福岡県",
    "prefecture_kana": "フクオカケン",
    "prefecture_code": 40,
    "city": "北九州市小倉南区",
    "city_kana": "キタキュウシュウシコクラミナミク",
    "town": "若園",
    "town_kana": "ワカゾノ",
    "street": "５丁目１−２",
    "office_name": "北九州市　小倉南区役所",
    "office_name_kana": "キタキユウシユウシコクラミナミクヤクシヨ"
  },
  "8511": {
    "postcode": "8028511",
    "prefecture": "福岡県",
    "prefecture_kana": "フクオカケン",
    "prefecture_code": 40,
    "city": "北九州市小倉北区",
    "city_kana": "キタキュウシュウシコクラキタク",
    "town": "船場町",
    "town_kana": "センバマチ",
    "street": "１−１",
    "office_name": "株式会社　井筒屋",
    "office_name_kana": "カブシキガイシヤ イヅツヤ"
  },
  "8512": {
    "postcode": "8028512",
    "prefecture": "福岡県",
    "prefecture_kana": "フクオカケン",
    "prefecture_code": 40,
    "city": "北九州市小倉北区",
    "city_kana": "キタキュウシュウシコクラキタク",
    "town": "赤坂海岸",
    "town_kana": "アカサカカイガン",
    "street": "２−１",
    "office_name": "石川金属工業　株式会社",
    "office_name_kana": "イシカワキンゾクコウギヨウ カブシキガイシヤ"
  },
  "8515": {
    "postcode": "8028515",
    "prefecture": "福岡県",
    "prefecture_kana": "フクオカケン",
    "prefecture_code": 40,
    "city": "北九州市小倉北区",
    "city_kana": "キタキュウシュウシコクラキタク",
    "town": "馬借",
    "town_kana": "バシャク",
    "street": "２丁目６−８",
    "office_name": "第一交通産業　株式会社　本社",
    "office_name_kana": "ダイイチコウツウサンギヨウ カブシキガイシヤ ホンシヤ"
  },
  "8517": {
    "postcode": "8028517",
    "prefecture": "福岡県",
    "prefecture_kana": "フクオカケン",
    "prefecture_code": 40,
    "city": "北九州市小倉北区",
    "city_kana": "キタキュウシュウシコクラキタク",
    "town": "東城野町",
    "town_kana": "ヒガシジョウノマチ",
    "street": "１番１号",
    "office_name": "北九州総合病院",
    "office_name_kana": "キタキユウシユウソウゴウビヨウイン"
  },
  "8521": {
    "postcode": "8028521",
    "prefecture": "福岡県",
    "prefecture_kana": "フクオカケン",
    "prefecture_code": 40,
    "city": "北九州市小倉北区",
    "city_kana": "キタキュウシュウシコクラキタク",
    "town": "米町",
    "town_kana": "コメマチ",
    "street": "２丁目３−１",
    "office_name": "九州電力　株式会社　北九州支店",
    "office_name_kana": "キユウシユウデンリヨク カブシキガイシヤ キタキユウシユウシテン"
  },
  "8522": {
    "postcode": "8028522",
    "prefecture": "福岡県",
    "prefecture_kana": "フクオカケン",
    "prefecture_code": 40,
    "city": "北九州市小倉北区",
    "city_kana": "キタキュウシュウシコクラキタク",
    "town": "紺屋町",
    "town_kana": "コンヤマチ",
    "street": "１３−１",
    "office_name": "北九州商工会議所",
    "office_name_kana": "キタキユウシユウシヨウコウカイギシヨ"
  },
  "8524": {
    "postcode": "8028524",
    "prefecture": "福岡県",
    "prefecture_kana": "フクオカケン",
    "prefecture_code": 40,
    "city": "北九州市小倉北区",
    "city_kana": "キタキュウシュウシコクラキタク",
    "town": "米町",
    "town_kana": "コメマチ",
    "street": "２丁目３−１",
    "office_name": "九州電力　株式会社　小倉営業所",
    "office_name_kana": "キユウシユウデンリヨク カブシキガイシヤ コクラエイギヨウシヨ"
  },
  "8533": {
    "postcode": "8028533",
    "prefecture": "福岡県",
    "prefecture_kana": "フクオカケン",
    "prefecture_code": 40,
    "city": "北九州市小倉南区",
    "city_kana": "キタキュウシュウシコクラミナミク",
    "town": "春ケ丘",
    "town_kana": "ハルガオカ",
    "street": "１０番１号",
    "office_name": "独立行政法人　国立病院機構　小倉医療センター",
    "office_name_kana": "ドクリツギヨウセイホウジン コクリツビヨウインキコウ コクライリヨウセンタ-"
  },
  "8540": {
    "postcode": "8028540",
    "prefecture": "福岡県",
    "prefecture_kana": "フクオカケン",
    "prefecture_code": 40,
    "city": "北九州市小倉南区",
    "city_kana": "キタキュウシュウシコクラミナミク",
    "town": "石田南",
    "town_kana": "イシダミナミ",
    "street": "２丁目４−１",
    "office_name": "株式会社　タカギ",
    "office_name_kana": "カブシキガイシヤ タカギ"
  },
  "8543": {
    "postcode": "8028543",
    "prefecture": "福岡県",
    "prefecture_kana": "フクオカケン",
    "prefecture_code": 40,
    "city": "北九州市小倉北区",
    "city_kana": "キタキュウシュウシコクラキタク",
    "town": "浅野",
    "town_kana": "アサノ",
    "street": "２丁目１４−１",
    "office_name": "小倉興産　株式会社",
    "office_name_kana": "コクラコウサン カブシキガイシヤ"
  },
  "8545": {
    "postcode": "8028545",
    "prefecture": "福岡県",
    "prefecture_kana": "フクオカケン",
    "prefecture_code": 40,
    "city": "北九州市小倉北区",
    "city_kana": "キタキュウシュウシコクラキタク",
    "town": "米町",
    "town_kana": "コメマチ",
    "street": "１丁目５−２０",
    "office_name": "東京海上日動火災保険　株式会社　北九州支店",
    "office_name_kana": "トウキヨウカイジヨウニチドウカサイホケン カブシキガイシヤ キタキユウシユウシテン"
  },
  "8550": {
    "postcode": "8028550",
    "prefecture": "福岡県",
    "prefecture_kana": "フクオカケン",
    "prefecture_code": 40,
    "city": "北九州市小倉北区",
    "city_kana": "キタキュウシュウシコクラキタク",
    "town": "堺町",
    "town_kana": "サカイマチ",
    "street": "１丁目９−１０",
    "office_name": "住友生命保険　相互会社　北九州支社",
    "office_name_kana": "スミトモセイメイホケン ソウゴガイシヤ キタキユウシユウシシヤ"
  },
  "8555": {
    "postcode": "8028555",
    "prefecture": "福岡県",
    "prefecture_kana": "フクオカケン",
    "prefecture_code": 40,
    "city": "北九州市小倉北区",
    "city_kana": "キタキュウシュウシコクラキタク",
    "town": "浅野",
    "town_kana": "アサノ",
    "street": "３丁目２番１号",
    "office_name": "小倉記念病院",
    "office_name_kana": "コクラキネンビヨウイン"
  },
  "8558": {
    "postcode": "8028558",
    "prefecture": "福岡県",
    "prefecture_kana": "フクオカケン",
    "prefecture_code": 40,
    "city": "北九州市小倉北区",
    "city_kana": "キタキュウシュウシコクラキタク",
    "town": "堺町",
    "town_kana": "サカイマチ",
    "street": "１丁目２−１６十八銀行第一生命共同ビル４Ｆ",
    "office_name": "西日本新聞　北九州本社",
    "office_name_kana": "ニシニホンシンブン キタキユウシユウホンシヤ"
  },
  "8560": {
    "postcode": "8028560",
    "prefecture": "福岡県",
    "prefecture_kana": "フクオカケン",
    "prefecture_code": 40,
    "city": "北九州市小倉北区",
    "city_kana": "キタキュウシュウシコクラキタク",
    "town": "馬借",
    "town_kana": "バシャク",
    "street": "１丁目７−１",
    "office_name": "北九州市総合保健福祉センター",
    "office_name_kana": "キタキユウシユウシソウゴウホケンフクシセンタ-"
  },
  "8561": {
    "postcode": "8028561",
    "prefecture": "福岡県",
    "prefecture_kana": "フクオカケン",
    "prefecture_code": 40,
    "city": "北九州市小倉北区",
    "city_kana": "キタキュウシュウシコクラキタク",
    "town": "馬借",
    "town_kana": "バシャク",
    "street": "二丁目１番１号",
    "office_name": "北九州市立医療センター",
    "office_name_kana": "キタキユウシユウシリツイリヨウセンタ-"
  },
  "8566": {
    "postcode": "8028566",
    "prefecture": "福岡県",
    "prefecture_kana": "フクオカケン",
    "prefecture_code": 40,
    "city": "北九州市小倉北区",
    "city_kana": "キタキュウシュウシコクラキタク",
    "town": "紺屋町",
    "town_kana": "コンヤマチ",
    "street": "１３−１毎日西部会館５Ｆ",
    "office_name": "リビング北九州",
    "office_name_kana": "リビングキタキユウシユウ"
  },
  "8567": {
    "postcode": "8028567",
    "prefecture": "福岡県",
    "prefecture_kana": "フクオカケン",
    "prefecture_code": 40,
    "city": "北九州市小倉南区",
    "city_kana": "キタキュウシュウシコクラミナミク",
    "town": "北方",
    "town_kana": "キタガタ",
    "street": "５丁目１−１",
    "office_name": "陸上自衛隊　小倉駐屯地",
    "office_name_kana": "リクジヨウジエイタイ コクラチユウトンチ"
  },
  "8570": {
    "postcode": "8028570",
    "prefecture": "福岡県",
    "prefecture_kana": "フクオカケン",
    "prefecture_code": 40,
    "city": "北九州市小倉北区",
    "city_kana": "キタキュウシュウシコクラキタク",
    "town": "京町",
    "town_kana": "キョウマチ",
    "street": "３−１−１セントシティ北九州１０Ｆ",
    "office_name": "株式会社　ＣＲＯＳＳ　ＦＭ",
    "office_name_kana": "カブシキガイシヤ クロス エフエム"
  },
  "8571": {
    "postcode": "8028571",
    "prefecture": "福岡県",
    "prefecture_kana": "フクオカケン",
    "prefecture_code": 40,
    "city": "北九州市小倉北区",
    "city_kana": "キタキュウシュウシコクラキタク",
    "town": "米町",
    "town_kana": "コメマチ",
    "street": "２丁目２番１号",
    "office_name": "読売新聞　北九州総本部",
    "office_name_kana": "ヨミウリシンブン キタキユウシユウソウホンブ"
  },
  "8577": {
    "postcode": "8028577",
    "prefecture": "福岡県",
    "prefecture_kana": "フクオカケン",
    "prefecture_code": 40,
    "city": "北九州市小倉南区",
    "city_kana": "キタキュウシュウシコクラミナミク",
    "town": "北方",
    "town_kana": "キタガタ",
    "street": "４丁目２−１",
    "office_name": "北九州市立大学",
    "office_name_kana": "キタキユウシユウシリツダイガク"
  },
  "8580": {
    "postcode": "8028580",
    "prefecture": "福岡県",
    "prefecture_kana": "フクオカケン",
    "prefecture_code": 40,
    "city": "北九州市小倉北区",
    "city_kana": "キタキュウシュウシコクラキタク",
    "town": "古船場町",
    "town_kana": "フルセンバマチ",
    "street": "５番１２号",
    "office_name": "西日本電信電話　株式会社　北九州支店",
    "office_name_kana": "ニシニホンデンシンデンワ カブシキガイシヤ キタキユウシユウシテン"
  },
  "8581": {
    "postcode": "8028581",
    "prefecture": "福岡県",
    "prefecture_kana": "フクオカケン",
    "prefecture_code": 40,
    "city": "北九州市小倉北区",
    "city_kana": "キタキュウシュウシコクラキタク",
    "town": "京町",
    "town_kana": "キョウマチ",
    "street": "３丁目１４−１１",
    "office_name": "日本エイ・デイ・アール　株式会社",
    "office_name_kana": "ニホンエイ・デイ・ア-ル カブシキガイシヤ"
  },
  "8585": {
    "postcode": "8028585",
    "prefecture": "福岡県",
    "prefecture_kana": "フクオカケン",
    "prefecture_code": 40,
    "city": "北九州市小倉北区",
    "city_kana": "キタキュウシュウシコクラキタク",
    "town": "上富野",
    "town_kana": "カミトミノ",
    "street": "３丁目２−８",
    "office_name": "株式会社　サンレー",
    "office_name_kana": "カブシキガイシヤ サンレ-"
  },
  "8601": {
    "postcode": "8028601",
    "prefecture": "福岡県",
    "prefecture_kana": "フクオカケン",
    "prefecture_code": 40,
    "city": "北九州市小倉北区",
    "city_kana": "キタキュウシュウシコクラキタク",
    "town": "中島",
    "town_kana": "ナカシマ",
    "street": "２丁目１−１（北九州中央郵便局私書箱第５６号）",
    "office_name": "ＴＯＴＯ　株式会社",
    "office_name_kana": "ト-ト- カブシキガイシヤ"
  },
  "8604": {
    "postcode": "8028604",
    "prefecture": "福岡県",
    "prefecture_kana": "フクオカケン",
    "prefecture_code": 40,
    "city": "北九州市小倉北区",
    "city_kana": "キタキュウシュウシコクラキタク",
    "town": "京町",
    "town_kana": "キョウマチ",
    "street": "３丁目１−１（北九州中央郵便局私書箱第７８号）",
    "office_name": "野村證券株式会社北九州支店",
    "office_name_kana": "ノムラシヨウケン カブシキガイシヤ キタキユウシユウシテン"
  },
  "8642": {
    "postcode": "8028642",
    "prefecture": "福岡県",
    "prefecture_kana": "フクオカケン",
    "prefecture_code": 40,
    "city": "北九州市小倉北区",
    "city_kana": "キタキュウシュウシコクラキタク",
    "town": "京町",
    "town_kana": "キョウマチ",
    "street": "１丁目３−１０",
    "office_name": "株式会社　ナカノテツ",
    "office_name_kana": "カブシキガイシヤ ナカノテツ"
  },
  "8651": {
    "postcode": "8028651",
    "prefecture": "福岡県",
    "prefecture_kana": "フクオカケン",
    "prefecture_code": 40,
    "city": "北九州市小倉北区",
    "city_kana": "キタキュウシュウシコクラキタク",
    "town": "紺屋町",
    "town_kana": "コンヤマチ",
    "street": "１３−１（北九州中央郵便局私書箱第３４号）",
    "office_name": "毎日新聞　西部本社",
    "office_name_kana": "マイニチシンブン セイブホンシヤ"
  },
  "8677": {
    "postcode": "8028677",
    "prefecture": "福岡県",
    "prefecture_kana": "フクオカケン",
    "prefecture_code": 40,
    "city": "北九州市小倉北区",
    "city_kana": "キタキュウシュウシコクラキタク",
    "town": "堺町",
    "town_kana": "サカイマチ",
    "street": "１丁目３−１５（北九州中央郵便局私書箱第７１号）",
    "office_name": "日本生命保険　相互会社　北九州支社",
    "office_name_kana": "ニホンセイメイホウケン ソウゴガイシヤ キタキユウシユウシシヤ"
  },
  "8686": {
    "postcode": "8028686",
    "prefecture": "福岡県",
    "prefecture_kana": "フクオカケン",
    "prefecture_code": 40,
    "city": "北九州市小倉北区",
    "city_kana": "キタキュウシュウシコクラキタク",
    "town": "許斐町",
    "town_kana": "コノミマチ",
    "street": "１（小倉駅前郵便局私書箱第２６号）",
    "office_name": "株式会社　住友金属　小倉",
    "office_name_kana": "カブシキガイシヤ スミトモキンゾク コクラ"
  },
  "8701": {
    "postcode": "8028701",
    "prefecture": "福岡県",
    "prefecture_kana": "フクオカケン",
    "prefecture_code": 40,
    "city": "北九州市小倉北区",
    "city_kana": "キタキュウシュウシコクラキタク",
    "town": "堺町",
    "town_kana": "サカイマチ",
    "street": "１丁目１番１０号（小倉駅前郵便局私書箱第２４号）",
    "office_name": "株式会社　山口銀行　北九州本部",
    "office_name_kana": "カブシキガイシヤ ヤマグチギンコウ キタキユウシユウホンブ"
  }
}