{
  "0000": {
    "postcode": "8070000",
    "prefecture": "福岡県",
    "prefecture_kana": "フクオカケン",
    "prefecture_code": 40,
    "city": "遠賀郡水巻町",
    "city_kana": "オンガグンミズマキマチ",
    "town": "",
    "town_kana": "",
    "street": null,
    "office_name": null,
    "office_name_kana": null
  },
  "0001": {
    "postcode": "8070001",
    "prefecture": "福岡県",
    "prefecture_kana": "フクオカケン",
    "prefecture_code": 40,
    "city": "遠賀郡水巻町",
    "city_kana": "オンガグンミズマキマチ",
    "town": "猪熊",
    "town_kana": "イノクマ",
    "street": null,
    "office_name": null,
    "office_name_kana": null
  },
  "0002": {
    "postcode": "8070002",
    "prefecture": "福岡県",
    "prefecture_kana": "フクオカケン",
    "prefecture_code": 40,
    "city": "遠賀郡水巻町",
    "city_kana": "オンガグンミズマキマチ",
    "town": "樋口",
    "town_kana": "ヒグチ",
    "street": null,
    "office_name": null,
    "office_name_kana": null
  },
  "0003": {
    "postcode": "8070003",
    "prefecture": "福岡県",
    "prefecture_kana": "フクオカケン",
    "prefecture_code": 40,
    "city": "遠賀郡水巻町",
    "city_kana": "オンガグンミズマキマチ",
    "town": "おかの台",
    "town_kana": "オカノダイ",
    "street": null,
    "office_name": null,
    "office_name_kana": null
  },
  "0004": {
    "postcode": "8070004",
    "prefecture": "福岡県",
    "prefecture_kana": "フクオカケン",
    "prefecture_code": 40,
    "city": "遠賀郡水巻町",
    "city_kana": "オンガグンミズマキマチ",
    "town": "樋口東",
    "town_kana": "ヒグチヒガシ",
    "street": null,
    "office_name": null,
    "office_name_kana": null
  },
  "0005": {
    "postcode": "8070005",
    "prefecture": "福岡県",
    "prefecture_kana": "フクオカケン",
    "prefecture_code": 40,
    "city": "遠賀郡水巻町",
    "city_kana": "オンガグンミズマキマチ",
    "town": "高松",
    "town_kana": "タカマツ",
    "street": null,
    "office_name": null,
    "office_name_kana": null
  },
  "0006": {
    "postcode": "8070006",
    "prefecture": "福岡県",
    "prefecture_kana": "フクオカケン",
    "prefecture_code": 40,
    "city": "遠賀郡水巻町",
    "city_kana": "オンガグンミズマキマチ",
    "town": "梅ノ木団地",
    "town_kana": "ウメノキダンチ",
    "street": null,
    "office_name": null,
    "office_name_kana": null
  },
  "0007": {
    "postcode": "8070007",
    "prefecture": "福岡県",
    "prefecture_kana": "フクオカケン",
    "prefecture_code": 40,
    "city": "遠賀郡水巻町",
    "city_kana": "オンガグンミズマキマチ",
    "town": "牟田",
    "town_kana": "ムタ",
    "street": null,
    "office_name": null,
    "office_name_kana": null
  },
  "0011": {
    "postcode": "8070011",
    "prefecture": "福岡県",
    "prefecture_kana": "フクオカケン",
    "prefecture_code": 40,
    "city": "遠賀郡水巻町",
    "city_kana": "オンガグンミズマキマチ",
    "town": "緑ケ丘",
    "town_kana": "ミドリガオカ",
    "street": null,
    "office_name": null,
    "office_name_kana": null
  },
  "0012": {
    "postcode": "8070012",
    "prefecture": "福岡県",
    "prefecture_kana": "フクオカケン",
    "prefecture_code": 40,
    "city": "遠賀郡水巻町",
    "city_kana": "オンガグンミズマキマチ",
    "town": "古賀",
    "town_kana": "コガ",
    "street": null,
    "office_name": null,
    "office_name_kana": null
  },
  "0021": {
    "postcode": "8070021",
    "prefecture": "福岡県",
    "prefecture_kana": "フクオカケン",
    "prefecture_code": 40,
    "city": "遠賀郡水巻町",
    "city_kana": "オンガグンミズマキマチ",
    "town": "頃末",
    "town_kana": "コロスエ",
    "street": null,
    "office_name": null,
    "office_name_kana": null
  },
  "0022": {
    "postcode": "8070022",
    "prefecture": "福岡県",
    "prefecture_kana": "フクオカケン",
    "prefecture_code": 40,
    "city": "遠賀郡水巻町",
    "city_kana": "オンガグンミズマキマチ",
    "town": "頃末北",
    "town_kana": "コロスエキタ",
    "street": null,
    "office_name": null,
    "office_name_kana": null
  },
  "0023": {
    "postcode": "8070023",
    "prefecture": "福岡県",
    "prefecture_kana": "フクオカケン",
    "prefecture_code": 40,
    "city": "遠賀郡水巻町",
    "city_kana": "オンガグンミズマキマチ",
    "town": "中央",
    "town_kana": "チュウオウ",
    "street": null,
    "office_name": null,
    "office_name_kana": null
  },
  "0024": {
    "postcode": "8070024",
    "prefecture": "福岡県",
    "prefecture_kana": "フクオカケン",
    "prefecture_code": 40,
    "city": "遠賀郡水巻町",
    "city_kana": "オンガグンミズマキマチ",
    "town": "高尾",
    "town_kana": "タカオ",
    "street": null,
    "office_name": null,
    "office_name_kana": null
  },
  "0025": {
    "postcode": "8070025",
    "prefecture": "福岡県",
    "prefecture_kana": "フクオカケン",
    "prefecture_code": 40,
    "city": "遠賀郡水巻町",
    "city_kana": "オンガグンミズマキマチ",
    "town": "頃末南",
    "town_kana": "コロスエミナミ",
    "street": null,
    "office_name": null,
    "office_name_kana": null
  },
  "0031": {
    "postcode": "8070031",
    "prefecture": "福岡県",
    "prefecture_kana": "フクオカケン",
    "prefecture_code": 40,
    "city": "遠賀郡水巻町",
    "city_kana": "オンガグンミズマキマチ",
    "town": "えぶり",
    "town_kana": "エブリ",
    "street": null,
    "office_name": null,
    "office_name_kana": null
  },
  "0041": {
    "postcode": "8070041",
    "prefecture": "福岡県",
    "prefecture_kana": "フクオカケン",
    "prefecture_code": 40,
    "city": "遠賀郡水巻町",
    "city_kana": "オンガグンミズマキマチ",
    "town": "宮尾台",
    "town_kana": "ミヤオダイ",
    "street": null,
    "office_name": null,
    "office_name_kana": null
  },
  "0042": [
    {
      "postcode": "8070042",
      "prefecture": "福岡県",
      "prefecture_kana": "フクオカケン",
      "prefecture_code": 40,
      "city": "遠賀郡水巻町",
      "city_kana": "オンガグンミズマキマチ",
      "town": "吉田",
      "town_kana": "ヨシダ",
      "street": null,
      "office_name": null,
      "office_name_kana": null
    },
    {
      "postcode": "8070042",
      "prefecture": "福岡県",
      "prefecture_kana": "フクオカケン",
      "prefecture_code": 40,
      "city": "遠賀郡水巻町",
      "city_kana": "オンガグンミズマキマチ",
      "town": "吉田団地",
      "town_kana": "ヨシダダンチ",
      "street": null,
      "office_name": null,
      "office_name_kana": null
    }
  ],
  "0043": {
    "postcode": "8070043",
    "prefecture": "福岡県",
    "prefecture_kana": "フクオカケン",
    "prefecture_code": 40,
    "city": "遠賀郡水巻町",
    "city_kana": "オンガグンミズマキマチ",
    "town": "下二",
    "town_kana": "シモフタ",
    "street": null,
    "office_name": null,
    "office_name_kana": null
  },
  "0044": {
    "postcode": "8070044",
    "prefecture": "福岡県",
    "prefecture_kana": "フクオカケン",
    "prefecture_code": 40,
    "city": "遠賀郡水巻町",
    "city_kana": "オンガグンミズマキマチ",
    "town": "美吉野",
    "town_kana": "ミヨシノ",
    "street": null,
    "office_name": null,
    "office_name_kana": null
  },
  "0045": {
    "postcode": "8070045",
    "prefecture": "福岡県",
    "prefecture_kana": "フクオカケン",
    "prefecture_code": 40,
    "city": "遠賀郡水巻町",
    "city_kana": "オンガグンミズマキマチ",
    "town": "吉田東",
    "town_kana": "ヨシダヒガシ",
    "street": null,
    "office_name": null,
    "office_name_kana": null
  },
  "0046": {
    "postcode": "8070046",
    "prefecture": "福岡県",
    "prefecture_kana": "フクオカケン",
    "prefecture_code": 40,
    "city": "遠賀郡水巻町",
    "city_kana": "オンガグンミズマキマチ",
    "town": "吉田西",
    "town_kana": "ヨシダニシ",
    "street": null,
    "office_name": null,
    "office_name_kana": null
  },
  "0047": {
    "postcode": "8070047",
    "prefecture": "福岡県",
    "prefecture_kana": "フクオカケン",
    "prefecture_code": 40,
    "city": "遠賀郡水巻町",
    "city_kana": "オンガグンミズマキマチ",
    "town": "鯉口",
    "town_kana": "コイグチ",
    "street": null,
    "office_name": null,
    "office_name_kana": null
  },
  "0048": {
    "postcode": "8070048",
    "prefecture": "福岡県",
    "prefecture_kana": "フクオカケン",
    "prefecture_code": 40,
    "city": "遠賀郡水巻町",
    "city_kana": "オンガグンミズマキマチ",
    "town": "吉田南",
    "town_kana": "ヨシダミナミ",
    "street": null,
    "office_name": null,
    "office_name_kana": null
  },
  "0051": {
    "postcode": "8070051",
    "prefecture": "福岡県",
    "prefecture_kana": "フクオカケン",
    "prefecture_code": 40,
    "city": "遠賀郡水巻町",
    "city_kana": "オンガグンミズマキマチ",
    "town": "立屋敷",
    "town_kana": "タテヤシキ",
    "street": null,
    "office_name": null,
    "office_name_kana": null
  },
  "0052": {
    "postcode": "8070052",
    "prefecture": "福岡県",
    "prefecture_kana": "フクオカケン",
    "prefecture_code": 40,
    "city": "遠賀郡水巻町",
    "city_kana": "オンガグンミズマキマチ",
    "town": "下二西",
    "town_kana": "シモフタニシ",
    "street": null,
    "office_name": null,
    "office_name_kana": null
  },
  "0053": {
    "postcode": "8070053",
    "prefecture": "福岡県",
    "prefecture_kana": "フクオカケン",
    "prefecture_code": 40,
    "city": "遠賀郡水巻町",
    "city_kana": "オンガグンミズマキマチ",
    "town": "下二東",
    "town_kana": "シモフタヒガシ",
    "street": null,
    "office_name": null,
    "office_name_kana": null
  },
  "0054": {
    "postcode": "8070054",
    "prefecture": "福岡県",
    "prefecture_kana": "フクオカケン",
    "prefecture_code": 40,
    "city": "遠賀郡水巻町",
    "city_kana": "オンガグンミズマキマチ",
    "town": "二東",
    "town_kana": "フタヒガシ",
    "street": null,
    "office_name": null,
    "office_name_kana": null
  },
  "0055": {
    "postcode": "8070055",
    "prefecture": "福岡県",
    "prefecture_kana": "フクオカケン",
    "prefecture_code": 40,
    "city": "遠賀郡水巻町",
    "city_kana": "オンガグンミズマキマチ",
    "town": "二西",
    "town_kana": "フタニシ",
    "street": null,
    "office_name": null,
    "office_name_kana": null
  },
  "0056": {
    "postcode": "8070056",
    "prefecture": "福岡県",
    "prefecture_kana": "フクオカケン",
    "prefecture_code": 40,
    "city": "遠賀郡水巻町",
    "city_kana": "オンガグンミズマキマチ",
    "town": "伊左座",
    "town_kana": "イサザ",
    "street": null,
    "office_name": null,
    "office_name_kana": null
  },
  "0071": {
    "postcode": "8070071",
    "prefecture": "福岡県",
    "prefecture_kana": "フクオカケン",
    "prefecture_code": 40,
    "city": "北九州市八幡西区",
    "city_kana": "キタキュウシュウシヤハタニシク",
    "town": "上の原",
    "town_kana": "ウエノハル",
    "street": null,
    "office_name": null,
    "office_name_kana": null
  },
  "0072": {
    "postcode": "8070072",
    "prefecture": "福岡県",
    "prefecture_kana": "フクオカケン",
    "prefecture_code": 40,
    "city": "北九州市八幡西区",
    "city_kana": "キタキュウシュウシヤハタニシク",
    "town": "上上津役",
    "town_kana": "カミコウジャク",
    "street": null,
    "office_name": null,
    "office_name_kana": null
  },
  "0073": {
    "postcode": "8070073",
    "prefecture": "福岡県",
    "prefecture_kana": "フクオカケン",
    "prefecture_code": 40,
    "city": "北九州市八幡西区",
    "city_kana": "キタキュウシュウシヤハタニシク",
    "town": "町上津役東",
    "town_kana": "マチコウジャクヒガシ",
    "street": null,
    "office_name": null,
    "office_name_kana": null
  },
  "0074": {
    "postcode": "8070074",
    "prefecture": "福岡県",
    "prefecture_kana": "フクオカケン",
    "prefecture_code": 40,
    "city": "北九州市八幡西区",
    "city_kana": "キタキュウシュウシヤハタニシク",
    "town": "町上津役西",
    "town_kana": "マチコウジャクニシ",
    "street": null,
    "office_name": null,
    "office_name_kana": null
  },
  "0075": {
    "postcode": "8070075",
    "prefecture": "福岡県",
    "prefecture_kana": "フクオカケン",
    "prefecture_code": 40,
    "city": "北九州市八幡西区",
    "city_kana": "キタキュウシュウシヤハタニシク",
    "town": "下上津役",
    "town_kana": "シモコウジャク",
    "street": null,
    "office_name": null,
    "office_name_kana": null
  },
  "0076": {
    "postcode": "8070076",
    "prefecture": "福岡県",
    "prefecture_kana": "フクオカケン",
    "prefecture_code": 40,
    "city": "北九州市八幡西区",
    "city_kana": "キタキュウシュウシヤハタニシク",
    "town": "下上津役元町",
    "town_kana": "シモコウジャクモトマチ",
    "street": null,
    "office_name": null,
    "office_name_kana": null
  },
  "0077": {
    "postcode": "8070077",
    "prefecture": "福岡県",
    "prefecture_kana": "フクオカケン",
    "prefecture_code": 40,
    "city": "北九州市八幡西区",
    "city_kana": "キタキュウシュウシヤハタニシク",
    "town": "沖田",
    "town_kana": "オキタ",
    "street": null,
    "office_name": null,
    "office_name_kana": null
  },
  "0078": {
    "postcode": "8070078",
    "prefecture": "福岡県",
    "prefecture_kana": "フクオカケン",
    "prefecture_code": 40,
    "city": "北九州市八幡西区",
    "city_kana": "キタキュウシュウシヤハタニシク",
    "town": "中の原",
    "town_kana": "ナカノハル",
    "street": null,
    "office_name": null,
    "office_name_kana": null
  },
  "0081": {
    "postcode": "8070081",
    "prefecture": "福岡県",
    "prefecture_kana": "フクオカケン",
    "prefecture_code": 40,
    "city": "北九州市八幡西区",
    "city_kana": "キタキュウシュウシヤハタニシク",
    "town": "小嶺",
    "town_kana": "コミネ",
    "street": null,
    "office_name": null,
    "office_name_kana": null
  },
  "0082": {
    "postcode": "8070082",
    "prefecture": "福岡県",
    "prefecture_kana": "フクオカケン",
    "prefecture_code": 40,
    "city": "北九州市八幡西区",
    "city_kana": "キタキュウシュウシヤハタニシク",
    "town": "小嶺台",
    "town_kana": "コミネダイ",
    "street": null,
    "office_name": null,
    "office_name_kana": null
  },
  "0083": {
    "postcode": "8070083",
    "prefecture": "福岡県",
    "prefecture_kana": "フクオカケン",
    "prefecture_code": 40,
    "city": "北九州市八幡西区",
    "city_kana": "キタキュウシュウシヤハタニシク",
    "town": "大平",
    "town_kana": "オオヒラ",
    "street": null,
    "office_name": null,
    "office_name_kana": null
  },
  "0084": {
    "postcode": "8070084",
    "prefecture": "福岡県",
    "prefecture_kana": "フクオカケン",
    "prefecture_code": 40,
    "city": "北九州市八幡西区",
    "city_kana": "キタキュウシュウシヤハタニシク",
    "town": "大平台",
    "town_kana": "オオヒラダイ",
    "street": null,
    "office_name": null,
    "office_name_kana": null
  },
  "0085": {
    "postcode": "8070085",
    "prefecture": "福岡県",
    "prefecture_kana": "フクオカケン",
    "prefecture_code": 40,
    "city": "北九州市八幡西区",
    "city_kana": "キタキュウシュウシヤハタニシク",
    "town": "塔野",
    "town_kana": "トウノ",
    "street": null,
    "office_name": null,
    "office_name_kana": null
  },
  "0100": {
    "postcode": "8070100",
    "prefecture": "福岡県",
    "prefecture_kana": "フクオカケン",
    "prefecture_code": 40,
    "city": "遠賀郡芦屋町",
    "city_kana": "オンガグンアシヤマチ",
    "town": "",
    "town_kana": "",
    "street": null,
    "office_name": null,
    "office_name_kana": null
  },
  "0101": {
    "postcode": "8070101",
    "prefecture": "福岡県",
    "prefecture_kana": "フクオカケン",
    "prefecture_code": 40,
    "city": "遠賀郡芦屋町",
    "city_kana": "オンガグンアシヤマチ",
    "town": "幸町",
    "town_kana": "サイワイマチ",
    "street": null,
    "office_name": null,
    "office_name_kana": null
  },
  "0102": {
    "postcode": "8070102",
    "prefecture": "福岡県",
    "prefecture_kana": "フクオカケン",
    "prefecture_code": 40,
    "city": "遠賀郡芦屋町",
    "city_kana": "オンガグンアシヤマチ",
    "town": "西浜町",
    "town_kana": "ニシハママチ",
    "street": null,
    "office_name": null,
    "office_name_kana": null
  },
  "0111": {
    "postcode": "8070111",
    "prefecture": "福岡県",
    "prefecture_kana": "フクオカケン",
    "prefecture_code": 40,
    "city": "遠賀郡芦屋町",
    "city_kana": "オンガグンアシヤマチ",
    "town": "白浜町",
    "town_kana": "シラハママチ",
    "street": null,
    "office_name": null,
    "office_name_kana": null
  },
  "0112": {
    "postcode": "8070112",
    "prefecture": "福岡県",
    "prefecture_kana": "フクオカケン",
    "prefecture_code": 40,
    "city": "遠賀郡芦屋町",
    "city_kana": "オンガグンアシヤマチ",
    "town": "正門町",
    "town_kana": "セイモンマチ",
    "street": null,
    "office_name": null,
    "office_name_kana": null
  },
  "0113": {
    "postcode": "8070113",
    "prefecture": "福岡県",
    "prefecture_kana": "フクオカケン",
    "prefecture_code": 40,
    "city": "遠賀郡芦屋町",
    "city_kana": "オンガグンアシヤマチ",
    "town": "中ノ浜",
    "town_kana": "ナカノハマ",
    "street": null,
    "office_name": null,
    "office_name_kana": null
  },
  "0121": {
    "postcode": "8070121",
    "prefecture": "福岡県",
    "prefecture_kana": "フクオカケン",
    "prefecture_code": 40,
    "city": "遠賀郡芦屋町",
    "city_kana": "オンガグンアシヤマチ",
    "town": "船頭町",
    "town_kana": "センドウマチ",
    "street": null,
    "office_name": null,
    "office_name_kana": null
  },
  "0122": {
    "postcode": "8070122",
    "prefecture": "福岡県",
    "prefecture_kana": "フクオカケン",
    "prefecture_code": 40,
    "city": "遠賀郡芦屋町",
    "city_kana": "オンガグンアシヤマチ",
    "town": "高浜町",
    "town_kana": "タカハママチ",
    "street": null,
    "office_name": null,
    "office_name_kana": null
  },
  "0123": {
    "postcode": "8070123",
    "prefecture": "福岡県",
    "prefecture_kana": "フクオカケン",
    "prefecture_code": 40,
    "city": "遠賀郡芦屋町",
    "city_kana": "オンガグンアシヤマチ",
    "town": "祇園町",
    "town_kana": "ギオンマチ",
    "street": null,
    "office_name": null,
    "office_name_kana": null
  },
  "0131": {
    "postcode": "8070131",
    "prefecture": "福岡県",
    "prefecture_kana": "フクオカケン",
    "prefecture_code": 40,
    "city": "遠賀郡芦屋町",
    "city_kana": "オンガグンアシヤマチ",
    "town": "緑ケ丘",
    "town_kana": "ミドリガオカ",
    "street": null,
    "office_name": null,
    "office_name_kana": null
  },
  "0132": {
    "postcode": "8070132",
    "prefecture": "福岡県",
    "prefecture_kana": "フクオカケン",
    "prefecture_code": 40,
    "city": "遠賀郡芦屋町",
    "city_kana": "オンガグンアシヤマチ",
    "town": "浜口町",
    "town_kana": "ハマグチマチ",
    "street": null,
    "office_name": null,
    "office_name_kana": null
  },
  "0133": {
    "postcode": "8070133",
    "prefecture": "福岡県",
    "prefecture_kana": "フクオカケン",
    "prefecture_code": 40,
    "city": "遠賀郡芦屋町",
    "city_kana": "オンガグンアシヤマチ",
    "town": "芦屋",
    "town_kana": "アシヤ",
    "street": null,
    "office_name": null,
    "office_name_kana": null
  },
  "0141": {
    "postcode": "8070141",
    "prefecture": "福岡県",
    "prefecture_kana": "フクオカケン",
    "prefecture_code": 40,
    "city": "遠賀郡芦屋町",
    "city_kana": "オンガグンアシヤマチ",
    "town": "山鹿",
    "town_kana": "ヤマガ",
    "street": null,
    "office_name": null,
    "office_name_kana": null
  },
  "0142": {
    "postcode": "8070142",
    "prefecture": "福岡県",
    "prefecture_kana": "フクオカケン",
    "prefecture_code": 40,
    "city": "遠賀郡芦屋町",
    "city_kana": "オンガグンアシヤマチ",
    "town": "江川台",
    "town_kana": "エガワダイ",
    "street": null,
    "office_name": null,
    "office_name_kana": null
  },
  "0143": {
    "postcode": "8070143",
    "prefecture": "福岡県",
    "prefecture_kana": "フクオカケン",
    "prefecture_code": 40,
    "city": "遠賀郡芦屋町",
    "city_kana": "オンガグンアシヤマチ",
    "town": "花美坂",
    "town_kana": "ハナミザカ",
    "street": null,
    "office_name": null,
    "office_name_kana": null
  },
  "0192": {
    "postcode": "8070192",
    "prefecture": "福岡県",
    "prefecture_kana": "フクオカケン",
    "prefecture_code": 40,
    "city": "遠賀郡芦屋町",
    "city_kana": "オンガグンアシヤマチ",
    "town": "大字芦屋",
    "town_kana": null,
    "street": "１４５５−１",
    "office_name": "航空自衛隊　芦屋基地",
    "office_name_kana": "コウクウジエイタイ アシヤキチ"
  },
  "0198": {
    "postcode": "8070198",
    "prefecture": "福岡県",
    "prefecture_kana": "フクオカケン",
    "prefecture_code": 40,
    "city": "遠賀郡芦屋町",
    "city_kana": "オンガグンアシヤマチ",
    "town": "幸町",
    "town_kana": "サイワイマチ",
    "street": "２−２０",
    "office_name": "芦屋町役場",
    "office_name_kana": "アシヤマチヤクバ"
  },
  "0801": {
    "postcode": "8070801",
    "prefecture": "福岡県",
    "prefecture_kana": "フクオカケン",
    "prefecture_code": 40,
    "city": "北九州市八幡西区",
    "city_kana": "キタキュウシュウシヤハタニシク",
    "town": "本城",
    "town_kana": "ホンジョウ",
    "street": null,
    "office_name": null,
    "office_name_kana": null
  },
  "0802": {
    "postcode": "8070802",
    "prefecture": "福岡県",
    "prefecture_kana": "フクオカケン",
    "prefecture_code": 40,
    "city": "北九州市八幡西区",
    "city_kana": "キタキュウシュウシヤハタニシク",
    "town": "力丸町",
    "town_kana": "リキマルマチ",
    "street": null,
    "office_name": null,
    "office_name_kana": null
  },
  "0803": {
    "postcode": "8070803",
    "prefecture": "福岡県",
    "prefecture_kana": "フクオカケン",
    "prefecture_code": 40,
    "city": "北九州市八幡西区",
    "city_kana": "キタキュウシュウシヤハタニシク",
    "town": "千代ケ崎",
    "town_kana": "チヨガサキ",
    "street": null,
    "office_name": null,
    "office_name_kana": null
  },
  "0804": {
    "postcode": "8070804",
    "prefecture": "福岡県",
    "prefecture_kana": "フクオカケン",
    "prefecture_code": 40,
    "city": "北九州市八幡西区",
    "city_kana": "キタキュウシュウシヤハタニシク",
    "town": "医生ケ丘",
    "town_kana": "イセイガオカ",
    "street": null,
    "office_name": null,
    "office_name_kana": null
  },
  "0805": {
    "postcode": "8070805",
    "prefecture": "福岡県",
    "prefecture_kana": "フクオカケン",
    "prefecture_code": 40,
    "city": "北九州市八幡西区",
    "city_kana": "キタキュウシュウシヤハタニシク",
    "town": "光貞台",
    "town_kana": "ミツサダダイ",
    "street": null,
    "office_name": null,
    "office_name_kana": null
  },
  "0806": {
    "postcode": "8070806",
    "prefecture": "福岡県",
    "prefecture_kana": "フクオカケン",
    "prefecture_code": 40,
    "city": "北九州市八幡西区",
    "city_kana": "キタキュウシュウシヤハタニシク",
    "town": "御開",
    "town_kana": "オヒラキ",
    "street": null,
    "office_name": null,
    "office_name_kana": null
  },
  "0807": {
    "postcode": "8070807",
    "prefecture": "福岡県",
    "prefecture_kana": "フクオカケン",
    "prefecture_code": 40,
    "city": "北九州市八幡西区",
    "city_kana": "キタキュウシュウシヤハタニシク",
    "town": "本城学研台",
    "town_kana": "ホンジョウガッケンダイ",
    "street": null,
    "office_name": null,
    "office_name_kana": null
  },
  "0811": {
    "postcode": "8070811",
    "prefecture": "福岡県",
    "prefecture_kana": "フクオカケン",
    "prefecture_code": 40,
    "city": "北九州市八幡西区",
    "city_kana": "キタキュウシュウシヤハタニシク",
    "town": "洞北町",
    "town_kana": "ドウホクマチ",
    "street": null,
    "office_name": null,
    "office_name_kana": null
  },
  "0812": {
    "postcode": "8070812",
    "prefecture": "福岡県",
    "prefecture_kana": "フクオカケン",
    "prefecture_code": 40,
    "city": "北九州市八幡西区",
    "city_kana": "キタキュウシュウシヤハタニシク",
    "town": "洞南町",
    "town_kana": "クキナミマチ",
    "street": null,
    "office_name": null,
    "office_name_kana": null
  },
  "0813": {
    "postcode": "8070813",
    "prefecture": "福岡県",
    "prefecture_kana": "フクオカケン",
    "prefecture_code": 40,
    "city": "北九州市八幡西区",
    "city_kana": "キタキュウシュウシヤハタニシク",
    "town": "夕原町",
    "town_kana": "ユウバルマチ",
    "street": null,
    "office_name": null,
    "office_name_kana": null
  },
  "0814": {
    "postcode": "8070814",
    "prefecture": "福岡県",
    "prefecture_kana": "フクオカケン",
    "prefecture_code": 40,
    "city": "北九州市八幡西区",
    "city_kana": "キタキュウシュウシヤハタニシク",
    "town": "貴船台",
    "town_kana": "キフネダイ",
    "street": null,
    "office_name": null,
    "office_name_kana": null
  },
  "0815": {
    "postcode": "8070815",
    "prefecture": "福岡県",
    "prefecture_kana": "フクオカケン",
    "prefecture_code": 40,
    "city": "北九州市八幡西区",
    "city_kana": "キタキュウシュウシヤハタニシク",
    "town": "本城東",
    "town_kana": "ホンジョウヒガシ",
    "street": null,
    "office_name": null,
    "office_name_kana": null
  },
  "0821": {
    "postcode": "8070821",
    "prefecture": "福岡県",
    "prefecture_kana": "フクオカケン",
    "prefecture_code": 40,
    "city": "北九州市八幡西区",
    "city_kana": "キタキュウシュウシヤハタニシク",
    "town": "陣原",
    "town_kana": "ジンノハル",
    "street": null,
    "office_name": null,
    "office_name_kana": null
  },
  "0822": {
    "postcode": "8070822",
    "prefecture": "福岡県",
    "prefecture_kana": "フクオカケン",
    "prefecture_code": 40,
    "city": "北九州市八幡西区",
    "city_kana": "キタキュウシュウシヤハタニシク",
    "town": "瀬板",
    "town_kana": "セイタ",
    "street": null,
    "office_name": null,
    "office_name_kana": null
  },
  "0823": {
    "postcode": "8070823",
    "prefecture": "福岡県",
    "prefecture_kana": "フクオカケン",
    "prefecture_code": 40,
    "city": "北九州市八幡西区",
    "city_kana": "キタキュウシュウシヤハタニシク",
    "town": "中須",
    "town_kana": "ナカス",
    "street": null,
    "office_name": null,
    "office_name_kana": null
  },
  "0824": {
    "postcode": "8070824",
    "prefecture": "福岡県",
    "prefecture_kana": "フクオカケン",
    "prefecture_code": 40,
    "city": "北九州市八幡西区",
    "city_kana": "キタキュウシュウシヤハタニシク",
    "town": "光明",
    "town_kana": "コウミョウ",
    "street": null,
    "office_name": null,
    "office_name_kana": null
  },
  "0825": {
    "postcode": "8070825",
    "prefecture": "福岡県",
    "prefecture_kana": "フクオカケン",
    "prefecture_code": 40,
    "city": "北九州市八幡西区",
    "city_kana": "キタキュウシュウシヤハタニシク",
    "town": "折尾",
    "town_kana": "オリオ",
    "street": null,
    "office_name": null,
    "office_name_kana": null
  },
  "0826": {
    "postcode": "8070826",
    "prefecture": "福岡県",
    "prefecture_kana": "フクオカケン",
    "prefecture_code": 40,
    "city": "北九州市八幡西区",
    "city_kana": "キタキュウシュウシヤハタニシク",
    "town": "丸尾町",
    "town_kana": "マルオマチ",
    "street": null,
    "office_name": null,
    "office_name_kana": null
  },
  "0827": {
    "postcode": "8070827",
    "prefecture": "福岡県",
    "prefecture_kana": "フクオカケン",
    "prefecture_code": 40,
    "city": "北九州市八幡西区",
    "city_kana": "キタキュウシュウシヤハタニシク",
    "town": "楠木",
    "town_kana": "クスノキ",
    "street": null,
    "office_name": null,
    "office_name_kana": null
  },
  "0828": {
    "postcode": "8070828",
    "prefecture": "福岡県",
    "prefecture_kana": "フクオカケン",
    "prefecture_code": 40,
    "city": "北九州市八幡西区",
    "city_kana": "キタキュウシュウシヤハタニシク",
    "town": "友田",
    "town_kana": "トモダ",
    "street": null,
    "office_name": null,
    "office_name_kana": null
  },
  "0829": {
    "postcode": "8070829",
    "prefecture": "福岡県",
    "prefecture_kana": "フクオカケン",
    "prefecture_code": 40,
    "city": "北九州市八幡西区",
    "city_kana": "キタキュウシュウシヤハタニシク",
    "town": "星和町",
    "town_kana": "セイワマチ",
    "street": null,
    "office_name": null,
    "office_name_kana": null
  },
  "0831": {
    "postcode": "8070831",
    "prefecture": "福岡県",
    "prefecture_kana": "フクオカケン",
    "prefecture_code": 40,
    "city": "北九州市八幡西区",
    "city_kana": "キタキュウシュウシヤハタニシク",
    "town": "則松",
    "town_kana": "ノリマツ",
    "street": null,
    "office_name": null,
    "office_name_kana": null
  },
  "0832": {
    "postcode": "8070832",
    "prefecture": "福岡県",
    "prefecture_kana": "フクオカケン",
    "prefecture_code": 40,
    "city": "北九州市八幡西区",
    "city_kana": "キタキュウシュウシヤハタニシク",
    "town": "東筑",
    "town_kana": "トウチク",
    "street": null,
    "office_name": null,
    "office_name_kana": null
  },
  "0833": {
    "postcode": "8070833",
    "prefecture": "福岡県",
    "prefecture_kana": "フクオカケン",
    "prefecture_code": 40,
    "city": "北九州市八幡西区",
    "city_kana": "キタキュウシュウシヤハタニシク",
    "town": "南鷹見町",
    "town_kana": "ミナミタカミマチ",
    "street": null,
    "office_name": null,
    "office_name_kana": null
  },
  "0834": {
    "postcode": "8070834",
    "prefecture": "福岡県",
    "prefecture_kana": "フクオカケン",
    "prefecture_code": 40,
    "city": "北九州市八幡西区",
    "city_kana": "キタキュウシュウシヤハタニシク",
    "town": "北鷹見町",
    "town_kana": "キタタカミマチ",
    "street": null,
    "office_name": null,
    "office_name_kana": null
  },
  "0835": {
    "postcode": "8070835",
    "prefecture": "福岡県",
    "prefecture_kana": "フクオカケン",
    "prefecture_code": 40,
    "city": "北九州市八幡西区",
    "city_kana": "キタキュウシュウシヤハタニシク",
    "town": "東折尾町",
    "town_kana": "ヒガシオリオマチ",
    "street": null,
    "office_name": null,
    "office_name_kana": null
  },
  "0836": {
    "postcode": "8070836",
    "prefecture": "福岡県",
    "prefecture_kana": "フクオカケン",
    "prefecture_code": 40,
    "city": "北九州市八幡西区",
    "city_kana": "キタキュウシュウシヤハタニシク",
    "town": "長崎町",
    "town_kana": "ナガサキマチ",
    "street": null,
    "office_name": null,
    "office_name_kana": null
  },
  "0837": {
    "postcode": "8070837",
    "prefecture": "福岡県",
    "prefecture_kana": "フクオカケン",
    "prefecture_code": 40,
    "city": "北九州市八幡西区",
    "city_kana": "キタキュウシュウシヤハタニシク",
    "town": "則松東",
    "town_kana": "ノリマツヒガシ",
    "street": null,
    "office_name": null,
    "office_name_kana": null
  },
  "0841": {
    "postcode": "8070841",
    "prefecture": "福岡県",
    "prefecture_kana": "フクオカケン",
    "prefecture_code": 40,
    "city": "北九州市八幡西区",
    "city_kana": "キタキュウシュウシヤハタニシク",
    "town": "的場町",
    "town_kana": "マトバマチ",
    "street": null,
    "office_name": null,
    "office_name_kana": null
  },
  "0842": {
    "postcode": "8070842",
    "prefecture": "福岡県",
    "prefecture_kana": "フクオカケン",
    "prefecture_code": 40,
    "city": "北九州市八幡西区",
    "city_kana": "キタキュウシュウシヤハタニシク",
    "town": "永犬丸東町",
    "town_kana": "エイノマルヒガシマチ",
    "street": null,
    "office_name": null,
    "office_name_kana": null
  },
  "0843": {
    "postcode": "8070843",
    "prefecture": "福岡県",
    "prefecture_kana": "フクオカケン",
    "prefecture_code": 40,
    "city": "北九州市八幡西区",
    "city_kana": "キタキュウシュウシヤハタニシク",
    "town": "三ケ森",
    "town_kana": "サンガモリ",
    "street": null,
    "office_name": null,
    "office_name_kana": null
  },
  "0844": {
    "postcode": "8070844",
    "prefecture": "福岡県",
    "prefecture_kana": "フクオカケン",
    "prefecture_code": 40,
    "city": "北九州市八幡西区",
    "city_kana": "キタキュウシュウシヤハタニシク",
    "town": "春日台",
    "town_kana": "カスガダイ",
    "street": null,
    "office_name": null,
    "office_name_kana": null
  },
  "0845": {
    "postcode": "8070845",
    "prefecture": "福岡県",
    "prefecture_kana": "フクオカケン",
    "prefecture_code": 40,
    "city": "北九州市八幡西区",
    "city_kana": "キタキュウシュウシヤハタニシク",
    "town": "永犬丸南町",
    "town_kana": "エイノマルミナミマチ",
    "street": null,
    "office_name": null,
    "office_name_kana": null
  },
  "0846": {
    "postcode": "8070846",
    "prefecture": "福岡県",
    "prefecture_kana": "フクオカケン",
    "prefecture_code": 40,
    "city": "北九州市八幡西区",
    "city_kana": "キタキュウシュウシヤハタニシク",
    "town": "里中",
    "town_kana": "サトナカ",
    "street": null,
    "office_name": null,
    "office_name_kana": null
  },
  "0847": {
    "postcode": "8070847",
    "prefecture": "福岡県",
    "prefecture_kana": "フクオカケン",
    "prefecture_code": 40,
    "city": "北九州市八幡西区",
    "city_kana": "キタキュウシュウシヤハタニシク",
    "town": "美原町",
    "town_kana": "ミハラマチ",
    "street": null,
    "office_name": null,
    "office_name_kana": null
  },
  "0851": {
    "postcode": "8070851",
    "prefecture": "福岡県",
    "prefecture_kana": "フクオカケン",
    "prefecture_code": 40,
    "city": "北九州市八幡西区",
    "city_kana": "キタキュウシュウシヤハタニシク",
    "town": "永犬丸",
    "town_kana": "エイノマル",
    "street": null,
    "office_name": null,
    "office_name_kana": null
  },
  "0852": {
    "postcode": "8070852",
    "prefecture": "福岡県",
    "prefecture_kana": "フクオカケン",
    "prefecture_code": 40,
    "city": "北九州市八幡西区",
    "city_kana": "キタキュウシュウシヤハタニシク",
    "town": "永犬丸西町",
    "town_kana": "エイノマルニシマチ",
    "street": null,
    "office_name": null,
    "office_name_kana": null
  },
  "0853": {
    "postcode": "8070853",
    "prefecture": "福岡県",
    "prefecture_kana": "フクオカケン",
    "prefecture_code": 40,
    "city": "北九州市八幡西区",
    "city_kana": "キタキュウシュウシヤハタニシク",
    "town": "鷹見台",
    "town_kana": "タカミダイ",
    "street": null,
    "office_name": null,
    "office_name_kana": null
  },
  "0854": {
    "postcode": "8070854",
    "prefecture": "福岡県",
    "prefecture_kana": "フクオカケン",
    "prefecture_code": 40,
    "city": "北九州市八幡西区",
    "city_kana": "キタキュウシュウシヤハタニシク",
    "town": "泉ケ浦",
    "town_kana": "イズミガウラ",
    "street": null,
    "office_name": null,
    "office_name_kana": null
  },
  "0855": {
    "postcode": "8070855",
    "prefecture": "福岡県",
    "prefecture_kana": "フクオカケン",
    "prefecture_code": 40,
    "city": "北九州市八幡西区",
    "city_kana": "キタキュウシュウシヤハタニシク",
    "town": "松寿山",
    "town_kana": "ショウジュサン",
    "street": null,
    "office_name": null,
    "office_name_kana": null
  },
  "0856": {
    "postcode": "8070856",
    "prefecture": "福岡県",
    "prefecture_kana": "フクオカケン",
    "prefecture_code": 40,
    "city": "北九州市八幡西区",
    "city_kana": "キタキュウシュウシヤハタニシク",
    "town": "八枝",
    "town_kana": "ヤツエ",
    "street": null,
    "office_name": null,
    "office_name_kana": null
  },
  "0857": {
    "postcode": "8070857",
    "prefecture": "福岡県",
    "prefecture_kana": "フクオカケン",
    "prefecture_code": 40,
    "city": "北九州市八幡西区",
    "city_kana": "キタキュウシュウシヤハタニシク",
    "town": "北筑",
    "town_kana": "ホクチク",
    "street": null,
    "office_name": null,
    "office_name_kana": null
  },
  "0861": {
    "postcode": "8070861",
    "prefecture": "福岡県",
    "prefecture_kana": "フクオカケン",
    "prefecture_code": 40,
    "city": "北九州市八幡西区",
    "city_kana": "キタキュウシュウシヤハタニシク",
    "town": "堀川町",
    "town_kana": "ホリカワマチ",
    "street": null,
    "office_name": null,
    "office_name_kana": null
  },
  "0862": {
    "postcode": "8070862",
    "prefecture": "福岡県",
    "prefecture_kana": "フクオカケン",
    "prefecture_code": 40,
    "city": "北九州市八幡西区",
    "city_kana": "キタキュウシュウシヤハタニシク",
    "town": "西折尾町",
    "town_kana": "ニシオリオマチ",
    "street": null,
    "office_name": null,
    "office_name_kana": null
  },
  "0863": {
    "postcode": "8070863",
    "prefecture": "福岡県",
    "prefecture_kana": "フクオカケン",
    "prefecture_code": 40,
    "city": "北九州市八幡西区",
    "city_kana": "キタキュウシュウシヤハタニシク",
    "town": "大膳",
    "town_kana": "ダイゼン",
    "street": null,
    "office_name": null,
    "office_name_kana": null
  },
  "0864": {
    "postcode": "8070864",
    "prefecture": "福岡県",
    "prefecture_kana": "フクオカケン",
    "prefecture_code": 40,
    "city": "北九州市八幡西区",
    "city_kana": "キタキュウシュウシヤハタニシク",
    "town": "折尾",
    "town_kana": "オリオ",
    "street": null,
    "office_name": null,
    "office_name_kana": null
  },
  "0865": {
    "postcode": "8070865",
    "prefecture": "福岡県",
    "prefecture_kana": "フクオカケン",
    "prefecture_code": 40,
    "city": "北九州市八幡西区",
    "city_kana": "キタキュウシュウシヤハタニシク",
    "town": "美吉野町",
    "town_kana": "ミヨシノマチ",
    "street": null,
    "office_name": null,
    "office_name_kana": null
  },
  "0866": {
    "postcode": "8070866",
    "prefecture": "福岡県",
    "prefecture_kana": "フクオカケン",
    "prefecture_code": 40,
    "city": "北九州市八幡西区",
    "city_kana": "キタキュウシュウシヤハタニシク",
    "town": "日吉台",
    "town_kana": "ヒヨシダイ",
    "street": null,
    "office_name": null,
    "office_name_kana": null
  },
  "0867": {
    "postcode": "8070867",
    "prefecture": "福岡県",
    "prefecture_kana": "フクオカケン",
    "prefecture_code": 40,
    "city": "北九州市八幡西区",
    "city_kana": "キタキュウシュウシヤハタニシク",
    "town": "自由ケ丘",
    "town_kana": "ジユウガオカ",
    "street": null,
    "office_name": null,
    "office_name_kana": null
  },
  "0868": {
    "postcode": "8070868",
    "prefecture": "福岡県",
    "prefecture_kana": "フクオカケン",
    "prefecture_code": 40,
    "city": "北九州市八幡西区",
    "city_kana": "キタキュウシュウシヤハタニシク",
    "town": "さつき台",
    "town_kana": "サツキダイ",
    "street": null,
    "office_name": null,
    "office_name_kana": null
  },
  "0871": {
    "postcode": "8070871",
    "prefecture": "福岡県",
    "prefecture_kana": "フクオカケン",
    "prefecture_code": 40,
    "city": "北九州市八幡西区",
    "city_kana": "キタキュウシュウシヤハタニシク",
    "town": "浅川学園台",
    "town_kana": "アサカワガクエンダイ",
    "street": null,
    "office_name": null,
    "office_name_kana": null
  },
  "0872": {
    "postcode": "8070872",
    "prefecture": "福岡県",
    "prefecture_kana": "フクオカケン",
    "prefecture_code": 40,
    "city": "北九州市八幡西区",
    "city_kana": "キタキュウシュウシヤハタニシク",
    "town": "浅川",
    "town_kana": "アサカワ",
    "street": null,
    "office_name": null,
    "office_name_kana": null
  },
  "0873": {
    "postcode": "8070873",
    "prefecture": "福岡県",
    "prefecture_kana": "フクオカケン",
    "prefecture_code": 40,
    "city": "北九州市八幡西区",
    "city_kana": "キタキュウシュウシヤハタニシク",
    "town": "藤原",
    "town_kana": "フジワラ",
    "street": null,
    "office_name": null,
    "office_name_kana": null
  },
  "0874": {
    "postcode": "8070874",
    "prefecture": "福岡県",
    "prefecture_kana": "フクオカケン",
    "prefecture_code": 40,
    "city": "北九州市八幡西区",
    "city_kana": "キタキュウシュウシヤハタニシク",
    "town": "大浦",
    "town_kana": "オオウラ",
    "street": null,
    "office_name": null,
    "office_name_kana": null
  },
  "0875": {
    "postcode": "8070875",
    "prefecture": "福岡県",
    "prefecture_kana": "フクオカケン",
    "prefecture_code": 40,
    "city": "北九州市八幡西区",
    "city_kana": "キタキュウシュウシヤハタニシク",
    "town": "浅川台",
    "town_kana": "アサカワダイ",
    "street": null,
    "office_name": null,
    "office_name_kana": null
  },
  "0876": {
    "postcode": "8070876",
    "prefecture": "福岡県",
    "prefecture_kana": "フクオカケン",
    "prefecture_code": 40,
    "city": "北九州市八幡西区",
    "city_kana": "キタキュウシュウシヤハタニシク",
    "town": "浅川日の峯",
    "town_kana": "アサカワヒノミネ",
    "street": null,
    "office_name": null,
    "office_name_kana": null
  },
  "0877": {
    "postcode": "8070877",
    "prefecture": "福岡県",
    "prefecture_kana": "フクオカケン",
    "prefecture_code": 40,
    "city": "北九州市八幡西区",
    "city_kana": "キタキュウシュウシヤハタニシク",
    "town": "浅川",
    "town_kana": "アサカワ",
    "street": null,
    "office_name": null,
    "office_name_kana": null
  },
  "0878": {
    "postcode": "8070878",
    "prefecture": "福岡県",
    "prefecture_kana": "フクオカケン",
    "prefecture_code": 40,
    "city": "北九州市八幡西区",
    "city_kana": "キタキュウシュウシヤハタニシク",
    "town": "三ツ頭",
    "town_kana": "ミツガシラ",
    "street": null,
    "office_name": null,
    "office_name_kana": null
  },
  "0879": {
    "postcode": "8070879",
    "prefecture": "福岡県",
    "prefecture_kana": "フクオカケン",
    "prefecture_code": 40,
    "city": "北九州市八幡西区",
    "city_kana": "キタキュウシュウシヤハタニシク",
    "town": "浅川町",
    "town_kana": "アサカワマチ",
    "street": null,
    "office_name": null,
    "office_name_kana": null
  },
  "1101": {
    "postcode": "8071101",
    "prefecture": "福岡県",
    "prefecture_kana": "フクオカケン",
    "prefecture_code": 40,
    "city": "北九州市八幡西区",
    "city_kana": "キタキュウシュウシヤハタニシク",
    "town": "上香月",
    "town_kana": "カミカツキ",
    "street": null,
    "office_name": null,
    "office_name_kana": null
  },
  "1102": {
    "postcode": "8071102",
    "prefecture": "福岡県",
    "prefecture_kana": "フクオカケン",
    "prefecture_code": 40,
    "city": "北九州市八幡西区",
    "city_kana": "キタキュウシュウシヤハタニシク",
    "town": "香月中央",
    "town_kana": "カツキチュウオウ",
    "street": null,
    "office_name": null,
    "office_name_kana": null
  },
  "1103": {
    "postcode": "8071103",
    "prefecture": "福岡県",
    "prefecture_kana": "フクオカケン",
    "prefecture_code": 40,
    "city": "北九州市八幡西区",
    "city_kana": "キタキュウシュウシヤハタニシク",
    "town": "香月西",
    "town_kana": "カツキニシ",
    "street": null,
    "office_name": null,
    "office_name_kana": null
  },
  "1111": {
    "postcode": "8071111",
    "prefecture": "福岡県",
    "prefecture_kana": "フクオカケン",
    "prefecture_code": 40,
    "city": "北九州市八幡西区",
    "city_kana": "キタキュウシュウシヤハタニシク",
    "town": "船越",
    "town_kana": "フナコシ",
    "street": null,
    "office_name": null,
    "office_name_kana": null
  },
  "1112": {
    "postcode": "8071112",
    "prefecture": "福岡県",
    "prefecture_kana": "フクオカケン",
    "prefecture_code": 40,
    "city": "北九州市八幡西区",
    "city_kana": "キタキュウシュウシヤハタニシク",
    "town": "千代",
    "town_kana": "チヨ",
    "street": null,
    "office_name": null,
    "office_name_kana": null
  },
  "1113": {
    "postcode": "8071113",
    "prefecture": "福岡県",
    "prefecture_kana": "フクオカケン",
    "prefecture_code": 40,
    "city": "北九州市八幡西区",
    "city_kana": "キタキュウシュウシヤハタニシク",
    "town": "白岩町",
    "town_kana": "シライワマチ",
    "street": null,
    "office_name": null,
    "office_name_kana": null
  },
  "1114": {
    "postcode": "8071114",
    "prefecture": "福岡県",
    "prefecture_kana": "フクオカケン",
    "prefecture_code": 40,
    "city": "北九州市八幡西区",
    "city_kana": "キタキュウシュウシヤハタニシク",
    "town": "吉祥寺町",
    "town_kana": "キッショウジマチ",
    "street": null,
    "office_name": null,
    "office_name_kana": null
  },
  "1115": {
    "postcode": "8071115",
    "prefecture": "福岡県",
    "prefecture_kana": "フクオカケン",
    "prefecture_code": 40,
    "city": "北九州市八幡西区",
    "city_kana": "キタキュウシュウシヤハタニシク",
    "town": "椋枝",
    "town_kana": "ムクエダ",
    "street": null,
    "office_name": null,
    "office_name_kana": null
  },
  "1121": {
    "postcode": "8071121",
    "prefecture": "福岡県",
    "prefecture_kana": "フクオカケン",
    "prefecture_code": 40,
    "city": "北九州市八幡西区",
    "city_kana": "キタキュウシュウシヤハタニシク",
    "town": "石坂",
    "town_kana": "イシサカ",
    "street": null,
    "office_name": null,
    "office_name_kana": null
  },
  "1122": {
    "postcode": "8071122",
    "prefecture": "福岡県",
    "prefecture_kana": "フクオカケン",
    "prefecture_code": 40,
    "city": "北九州市八幡西区",
    "city_kana": "キタキュウシュウシヤハタニシク",
    "town": "東石坂町",
    "town_kana": "ヒガシイシザカマチ",
    "street": null,
    "office_name": null,
    "office_name_kana": null
  },
  "1123": {
    "postcode": "8071123",
    "prefecture": "福岡県",
    "prefecture_kana": "フクオカケン",
    "prefecture_code": 40,
    "city": "北九州市八幡西区",
    "city_kana": "キタキュウシュウシヤハタニシク",
    "town": "下畑町",
    "town_kana": "シモハタマチ",
    "street": null,
    "office_name": null,
    "office_name_kana": null
  },
  "1124": {
    "postcode": "8071124",
    "prefecture": "福岡県",
    "prefecture_kana": "フクオカケン",
    "prefecture_code": 40,
    "city": "北九州市八幡西区",
    "city_kana": "キタキュウシュウシヤハタニシク",
    "town": "畑",
    "town_kana": "ハタ",
    "street": null,
    "office_name": null,
    "office_name_kana": null
  },
  "1125": {
    "postcode": "8071125",
    "prefecture": "福岡県",
    "prefecture_kana": "フクオカケン",
    "prefecture_code": 40,
    "city": "北九州市八幡西区",
    "city_kana": "キタキュウシュウシヤハタニシク",
    "town": "池田",
    "town_kana": "イケダ",
    "street": null,
    "office_name": null,
    "office_name_kana": null
  },
  "1131": {
    "postcode": "8071131",
    "prefecture": "福岡県",
    "prefecture_kana": "フクオカケン",
    "prefecture_code": 40,
    "city": "北九州市八幡西区",
    "city_kana": "キタキュウシュウシヤハタニシク",
    "town": "馬場山東",
    "town_kana": "ババヤマヒガシ",
    "street": null,
    "office_name": null,
    "office_name_kana": null
  },
  "1132": {
    "postcode": "8071132",
    "prefecture": "福岡県",
    "prefecture_kana": "フクオカケン",
    "prefecture_code": 40,
    "city": "北九州市八幡西区",
    "city_kana": "キタキュウシュウシヤハタニシク",
    "town": "馬場山西",
    "town_kana": "ババヤマニシ",
    "street": null,
    "office_name": null,
    "office_name_kana": null
  },
  "1133": {
    "postcode": "8071133",
    "prefecture": "福岡県",
    "prefecture_kana": "フクオカケン",
    "prefecture_code": 40,
    "city": "北九州市八幡西区",
    "city_kana": "キタキュウシュウシヤハタニシク",
    "town": "馬場山緑",
    "town_kana": "ババヤマミドリ",
    "street": null,
    "office_name": null,
    "office_name_kana": null
  },
  "1134": {
    "postcode": "8071134",
    "prefecture": "福岡県",
    "prefecture_kana": "フクオカケン",
    "prefecture_code": 40,
    "city": "北九州市八幡西区",
    "city_kana": "キタキュウシュウシヤハタニシク",
    "town": "茶屋の原",
    "town_kana": "チャヤノハル",
    "street": null,
    "office_name": null,
    "office_name_kana": null
  },
  "1135": {
    "postcode": "8071135",
    "prefecture": "福岡県",
    "prefecture_kana": "フクオカケン",
    "prefecture_code": 40,
    "city": "北九州市八幡西区",
    "city_kana": "キタキュウシュウシヤハタニシク",
    "town": "馬場山原",
    "town_kana": "ババヤマハラ",
    "street": null,
    "office_name": null,
    "office_name_kana": null
  },
  "1136": {
    "postcode": "8071136",
    "prefecture": "福岡県",
    "prefecture_kana": "フクオカケン",
    "prefecture_code": 40,
    "city": "北九州市八幡西区",
    "city_kana": "キタキュウシュウシヤハタニシク",
    "town": "馬場山",
    "town_kana": "ババヤマ",
    "street": null,
    "office_name": null,
    "office_name_kana": null
  },
  "1141": {
    "postcode": "8071141",
    "prefecture": "福岡県",
    "prefecture_kana": "フクオカケン",
    "prefecture_code": 40,
    "city": "北九州市八幡西区",
    "city_kana": "キタキュウシュウシヤハタニシク",
    "town": "楠橋上方",
    "town_kana": "クスバシカミカタ",
    "street": null,
    "office_name": null,
    "office_name_kana": null
  },
  "1142": {
    "postcode": "8071142",
    "prefecture": "福岡県",
    "prefecture_kana": "フクオカケン",
    "prefecture_code": 40,
    "city": "北九州市八幡西区",
    "city_kana": "キタキュウシュウシヤハタニシク",
    "town": "楠橋東",
    "town_kana": "クスバシヒガシ",
    "street": null,
    "office_name": null,
    "office_name_kana": null
  },
  "1143": {
    "postcode": "8071143",
    "prefecture": "福岡県",
    "prefecture_kana": "フクオカケン",
    "prefecture_code": 40,
    "city": "北九州市八幡西区",
    "city_kana": "キタキュウシュウシヤハタニシク",
    "town": "楠橋南",
    "town_kana": "クスバシミナミ",
    "street": null,
    "office_name": null,
    "office_name_kana": null
  },
  "1144": {
    "postcode": "8071144",
    "prefecture": "福岡県",
    "prefecture_kana": "フクオカケン",
    "prefecture_code": 40,
    "city": "北九州市八幡西区",
    "city_kana": "キタキュウシュウシヤハタニシク",
    "town": "真名子",
    "town_kana": "マナゴ",
    "street": null,
    "office_name": null,
    "office_name_kana": null
  },
  "1145": {
    "postcode": "8071145",
    "prefecture": "福岡県",
    "prefecture_kana": "フクオカケン",
    "prefecture_code": 40,
    "city": "北九州市八幡西区",
    "city_kana": "キタキュウシュウシヤハタニシク",
    "town": "楠橋西",
    "town_kana": "クスバシニシ",
    "street": null,
    "office_name": null,
    "office_name_kana": null
  },
  "1146": {
    "postcode": "8071146",
    "prefecture": "福岡県",
    "prefecture_kana": "フクオカケン",
    "prefecture_code": 40,
    "city": "北九州市八幡西区",
    "city_kana": "キタキュウシュウシヤハタニシク",
    "town": "楠橋下方",
    "town_kana": "クスバシシモカタ",
    "street": null,
    "office_name": null,
    "office_name_kana": null
  },
  "1151": {
    "postcode": "8071151",
    "prefecture": "福岡県",
    "prefecture_kana": "フクオカケン",
    "prefecture_code": 40,
    "city": "北九州市八幡西区",
    "city_kana": "キタキュウシュウシヤハタニシク",
    "town": "楠橋",
    "town_kana": "クスバシ",
    "street": null,
    "office_name": null,
    "office_name_kana": null
  },
  "1152": {
    "postcode": "8071152",
    "prefecture": "福岡県",
    "prefecture_kana": "フクオカケン",
    "prefecture_code": 40,
    "city": "北九州市八幡西区",
    "city_kana": "キタキュウシュウシヤハタニシク",
    "town": "高江",
    "town_kana": "タカエ",
    "street": null,
    "office_name": null,
    "office_name_kana": null
  },
  "1153": {
    "postcode": "8071153",
    "prefecture": "福岡県",
    "prefecture_kana": "フクオカケン",
    "prefecture_code": 40,
    "city": "北九州市八幡西区",
    "city_kana": "キタキュウシュウシヤハタニシク",
    "town": "岩崎",
    "town_kana": "イワサキ",
    "street": null,
    "office_name": null,
    "office_name_kana": null
  },
  "1154": {
    "postcode": "8071154",
    "prefecture": "福岡県",
    "prefecture_kana": "フクオカケン",
    "prefecture_code": 40,
    "city": "北九州市八幡西区",
    "city_kana": "キタキュウシュウシヤハタニシク",
    "town": "楠北",
    "town_kana": "クスキタ",
    "street": null,
    "office_name": null,
    "office_name_kana": null
  },
  "1261": {
    "postcode": "8071261",
    "prefecture": "福岡県",
    "prefecture_kana": "フクオカケン",
    "prefecture_code": 40,
    "city": "北九州市八幡西区",
    "city_kana": "キタキュウシュウシヤハタニシク",
    "town": "木屋瀬",
    "town_kana": "コヤノセ",
    "street": null,
    "office_name": null,
    "office_name_kana": null
  },
  "1262": {
    "postcode": "8071262",
    "prefecture": "福岡県",
    "prefecture_kana": "フクオカケン",
    "prefecture_code": 40,
    "city": "北九州市八幡西区",
    "city_kana": "キタキュウシュウシヤハタニシク",
    "town": "野面",
    "town_kana": "ノブ",
    "street": null,
    "office_name": null,
    "office_name_kana": null
  },
  "1263": {
    "postcode": "8071263",
    "prefecture": "福岡県",
    "prefecture_kana": "フクオカケン",
    "prefecture_code": 40,
    "city": "北九州市八幡西区",
    "city_kana": "キタキュウシュウシヤハタニシク",
    "town": "金剛",
    "town_kana": "コンゴウ",
    "street": null,
    "office_name": null,
    "office_name_kana": null
  },
  "1264": {
    "postcode": "8071264",
    "prefecture": "福岡県",
    "prefecture_kana": "フクオカケン",
    "prefecture_code": 40,
    "city": "北九州市八幡西区",
    "city_kana": "キタキュウシュウシヤハタニシク",
    "town": "星ケ丘",
    "town_kana": "ホシガオカ",
    "street": null,
    "office_name": null,
    "office_name_kana": null
  },
  "1265": {
    "postcode": "8071265",
    "prefecture": "福岡県",
    "prefecture_kana": "フクオカケン",
    "prefecture_code": 40,
    "city": "北九州市八幡西区",
    "city_kana": "キタキュウシュウシヤハタニシク",
    "town": "笹田",
    "town_kana": "ササダ",
    "street": null,
    "office_name": null,
    "office_name_kana": null
  },
  "1266": {
    "postcode": "8071266",
    "prefecture": "福岡県",
    "prefecture_kana": "フクオカケン",
    "prefecture_code": 40,
    "city": "北九州市八幡西区",
    "city_kana": "キタキュウシュウシヤハタニシク",
    "town": "木屋瀬東",
    "town_kana": "コヤノセヒガシ",
    "street": null,
    "office_name": null,
    "office_name_kana": null
  },
  "1300": {
    "postcode": "8071300",
    "prefecture": "福岡県",
    "prefecture_kana": "フクオカケン",
    "prefecture_code": 40,
    "city": "鞍手郡鞍手町",
    "city_kana": "クラテグンクラテマチ",
    "town": "",
    "town_kana": "",
    "street": null,
    "office_name": null,
    "office_name_kana": null
  },
  "1301": {
    "postcode": "8071301",
    "prefecture": "福岡県",
    "prefecture_kana": "フクオカケン",
    "prefecture_code": 40,
    "city": "鞍手郡鞍手町",
    "city_kana": "クラテグンクラテマチ",
    "town": "猪倉",
    "town_kana": "イノクラ",
    "street": null,
    "office_name": null,
    "office_name_kana": null
  },
  "1302": {
    "postcode": "8071302",
    "prefecture": "福岡県",
    "prefecture_kana": "フクオカケン",
    "prefecture_code": 40,
    "city": "鞍手郡鞍手町",
    "city_kana": "クラテグンクラテマチ",
    "town": "上木月",
    "town_kana": "カミキヅキ",
    "street": null,
    "office_name": null,
    "office_name_kana": null
  },
  "1303": {
    "postcode": "8071303",
    "prefecture": "福岡県",
    "prefecture_kana": "フクオカケン",
    "prefecture_code": 40,
    "city": "鞍手郡鞍手町",
    "city_kana": "クラテグンクラテマチ",
    "town": "木月",
    "town_kana": "キヅキ",
    "street": null,
    "office_name": null,
    "office_name_kana": null
  },
  "1304": {
    "postcode": "8071304",
    "prefecture": "福岡県",
    "prefecture_kana": "フクオカケン",
    "prefecture_code": 40,
    "city": "鞍手郡鞍手町",
    "city_kana": "クラテグンクラテマチ",
    "town": "永谷",
    "town_kana": "ナガタニ",
    "street": null,
    "office_name": null,
    "office_name_kana": null
  },
  "1305": {
    "postcode": "8071305",
    "prefecture": "福岡県",
    "prefecture_kana": "フクオカケン",
    "prefecture_code": 40,
    "city": "鞍手郡鞍手町",
    "city_kana": "クラテグンクラテマチ",
    "town": "新延",
    "town_kana": "ニノブ",
    "street": null,
    "office_name": null,
    "office_name_kana": null
  },
  "1306": {
    "postcode": "8071306",
    "prefecture": "福岡県",
    "prefecture_kana": "フクオカケン",
    "prefecture_code": 40,
    "city": "鞍手郡鞍手町",
    "city_kana": "クラテグンクラテマチ",
    "town": "古門",
    "town_kana": "フルモン",
    "street": null,
    "office_name": null,
    "office_name_kana": null
  },
  "1307": {
    "postcode": "8071307",
    "prefecture": "福岡県",
    "prefecture_kana": "フクオカケン",
    "prefecture_code": 40,
    "city": "鞍手郡鞍手町",
    "city_kana": "クラテグンクラテマチ",
    "town": "室木",
    "town_kana": "ムロキ",
    "street": null,
    "office_name": null,
    "office_name_kana": null
  },
  "1308": {
    "postcode": "8071308",
    "prefecture": "福岡県",
    "prefecture_kana": "フクオカケン",
    "prefecture_code": 40,
    "city": "鞍手郡鞍手町",
    "city_kana": "クラテグンクラテマチ",
    "town": "八尋",
    "town_kana": "ヤヒロ",
    "street": null,
    "office_name": null,
    "office_name_kana": null
  },
  "1311": {
    "postcode": "8071311",
    "prefecture": "福岡県",
    "prefecture_kana": "フクオカケン",
    "prefecture_code": 40,
    "city": "鞍手郡鞍手町",
    "city_kana": "クラテグンクラテマチ",
    "town": "小牧",
    "town_kana": "オマキ",
    "street": null,
    "office_name": null,
    "office_name_kana": null
  },
  "1312": {
    "postcode": "8071312",
    "prefecture": "福岡県",
    "prefecture_kana": "フクオカケン",
    "prefecture_code": 40,
    "city": "鞍手郡鞍手町",
    "city_kana": "クラテグンクラテマチ",
    "town": "中山",
    "town_kana": "ナカヤマ",
    "street": null,
    "office_name": null,
    "office_name_kana": null
  },
  "1313": {
    "postcode": "8071313",
    "prefecture": "福岡県",
    "prefecture_kana": "フクオカケン",
    "prefecture_code": 40,
    "city": "鞍手郡鞍手町",
    "city_kana": "クラテグンクラテマチ",
    "town": "新北",
    "town_kana": "ニギタ",
    "street": null,
    "office_name": null,
    "office_name_kana": null
  },
  "1314": {
    "postcode": "8071314",
    "prefecture": "福岡県",
    "prefecture_kana": "フクオカケン",
    "prefecture_code": 40,
    "city": "鞍手郡鞍手町",
    "city_kana": "クラテグンクラテマチ",
    "town": "長谷",
    "town_kana": "ハセ",
    "street": null,
    "office_name": null,
    "office_name_kana": null
  },
  "1315": {
    "postcode": "8071315",
    "prefecture": "福岡県",
    "prefecture_kana": "フクオカケン",
    "prefecture_code": 40,
    "city": "鞍手郡鞍手町",
    "city_kana": "クラテグンクラテマチ",
    "town": "弥生",
    "town_kana": "ヤヨイ",
    "street": null,
    "office_name": null,
    "office_name_kana": null
  },
  "1392": {
    "postcode": "8071392",
    "prefecture": "福岡県",
    "prefecture_kana": "フクオカケン",
    "prefecture_code": 40,
    "city": "鞍手郡鞍手町",
    "city_kana": "クラテグンクラテマチ",
    "town": "大字小牧",
    "town_kana": null,
    "street": "２０８０番地２",
    "office_name": "鞍手町役場",
    "office_name_kana": "クラテマチヤクバ"
  },
  "8501": {
    "postcode": "8078501",
    "prefecture": "福岡県",
    "prefecture_kana": "フクオカケン",
    "prefecture_code": 40,
    "city": "遠賀郡水巻町",
    "city_kana": "オンガグンミズマキマチ",
    "town": "頃末北",
    "town_kana": "コロスエキタ",
    "street": "１丁目１−１",
    "office_name": "水巻町役場",
    "office_name_kana": "ミズマキマチヤクバ"
  },
  "8555": {
    "postcode": "8078555",
    "prefecture": "福岡県",
    "prefecture_kana": "フクオカケン",
    "prefecture_code": 40,
    "city": "北九州市八幡西区",
    "city_kana": "キタキュウシュウシヤハタニシク",
    "town": "医生ケ丘",
    "town_kana": "イセイガオカ",
    "street": "１番１号",
    "office_name": "産業医科大学",
    "office_name_kana": "サンギヨウイカダイガク"
  },
  "8556": {
    "postcode": "8078556",
    "prefecture": "福岡県",
    "prefecture_kana": "フクオカケン",
    "prefecture_code": 40,
    "city": "北九州市八幡西区",
    "city_kana": "キタキュウシュウシヤハタニシク",
    "town": "医生ケ丘",
    "town_kana": "イセイガオカ",
    "street": "１番１号",
    "office_name": "産業医科大学病院",
    "office_name_kana": "サンギヨウイカダイガクビヨウイン"
  },
  "8585": {
    "postcode": "8078585",
    "prefecture": "福岡県",
    "prefecture_kana": "フクオカケン",
    "prefecture_code": 40,
    "city": "北九州市八幡西区",
    "city_kana": "キタキュウシュウシヤハタニシク",
    "town": "自由ケ丘",
    "town_kana": "ジユウガオカ",
    "street": "１−８",
    "office_name": "九州共立大学",
    "office_name_kana": "キユウシユウキヨウリツダイガク"
  },
  "8586": {
    "postcode": "8078586",
    "prefecture": "福岡県",
    "prefecture_kana": "フクオカケン",
    "prefecture_code": 40,
    "city": "北九州市八幡西区",
    "city_kana": "キタキュウシュウシヤハタニシク",
    "town": "自由ケ丘",
    "town_kana": "ジユウガオカ",
    "street": "１−１",
    "office_name": "九州女子大学・九州女子短期大学",
    "office_name_kana": "キユウシユウジヨシダイガク・キユウシユウジヨシタンキダイガク"
  },
  "8588": {
    "postcode": "8078588",
    "prefecture": "福岡県",
    "prefecture_kana": "フクオカケン",
    "prefecture_code": 40,
    "city": "北九州市八幡西区",
    "city_kana": "キタキュウシュウシヤハタニシク",
    "town": "小嶺",
    "town_kana": "コミネ",
    "street": "２丁目１０−１",
    "office_name": "株式会社　三井ハイテック",
    "office_name_kana": "カブシキガイシヤ ミツイハイテツク"
  }
}