{
  "0000": [
    {
      "postcode": "8380000",
      "prefecture": "福岡県",
      "prefecture_kana": "フクオカケン",
      "prefecture_code": 40,
      "city": "朝倉市",
      "city_kana": "アサクラシ",
      "town": "",
      "town_kana": "",
      "street": null,
      "office_name": null,
      "office_name_kana": null
    },
    {
      "postcode": "8380000",
      "prefecture": "福岡県",
      "prefecture_kana": "フクオカケン",
      "prefecture_code": 40,
      "city": "朝倉郡筑前町",
      "city_kana": "アサクラグンチクゼンマチ",
      "town": "",
      "town_kana": "",
      "street": null,
      "office_name": null,
      "office_name_kana": null
    }
  ],
  "0001": {
    "postcode": "8380001",
    "prefecture": "福岡県",
    "prefecture_kana": "フクオカケン",
    "prefecture_code": 40,
    "city": "朝倉市",
    "city_kana": "アサクラシ",
    "town": "秋月",
    "town_kana": "アキヅキ",
    "street": null,
    "office_name": null,
    "office_name_kana": null
  },
  "0002": {
    "postcode": "8380002",
    "prefecture": "福岡県",
    "prefecture_kana": "フクオカケン",
    "prefecture_code": 40,
    "city": "朝倉市",
    "city_kana": "アサクラシ",
    "town": "長谷山",
    "town_kana": "ハセヤマ",
    "street": null,
    "office_name": null,
    "office_name_kana": null
  },
  "0003": {
    "postcode": "8380003",
    "prefecture": "福岡県",
    "prefecture_kana": "フクオカケン",
    "prefecture_code": 40,
    "city": "朝倉市",
    "city_kana": "アサクラシ",
    "town": "楢原",
    "town_kana": "ナラハラ",
    "street": null,
    "office_name": null,
    "office_name_kana": null
  },
  "0004": {
    "postcode": "8380004",
    "prefecture": "福岡県",
    "prefecture_kana": "フクオカケン",
    "prefecture_code": 40,
    "city": "朝倉市",
    "city_kana": "アサクラシ",
    "town": "隈江",
    "town_kana": "クマエ",
    "street": null,
    "office_name": null,
    "office_name_kana": null
  },
  "0005": {
    "postcode": "8380005",
    "prefecture": "福岡県",
    "prefecture_kana": "フクオカケン",
    "prefecture_code": 40,
    "city": "朝倉市",
    "city_kana": "アサクラシ",
    "town": "甘水",
    "town_kana": "アモウズ",
    "street": null,
    "office_name": null,
    "office_name_kana": null
  },
  "0011": {
    "postcode": "8380011",
    "prefecture": "福岡県",
    "prefecture_kana": "フクオカケン",
    "prefecture_code": 40,
    "city": "朝倉市",
    "city_kana": "アサクラシ",
    "town": "秋月野鳥",
    "town_kana": "アキヅキノトリ",
    "street": null,
    "office_name": null,
    "office_name_kana": null
  },
  "0012": {
    "postcode": "8380012",
    "prefecture": "福岡県",
    "prefecture_kana": "フクオカケン",
    "prefecture_code": 40,
    "city": "朝倉市",
    "city_kana": "アサクラシ",
    "town": "江川",
    "town_kana": "エガワ",
    "street": null,
    "office_name": null,
    "office_name_kana": null
  },
  "0013": {
    "postcode": "8380013",
    "prefecture": "福岡県",
    "prefecture_kana": "フクオカケン",
    "prefecture_code": 40,
    "city": "朝倉市",
    "city_kana": "アサクラシ",
    "town": "田代",
    "town_kana": "タシロ",
    "street": null,
    "office_name": null,
    "office_name_kana": null
  },
  "0014": {
    "postcode": "8380014",
    "prefecture": "福岡県",
    "prefecture_kana": "フクオカケン",
    "prefecture_code": 40,
    "city": "朝倉市",
    "city_kana": "アサクラシ",
    "town": "山見",
    "town_kana": "ヤマミ",
    "street": null,
    "office_name": null,
    "office_name_kana": null
  },
  "0015": {
    "postcode": "8380015",
    "prefecture": "福岡県",
    "prefecture_kana": "フクオカケン",
    "prefecture_code": 40,
    "city": "朝倉市",
    "city_kana": "アサクラシ",
    "town": "持丸",
    "town_kana": "モチマル",
    "street": null,
    "office_name": null,
    "office_name_kana": null
  },
  "0016": {
    "postcode": "8380016",
    "prefecture": "福岡県",
    "prefecture_kana": "フクオカケン",
    "prefecture_code": 40,
    "city": "朝倉市",
    "city_kana": "アサクラシ",
    "town": "下渕",
    "town_kana": "シタフチ",
    "street": null,
    "office_name": null,
    "office_name_kana": null
  },
  "0017": {
    "postcode": "8380017",
    "prefecture": "福岡県",
    "prefecture_kana": "フクオカケン",
    "prefecture_code": 40,
    "city": "朝倉市",
    "city_kana": "アサクラシ",
    "town": "千手",
    "town_kana": "センズ",
    "street": null,
    "office_name": null,
    "office_name_kana": null
  },
  "0018": {
    "postcode": "8380018",
    "prefecture": "福岡県",
    "prefecture_kana": "フクオカケン",
    "prefecture_code": 40,
    "city": "朝倉市",
    "city_kana": "アサクラシ",
    "town": "日向石",
    "town_kana": "ヒュウガイシ",
    "street": null,
    "office_name": null,
    "office_name_kana": null
  },
  "0019": {
    "postcode": "8380019",
    "prefecture": "福岡県",
    "prefecture_kana": "フクオカケン",
    "prefecture_code": 40,
    "city": "朝倉市",
    "city_kana": "アサクラシ",
    "town": "上秋月",
    "town_kana": "カミアキヅキ",
    "street": null,
    "office_name": null,
    "office_name_kana": null
  },
  "0020": {
    "postcode": "8380020",
    "prefecture": "福岡県",
    "prefecture_kana": "フクオカケン",
    "prefecture_code": 40,
    "city": "朝倉市",
    "city_kana": "アサクラシ",
    "town": "美奈宜の杜",
    "town_kana": "ミナギノモリ",
    "street": null,
    "office_name": null,
    "office_name_kana": null
  },
  "0021": {
    "postcode": "8380021",
    "prefecture": "福岡県",
    "prefecture_kana": "フクオカケン",
    "prefecture_code": 40,
    "city": "朝倉市",
    "city_kana": "アサクラシ",
    "town": "矢野竹",
    "town_kana": "ヤノタケ",
    "street": null,
    "office_name": null,
    "office_name_kana": null
  },
  "0022": {
    "postcode": "8380022",
    "prefecture": "福岡県",
    "prefecture_kana": "フクオカケン",
    "prefecture_code": 40,
    "city": "朝倉市",
    "city_kana": "アサクラシ",
    "town": "城",
    "town_kana": "シロ",
    "street": null,
    "office_name": null,
    "office_name_kana": null
  },
  "0023": {
    "postcode": "8380023",
    "prefecture": "福岡県",
    "prefecture_kana": "フクオカケン",
    "prefecture_code": 40,
    "city": "朝倉市",
    "city_kana": "アサクラシ",
    "town": "三奈木",
    "town_kana": "ミナギ",
    "street": null,
    "office_name": null,
    "office_name_kana": null
  },
  "0024": {
    "postcode": "8380024",
    "prefecture": "福岡県",
    "prefecture_kana": "フクオカケン",
    "prefecture_code": 40,
    "city": "朝倉市",
    "city_kana": "アサクラシ",
    "town": "牛鶴",
    "town_kana": "ウシヅル",
    "street": null,
    "office_name": null,
    "office_name_kana": null
  },
  "0025": {
    "postcode": "8380025",
    "prefecture": "福岡県",
    "prefecture_kana": "フクオカケン",
    "prefecture_code": 40,
    "city": "朝倉市",
    "city_kana": "アサクラシ",
    "town": "相窪",
    "town_kana": "アイノクボ",
    "street": null,
    "office_name": null,
    "office_name_kana": null
  },
  "0026": {
    "postcode": "8380026",
    "prefecture": "福岡県",
    "prefecture_kana": "フクオカケン",
    "prefecture_code": 40,
    "city": "朝倉市",
    "city_kana": "アサクラシ",
    "town": "柿原",
    "town_kana": "カキバル",
    "street": null,
    "office_name": null,
    "office_name_kana": null
  },
  "0027": {
    "postcode": "8380027",
    "prefecture": "福岡県",
    "prefecture_kana": "フクオカケン",
    "prefecture_code": 40,
    "city": "朝倉市",
    "city_kana": "アサクラシ",
    "town": "板屋",
    "town_kana": "イタヤ",
    "street": null,
    "office_name": null,
    "office_name_kana": null
  },
  "0028": {
    "postcode": "8380028",
    "prefecture": "福岡県",
    "prefecture_kana": "フクオカケン",
    "prefecture_code": 40,
    "city": "朝倉市",
    "city_kana": "アサクラシ",
    "town": "屋形原",
    "town_kana": "ヤカタバル",
    "street": null,
    "office_name": null,
    "office_name_kana": null
  },
  "0029": {
    "postcode": "8380029",
    "prefecture": "福岡県",
    "prefecture_kana": "フクオカケン",
    "prefecture_code": 40,
    "city": "朝倉市",
    "city_kana": "アサクラシ",
    "town": "荷原",
    "town_kana": "イナイバル",
    "street": null,
    "office_name": null,
    "office_name_kana": null
  },
  "0031": {
    "postcode": "8380031",
    "prefecture": "福岡県",
    "prefecture_kana": "フクオカケン",
    "prefecture_code": 40,
    "city": "朝倉市",
    "city_kana": "アサクラシ",
    "town": "屋永",
    "town_kana": "ヤナガ",
    "street": null,
    "office_name": null,
    "office_name_kana": null
  },
  "0032": {
    "postcode": "8380032",
    "prefecture": "福岡県",
    "prefecture_kana": "フクオカケン",
    "prefecture_code": 40,
    "city": "朝倉市",
    "city_kana": "アサクラシ",
    "town": "中島田",
    "town_kana": "ナカシマダ",
    "street": null,
    "office_name": null,
    "office_name_kana": null
  },
  "0033": {
    "postcode": "8380033",
    "prefecture": "福岡県",
    "prefecture_kana": "フクオカケン",
    "prefecture_code": 40,
    "city": "朝倉市",
    "city_kana": "アサクラシ",
    "town": "田島",
    "town_kana": "タシマ",
    "street": null,
    "office_name": null,
    "office_name_kana": null
  },
  "0034": {
    "postcode": "8380034",
    "prefecture": "福岡県",
    "prefecture_kana": "フクオカケン",
    "prefecture_code": 40,
    "city": "朝倉市",
    "city_kana": "アサクラシ",
    "town": "福光",
    "town_kana": "フクミツ",
    "street": null,
    "office_name": null,
    "office_name_kana": null
  },
  "0035": {
    "postcode": "8380035",
    "prefecture": "福岡県",
    "prefecture_kana": "フクオカケン",
    "prefecture_code": 40,
    "city": "朝倉市",
    "city_kana": "アサクラシ",
    "town": "中",
    "town_kana": "ナカ",
    "street": null,
    "office_name": null,
    "office_name_kana": null
  },
  "0036": {
    "postcode": "8380036",
    "prefecture": "福岡県",
    "prefecture_kana": "フクオカケン",
    "prefecture_code": 40,
    "city": "朝倉市",
    "city_kana": "アサクラシ",
    "town": "片延",
    "town_kana": "カタノブ",
    "street": null,
    "office_name": null,
    "office_name_kana": null
  },
  "0037": {
    "postcode": "8380037",
    "prefecture": "福岡県",
    "prefecture_kana": "フクオカケン",
    "prefecture_code": 40,
    "city": "朝倉市",
    "city_kana": "アサクラシ",
    "town": "林田",
    "town_kana": "ハヤシダ",
    "street": null,
    "office_name": null,
    "office_name_kana": null
  },
  "0038": {
    "postcode": "8380038",
    "prefecture": "福岡県",
    "prefecture_kana": "フクオカケン",
    "prefecture_code": 40,
    "city": "朝倉市",
    "city_kana": "アサクラシ",
    "town": "鵜木",
    "town_kana": "ウノキ",
    "street": null,
    "office_name": null,
    "office_name_kana": null
  },
  "0039": {
    "postcode": "8380039",
    "prefecture": "福岡県",
    "prefecture_kana": "フクオカケン",
    "prefecture_code": 40,
    "city": "朝倉市",
    "city_kana": "アサクラシ",
    "town": "桑原",
    "town_kana": "クワバラ",
    "street": null,
    "office_name": null,
    "office_name_kana": null
  },
  "0041": {
    "postcode": "8380041",
    "prefecture": "福岡県",
    "prefecture_kana": "フクオカケン",
    "prefecture_code": 40,
    "city": "朝倉市",
    "city_kana": "アサクラシ",
    "town": "鎌崎",
    "town_kana": "カマサキ",
    "street": null,
    "office_name": null,
    "office_name_kana": null
  },
  "0042": {
    "postcode": "8380042",
    "prefecture": "福岡県",
    "prefecture_kana": "フクオカケン",
    "prefecture_code": 40,
    "city": "朝倉市",
    "city_kana": "アサクラシ",
    "town": "上畑",
    "town_kana": "ウエハタ",
    "street": null,
    "office_name": null,
    "office_name_kana": null
  },
  "0043": {
    "postcode": "8380043",
    "prefecture": "福岡県",
    "prefecture_kana": "フクオカケン",
    "prefecture_code": 40,
    "city": "朝倉市",
    "city_kana": "アサクラシ",
    "town": "長田",
    "town_kana": "ナガタ",
    "street": null,
    "office_name": null,
    "office_name_kana": null
  },
  "0044": {
    "postcode": "8380044",
    "prefecture": "福岡県",
    "prefecture_kana": "フクオカケン",
    "prefecture_code": 40,
    "city": "朝倉市",
    "city_kana": "アサクラシ",
    "town": "八重津",
    "town_kana": "ヤエヅ",
    "street": null,
    "office_name": null,
    "office_name_kana": null
  },
  "0045": {
    "postcode": "8380045",
    "prefecture": "福岡県",
    "prefecture_kana": "フクオカケン",
    "prefecture_code": 40,
    "city": "朝倉市",
    "city_kana": "アサクラシ",
    "town": "白鳥",
    "town_kana": "シラトリ",
    "street": null,
    "office_name": null,
    "office_name_kana": null
  },
  "0046": {
    "postcode": "8380046",
    "prefecture": "福岡県",
    "prefecture_kana": "フクオカケン",
    "prefecture_code": 40,
    "city": "朝倉市",
    "city_kana": "アサクラシ",
    "town": "倉吉",
    "town_kana": "クラヨシ",
    "street": null,
    "office_name": null,
    "office_name_kana": null
  },
  "0047": {
    "postcode": "8380047",
    "prefecture": "福岡県",
    "prefecture_kana": "フクオカケン",
    "prefecture_code": 40,
    "city": "朝倉市",
    "city_kana": "アサクラシ",
    "town": "徳渕",
    "town_kana": "トクノフチ",
    "street": null,
    "office_name": null,
    "office_name_kana": null
  },
  "0048": {
    "postcode": "8380048",
    "prefecture": "福岡県",
    "prefecture_kana": "フクオカケン",
    "prefecture_code": 40,
    "city": "朝倉市",
    "city_kana": "アサクラシ",
    "town": "金丸",
    "town_kana": "カナマル",
    "street": null,
    "office_name": null,
    "office_name_kana": null
  },
  "0051": {
    "postcode": "8380051",
    "prefecture": "福岡県",
    "prefecture_kana": "フクオカケン",
    "prefecture_code": 40,
    "city": "朝倉市",
    "city_kana": "アサクラシ",
    "town": "小田",
    "town_kana": "オタ",
    "street": null,
    "office_name": null,
    "office_name_kana": null
  },
  "0052": {
    "postcode": "8380052",
    "prefecture": "福岡県",
    "prefecture_kana": "フクオカケン",
    "prefecture_code": 40,
    "city": "朝倉市",
    "city_kana": "アサクラシ",
    "town": "小隈",
    "town_kana": "オグマ",
    "street": null,
    "office_name": null,
    "office_name_kana": null
  },
  "0053": {
    "postcode": "8380053",
    "prefecture": "福岡県",
    "prefecture_kana": "フクオカケン",
    "prefecture_code": 40,
    "city": "朝倉市",
    "city_kana": "アサクラシ",
    "town": "中寒水",
    "town_kana": "ナカソウズ",
    "street": null,
    "office_name": null,
    "office_name_kana": null
  },
  "0054": {
    "postcode": "8380054",
    "prefecture": "福岡県",
    "prefecture_kana": "フクオカケン",
    "prefecture_code": 40,
    "city": "朝倉市",
    "city_kana": "アサクラシ",
    "town": "草水",
    "town_kana": "ソウズ",
    "street": null,
    "office_name": null,
    "office_name_kana": null
  },
  "0055": {
    "postcode": "8380055",
    "prefecture": "福岡県",
    "prefecture_kana": "フクオカケン",
    "prefecture_code": 40,
    "city": "朝倉市",
    "city_kana": "アサクラシ",
    "town": "下浦",
    "town_kana": "シモウラ",
    "street": null,
    "office_name": null,
    "office_name_kana": null
  },
  "0056": {
    "postcode": "8380056",
    "prefecture": "福岡県",
    "prefecture_kana": "フクオカケン",
    "prefecture_code": 40,
    "city": "朝倉市",
    "city_kana": "アサクラシ",
    "town": "中原",
    "town_kana": "ナカバル",
    "street": null,
    "office_name": null,
    "office_name_kana": null
  },
  "0057": {
    "postcode": "8380057",
    "prefecture": "福岡県",
    "prefecture_kana": "フクオカケン",
    "prefecture_code": 40,
    "city": "朝倉市",
    "city_kana": "アサクラシ",
    "town": "上浦",
    "town_kana": "カミウラ",
    "street": null,
    "office_name": null,
    "office_name_kana": null
  },
  "0058": {
    "postcode": "8380058",
    "prefecture": "福岡県",
    "prefecture_kana": "フクオカケン",
    "prefecture_code": 40,
    "city": "朝倉市",
    "city_kana": "アサクラシ",
    "town": "馬田",
    "town_kana": "マダ",
    "street": null,
    "office_name": null,
    "office_name_kana": null
  },
  "0059": {
    "postcode": "8380059",
    "prefecture": "福岡県",
    "prefecture_kana": "フクオカケン",
    "prefecture_code": 40,
    "city": "朝倉市",
    "city_kana": "アサクラシ",
    "town": "平塚",
    "town_kana": "ヒラヅカ",
    "street": null,
    "office_name": null,
    "office_name_kana": null
  },
  "0061": {
    "postcode": "8380061",
    "prefecture": "福岡県",
    "prefecture_kana": "フクオカケン",
    "prefecture_code": 40,
    "city": "朝倉市",
    "city_kana": "アサクラシ",
    "town": "菩提寺",
    "town_kana": "ボダイジ",
    "street": null,
    "office_name": null,
    "office_name_kana": null
  },
  "0062": {
    "postcode": "8380062",
    "prefecture": "福岡県",
    "prefecture_kana": "フクオカケン",
    "prefecture_code": 40,
    "city": "朝倉市",
    "city_kana": "アサクラシ",
    "town": "堤",
    "town_kana": "ツツミ",
    "street": null,
    "office_name": null,
    "office_name_kana": null
  },
  "0063": {
    "postcode": "8380063",
    "prefecture": "福岡県",
    "prefecture_kana": "フクオカケン",
    "prefecture_code": 40,
    "city": "朝倉市",
    "city_kana": "アサクラシ",
    "town": "古賀",
    "town_kana": "コガ",
    "street": null,
    "office_name": null,
    "office_name_kana": null
  },
  "0064": {
    "postcode": "8380064",
    "prefecture": "福岡県",
    "prefecture_kana": "フクオカケン",
    "prefecture_code": 40,
    "city": "朝倉市",
    "city_kana": "アサクラシ",
    "town": "頓田",
    "town_kana": "トンタ",
    "street": null,
    "office_name": null,
    "office_name_kana": null
  },
  "0065": {
    "postcode": "8380065",
    "prefecture": "福岡県",
    "prefecture_kana": "フクオカケン",
    "prefecture_code": 40,
    "city": "朝倉市",
    "city_kana": "アサクラシ",
    "town": "一木",
    "town_kana": "ヒトツギ",
    "street": null,
    "office_name": null,
    "office_name_kana": null
  },
  "0066": {
    "postcode": "8380066",
    "prefecture": "福岡県",
    "prefecture_kana": "フクオカケン",
    "prefecture_code": 40,
    "city": "朝倉市",
    "city_kana": "アサクラシ",
    "town": "千代丸",
    "town_kana": "チヨマル",
    "street": null,
    "office_name": null,
    "office_name_kana": null
  },
  "0067": {
    "postcode": "8380067",
    "prefecture": "福岡県",
    "prefecture_kana": "フクオカケン",
    "prefecture_code": 40,
    "city": "朝倉市",
    "city_kana": "アサクラシ",
    "town": "牛木",
    "town_kana": "ウシギ",
    "street": null,
    "office_name": null,
    "office_name_kana": null
  },
  "0068": {
    "postcode": "8380068",
    "prefecture": "福岡県",
    "prefecture_kana": "フクオカケン",
    "prefecture_code": 40,
    "city": "朝倉市",
    "city_kana": "アサクラシ",
    "town": "甘木",
    "town_kana": "アマギ",
    "street": null,
    "office_name": null,
    "office_name_kana": null
  },
  "0069": {
    "postcode": "8380069",
    "prefecture": "福岡県",
    "prefecture_kana": "フクオカケン",
    "prefecture_code": 40,
    "city": "朝倉市",
    "city_kana": "アサクラシ",
    "town": "来春",
    "town_kana": "ライハ",
    "street": null,
    "office_name": null,
    "office_name_kana": null
  },
  "0071": {
    "postcode": "8380071",
    "prefecture": "福岡県",
    "prefecture_kana": "フクオカケン",
    "prefecture_code": 40,
    "city": "朝倉市",
    "city_kana": "アサクラシ",
    "town": "佐田",
    "town_kana": "サダ",
    "street": null,
    "office_name": null,
    "office_name_kana": null
  },
  "0072": {
    "postcode": "8380072",
    "prefecture": "福岡県",
    "prefecture_kana": "フクオカケン",
    "prefecture_code": 40,
    "city": "朝倉市",
    "city_kana": "アサクラシ",
    "town": "黒川",
    "town_kana": "クロガワ",
    "street": null,
    "office_name": null,
    "office_name_kana": null
  },
  "0100": {
    "postcode": "8380100",
    "prefecture": "福岡県",
    "prefecture_kana": "フクオカケン",
    "prefecture_code": 40,
    "city": "小郡市",
    "city_kana": "オゴオリシ",
    "town": "",
    "town_kana": "",
    "street": null,
    "office_name": null,
    "office_name_kana": null
  },
  "0101": {
    "postcode": "8380101",
    "prefecture": "福岡県",
    "prefecture_kana": "フクオカケン",
    "prefecture_code": 40,
    "city": "小郡市",
    "city_kana": "オゴオリシ",
    "town": "美鈴が丘",
    "town_kana": "ミスズガオカ",
    "street": null,
    "office_name": null,
    "office_name_kana": null
  },
  "0102": {
    "postcode": "8380102",
    "prefecture": "福岡県",
    "prefecture_kana": "フクオカケン",
    "prefecture_code": 40,
    "city": "小郡市",
    "city_kana": "オゴオリシ",
    "town": "津古",
    "town_kana": "ツコ",
    "street": null,
    "office_name": null,
    "office_name_kana": null
  },
  "0103": {
    "postcode": "8380103",
    "prefecture": "福岡県",
    "prefecture_kana": "フクオカケン",
    "prefecture_code": 40,
    "city": "小郡市",
    "city_kana": "オゴオリシ",
    "town": "三国が丘",
    "town_kana": "ミクニガオカ",
    "street": null,
    "office_name": null,
    "office_name_kana": null
  },
  "0104": {
    "postcode": "8380104",
    "prefecture": "福岡県",
    "prefecture_kana": "フクオカケン",
    "prefecture_code": 40,
    "city": "小郡市",
    "city_kana": "オゴオリシ",
    "town": "乙隈",
    "town_kana": "オトグマ",
    "street": null,
    "office_name": null,
    "office_name_kana": null
  },
  "0105": {
    "postcode": "8380105",
    "prefecture": "福岡県",
    "prefecture_kana": "フクオカケン",
    "prefecture_code": 40,
    "city": "小郡市",
    "city_kana": "オゴオリシ",
    "town": "横隈",
    "town_kana": "ヨコグマ",
    "street": null,
    "office_name": null,
    "office_name_kana": null
  },
  "0106": {
    "postcode": "8380106",
    "prefecture": "福岡県",
    "prefecture_kana": "フクオカケン",
    "prefecture_code": 40,
    "city": "小郡市",
    "city_kana": "オゴオリシ",
    "town": "三沢",
    "town_kana": "ミツサワ",
    "street": null,
    "office_name": null,
    "office_name_kana": null
  },
  "0107": {
    "postcode": "8380107",
    "prefecture": "福岡県",
    "prefecture_kana": "フクオカケン",
    "prefecture_code": 40,
    "city": "小郡市",
    "city_kana": "オゴオリシ",
    "town": "希みが丘",
    "town_kana": "ノゾミガオカ",
    "street": null,
    "office_name": null,
    "office_name_kana": null
  },
  "0108": {
    "postcode": "8380108",
    "prefecture": "福岡県",
    "prefecture_kana": "フクオカケン",
    "prefecture_code": 40,
    "city": "小郡市",
    "city_kana": "オゴオリシ",
    "town": "美鈴の杜",
    "town_kana": "ミスズノモリ",
    "street": null,
    "office_name": null,
    "office_name_kana": null
  },
  "0109": {
    "postcode": "8380109",
    "prefecture": "福岡県",
    "prefecture_kana": "フクオカケン",
    "prefecture_code": 40,
    "city": "小郡市",
    "city_kana": "オゴオリシ",
    "town": "あすみ",
    "town_kana": "アスミ",
    "street": null,
    "office_name": null,
    "office_name_kana": null
  },
  "0111": {
    "postcode": "8380111",
    "prefecture": "福岡県",
    "prefecture_kana": "フクオカケン",
    "prefecture_code": 40,
    "city": "小郡市",
    "city_kana": "オゴオリシ",
    "town": "吹上",
    "town_kana": "フキアゲ",
    "street": null,
    "office_name": null,
    "office_name_kana": null
  },
  "0112": {
    "postcode": "8380112",
    "prefecture": "福岡県",
    "prefecture_kana": "フクオカケン",
    "prefecture_code": 40,
    "city": "小郡市",
    "city_kana": "オゴオリシ",
    "town": "干潟",
    "town_kana": "ヒカタ",
    "street": null,
    "office_name": null,
    "office_name_kana": null
  },
  "0113": {
    "postcode": "8380113",
    "prefecture": "福岡県",
    "prefecture_kana": "フクオカケン",
    "prefecture_code": 40,
    "city": "小郡市",
    "city_kana": "オゴオリシ",
    "town": "山隈",
    "town_kana": "ヤマグマ",
    "street": null,
    "office_name": null,
    "office_name_kana": null
  },
  "0114": {
    "postcode": "8380114",
    "prefecture": "福岡県",
    "prefecture_kana": "フクオカケン",
    "prefecture_code": 40,
    "city": "小郡市",
    "city_kana": "オゴオリシ",
    "town": "井上",
    "town_kana": "イノウエ",
    "street": null,
    "office_name": null,
    "office_name_kana": null
  },
  "0115": {
    "postcode": "8380115",
    "prefecture": "福岡県",
    "prefecture_kana": "フクオカケン",
    "prefecture_code": 40,
    "city": "小郡市",
    "city_kana": "オゴオリシ",
    "town": "大保",
    "town_kana": "オオホ",
    "street": null,
    "office_name": null,
    "office_name_kana": null
  },
  "0116": {
    "postcode": "8380116",
    "prefecture": "福岡県",
    "prefecture_kana": "フクオカケン",
    "prefecture_code": 40,
    "city": "小郡市",
    "city_kana": "オゴオリシ",
    "town": "力武",
    "town_kana": "リキタケ",
    "street": null,
    "office_name": null,
    "office_name_kana": null
  },
  "0121": {
    "postcode": "8380121",
    "prefecture": "福岡県",
    "prefecture_kana": "フクオカケン",
    "prefecture_code": 40,
    "city": "小郡市",
    "city_kana": "オゴオリシ",
    "town": "上岩田",
    "town_kana": "カミイワタ",
    "street": null,
    "office_name": null,
    "office_name_kana": null
  },
  "0122": {
    "postcode": "8380122",
    "prefecture": "福岡県",
    "prefecture_kana": "フクオカケン",
    "prefecture_code": 40,
    "city": "小郡市",
    "city_kana": "オゴオリシ",
    "town": "松崎",
    "town_kana": "マツザキ",
    "street": null,
    "office_name": null,
    "office_name_kana": null
  },
  "0123": {
    "postcode": "8380123",
    "prefecture": "福岡県",
    "prefecture_kana": "フクオカケン",
    "prefecture_code": 40,
    "city": "小郡市",
    "city_kana": "オゴオリシ",
    "town": "下岩田",
    "town_kana": "シモイワタ",
    "street": null,
    "office_name": null,
    "office_name_kana": null
  },
  "0124": {
    "postcode": "8380124",
    "prefecture": "福岡県",
    "prefecture_kana": "フクオカケン",
    "prefecture_code": 40,
    "city": "小郡市",
    "city_kana": "オゴオリシ",
    "town": "古飯",
    "town_kana": "フルエ",
    "street": null,
    "office_name": null,
    "office_name_kana": null
  },
  "0125": {
    "postcode": "8380125",
    "prefecture": "福岡県",
    "prefecture_kana": "フクオカケン",
    "prefecture_code": 40,
    "city": "小郡市",
    "city_kana": "オゴオリシ",
    "town": "二タ",
    "town_kana": "フタ",
    "street": null,
    "office_name": null,
    "office_name_kana": null
  },
  "0126": {
    "postcode": "8380126",
    "prefecture": "福岡県",
    "prefecture_kana": "フクオカケン",
    "prefecture_code": 40,
    "city": "小郡市",
    "city_kana": "オゴオリシ",
    "town": "二森",
    "town_kana": "フタモリ",
    "street": null,
    "office_name": null,
    "office_name_kana": null
  },
  "0127": {
    "postcode": "8380127",
    "prefecture": "福岡県",
    "prefecture_kana": "フクオカケン",
    "prefecture_code": 40,
    "city": "小郡市",
    "city_kana": "オゴオリシ",
    "town": "大崎",
    "town_kana": "オオザキ",
    "street": null,
    "office_name": null,
    "office_name_kana": null
  },
  "0128": {
    "postcode": "8380128",
    "prefecture": "福岡県",
    "prefecture_kana": "フクオカケン",
    "prefecture_code": 40,
    "city": "小郡市",
    "city_kana": "オゴオリシ",
    "town": "稲吉",
    "town_kana": "イナヨシ",
    "street": null,
    "office_name": null,
    "office_name_kana": null
  },
  "0131": {
    "postcode": "8380131",
    "prefecture": "福岡県",
    "prefecture_kana": "フクオカケン",
    "prefecture_code": 40,
    "city": "小郡市",
    "city_kana": "オゴオリシ",
    "town": "平方",
    "town_kana": "ヒラカタ",
    "street": null,
    "office_name": null,
    "office_name_kana": null
  },
  "0132": {
    "postcode": "8380132",
    "prefecture": "福岡県",
    "prefecture_kana": "フクオカケン",
    "prefecture_code": 40,
    "city": "小郡市",
    "city_kana": "オゴオリシ",
    "town": "光行",
    "town_kana": "ミツユキ",
    "street": null,
    "office_name": null,
    "office_name_kana": null
  },
  "0133": {
    "postcode": "8380133",
    "prefecture": "福岡県",
    "prefecture_kana": "フクオカケン",
    "prefecture_code": 40,
    "city": "小郡市",
    "city_kana": "オゴオリシ",
    "town": "八坂",
    "town_kana": "ヤサカ",
    "street": null,
    "office_name": null,
    "office_name_kana": null
  },
  "0134": {
    "postcode": "8380134",
    "prefecture": "福岡県",
    "prefecture_kana": "フクオカケン",
    "prefecture_code": 40,
    "city": "小郡市",
    "city_kana": "オゴオリシ",
    "town": "下西鰺坂",
    "town_kana": "シモニシアジサカ",
    "street": null,
    "office_name": null,
    "office_name_kana": null
  },
  "0135": {
    "postcode": "8380135",
    "prefecture": "福岡県",
    "prefecture_kana": "フクオカケン",
    "prefecture_code": 40,
    "city": "小郡市",
    "city_kana": "オゴオリシ",
    "town": "赤川",
    "town_kana": "アカガワ",
    "street": null,
    "office_name": null,
    "office_name_kana": null
  },
  "0136": {
    "postcode": "8380136",
    "prefecture": "福岡県",
    "prefecture_kana": "フクオカケン",
    "prefecture_code": 40,
    "city": "小郡市",
    "city_kana": "オゴオリシ",
    "town": "上西鰺坂",
    "town_kana": "カミニシアジサカ",
    "street": null,
    "office_name": null,
    "office_name_kana": null
  },
  "0137": {
    "postcode": "8380137",
    "prefecture": "福岡県",
    "prefecture_kana": "フクオカケン",
    "prefecture_code": 40,
    "city": "小郡市",
    "city_kana": "オゴオリシ",
    "town": "福童",
    "town_kana": "フクドウ",
    "street": null,
    "office_name": null,
    "office_name_kana": null
  },
  "0138": {
    "postcode": "8380138",
    "prefecture": "福岡県",
    "prefecture_kana": "フクオカケン",
    "prefecture_code": 40,
    "city": "小郡市",
    "city_kana": "オゴオリシ",
    "town": "寺福童",
    "town_kana": "テラフクドウ",
    "street": null,
    "office_name": null,
    "office_name_kana": null
  },
  "0141": {
    "postcode": "8380141",
    "prefecture": "福岡県",
    "prefecture_kana": "フクオカケン",
    "prefecture_code": 40,
    "city": "小郡市",
    "city_kana": "オゴオリシ",
    "town": "小郡",
    "town_kana": "オゴオリ",
    "street": null,
    "office_name": null,
    "office_name_kana": null
  },
  "0142": {
    "postcode": "8380142",
    "prefecture": "福岡県",
    "prefecture_kana": "フクオカケン",
    "prefecture_code": 40,
    "city": "小郡市",
    "city_kana": "オゴオリシ",
    "town": "大板井",
    "town_kana": "オオイタイ",
    "street": null,
    "office_name": null,
    "office_name_kana": null
  },
  "0143": {
    "postcode": "8380143",
    "prefecture": "福岡県",
    "prefecture_kana": "フクオカケン",
    "prefecture_code": 40,
    "city": "小郡市",
    "city_kana": "オゴオリシ",
    "town": "小板井",
    "town_kana": "コイタイ",
    "street": null,
    "office_name": null,
    "office_name_kana": null
  },
  "0144": {
    "postcode": "8380144",
    "prefecture": "福岡県",
    "prefecture_kana": "フクオカケン",
    "prefecture_code": 40,
    "city": "小郡市",
    "city_kana": "オゴオリシ",
    "town": "祇園",
    "town_kana": "ギオン",
    "street": null,
    "office_name": null,
    "office_name_kana": null
  },
  "0193": {
    "postcode": "8380193",
    "prefecture": "福岡県",
    "prefecture_kana": "フクオカケン",
    "prefecture_code": 40,
    "city": "小郡市",
    "city_kana": "オゴオリシ",
    "town": "小郡",
    "town_kana": "オゴオリ",
    "street": "２２７７",
    "office_name": "陸上自衛隊　小郡駐屯地",
    "office_name_kana": "リクジヨウジエイタイ オゴオリチユウトンチ"
  },
  "0197": {
    "postcode": "8380197",
    "prefecture": "福岡県",
    "prefecture_kana": "フクオカケン",
    "prefecture_code": 40,
    "city": "小郡市",
    "city_kana": "オゴオリシ",
    "town": "大保",
    "town_kana": "オオホ",
    "street": "１４３４−３",
    "office_name": "学校法人　平岡学園",
    "office_name_kana": "ガツコウホウジン ヒラオカガクエン"
  },
  "0198": {
    "postcode": "8380198",
    "prefecture": "福岡県",
    "prefecture_kana": "フクオカケン",
    "prefecture_code": 40,
    "city": "小郡市",
    "city_kana": "オゴオリシ",
    "town": "小郡",
    "town_kana": "オゴオリ",
    "street": "２５５−１",
    "office_name": "小郡市役所",
    "office_name_kana": "オゴオリシヤクシヨ"
  },
  "0201": {
    "postcode": "8380201",
    "prefecture": "福岡県",
    "prefecture_kana": "フクオカケン",
    "prefecture_code": 40,
    "city": "朝倉郡筑前町",
    "city_kana": "アサクラグンチクゼンマチ",
    "town": "櫛木",
    "town_kana": "クシギ",
    "street": null,
    "office_name": null,
    "office_name_kana": null
  },
  "0202": {
    "postcode": "8380202",
    "prefecture": "福岡県",
    "prefecture_kana": "フクオカケン",
    "prefecture_code": 40,
    "city": "朝倉郡筑前町",
    "city_kana": "アサクラグンチクゼンマチ",
    "town": "三箇山",
    "town_kana": "サンガヤマ",
    "street": null,
    "office_name": null,
    "office_name_kana": null
  },
  "0203": {
    "postcode": "8380203",
    "prefecture": "福岡県",
    "prefecture_kana": "フクオカケン",
    "prefecture_code": 40,
    "city": "朝倉郡筑前町",
    "city_kana": "アサクラグンチクゼンマチ",
    "town": "畑嶋",
    "town_kana": "ハタジマ",
    "street": null,
    "office_name": null,
    "office_name_kana": null
  },
  "0204": {
    "postcode": "8380204",
    "prefecture": "福岡県",
    "prefecture_kana": "フクオカケン",
    "prefecture_code": 40,
    "city": "朝倉郡筑前町",
    "city_kana": "アサクラグンチクゼンマチ",
    "town": "長者町",
    "town_kana": "チョウジャマチ",
    "street": null,
    "office_name": null,
    "office_name_kana": null
  },
  "0205": {
    "postcode": "8380205",
    "prefecture": "福岡県",
    "prefecture_kana": "フクオカケン",
    "prefecture_code": 40,
    "city": "朝倉郡筑前町",
    "city_kana": "アサクラグンチクゼンマチ",
    "town": "三並",
    "town_kana": "ミナミ",
    "street": null,
    "office_name": null,
    "office_name_kana": null
  },
  "0206": {
    "postcode": "8380206",
    "prefecture": "福岡県",
    "prefecture_kana": "フクオカケン",
    "prefecture_code": 40,
    "city": "朝倉郡筑前町",
    "city_kana": "アサクラグンチクゼンマチ",
    "town": "曽根田",
    "town_kana": "ソネダ",
    "street": null,
    "office_name": null,
    "office_name_kana": null
  },
  "0207": {
    "postcode": "8380207",
    "prefecture": "福岡県",
    "prefecture_kana": "フクオカケン",
    "prefecture_code": 40,
    "city": "朝倉郡筑前町",
    "city_kana": "アサクラグンチクゼンマチ",
    "town": "三牟田",
    "town_kana": "ミムタ",
    "street": null,
    "office_name": null,
    "office_name_kana": null
  },
  "0211": {
    "postcode": "8380211",
    "prefecture": "福岡県",
    "prefecture_kana": "フクオカケン",
    "prefecture_code": 40,
    "city": "朝倉郡筑前町",
    "city_kana": "アサクラグンチクゼンマチ",
    "town": "下高場",
    "town_kana": "シモタカバ",
    "street": null,
    "office_name": null,
    "office_name_kana": null
  },
  "0212": {
    "postcode": "8380212",
    "prefecture": "福岡県",
    "prefecture_kana": "フクオカケン",
    "prefecture_code": 40,
    "city": "朝倉郡筑前町",
    "city_kana": "アサクラグンチクゼンマチ",
    "town": "四三嶋",
    "town_kana": "シソジマ",
    "street": null,
    "office_name": null,
    "office_name_kana": null
  },
  "0213": {
    "postcode": "8380213",
    "prefecture": "福岡県",
    "prefecture_kana": "フクオカケン",
    "prefecture_code": 40,
    "city": "朝倉郡筑前町",
    "city_kana": "アサクラグンチクゼンマチ",
    "town": "安野",
    "town_kana": "ヤスノ",
    "street": null,
    "office_name": null,
    "office_name_kana": null
  },
  "0214": {
    "postcode": "8380214",
    "prefecture": "福岡県",
    "prefecture_kana": "フクオカケン",
    "prefecture_code": 40,
    "city": "朝倉郡筑前町",
    "city_kana": "アサクラグンチクゼンマチ",
    "town": "東小田",
    "town_kana": "ヒガシオダ",
    "street": null,
    "office_name": null,
    "office_name_kana": null
  },
  "0215": {
    "postcode": "8380215",
    "prefecture": "福岡県",
    "prefecture_kana": "フクオカケン",
    "prefecture_code": 40,
    "city": "朝倉郡筑前町",
    "city_kana": "アサクラグンチクゼンマチ",
    "town": "篠隈",
    "town_kana": "シノクマ",
    "street": null,
    "office_name": null,
    "office_name_kana": null
  },
  "0221": {
    "postcode": "8380221",
    "prefecture": "福岡県",
    "prefecture_kana": "フクオカケン",
    "prefecture_code": 40,
    "city": "朝倉郡筑前町",
    "city_kana": "アサクラグンチクゼンマチ",
    "town": "吹田",
    "town_kana": "フキダ",
    "street": null,
    "office_name": null,
    "office_name_kana": null
  },
  "0222": {
    "postcode": "8380222",
    "prefecture": "福岡県",
    "prefecture_kana": "フクオカケン",
    "prefecture_code": 40,
    "city": "朝倉郡筑前町",
    "city_kana": "アサクラグンチクゼンマチ",
    "town": "赤坂",
    "town_kana": "アカサカ",
    "street": null,
    "office_name": null,
    "office_name_kana": null
  },
  "0223": {
    "postcode": "8380223",
    "prefecture": "福岡県",
    "prefecture_kana": "フクオカケン",
    "prefecture_code": 40,
    "city": "朝倉郡筑前町",
    "city_kana": "アサクラグンチクゼンマチ",
    "town": "砥上",
    "town_kana": "トカミ",
    "street": null,
    "office_name": null,
    "office_name_kana": null
  },
  "0224": {
    "postcode": "8380224",
    "prefecture": "福岡県",
    "prefecture_kana": "フクオカケン",
    "prefecture_code": 40,
    "city": "朝倉郡筑前町",
    "city_kana": "アサクラグンチクゼンマチ",
    "town": "松延",
    "town_kana": "マツノブ",
    "street": null,
    "office_name": null,
    "office_name_kana": null
  },
  "0225": {
    "postcode": "8380225",
    "prefecture": "福岡県",
    "prefecture_kana": "フクオカケン",
    "prefecture_code": 40,
    "city": "朝倉郡筑前町",
    "city_kana": "アサクラグンチクゼンマチ",
    "town": "石櫃",
    "town_kana": "イシビツ",
    "street": null,
    "office_name": null,
    "office_name_kana": null
  },
  "0226": {
    "postcode": "8380226",
    "prefecture": "福岡県",
    "prefecture_kana": "フクオカケン",
    "prefecture_code": 40,
    "city": "朝倉郡筑前町",
    "city_kana": "アサクラグンチクゼンマチ",
    "town": "中牟田",
    "town_kana": "ナカムタ",
    "street": null,
    "office_name": null,
    "office_name_kana": null
  },
  "0227": {
    "postcode": "8380227",
    "prefecture": "福岡県",
    "prefecture_kana": "フクオカケン",
    "prefecture_code": 40,
    "city": "朝倉郡筑前町",
    "city_kana": "アサクラグンチクゼンマチ",
    "town": "朝日",
    "town_kana": "アサヒ",
    "street": null,
    "office_name": null,
    "office_name_kana": null
  },
  "0228": {
    "postcode": "8380228",
    "prefecture": "福岡県",
    "prefecture_kana": "フクオカケン",
    "prefecture_code": 40,
    "city": "朝倉郡筑前町",
    "city_kana": "アサクラグンチクゼンマチ",
    "town": "二",
    "town_kana": "フタ",
    "street": null,
    "office_name": null,
    "office_name_kana": null
  },
  "0298": {
    "postcode": "8380298",
    "prefecture": "福岡県",
    "prefecture_kana": "フクオカケン",
    "prefecture_code": 40,
    "city": "朝倉郡筑前町",
    "city_kana": "アサクラグンチクゼンマチ",
    "town": "篠隈",
    "town_kana": "シノクマ",
    "street": "３７３番地",
    "office_name": "筑前町役場",
    "office_name_kana": "チクゼンマチヤクバ"
  },
  "0801": {
    "postcode": "8380801",
    "prefecture": "福岡県",
    "prefecture_kana": "フクオカケン",
    "prefecture_code": 40,
    "city": "朝倉郡筑前町",
    "city_kana": "アサクラグンチクゼンマチ",
    "town": "栗田",
    "town_kana": "クリダ",
    "street": null,
    "office_name": null,
    "office_name_kana": null
  },
  "0802": {
    "postcode": "8380802",
    "prefecture": "福岡県",
    "prefecture_kana": "フクオカケン",
    "prefecture_code": 40,
    "city": "朝倉郡筑前町",
    "city_kana": "アサクラグンチクゼンマチ",
    "town": "久光",
    "town_kana": "ヒサミツ",
    "street": null,
    "office_name": null,
    "office_name_kana": null
  },
  "0803": {
    "postcode": "8380803",
    "prefecture": "福岡県",
    "prefecture_kana": "フクオカケン",
    "prefecture_code": 40,
    "city": "朝倉郡筑前町",
    "city_kana": "アサクラグンチクゼンマチ",
    "town": "当所",
    "town_kana": "トウショ",
    "street": null,
    "office_name": null,
    "office_name_kana": null
  },
  "0804": {
    "postcode": "8380804",
    "prefecture": "福岡県",
    "prefecture_kana": "フクオカケン",
    "prefecture_code": 40,
    "city": "朝倉郡筑前町",
    "city_kana": "アサクラグンチクゼンマチ",
    "town": "森山",
    "town_kana": "モリヤマ",
    "street": null,
    "office_name": null,
    "office_name_kana": null
  },
  "0811": {
    "postcode": "8380811",
    "prefecture": "福岡県",
    "prefecture_kana": "フクオカケン",
    "prefecture_code": 40,
    "city": "朝倉郡筑前町",
    "city_kana": "アサクラグンチクゼンマチ",
    "town": "弥永",
    "town_kana": "イヤナガ",
    "street": null,
    "office_name": null,
    "office_name_kana": null
  },
  "0812": {
    "postcode": "8380812",
    "prefecture": "福岡県",
    "prefecture_kana": "フクオカケン",
    "prefecture_code": 40,
    "city": "朝倉郡筑前町",
    "city_kana": "アサクラグンチクゼンマチ",
    "town": "大塚",
    "town_kana": "オオヅカ",
    "street": null,
    "office_name": null,
    "office_name_kana": null
  },
  "0813": {
    "postcode": "8380813",
    "prefecture": "福岡県",
    "prefecture_kana": "フクオカケン",
    "prefecture_code": 40,
    "city": "朝倉郡筑前町",
    "city_kana": "アサクラグンチクゼンマチ",
    "town": "依井",
    "town_kana": "ヨリイ",
    "street": null,
    "office_name": null,
    "office_name_kana": null
  },
  "0814": {
    "postcode": "8380814",
    "prefecture": "福岡県",
    "prefecture_kana": "フクオカケン",
    "prefecture_code": 40,
    "city": "朝倉郡筑前町",
    "city_kana": "アサクラグンチクゼンマチ",
    "town": "高田",
    "town_kana": "タカタ",
    "street": null,
    "office_name": null,
    "office_name_kana": null
  },
  "0815": {
    "postcode": "8380815",
    "prefecture": "福岡県",
    "prefecture_kana": "フクオカケン",
    "prefecture_code": 40,
    "city": "朝倉郡筑前町",
    "city_kana": "アサクラグンチクゼンマチ",
    "town": "野町",
    "town_kana": "ノマチ",
    "street": null,
    "office_name": null,
    "office_name_kana": null
  },
  "0816": {
    "postcode": "8380816",
    "prefecture": "福岡県",
    "prefecture_kana": "フクオカケン",
    "prefecture_code": 40,
    "city": "朝倉郡筑前町",
    "city_kana": "アサクラグンチクゼンマチ",
    "town": "新町",
    "town_kana": "シンマチ",
    "street": null,
    "office_name": null,
    "office_name_kana": null
  },
  "0817": {
    "postcode": "8380817",
    "prefecture": "福岡県",
    "prefecture_kana": "フクオカケン",
    "prefecture_code": 40,
    "city": "朝倉郡筑前町",
    "city_kana": "アサクラグンチクゼンマチ",
    "town": "朝園",
    "town_kana": "アサゾノ",
    "street": null,
    "office_name": null,
    "office_name_kana": null
  },
  "0821": {
    "postcode": "8380821",
    "prefecture": "福岡県",
    "prefecture_kana": "フクオカケン",
    "prefecture_code": 40,
    "city": "朝倉郡筑前町",
    "city_kana": "アサクラグンチクゼンマチ",
    "town": "上高場",
    "town_kana": "カミタカバ",
    "street": null,
    "office_name": null,
    "office_name_kana": null
  },
  "0822": {
    "postcode": "8380822",
    "prefecture": "福岡県",
    "prefecture_kana": "フクオカケン",
    "prefecture_code": 40,
    "city": "朝倉郡筑前町",
    "city_kana": "アサクラグンチクゼンマチ",
    "town": "高上",
    "town_kana": "タコエ",
    "street": null,
    "office_name": null,
    "office_name_kana": null
  },
  "0823": {
    "postcode": "8380823",
    "prefecture": "福岡県",
    "prefecture_kana": "フクオカケン",
    "prefecture_code": 40,
    "city": "朝倉郡筑前町",
    "city_kana": "アサクラグンチクゼンマチ",
    "town": "山隈",
    "town_kana": "ヤマグマ",
    "street": null,
    "office_name": null,
    "office_name_kana": null
  },
  "0824": {
    "postcode": "8380824",
    "prefecture": "福岡県",
    "prefecture_kana": "フクオカケン",
    "prefecture_code": 40,
    "city": "朝倉郡筑前町",
    "city_kana": "アサクラグンチクゼンマチ",
    "town": "原地蔵",
    "town_kana": "ハラジゾウ",
    "street": null,
    "office_name": null,
    "office_name_kana": null
  },
  "0825": {
    "postcode": "8380825",
    "prefecture": "福岡県",
    "prefecture_kana": "フクオカケン",
    "prefecture_code": 40,
    "city": "朝倉郡筑前町",
    "city_kana": "アサクラグンチクゼンマチ",
    "town": "大久保",
    "town_kana": "オオクボ",
    "street": null,
    "office_name": null,
    "office_name_kana": null
  },
  "1301": {
    "postcode": "8381301",
    "prefecture": "福岡県",
    "prefecture_kana": "フクオカケン",
    "prefecture_code": 40,
    "city": "朝倉市",
    "city_kana": "アサクラシ",
    "town": "烏集院",
    "town_kana": "ウスノイン",
    "street": null,
    "office_name": null,
    "office_name_kana": null
  },
  "1302": {
    "postcode": "8381302",
    "prefecture": "福岡県",
    "prefecture_kana": "フクオカケン",
    "prefecture_code": 40,
    "city": "朝倉市",
    "city_kana": "アサクラシ",
    "town": "宮野",
    "town_kana": "ミヤノ",
    "street": null,
    "office_name": null,
    "office_name_kana": null
  },
  "1303": {
    "postcode": "8381303",
    "prefecture": "福岡県",
    "prefecture_kana": "フクオカケン",
    "prefecture_code": 40,
    "city": "朝倉市",
    "city_kana": "アサクラシ",
    "town": "比良松",
    "town_kana": "ヒラマツ",
    "street": null,
    "office_name": null,
    "office_name_kana": null
  },
  "1304": {
    "postcode": "8381304",
    "prefecture": "福岡県",
    "prefecture_kana": "フクオカケン",
    "prefecture_code": 40,
    "city": "朝倉市",
    "city_kana": "アサクラシ",
    "town": "須川",
    "town_kana": "スガワ",
    "street": null,
    "office_name": null,
    "office_name_kana": null
  },
  "1305": {
    "postcode": "8381305",
    "prefecture": "福岡県",
    "prefecture_kana": "フクオカケン",
    "prefecture_code": 40,
    "city": "朝倉市",
    "city_kana": "アサクラシ",
    "town": "菱野",
    "town_kana": "ヒシノ",
    "street": null,
    "office_name": null,
    "office_name_kana": null
  },
  "1306": {
    "postcode": "8381306",
    "prefecture": "福岡県",
    "prefecture_kana": "フクオカケン",
    "prefecture_code": 40,
    "city": "朝倉市",
    "city_kana": "アサクラシ",
    "town": "山田",
    "town_kana": "ヤマダ",
    "street": null,
    "office_name": null,
    "office_name_kana": null
  },
  "1307": {
    "postcode": "8381307",
    "prefecture": "福岡県",
    "prefecture_kana": "フクオカケン",
    "prefecture_code": 40,
    "city": "朝倉市",
    "city_kana": "アサクラシ",
    "town": "古毛",
    "town_kana": "コモ",
    "street": null,
    "office_name": null,
    "office_name_kana": null
  },
  "1311": {
    "postcode": "8381311",
    "prefecture": "福岡県",
    "prefecture_kana": "フクオカケン",
    "prefecture_code": 40,
    "city": "朝倉市",
    "city_kana": "アサクラシ",
    "town": "多々連",
    "town_kana": "タダレ",
    "street": null,
    "office_name": null,
    "office_name_kana": null
  },
  "1312": {
    "postcode": "8381312",
    "prefecture": "福岡県",
    "prefecture_kana": "フクオカケン",
    "prefecture_code": 40,
    "city": "朝倉市",
    "city_kana": "アサクラシ",
    "town": "田中",
    "town_kana": "タナカ",
    "street": null,
    "office_name": null,
    "office_name_kana": null
  },
  "1313": {
    "postcode": "8381313",
    "prefecture": "福岡県",
    "prefecture_kana": "フクオカケン",
    "prefecture_code": 40,
    "city": "朝倉市",
    "city_kana": "アサクラシ",
    "town": "上寺",
    "town_kana": "カミデラ",
    "street": null,
    "office_name": null,
    "office_name_kana": null
  },
  "1314": {
    "postcode": "8381314",
    "prefecture": "福岡県",
    "prefecture_kana": "フクオカケン",
    "prefecture_code": 40,
    "city": "朝倉市",
    "city_kana": "アサクラシ",
    "town": "長渕",
    "town_kana": "ナガフチ",
    "street": null,
    "office_name": null,
    "office_name_kana": null
  },
  "1315": {
    "postcode": "8381315",
    "prefecture": "福岡県",
    "prefecture_kana": "フクオカケン",
    "prefecture_code": 40,
    "city": "朝倉市",
    "city_kana": "アサクラシ",
    "town": "入地",
    "town_kana": "イリジ",
    "street": null,
    "office_name": null,
    "office_name_kana": null
  },
  "1316": {
    "postcode": "8381316",
    "prefecture": "福岡県",
    "prefecture_kana": "フクオカケン",
    "prefecture_code": 40,
    "city": "朝倉市",
    "city_kana": "アサクラシ",
    "town": "大庭",
    "town_kana": "オオバ",
    "street": null,
    "office_name": null,
    "office_name_kana": null
  },
  "1317": {
    "postcode": "8381317",
    "prefecture": "福岡県",
    "prefecture_kana": "フクオカケン",
    "prefecture_code": 40,
    "city": "朝倉市",
    "city_kana": "アサクラシ",
    "town": "石成",
    "town_kana": "イシナリ",
    "street": null,
    "office_name": null,
    "office_name_kana": null
  },
  "1397": {
    "postcode": "8381397",
    "prefecture": "福岡県",
    "prefecture_kana": "フクオカケン",
    "prefecture_code": 40,
    "city": "朝倉市",
    "city_kana": "アサクラシ",
    "town": "宮野",
    "town_kana": "ミヤノ",
    "street": "１９７７",
    "office_name": "朝倉地域生涯学習センター",
    "office_name_kana": "アサクラチイキシヨウガイガクシユウセンタ-"
  },
  "1398": {
    "postcode": "8381398",
    "prefecture": "福岡県",
    "prefecture_kana": "フクオカケン",
    "prefecture_code": 40,
    "city": "朝倉市",
    "city_kana": "アサクラシ",
    "town": "宮野",
    "town_kana": "ミヤノ",
    "street": "２０４６−１",
    "office_name": "朝倉地域行政センター",
    "office_name_kana": "アサクラチイキギヨウセイセンタ-"
  },
  "1501": {
    "postcode": "8381501",
    "prefecture": "福岡県",
    "prefecture_kana": "フクオカケン",
    "prefecture_code": 40,
    "city": "朝倉市",
    "city_kana": "アサクラシ",
    "town": "杷木赤谷",
    "town_kana": "ハキアカダニ",
    "street": null,
    "office_name": null,
    "office_name_kana": null
  },
  "1502": {
    "postcode": "8381502",
    "prefecture": "福岡県",
    "prefecture_kana": "フクオカケン",
    "prefecture_code": 40,
    "city": "朝倉市",
    "city_kana": "アサクラシ",
    "town": "杷木松末",
    "town_kana": "ハキマスエ",
    "street": null,
    "office_name": null,
    "office_name_kana": null
  },
  "1503": {
    "postcode": "8381503",
    "prefecture": "福岡県",
    "prefecture_kana": "フクオカケン",
    "prefecture_code": 40,
    "city": "朝倉市",
    "city_kana": "アサクラシ",
    "town": "杷木大山",
    "town_kana": "ハキオオヤマ",
    "street": null,
    "office_name": null,
    "office_name_kana": null
  },
  "1504": {
    "postcode": "8381504",
    "prefecture": "福岡県",
    "prefecture_kana": "フクオカケン",
    "prefecture_code": 40,
    "city": "朝倉市",
    "city_kana": "アサクラシ",
    "town": "杷木星丸",
    "town_kana": "ハキホシマル",
    "street": null,
    "office_name": null,
    "office_name_kana": null
  },
  "1505": {
    "postcode": "8381505",
    "prefecture": "福岡県",
    "prefecture_kana": "フクオカケン",
    "prefecture_code": 40,
    "city": "朝倉市",
    "city_kana": "アサクラシ",
    "town": "杷木穂坂",
    "town_kana": "ハキホサカ",
    "street": null,
    "office_name": null,
    "office_name_kana": null
  },
  "1506": {
    "postcode": "8381506",
    "prefecture": "福岡県",
    "prefecture_kana": "フクオカケン",
    "prefecture_code": 40,
    "city": "朝倉市",
    "city_kana": "アサクラシ",
    "town": "杷木林田",
    "town_kana": "ハキハヤシダ",
    "street": null,
    "office_name": null,
    "office_name_kana": null
  },
  "1507": {
    "postcode": "8381507",
    "prefecture": "福岡県",
    "prefecture_kana": "フクオカケン",
    "prefecture_code": 40,
    "city": "朝倉市",
    "city_kana": "アサクラシ",
    "town": "杷木白木",
    "town_kana": "ハキシラキ",
    "street": null,
    "office_name": null,
    "office_name_kana": null
  },
  "1511": {
    "postcode": "8381511",
    "prefecture": "福岡県",
    "prefecture_kana": "フクオカケン",
    "prefecture_code": 40,
    "city": "朝倉市",
    "city_kana": "アサクラシ",
    "town": "杷木池田",
    "town_kana": "ハキイケダ",
    "street": null,
    "office_name": null,
    "office_name_kana": null
  },
  "1512": {
    "postcode": "8381512",
    "prefecture": "福岡県",
    "prefecture_kana": "フクオカケン",
    "prefecture_code": 40,
    "city": "朝倉市",
    "city_kana": "アサクラシ",
    "town": "杷木寒水",
    "town_kana": "ハキソウズ",
    "street": null,
    "office_name": null,
    "office_name_kana": null
  },
  "1513": {
    "postcode": "8381513",
    "prefecture": "福岡県",
    "prefecture_kana": "フクオカケン",
    "prefecture_code": 40,
    "city": "朝倉市",
    "city_kana": "アサクラシ",
    "town": "杷木古賀",
    "town_kana": "ハキコガ",
    "street": null,
    "office_name": null,
    "office_name_kana": null
  },
  "1514": {
    "postcode": "8381514",
    "prefecture": "福岡県",
    "prefecture_kana": "フクオカケン",
    "prefecture_code": 40,
    "city": "朝倉市",
    "city_kana": "アサクラシ",
    "town": "杷木久喜宮",
    "town_kana": "ハキクグミヤ",
    "street": null,
    "office_name": null,
    "office_name_kana": null
  },
  "1515": {
    "postcode": "8381515",
    "prefecture": "福岡県",
    "prefecture_kana": "フクオカケン",
    "prefecture_code": 40,
    "city": "朝倉市",
    "city_kana": "アサクラシ",
    "town": "杷木若市",
    "town_kana": "ハキワカイチ",
    "street": null,
    "office_name": null,
    "office_name_kana": null
  },
  "1521": {
    "postcode": "8381521",
    "prefecture": "福岡県",
    "prefecture_kana": "フクオカケン",
    "prefecture_code": 40,
    "city": "朝倉市",
    "city_kana": "アサクラシ",
    "town": "杷木志波",
    "town_kana": "ハキシワ",
    "street": null,
    "office_name": null,
    "office_name_kana": null
  },
  "1592": {
    "postcode": "8381592",
    "prefecture": "福岡県",
    "prefecture_kana": "フクオカケン",
    "prefecture_code": 40,
    "city": "朝倉市",
    "city_kana": "アサクラシ",
    "town": "杷木池田",
    "town_kana": "ハキイケダ",
    "street": "４８３−１",
    "office_name": "朝倉市　杷木地域行政センター",
    "office_name_kana": "アサクラシ ハキチイキギヨウセイセンタ-"
  },
  "1601": {
    "postcode": "8381601",
    "prefecture": "福岡県",
    "prefecture_kana": "フクオカケン",
    "prefecture_code": 40,
    "city": "朝倉郡東峰村",
    "city_kana": "アサクラグントウホウムラ",
    "town": "小石原",
    "town_kana": "コイシワラ",
    "street": null,
    "office_name": null,
    "office_name_kana": null
  },
  "1602": {
    "postcode": "8381602",
    "prefecture": "福岡県",
    "prefecture_kana": "フクオカケン",
    "prefecture_code": 40,
    "city": "朝倉郡東峰村",
    "city_kana": "アサクラグントウホウムラ",
    "town": "小石原鼓",
    "town_kana": "コイシワラツヅミ",
    "street": null,
    "office_name": null,
    "office_name_kana": null
  },
  "1692": {
    "postcode": "8381692",
    "prefecture": "福岡県",
    "prefecture_kana": "フクオカケン",
    "prefecture_code": 40,
    "city": "朝倉郡東峰村",
    "city_kana": "アサクラグントウホウムラ",
    "town": "大字小石原",
    "town_kana": null,
    "street": "９４１−９",
    "office_name": "東峰村役場　小石原庁舎",
    "office_name_kana": "トウホウムラヤクバ コイシワラチヨウシヤ"
  },
  "1700": {
    "postcode": "8381700",
    "prefecture": "福岡県",
    "prefecture_kana": "フクオカケン",
    "prefecture_code": 40,
    "city": "朝倉郡東峰村",
    "city_kana": "アサクラグントウホウムラ",
    "town": "",
    "town_kana": "",
    "street": null,
    "office_name": null,
    "office_name_kana": null
  },
  "1701": {
    "postcode": "8381701",
    "prefecture": "福岡県",
    "prefecture_kana": "フクオカケン",
    "prefecture_code": 40,
    "city": "朝倉郡東峰村",
    "city_kana": "アサクラグントウホウムラ",
    "town": "宝珠山",
    "town_kana": "ホウシュヤマ",
    "street": null,
    "office_name": null,
    "office_name_kana": null
  },
  "1702": {
    "postcode": "8381702",
    "prefecture": "福岡県",
    "prefecture_kana": "フクオカケン",
    "prefecture_code": 40,
    "city": "朝倉郡東峰村",
    "city_kana": "アサクラグントウホウムラ",
    "town": "福井",
    "town_kana": "フクイ",
    "street": null,
    "office_name": null,
    "office_name_kana": null
  },
  "1792": {
    "postcode": "8381792",
    "prefecture": "福岡県",
    "prefecture_kana": "フクオカケン",
    "prefecture_code": 40,
    "city": "朝倉郡東峰村",
    "city_kana": "アサクラグントウホウムラ",
    "town": "大字宝珠山",
    "town_kana": null,
    "street": "６４２５",
    "office_name": "東峰村役場　宝珠山庁舎",
    "office_name_kana": "トウホウムラヤクバ ホウシユヤマチヨウシヤ"
  },
  "1793": {
    "postcode": "8381793",
    "prefecture": "福岡県",
    "prefecture_kana": "フクオカケン",
    "prefecture_code": 40,
    "city": "朝倉郡東峰村",
    "city_kana": "アサクラグントウホウムラ",
    "town": "大字宝珠山",
    "town_kana": null,
    "street": "７",
    "office_name": "有限会社　カネダイ",
    "office_name_kana": "ユウゲンガイシヤ カネダイ"
  },
  "8512": {
    "postcode": "8388512",
    "prefecture": "福岡県",
    "prefecture_kana": "フクオカケン",
    "prefecture_code": 40,
    "city": "朝倉市",
    "city_kana": "アサクラシ",
    "town": "馬田",
    "town_kana": "マダ",
    "street": "３３５",
    "office_name": "合資会社　四ヶ所印刷所",
    "office_name_kana": "ゴウシガイシヤ シカシヨインサツシヨ"
  },
  "8515": {
    "postcode": "8388515",
    "prefecture": "福岡県",
    "prefecture_kana": "フクオカケン",
    "prefecture_code": 40,
    "city": "朝倉市",
    "city_kana": "アサクラシ",
    "town": "菩提寺",
    "town_kana": "ボダイジ",
    "street": "４８０−３",
    "office_name": "朝倉公共職業安定所",
    "office_name_kana": "アサクラコウキヨウシヨクギヨウアンテイシヨ"
  },
  "8585": {
    "postcode": "8388585",
    "prefecture": "福岡県",
    "prefecture_kana": "フクオカケン",
    "prefecture_code": 40,
    "city": "朝倉郡筑前町",
    "city_kana": "アサクラグンチクゼンマチ",
    "town": "新町",
    "town_kana": "シンマチ",
    "street": "４２１−５",
    "office_name": "筑前町役場　総合支所",
    "office_name_kana": "チクゼンマチヤクバ ソウゴウシシヨ"
  },
  "8601": {
    "postcode": "8388601",
    "prefecture": "福岡県",
    "prefecture_kana": "フクオカケン",
    "prefecture_code": 40,
    "city": "朝倉市",
    "city_kana": "アサクラシ",
    "town": "菩提寺",
    "town_kana": "ボダイジ",
    "street": "４１２−２",
    "office_name": "朝倉市役所",
    "office_name_kana": "アサクラシヤクシヨ"
  },
  "8602": {
    "postcode": "8388602",
    "prefecture": "福岡県",
    "prefecture_kana": "フクオカケン",
    "prefecture_code": 40,
    "city": "朝倉市",
    "city_kana": "アサクラシ",
    "town": "甘木",
    "town_kana": "アマギ",
    "street": "２２１−１（甘木郵便局私書箱第１９号）",
    "office_name": "筑前あさくら農業協同組合",
    "office_name_kana": "チクゼンアサクラノウギヨウキヨウドウクミアイ"
  },
  "8666": {
    "postcode": "8388666",
    "prefecture": "福岡県",
    "prefecture_kana": "フクオカケン",
    "prefecture_code": 40,
    "city": "朝倉市",
    "city_kana": "アサクラシ",
    "town": "小田",
    "town_kana": "オタ",
    "street": "１０８０−１（甘木郵便局私書箱第１１号）",
    "office_name": "オーケー食品工業　株式会社",
    "office_name_kana": "オ-ケ-シヨクヒンコウギヨウ カブシキガイシヤ"
  },
  "8677": {
    "postcode": "8388677",
    "prefecture": "福岡県",
    "prefecture_kana": "フクオカケン",
    "prefecture_code": 40,
    "city": "朝倉市",
    "city_kana": "アサクラシ",
    "town": "菩提寺",
    "town_kana": "ボダイジ",
    "street": "５６５−１（甘木郵便局私書箱第１号）",
    "office_name": "甘木税務署",
    "office_name_kana": "アマギゼイムシヨ"
  },
  "8686": {
    "postcode": "8388686",
    "prefecture": "福岡県",
    "prefecture_kana": "フクオカケン",
    "prefecture_code": 40,
    "city": "朝倉市",
    "city_kana": "アサクラシ",
    "town": "馬田",
    "town_kana": "マダ",
    "street": "３６０１",
    "office_name": "キリンビール　株式会社　福岡工場",
    "office_name_kana": "キリンビ-ル カブシキカイシヤ フクオカコウジヨウ"
  }
}