{
  "0000": [
    {
      "postcode": "8420000",
      "prefecture": "佐賀県",
      "prefecture_kana": "サガケン",
      "prefecture_code": 41,
      "city": "神埼市",
      "city_kana": "カンザキシ",
      "town": "",
      "town_kana": "",
      "street": null,
      "office_name": null,
      "office_name_kana": null
    },
    {
      "postcode": "8420000",
      "prefecture": "佐賀県",
      "prefecture_kana": "サガケン",
      "prefecture_code": 41,
      "city": "神埼郡吉野ヶ里町",
      "city_kana": "カンザキグンヨシノガリチョウ",
      "town": "",
      "town_kana": "",
      "street": null,
      "office_name": null,
      "office_name_kana": null
    }
  ],
  "0001": {
    "postcode": "8420001",
    "prefecture": "佐賀県",
    "prefecture_kana": "サガケン",
    "prefecture_code": 41,
    "city": "神埼市",
    "city_kana": "カンザキシ",
    "town": "神埼町神埼",
    "town_kana": "カンザキマチカンザキ",
    "street": null,
    "office_name": null,
    "office_name_kana": null
  },
  "0002": {
    "postcode": "8420002",
    "prefecture": "佐賀県",
    "prefecture_kana": "サガケン",
    "prefecture_code": 41,
    "city": "神埼市",
    "city_kana": "カンザキシ",
    "town": "神埼町田道ケ里",
    "town_kana": "カンザキマチタミチガリ",
    "street": null,
    "office_name": null,
    "office_name_kana": null
  },
  "0003": {
    "postcode": "8420003",
    "prefecture": "佐賀県",
    "prefecture_kana": "サガケン",
    "prefecture_code": 41,
    "city": "神埼市",
    "city_kana": "カンザキシ",
    "town": "神埼町本堀",
    "town_kana": "カンザキマチモトホリ",
    "street": null,
    "office_name": null,
    "office_name_kana": null
  },
  "0004": {
    "postcode": "8420004",
    "prefecture": "佐賀県",
    "prefecture_kana": "サガケン",
    "prefecture_code": 41,
    "city": "神埼市",
    "city_kana": "カンザキシ",
    "town": "神埼町永歌",
    "town_kana": "カンザキマチナガウタ",
    "street": null,
    "office_name": null,
    "office_name_kana": null
  },
  "0005": {
    "postcode": "8420005",
    "prefecture": "佐賀県",
    "prefecture_kana": "サガケン",
    "prefecture_code": 41,
    "city": "神埼市",
    "city_kana": "カンザキシ",
    "town": "神埼町西小津ケ里",
    "town_kana": "カンザキマチニシオヅガリ",
    "street": null,
    "office_name": null,
    "office_name_kana": null
  },
  "0006": {
    "postcode": "8420006",
    "prefecture": "佐賀県",
    "prefecture_kana": "サガケン",
    "prefecture_code": 41,
    "city": "神埼市",
    "city_kana": "カンザキシ",
    "town": "神埼町枝ケ里",
    "town_kana": "カンザキマチエダガリ",
    "street": null,
    "office_name": null,
    "office_name_kana": null
  },
  "0007": {
    "postcode": "8420007",
    "prefecture": "佐賀県",
    "prefecture_kana": "サガケン",
    "prefecture_code": 41,
    "city": "神埼市",
    "city_kana": "カンザキシ",
    "town": "神埼町鶴",
    "town_kana": "カンザキマチツル",
    "street": null,
    "office_name": null,
    "office_name_kana": null
  },
  "0011": {
    "postcode": "8420011",
    "prefecture": "佐賀県",
    "prefecture_kana": "サガケン",
    "prefecture_code": 41,
    "city": "神埼市",
    "city_kana": "カンザキシ",
    "town": "神埼町竹",
    "town_kana": "カンザキマチタケ",
    "street": null,
    "office_name": null,
    "office_name_kana": null
  },
  "0012": {
    "postcode": "8420012",
    "prefecture": "佐賀県",
    "prefecture_kana": "サガケン",
    "prefecture_code": 41,
    "city": "神埼市",
    "city_kana": "カンザキシ",
    "town": "神埼町横武",
    "town_kana": "カンザキマチヨコタケ",
    "street": null,
    "office_name": null,
    "office_name_kana": null
  },
  "0013": {
    "postcode": "8420013",
    "prefecture": "佐賀県",
    "prefecture_kana": "サガケン",
    "prefecture_code": 41,
    "city": "神埼市",
    "city_kana": "カンザキシ",
    "town": "神埼町本告牟田",
    "town_kana": "カンザキマチモトオリムタ",
    "street": null,
    "office_name": null,
    "office_name_kana": null
  },
  "0014": {
    "postcode": "8420014",
    "prefecture": "佐賀県",
    "prefecture_kana": "サガケン",
    "prefecture_code": 41,
    "city": "神埼市",
    "city_kana": "カンザキシ",
    "town": "神埼町姉川",
    "town_kana": "カンザキマチアネガワ",
    "street": null,
    "office_name": null,
    "office_name_kana": null
  },
  "0015": {
    "postcode": "8420015",
    "prefecture": "佐賀県",
    "prefecture_kana": "サガケン",
    "prefecture_code": 41,
    "city": "神埼市",
    "city_kana": "カンザキシ",
    "town": "神埼町尾崎",
    "town_kana": "カンザキマチオサキ",
    "street": null,
    "office_name": null,
    "office_name_kana": null
  },
  "0031": {
    "postcode": "8420031",
    "prefecture": "佐賀県",
    "prefecture_kana": "サガケン",
    "prefecture_code": 41,
    "city": "神埼郡吉野ヶ里町",
    "city_kana": "カンザキグンヨシノガリチョウ",
    "town": "吉田",
    "town_kana": "ヨシダ",
    "street": null,
    "office_name": null,
    "office_name_kana": null
  },
  "0032": {
    "postcode": "8420032",
    "prefecture": "佐賀県",
    "prefecture_kana": "サガケン",
    "prefecture_code": 41,
    "city": "神埼郡吉野ヶ里町",
    "city_kana": "カンザキグンヨシノガリチョウ",
    "town": "立野",
    "town_kana": "タテノ",
    "street": null,
    "office_name": null,
    "office_name_kana": null
  },
  "0033": {
    "postcode": "8420033",
    "prefecture": "佐賀県",
    "prefecture_kana": "サガケン",
    "prefecture_code": 41,
    "city": "神埼郡吉野ヶ里町",
    "city_kana": "カンザキグンヨシノガリチョウ",
    "town": "豆田",
    "town_kana": "マメダ",
    "street": null,
    "office_name": null,
    "office_name_kana": null
  },
  "0034": {
    "postcode": "8420034",
    "prefecture": "佐賀県",
    "prefecture_kana": "サガケン",
    "prefecture_code": 41,
    "city": "神埼郡吉野ヶ里町",
    "city_kana": "カンザキグンヨシノガリチョウ",
    "town": "箱川",
    "town_kana": "ハコガワ",
    "street": null,
    "office_name": null,
    "office_name_kana": null
  },
  "0035": {
    "postcode": "8420035",
    "prefecture": "佐賀県",
    "prefecture_kana": "サガケン",
    "prefecture_code": 41,
    "city": "神埼郡吉野ヶ里町",
    "city_kana": "カンザキグンヨシノガリチョウ",
    "town": "田手",
    "town_kana": "タデ",
    "street": null,
    "office_name": null,
    "office_name_kana": null
  },
  "0051": {
    "postcode": "8420051",
    "prefecture": "佐賀県",
    "prefecture_kana": "サガケン",
    "prefecture_code": 41,
    "city": "神埼市",
    "city_kana": "カンザキシ",
    "town": "千代田町黒井",
    "town_kana": "チヨダチョウクロイ",
    "street": null,
    "office_name": null,
    "office_name_kana": null
  },
  "0052": {
    "postcode": "8420052",
    "prefecture": "佐賀県",
    "prefecture_kana": "サガケン",
    "prefecture_code": 41,
    "city": "神埼市",
    "city_kana": "カンザキシ",
    "town": "千代田町姉",
    "town_kana": "チヨダチョウアネ",
    "street": null,
    "office_name": null,
    "office_name_kana": null
  },
  "0053": {
    "postcode": "8420053",
    "prefecture": "佐賀県",
    "prefecture_kana": "サガケン",
    "prefecture_code": 41,
    "city": "神埼市",
    "city_kana": "カンザキシ",
    "town": "千代田町直鳥",
    "town_kana": "チヨダチョウナオトリ",
    "street": null,
    "office_name": null,
    "office_name_kana": null
  },
  "0054": {
    "postcode": "8420054",
    "prefecture": "佐賀県",
    "prefecture_kana": "サガケン",
    "prefecture_code": 41,
    "city": "神埼市",
    "city_kana": "カンザキシ",
    "town": "千代田町餘江",
    "town_kana": "チヨダチョウアマリエ",
    "street": null,
    "office_name": null,
    "office_name_kana": null
  },
  "0055": {
    "postcode": "8420055",
    "prefecture": "佐賀県",
    "prefecture_kana": "サガケン",
    "prefecture_code": 41,
    "city": "神埼市",
    "city_kana": "カンザキシ",
    "town": "千代田町下西",
    "town_kana": "チヨダチョウシモサイ",
    "street": null,
    "office_name": null,
    "office_name_kana": null
  },
  "0056": {
    "postcode": "8420056",
    "prefecture": "佐賀県",
    "prefecture_kana": "サガケン",
    "prefecture_code": 41,
    "city": "神埼市",
    "city_kana": "カンザキシ",
    "town": "千代田町境原",
    "town_kana": "チヨダチョウサカイバル",
    "street": null,
    "office_name": null,
    "office_name_kana": null
  },
  "0061": {
    "postcode": "8420061",
    "prefecture": "佐賀県",
    "prefecture_kana": "サガケン",
    "prefecture_code": 41,
    "city": "神埼市",
    "city_kana": "カンザキシ",
    "town": "千代田町詫田",
    "town_kana": "チヨダチョウタクタ",
    "street": null,
    "office_name": null,
    "office_name_kana": null
  },
  "0062": {
    "postcode": "8420062",
    "prefecture": "佐賀県",
    "prefecture_kana": "サガケン",
    "prefecture_code": 41,
    "city": "神埼市",
    "city_kana": "カンザキシ",
    "town": "千代田町柳島",
    "town_kana": "チヨダチョウヤナギシマ",
    "street": null,
    "office_name": null,
    "office_name_kana": null
  },
  "0063": {
    "postcode": "8420063",
    "prefecture": "佐賀県",
    "prefecture_kana": "サガケン",
    "prefecture_code": 41,
    "city": "神埼市",
    "city_kana": "カンザキシ",
    "town": "千代田町迎島",
    "town_kana": "チヨダチョウムカイシマ",
    "street": null,
    "office_name": null,
    "office_name_kana": null
  },
  "0064": {
    "postcode": "8420064",
    "prefecture": "佐賀県",
    "prefecture_kana": "サガケン",
    "prefecture_code": 41,
    "city": "神埼市",
    "city_kana": "カンザキシ",
    "town": "千代田町渡瀬",
    "town_kana": "チヨダチョウワタゼ",
    "street": null,
    "office_name": null,
    "office_name_kana": null
  },
  "0065": {
    "postcode": "8420065",
    "prefecture": "佐賀県",
    "prefecture_kana": "サガケン",
    "prefecture_code": 41,
    "city": "神埼市",
    "city_kana": "カンザキシ",
    "town": "千代田町崎村",
    "town_kana": "チヨダチョウサキムラ",
    "street": null,
    "office_name": null,
    "office_name_kana": null
  },
  "0066": {
    "postcode": "8420066",
    "prefecture": "佐賀県",
    "prefecture_kana": "サガケン",
    "prefecture_code": 41,
    "city": "神埼市",
    "city_kana": "カンザキシ",
    "town": "千代田町用作",
    "town_kana": "チヨダチョウヨウサク",
    "street": null,
    "office_name": null,
    "office_name_kana": null
  },
  "0067": {
    "postcode": "8420067",
    "prefecture": "佐賀県",
    "prefecture_kana": "サガケン",
    "prefecture_code": 41,
    "city": "神埼市",
    "city_kana": "カンザキシ",
    "town": "千代田町嘉納",
    "town_kana": "チヨダチョウカノウ",
    "street": null,
    "office_name": null,
    "office_name_kana": null
  },
  "0068": {
    "postcode": "8420068",
    "prefecture": "佐賀県",
    "prefecture_kana": "サガケン",
    "prefecture_code": 41,
    "city": "神埼市",
    "city_kana": "カンザキシ",
    "town": "千代田町下板",
    "town_kana": "チヨダチョウシモイタ",
    "street": null,
    "office_name": null,
    "office_name_kana": null
  },
  "0101": {
    "postcode": "8420101",
    "prefecture": "佐賀県",
    "prefecture_kana": "サガケン",
    "prefecture_code": 41,
    "city": "神埼郡吉野ヶ里町",
    "city_kana": "カンザキグンヨシノガリチョウ",
    "town": "松隈",
    "town_kana": "マツグマ",
    "street": null,
    "office_name": null,
    "office_name_kana": null
  },
  "0102": {
    "postcode": "8420102",
    "prefecture": "佐賀県",
    "prefecture_kana": "サガケン",
    "prefecture_code": 41,
    "city": "神埼郡吉野ヶ里町",
    "city_kana": "カンザキグンヨシノガリチョウ",
    "town": "石動",
    "town_kana": "イシナリ",
    "street": null,
    "office_name": null,
    "office_name_kana": null
  },
  "0103": {
    "postcode": "8420103",
    "prefecture": "佐賀県",
    "prefecture_kana": "サガケン",
    "prefecture_code": 41,
    "city": "神埼郡吉野ヶ里町",
    "city_kana": "カンザキグンヨシノガリチョウ",
    "town": "大曲",
    "town_kana": "オオマガリ",
    "street": null,
    "office_name": null,
    "office_name_kana": null
  },
  "0104": {
    "postcode": "8420104",
    "prefecture": "佐賀県",
    "prefecture_kana": "サガケン",
    "prefecture_code": 41,
    "city": "神埼郡吉野ヶ里町",
    "city_kana": "カンザキグンヨシノガリチョウ",
    "town": "三津",
    "town_kana": "ミツ",
    "street": null,
    "office_name": null,
    "office_name_kana": null
  },
  "0107": {
    "postcode": "8420107",
    "prefecture": "佐賀県",
    "prefecture_kana": "サガケン",
    "prefecture_code": 41,
    "city": "神埼市",
    "city_kana": "カンザキシ",
    "town": "神埼町鶴",
    "town_kana": "カンザキマチツル",
    "street": null,
    "office_name": null,
    "office_name_kana": null
  },
  "0121": {
    "postcode": "8420121",
    "prefecture": "佐賀県",
    "prefecture_kana": "サガケン",
    "prefecture_code": 41,
    "city": "神埼市",
    "city_kana": "カンザキシ",
    "town": "神埼町志波屋",
    "town_kana": "カンザキマチシワヤ",
    "street": null,
    "office_name": null,
    "office_name_kana": null
  },
  "0122": {
    "postcode": "8420122",
    "prefecture": "佐賀県",
    "prefecture_kana": "サガケン",
    "prefecture_code": 41,
    "city": "神埼市",
    "city_kana": "カンザキシ",
    "town": "神埼町城原",
    "town_kana": "カンザキマチジョウバル",
    "street": null,
    "office_name": null,
    "office_name_kana": null
  },
  "0123": {
    "postcode": "8420123",
    "prefecture": "佐賀県",
    "prefecture_kana": "サガケン",
    "prefecture_code": 41,
    "city": "神埼市",
    "city_kana": "カンザキシ",
    "town": "神埼町的",
    "town_kana": "カンザキマチイクワ",
    "street": null,
    "office_name": null,
    "office_name_kana": null
  },
  "0192": {
    "postcode": "8420192",
    "prefecture": "佐賀県",
    "prefecture_kana": "サガケン",
    "prefecture_code": 41,
    "city": "神埼郡吉野ヶ里町",
    "city_kana": "カンザキグンヨシノガリチョウ",
    "town": "三津",
    "town_kana": "ミツ",
    "street": "１６０",
    "office_name": "独立行政法人　国立病院機構　肥前精神医療センター",
    "office_name_kana": "ドクリツギヨウセイホウジン コクリツビヨウインキコウ ヒゼンセイシンイリヨウセンタ-"
  },
  "0193": {
    "postcode": "8420193",
    "prefecture": "佐賀県",
    "prefecture_kana": "サガケン",
    "prefecture_code": 41,
    "city": "神埼郡吉野ヶ里町",
    "city_kana": "カンザキグンヨシノガリチョウ",
    "town": "三津",
    "town_kana": "ミツ",
    "street": "７７７",
    "office_name": "吉野ヶ里町役場　東脊振庁舎",
    "office_name_kana": "ヨシノガリチヨウヤクバ ヒガシセフリチヨウシヤ"
  },
  "0195": {
    "postcode": "8420195",
    "prefecture": "佐賀県",
    "prefecture_kana": "サガケン",
    "prefecture_code": 41,
    "city": "神埼郡吉野ヶ里町",
    "city_kana": "カンザキグンヨシノガリチョウ",
    "town": "大曲",
    "town_kana": "オオマガリ",
    "street": "５００６−５",
    "office_name": "大塚製薬　株式会社　佐賀栄養製品研究所",
    "office_name_kana": "オオツカセイヤク カブシキガイシヤ サガエイヨウセイヒンケンキユウシヨ"
  },
  "0197": {
    "postcode": "8420197",
    "prefecture": "佐賀県",
    "prefecture_kana": "サガケン",
    "prefecture_code": 41,
    "city": "神埼郡吉野ヶ里町",
    "city_kana": "カンザキグンヨシノガリチョウ",
    "town": "大曲",
    "town_kana": "オオマガリ",
    "street": "字東山５００６−５",
    "office_name": "大塚製薬　株式会社　佐賀工場",
    "office_name_kana": "オオツカセイヤク カブシキガイシヤ サガコウジヨウ"
  },
  "0201": {
    "postcode": "8420201",
    "prefecture": "佐賀県",
    "prefecture_kana": "サガケン",
    "prefecture_code": 41,
    "city": "神埼市",
    "city_kana": "カンザキシ",
    "town": "脊振町広滝",
    "town_kana": "セフリマチヒロタキ",
    "street": null,
    "office_name": null,
    "office_name_kana": null
  },
  "0202": {
    "postcode": "8420202",
    "prefecture": "佐賀県",
    "prefecture_kana": "サガケン",
    "prefecture_code": 41,
    "city": "神埼市",
    "city_kana": "カンザキシ",
    "town": "脊振町鹿路",
    "town_kana": "セフリマチロクロ",
    "street": null,
    "office_name": null,
    "office_name_kana": null
  },
  "0203": {
    "postcode": "8420203",
    "prefecture": "佐賀県",
    "prefecture_kana": "サガケン",
    "prefecture_code": 41,
    "city": "神埼市",
    "city_kana": "カンザキシ",
    "town": "脊振町服巻",
    "town_kana": "セフリマチハラマキ",
    "street": null,
    "office_name": null,
    "office_name_kana": null
  },
  "0292": {
    "postcode": "8420292",
    "prefecture": "佐賀県",
    "prefecture_kana": "サガケン",
    "prefecture_code": 41,
    "city": "神埼市",
    "city_kana": "カンザキシ",
    "town": "脊振町広滝",
    "town_kana": "セフリマチヒロタキ",
    "street": "５５８−２",
    "office_name": "神埼市　脊振総合支所",
    "office_name_kana": "カンザキシ セフリソウゴウシシヨ"
  },
  "0293": {
    "postcode": "8420293",
    "prefecture": "佐賀県",
    "prefecture_kana": "サガケン",
    "prefecture_code": 41,
    "city": "神埼市",
    "city_kana": "カンザキシ",
    "town": "脊振町服巻",
    "town_kana": "セフリマチハラマキ",
    "street": "１３５８",
    "office_name": "航空自衛隊　脊振山分屯基地",
    "office_name_kana": "コウクウジエイタイ セフリヤマブントンキチ"
  },
  "0301": {
    "postcode": "8420301",
    "prefecture": "佐賀県",
    "prefecture_kana": "サガケン",
    "prefecture_code": 41,
    "city": "佐賀市",
    "city_kana": "サガシ",
    "town": "三瀬村三瀬",
    "town_kana": "ミツセムラミツセ",
    "street": null,
    "office_name": null,
    "office_name_kana": null
  },
  "0302": {
    "postcode": "8420302",
    "prefecture": "佐賀県",
    "prefecture_kana": "サガケン",
    "prefecture_code": 41,
    "city": "佐賀市",
    "city_kana": "サガシ",
    "town": "三瀬村藤原",
    "town_kana": "ミツセムラフジバル",
    "street": null,
    "office_name": null,
    "office_name_kana": null
  },
  "0303": {
    "postcode": "8420303",
    "prefecture": "佐賀県",
    "prefecture_kana": "サガケン",
    "prefecture_code": 41,
    "city": "佐賀市",
    "city_kana": "サガシ",
    "town": "三瀬村杠",
    "town_kana": "ミツセムラユズリハ",
    "street": null,
    "office_name": null,
    "office_name_kana": null
  },
  "8501": {
    "postcode": "8428501",
    "prefecture": "佐賀県",
    "prefecture_kana": "サガケン",
    "prefecture_code": 41,
    "city": "神埼郡吉野ヶ里町",
    "city_kana": "カンザキグンヨシノガリチョウ",
    "town": "吉田",
    "town_kana": "ヨシダ",
    "street": "３２１−２",
    "office_name": "吉野ヶ里町役場",
    "office_name_kana": "ヨシノガリチヨウヤクバ"
  },
  "8502": {
    "postcode": "8428502",
    "prefecture": "佐賀県",
    "prefecture_kana": "サガケン",
    "prefecture_code": 41,
    "city": "神埼市",
    "city_kana": "カンザキシ",
    "town": "千代田町直鳥",
    "town_kana": "チヨダチョウナオトリ",
    "street": "１６６−１",
    "office_name": "神埼市　千代田総合支所",
    "office_name_kana": "カンザキシ チヨダソウゴウシシヨ"
  },
  "8585": {
    "postcode": "8428585",
    "prefecture": "佐賀県",
    "prefecture_kana": "サガケン",
    "prefecture_code": 41,
    "city": "神埼市",
    "city_kana": "カンザキシ",
    "town": "神埼町尾崎",
    "town_kana": "カンザキマチオサキ",
    "street": "４４９０−９",
    "office_name": "西九州大学",
    "office_name_kana": "ニシキユウシユウダイガク"
  },
  "8601": {
    "postcode": "8428601",
    "prefecture": "佐賀県",
    "prefecture_kana": "サガケン",
    "prefecture_code": 41,
    "city": "神埼市",
    "city_kana": "カンザキシ",
    "town": "神埼町鶴",
    "town_kana": "カンザキマチツル",
    "street": "３５４２番地１（神埼郵便局私書箱第２号）",
    "office_name": "神埼市役所",
    "office_name_kana": "カンザキシヤクシヨ"
  }
}