{
  "0000": {
    "postcode": "8470000",
    "prefecture": "佐賀県",
    "prefecture_kana": "サガケン",
    "prefecture_code": 41,
    "city": "唐津市",
    "city_kana": "カラツシ",
    "town": "",
    "town_kana": "",
    "street": null,
    "office_name": null,
    "office_name_kana": null
  },
  "0001": {
    "postcode": "8470001",
    "prefecture": "佐賀県",
    "prefecture_kana": "サガケン",
    "prefecture_code": 41,
    "city": "唐津市",
    "city_kana": "カラツシ",
    "town": "双水",
    "town_kana": "ソウズイ",
    "street": null,
    "office_name": null,
    "office_name_kana": null
  },
  "0002": {
    "postcode": "8470002",
    "prefecture": "佐賀県",
    "prefecture_kana": "サガケン",
    "prefecture_code": 41,
    "city": "唐津市",
    "city_kana": "カラツシ",
    "town": "山本",
    "town_kana": "ヤマモト",
    "street": null,
    "office_name": null,
    "office_name_kana": null
  },
  "0003": {
    "postcode": "8470003",
    "prefecture": "佐賀県",
    "prefecture_kana": "サガケン",
    "prefecture_code": 41,
    "city": "唐津市",
    "city_kana": "カラツシ",
    "town": "橋本",
    "town_kana": "ハシモト",
    "street": null,
    "office_name": null,
    "office_name_kana": null
  },
  "0004": {
    "postcode": "8470004",
    "prefecture": "佐賀県",
    "prefecture_kana": "サガケン",
    "prefecture_code": 41,
    "city": "唐津市",
    "city_kana": "カラツシ",
    "town": "養母田",
    "town_kana": "ヤブタ",
    "street": null,
    "office_name": null,
    "office_name_kana": null
  },
  "0005": {
    "postcode": "8470005",
    "prefecture": "佐賀県",
    "prefecture_kana": "サガケン",
    "prefecture_code": 41,
    "city": "唐津市",
    "city_kana": "カラツシ",
    "town": "養母田鬼塚",
    "town_kana": "ヤブタオニヅカ",
    "street": null,
    "office_name": null,
    "office_name_kana": null
  },
  "0011": {
    "postcode": "8470011",
    "prefecture": "佐賀県",
    "prefecture_kana": "サガケン",
    "prefecture_code": 41,
    "city": "唐津市",
    "city_kana": "カラツシ",
    "town": "栄町",
    "town_kana": "サカエマチ",
    "street": null,
    "office_name": null,
    "office_name_kana": null
  },
  "0012": {
    "postcode": "8470012",
    "prefecture": "佐賀県",
    "prefecture_kana": "サガケン",
    "prefecture_code": 41,
    "city": "唐津市",
    "city_kana": "カラツシ",
    "town": "大名小路",
    "town_kana": "ダイミョウコウジ",
    "street": null,
    "office_name": null,
    "office_name_kana": null
  },
  "0013": {
    "postcode": "8470013",
    "prefecture": "佐賀県",
    "prefecture_kana": "サガケン",
    "prefecture_code": 41,
    "city": "唐津市",
    "city_kana": "カラツシ",
    "town": "南城内",
    "town_kana": "ミナミジョウナイ",
    "street": null,
    "office_name": null,
    "office_name_kana": null
  },
  "0014": {
    "postcode": "8470014",
    "prefecture": "佐賀県",
    "prefecture_kana": "サガケン",
    "prefecture_code": 41,
    "city": "唐津市",
    "city_kana": "カラツシ",
    "town": "西城内",
    "town_kana": "ニシジョウナイ",
    "street": null,
    "office_name": null,
    "office_name_kana": null
  },
  "0015": {
    "postcode": "8470015",
    "prefecture": "佐賀県",
    "prefecture_kana": "サガケン",
    "prefecture_code": 41,
    "city": "唐津市",
    "city_kana": "カラツシ",
    "town": "北城内",
    "town_kana": "キタジョウナイ",
    "street": null,
    "office_name": null,
    "office_name_kana": null
  },
  "0016": {
    "postcode": "8470016",
    "prefecture": "佐賀県",
    "prefecture_kana": "サガケン",
    "prefecture_code": 41,
    "city": "唐津市",
    "city_kana": "カラツシ",
    "town": "東城内",
    "town_kana": "ヒガシジョウナイ",
    "street": null,
    "office_name": null,
    "office_name_kana": null
  },
  "0017": {
    "postcode": "8470017",
    "prefecture": "佐賀県",
    "prefecture_kana": "サガケン",
    "prefecture_code": 41,
    "city": "唐津市",
    "city_kana": "カラツシ",
    "town": "東唐津",
    "town_kana": "ヒガシカラツ",
    "street": null,
    "office_name": null,
    "office_name_kana": null
  },
  "0021": {
    "postcode": "8470021",
    "prefecture": "佐賀県",
    "prefecture_kana": "サガケン",
    "prefecture_code": 41,
    "city": "唐津市",
    "city_kana": "カラツシ",
    "town": "松南町",
    "town_kana": "ショウナンチョウ",
    "street": null,
    "office_name": null,
    "office_name_kana": null
  },
  "0022": {
    "postcode": "8470022",
    "prefecture": "佐賀県",
    "prefecture_kana": "サガケン",
    "prefecture_code": 41,
    "city": "唐津市",
    "city_kana": "カラツシ",
    "town": "鏡",
    "town_kana": "カガミ",
    "street": null,
    "office_name": null,
    "office_name_kana": null
  },
  "0023": {
    "postcode": "8470023",
    "prefecture": "佐賀県",
    "prefecture_kana": "サガケン",
    "prefecture_code": 41,
    "city": "唐津市",
    "city_kana": "カラツシ",
    "town": "半田",
    "town_kana": "ハダ",
    "street": null,
    "office_name": null,
    "office_name_kana": null
  },
  "0024": {
    "postcode": "8470024",
    "prefecture": "佐賀県",
    "prefecture_kana": "サガケン",
    "prefecture_code": 41,
    "city": "唐津市",
    "city_kana": "カラツシ",
    "town": "東宇木",
    "town_kana": "ヒガシウキ",
    "street": null,
    "office_name": null,
    "office_name_kana": null
  },
  "0025": {
    "postcode": "8470025",
    "prefecture": "佐賀県",
    "prefecture_kana": "サガケン",
    "prefecture_code": 41,
    "city": "唐津市",
    "city_kana": "カラツシ",
    "town": "宇木",
    "town_kana": "ウキ",
    "street": null,
    "office_name": null,
    "office_name_kana": null
  },
  "0026": {
    "postcode": "8470026",
    "prefecture": "佐賀県",
    "prefecture_kana": "サガケン",
    "prefecture_code": 41,
    "city": "唐津市",
    "city_kana": "カラツシ",
    "town": "柏崎",
    "town_kana": "カシワザキ",
    "street": null,
    "office_name": null,
    "office_name_kana": null
  },
  "0027": {
    "postcode": "8470027",
    "prefecture": "佐賀県",
    "prefecture_kana": "サガケン",
    "prefecture_code": 41,
    "city": "唐津市",
    "city_kana": "カラツシ",
    "town": "高島",
    "town_kana": "タカシマ",
    "street": null,
    "office_name": null,
    "office_name_kana": null
  },
  "0028": {
    "postcode": "8470028",
    "prefecture": "佐賀県",
    "prefecture_kana": "サガケン",
    "prefecture_code": 41,
    "city": "唐津市",
    "city_kana": "カラツシ",
    "town": "鏡新開",
    "town_kana": "カガミシンカイ",
    "street": null,
    "office_name": null,
    "office_name_kana": null
  },
  "0031": {
    "postcode": "8470031",
    "prefecture": "佐賀県",
    "prefecture_kana": "サガケン",
    "prefecture_code": 41,
    "city": "唐津市",
    "city_kana": "カラツシ",
    "town": "原",
    "town_kana": "ハル",
    "street": null,
    "office_name": null,
    "office_name_kana": null
  },
  "0032": {
    "postcode": "8470032",
    "prefecture": "佐賀県",
    "prefecture_kana": "サガケン",
    "prefecture_code": 41,
    "city": "唐津市",
    "city_kana": "カラツシ",
    "town": "夕日",
    "town_kana": "ユウヒ",
    "street": null,
    "office_name": null,
    "office_name_kana": null
  },
  "0033": {
    "postcode": "8470033",
    "prefecture": "佐賀県",
    "prefecture_kana": "サガケン",
    "prefecture_code": 41,
    "city": "唐津市",
    "city_kana": "カラツシ",
    "town": "久里",
    "town_kana": "クリ",
    "street": null,
    "office_name": null,
    "office_name_kana": null
  },
  "0034": {
    "postcode": "8470034",
    "prefecture": "佐賀県",
    "prefecture_kana": "サガケン",
    "prefecture_code": 41,
    "city": "唐津市",
    "city_kana": "カラツシ",
    "town": "中原",
    "town_kana": "ナカバル",
    "street": null,
    "office_name": null,
    "office_name_kana": null
  },
  "0041": {
    "postcode": "8470041",
    "prefecture": "佐賀県",
    "prefecture_kana": "サガケン",
    "prefecture_code": 41,
    "city": "唐津市",
    "city_kana": "カラツシ",
    "town": "千代田町",
    "town_kana": "チヨダマチ",
    "street": null,
    "office_name": null,
    "office_name_kana": null
  },
  "0042": {
    "postcode": "8470042",
    "prefecture": "佐賀県",
    "prefecture_kana": "サガケン",
    "prefecture_code": 41,
    "city": "唐津市",
    "city_kana": "カラツシ",
    "town": "魚屋町",
    "town_kana": "ウオヤマチ",
    "street": null,
    "office_name": null,
    "office_name_kana": null
  },
  "0043": [
    {
      "postcode": "8470043",
      "prefecture": "佐賀県",
      "prefecture_kana": "サガケン",
      "prefecture_code": 41,
      "city": "唐津市",
      "city_kana": "カラツシ",
      "town": "新興町",
      "town_kana": "シンコウマチ",
      "street": null,
      "office_name": null,
      "office_name_kana": null
    },
    {
      "postcode": "8470043",
      "prefecture": "佐賀県",
      "prefecture_kana": "サガケン",
      "prefecture_code": 41,
      "city": "唐津市",
      "city_kana": "カラツシ",
      "town": "新興町東新興町",
      "town_kana": "シンコウマチヒガシシンコウマチ",
      "street": null,
      "office_name": null,
      "office_name_kana": null
    }
  ],
  "0044": {
    "postcode": "8470044",
    "prefecture": "佐賀県",
    "prefecture_kana": "サガケン",
    "prefecture_code": 41,
    "city": "唐津市",
    "city_kana": "カラツシ",
    "town": "木綿町",
    "town_kana": "キワタマチ",
    "street": null,
    "office_name": null,
    "office_name_kana": null
  },
  "0045": {
    "postcode": "8470045",
    "prefecture": "佐賀県",
    "prefecture_kana": "サガケン",
    "prefecture_code": 41,
    "city": "唐津市",
    "city_kana": "カラツシ",
    "town": "京町",
    "town_kana": "キョウマチ",
    "street": null,
    "office_name": null,
    "office_name_kana": null
  },
  "0046": {
    "postcode": "8470046",
    "prefecture": "佐賀県",
    "prefecture_kana": "サガケン",
    "prefecture_code": 41,
    "city": "唐津市",
    "city_kana": "カラツシ",
    "town": "高砂町",
    "town_kana": "タカサゴマチ",
    "street": null,
    "office_name": null,
    "office_name_kana": null
  },
  "0047": {
    "postcode": "8470047",
    "prefecture": "佐賀県",
    "prefecture_kana": "サガケン",
    "prefecture_code": 41,
    "city": "唐津市",
    "city_kana": "カラツシ",
    "town": "本町",
    "town_kana": "ホンマチ",
    "street": null,
    "office_name": null,
    "office_name_kana": null
  },
  "0051": {
    "postcode": "8470051",
    "prefecture": "佐賀県",
    "prefecture_kana": "サガケン",
    "prefecture_code": 41,
    "city": "唐津市",
    "city_kana": "カラツシ",
    "town": "中町",
    "town_kana": "ナカマチ",
    "street": null,
    "office_name": null,
    "office_name_kana": null
  },
  "0052": {
    "postcode": "8470052",
    "prefecture": "佐賀県",
    "prefecture_kana": "サガケン",
    "prefecture_code": 41,
    "city": "唐津市",
    "city_kana": "カラツシ",
    "town": "呉服町",
    "town_kana": "ゴフクマチ",
    "street": null,
    "office_name": null,
    "office_name_kana": null
  },
  "0053": {
    "postcode": "8470053",
    "prefecture": "佐賀県",
    "prefecture_kana": "サガケン",
    "prefecture_code": 41,
    "city": "唐津市",
    "city_kana": "カラツシ",
    "town": "紺屋町",
    "town_kana": "コンヤマチ",
    "street": null,
    "office_name": null,
    "office_name_kana": null
  },
  "0054": {
    "postcode": "8470054",
    "prefecture": "佐賀県",
    "prefecture_kana": "サガケン",
    "prefecture_code": 41,
    "city": "唐津市",
    "city_kana": "カラツシ",
    "town": "米屋町",
    "town_kana": "コメヤマチ",
    "street": null,
    "office_name": null,
    "office_name_kana": null
  },
  "0055": {
    "postcode": "8470055",
    "prefecture": "佐賀県",
    "prefecture_kana": "サガケン",
    "prefecture_code": 41,
    "city": "唐津市",
    "city_kana": "カラツシ",
    "town": "刀町",
    "town_kana": "カタナマチ",
    "street": null,
    "office_name": null,
    "office_name_kana": null
  },
  "0056": {
    "postcode": "8470056",
    "prefecture": "佐賀県",
    "prefecture_kana": "サガケン",
    "prefecture_code": 41,
    "city": "唐津市",
    "city_kana": "カラツシ",
    "town": "坊主町",
    "town_kana": "ボウズマチ",
    "street": null,
    "office_name": null,
    "office_name_kana": null
  },
  "0061": {
    "postcode": "8470061",
    "prefecture": "佐賀県",
    "prefecture_kana": "サガケン",
    "prefecture_code": 41,
    "city": "唐津市",
    "city_kana": "カラツシ",
    "town": "材木町",
    "town_kana": "ザイモクマチ",
    "street": null,
    "office_name": null,
    "office_name_kana": null
  },
  "0062": {
    "postcode": "8470062",
    "prefecture": "佐賀県",
    "prefecture_kana": "サガケン",
    "prefecture_code": 41,
    "city": "唐津市",
    "city_kana": "カラツシ",
    "town": "船宮町",
    "town_kana": "フナミヤマチ",
    "street": null,
    "office_name": null,
    "office_name_kana": null
  },
  "0063": {
    "postcode": "8470063",
    "prefecture": "佐賀県",
    "prefecture_kana": "サガケン",
    "prefecture_code": 41,
    "city": "唐津市",
    "city_kana": "カラツシ",
    "town": "東町",
    "town_kana": "ヒガシマチ",
    "street": null,
    "office_name": null,
    "office_name_kana": null
  },
  "0064": {
    "postcode": "8470064",
    "prefecture": "佐賀県",
    "prefecture_kana": "サガケン",
    "prefecture_code": 41,
    "city": "唐津市",
    "city_kana": "カラツシ",
    "town": "元石町",
    "town_kana": "モトイシマチ",
    "street": null,
    "office_name": null,
    "office_name_kana": null
  },
  "0065": {
    "postcode": "8470065",
    "prefecture": "佐賀県",
    "prefecture_kana": "サガケン",
    "prefecture_code": 41,
    "city": "唐津市",
    "city_kana": "カラツシ",
    "town": "水主町",
    "town_kana": "カコマチ",
    "street": null,
    "office_name": null,
    "office_name_kana": null
  },
  "0066": {
    "postcode": "8470066",
    "prefecture": "佐賀県",
    "prefecture_kana": "サガケン",
    "prefecture_code": 41,
    "city": "唐津市",
    "city_kana": "カラツシ",
    "town": "大石町",
    "town_kana": "オオイシマチ",
    "street": null,
    "office_name": null,
    "office_name_kana": null
  },
  "0067": {
    "postcode": "8470067",
    "prefecture": "佐賀県",
    "prefecture_kana": "サガケン",
    "prefecture_code": 41,
    "city": "唐津市",
    "city_kana": "カラツシ",
    "town": "十人町",
    "town_kana": "ジュウニンマチ",
    "street": null,
    "office_name": null,
    "office_name_kana": null
  },
  "0071": {
    "postcode": "8470071",
    "prefecture": "佐賀県",
    "prefecture_kana": "サガケン",
    "prefecture_code": 41,
    "city": "唐津市",
    "city_kana": "カラツシ",
    "town": "和多田海士町",
    "town_kana": "ワタダアママチ",
    "street": null,
    "office_name": null,
    "office_name_kana": null
  },
  "0072": {
    "postcode": "8470072",
    "prefecture": "佐賀県",
    "prefecture_kana": "サガケン",
    "prefecture_code": 41,
    "city": "唐津市",
    "city_kana": "カラツシ",
    "town": "和多田百人町",
    "town_kana": "ワタダヒャクニンマチ",
    "street": null,
    "office_name": null,
    "office_name_kana": null
  },
  "0073": {
    "postcode": "8470073",
    "prefecture": "佐賀県",
    "prefecture_kana": "サガケン",
    "prefecture_code": 41,
    "city": "唐津市",
    "city_kana": "カラツシ",
    "town": "和多田東百人町",
    "town_kana": "ワタダヒガシヒャクニンマチ",
    "street": null,
    "office_name": null,
    "office_name_kana": null
  },
  "0074": {
    "postcode": "8470074",
    "prefecture": "佐賀県",
    "prefecture_kana": "サガケン",
    "prefecture_code": 41,
    "city": "唐津市",
    "city_kana": "カラツシ",
    "town": "和多田先石",
    "town_kana": "ワタダサキイシ",
    "street": null,
    "office_name": null,
    "office_name_kana": null
  },
  "0075": {
    "postcode": "8470075",
    "prefecture": "佐賀県",
    "prefecture_kana": "サガケン",
    "prefecture_code": 41,
    "city": "唐津市",
    "city_kana": "カラツシ",
    "town": "和多田用尺",
    "town_kana": "ワタダヨウジャク",
    "street": null,
    "office_name": null,
    "office_name_kana": null
  },
  "0081": {
    "postcode": "8470081",
    "prefecture": "佐賀県",
    "prefecture_kana": "サガケン",
    "prefecture_code": 41,
    "city": "唐津市",
    "city_kana": "カラツシ",
    "town": "和多田南先石",
    "town_kana": "ワタダミナミサキイシ",
    "street": null,
    "office_name": null,
    "office_name_kana": null
  },
  "0082": {
    "postcode": "8470082",
    "prefecture": "佐賀県",
    "prefecture_kana": "サガケン",
    "prefecture_code": 41,
    "city": "唐津市",
    "city_kana": "カラツシ",
    "town": "和多田天満町",
    "town_kana": "ワタダテンマンチョウ",
    "street": null,
    "office_name": null,
    "office_name_kana": null
  },
  "0083": {
    "postcode": "8470083",
    "prefecture": "佐賀県",
    "prefecture_kana": "サガケン",
    "prefecture_code": 41,
    "city": "唐津市",
    "city_kana": "カラツシ",
    "town": "和多田大土井",
    "town_kana": "ワタダオオドイ",
    "street": null,
    "office_name": null,
    "office_name_kana": null
  },
  "0084": {
    "postcode": "8470084",
    "prefecture": "佐賀県",
    "prefecture_kana": "サガケン",
    "prefecture_code": 41,
    "city": "唐津市",
    "city_kana": "カラツシ",
    "town": "和多田西山",
    "town_kana": "ワタダニシヤマ",
    "street": null,
    "office_name": null,
    "office_name_kana": null
  },
  "0085": {
    "postcode": "8470085",
    "prefecture": "佐賀県",
    "prefecture_kana": "サガケン",
    "prefecture_code": 41,
    "city": "唐津市",
    "city_kana": "カラツシ",
    "town": "和多田本村",
    "town_kana": "ワタダホンムラ",
    "street": null,
    "office_name": null,
    "office_name_kana": null
  },
  "0101": {
    "postcode": "8470101",
    "prefecture": "佐賀県",
    "prefecture_kana": "サガケン",
    "prefecture_code": 41,
    "city": "唐津市",
    "city_kana": "カラツシ",
    "town": "中瀬通",
    "town_kana": "ナカノセドオリ",
    "street": null,
    "office_name": null,
    "office_name_kana": null
  },
  "0102": {
    "postcode": "8470102",
    "prefecture": "佐賀県",
    "prefecture_kana": "サガケン",
    "prefecture_code": 41,
    "city": "唐津市",
    "city_kana": "カラツシ",
    "town": "八幡町",
    "town_kana": "ヤハタマチ",
    "street": null,
    "office_name": null,
    "office_name_kana": null
  },
  "0103": {
    "postcode": "8470103",
    "prefecture": "佐賀県",
    "prefecture_kana": "サガケン",
    "prefecture_code": 41,
    "city": "唐津市",
    "city_kana": "カラツシ",
    "town": "橋本町",
    "town_kana": "ハシモトマチ",
    "street": null,
    "office_name": null,
    "office_name_kana": null
  },
  "0104": {
    "postcode": "8470104",
    "prefecture": "佐賀県",
    "prefecture_kana": "サガケン",
    "prefecture_code": 41,
    "city": "唐津市",
    "city_kana": "カラツシ",
    "town": "桜町",
    "town_kana": "サクラマチ",
    "street": null,
    "office_name": null,
    "office_name_kana": null
  },
  "0111": {
    "postcode": "8470111",
    "prefecture": "佐賀県",
    "prefecture_kana": "サガケン",
    "prefecture_code": 41,
    "city": "唐津市",
    "city_kana": "カラツシ",
    "town": "佐志",
    "town_kana": "サシ",
    "street": null,
    "office_name": null,
    "office_name_kana": null
  },
  "0112": {
    "postcode": "8470112",
    "prefecture": "佐賀県",
    "prefecture_kana": "サガケン",
    "prefecture_code": 41,
    "city": "唐津市",
    "city_kana": "カラツシ",
    "town": "佐志南",
    "town_kana": "サシミナミ",
    "street": null,
    "office_name": null,
    "office_name_kana": null
  },
  "0113": {
    "postcode": "8470113",
    "prefecture": "佐賀県",
    "prefecture_kana": "サガケン",
    "prefecture_code": 41,
    "city": "唐津市",
    "city_kana": "カラツシ",
    "town": "佐志中里",
    "town_kana": "サシナカザト",
    "street": null,
    "office_name": null,
    "office_name_kana": null
  },
  "0114": {
    "postcode": "8470114",
    "prefecture": "佐賀県",
    "prefecture_kana": "サガケン",
    "prefecture_code": 41,
    "city": "唐津市",
    "city_kana": "カラツシ",
    "town": "佐志中通",
    "town_kana": "サシナカドオリ",
    "street": null,
    "office_name": null,
    "office_name_kana": null
  },
  "0115": {
    "postcode": "8470115",
    "prefecture": "佐賀県",
    "prefecture_kana": "サガケン",
    "prefecture_code": 41,
    "city": "唐津市",
    "city_kana": "カラツシ",
    "town": "佐志浜町",
    "town_kana": "サシハママチ",
    "street": null,
    "office_name": null,
    "office_name_kana": null
  },
  "0121": {
    "postcode": "8470121",
    "prefecture": "佐賀県",
    "prefecture_kana": "サガケン",
    "prefecture_code": 41,
    "city": "唐津市",
    "city_kana": "カラツシ",
    "town": "鳩川",
    "town_kana": "ハトガワ",
    "street": null,
    "office_name": null,
    "office_name_kana": null
  },
  "0122": {
    "postcode": "8470122",
    "prefecture": "佐賀県",
    "prefecture_kana": "サガケン",
    "prefecture_code": 41,
    "city": "唐津市",
    "city_kana": "カラツシ",
    "town": "唐房",
    "town_kana": "トウボウ",
    "street": null,
    "office_name": null,
    "office_name_kana": null
  },
  "0123": {
    "postcode": "8470123",
    "prefecture": "佐賀県",
    "prefecture_kana": "サガケン",
    "prefecture_code": 41,
    "city": "唐津市",
    "city_kana": "カラツシ",
    "town": "枝去木",
    "town_kana": "エザルキ",
    "street": null,
    "office_name": null,
    "office_name_kana": null
  },
  "0124": {
    "postcode": "8470124",
    "prefecture": "佐賀県",
    "prefecture_kana": "サガケン",
    "prefecture_code": 41,
    "city": "唐津市",
    "city_kana": "カラツシ",
    "town": "浦",
    "town_kana": "ウラ",
    "street": null,
    "office_name": null,
    "office_name_kana": null
  },
  "0131": {
    "postcode": "8470131",
    "prefecture": "佐賀県",
    "prefecture_kana": "サガケン",
    "prefecture_code": 41,
    "city": "唐津市",
    "city_kana": "カラツシ",
    "town": "神集島",
    "town_kana": "カシワジマ",
    "street": null,
    "office_name": null,
    "office_name_kana": null
  },
  "0132": {
    "postcode": "8470132",
    "prefecture": "佐賀県",
    "prefecture_kana": "サガケン",
    "prefecture_code": 41,
    "city": "唐津市",
    "city_kana": "カラツシ",
    "town": "相賀",
    "town_kana": "オウカ",
    "street": null,
    "office_name": null,
    "office_name_kana": null
  },
  "0133": {
    "postcode": "8470133",
    "prefecture": "佐賀県",
    "prefecture_kana": "サガケン",
    "prefecture_code": 41,
    "city": "唐津市",
    "city_kana": "カラツシ",
    "town": "湊町",
    "town_kana": "ミナトマチ",
    "street": null,
    "office_name": null,
    "office_name_kana": null
  },
  "0134": {
    "postcode": "8470134",
    "prefecture": "佐賀県",
    "prefecture_kana": "サガケン",
    "prefecture_code": 41,
    "city": "唐津市",
    "city_kana": "カラツシ",
    "town": "中里",
    "town_kana": "ナカザト",
    "street": null,
    "office_name": null,
    "office_name_kana": null
  },
  "0135": {
    "postcode": "8470135",
    "prefecture": "佐賀県",
    "prefecture_kana": "サガケン",
    "prefecture_code": 41,
    "city": "唐津市",
    "city_kana": "カラツシ",
    "town": "屋形石",
    "town_kana": "ヤカタイシ",
    "street": null,
    "office_name": null,
    "office_name_kana": null
  },
  "0136": {
    "postcode": "8470136",
    "prefecture": "佐賀県",
    "prefecture_kana": "サガケン",
    "prefecture_code": 41,
    "city": "唐津市",
    "city_kana": "カラツシ",
    "town": "横野",
    "town_kana": "ヨコノ",
    "street": null,
    "office_name": null,
    "office_name_kana": null
  },
  "0192": {
    "postcode": "8470192",
    "prefecture": "佐賀県",
    "prefecture_kana": "サガケン",
    "prefecture_code": 41,
    "city": "唐津市",
    "city_kana": "カラツシ",
    "town": "中瀬通",
    "town_kana": "ナカノセドオリ",
    "street": "１−８",
    "office_name": "金子産業　株式会社",
    "office_name_kana": "カネコサンギヨウ カブシキガイシヤ"
  },
  "0193": {
    "postcode": "8470193",
    "prefecture": "佐賀県",
    "prefecture_kana": "サガケン",
    "prefecture_code": 41,
    "city": "唐津市",
    "city_kana": "カラツシ",
    "town": "中瀬通",
    "town_kana": "ナカノセドオリ",
    "street": "１−６",
    "office_name": "天生水産　株式会社",
    "office_name_kana": "テンセイスイサン カブシキガイシヤ"
  },
  "0301": {
    "postcode": "8470301",
    "prefecture": "佐賀県",
    "prefecture_kana": "サガケン",
    "prefecture_code": 41,
    "city": "唐津市",
    "city_kana": "カラツシ",
    "town": "呼子町大友",
    "town_kana": "ヨブコチョウオオドモ",
    "street": null,
    "office_name": null,
    "office_name_kana": null
  },
  "0302": {
    "postcode": "8470302",
    "prefecture": "佐賀県",
    "prefecture_kana": "サガケン",
    "prefecture_code": 41,
    "city": "唐津市",
    "city_kana": "カラツシ",
    "town": "呼子町小友",
    "town_kana": "ヨブコチョウコドモ",
    "street": null,
    "office_name": null,
    "office_name_kana": null
  },
  "0303": {
    "postcode": "8470303",
    "prefecture": "佐賀県",
    "prefecture_kana": "サガケン",
    "prefecture_code": 41,
    "city": "唐津市",
    "city_kana": "カラツシ",
    "town": "呼子町呼子",
    "town_kana": "ヨブコチョウヨブコ",
    "street": null,
    "office_name": null,
    "office_name_kana": null
  },
  "0304": {
    "postcode": "8470304",
    "prefecture": "佐賀県",
    "prefecture_kana": "サガケン",
    "prefecture_code": 41,
    "city": "唐津市",
    "city_kana": "カラツシ",
    "town": "呼子町殿ノ浦",
    "town_kana": "ヨブコチョウトノノウラ",
    "street": null,
    "office_name": null,
    "office_name_kana": null
  },
  "0305": {
    "postcode": "8470305",
    "prefecture": "佐賀県",
    "prefecture_kana": "サガケン",
    "prefecture_code": 41,
    "city": "唐津市",
    "city_kana": "カラツシ",
    "town": "呼子町加部島",
    "town_kana": "ヨブコチョウカベシマ",
    "street": null,
    "office_name": null,
    "office_name_kana": null
  },
  "0306": {
    "postcode": "8470306",
    "prefecture": "佐賀県",
    "prefecture_kana": "サガケン",
    "prefecture_code": 41,
    "city": "唐津市",
    "city_kana": "カラツシ",
    "town": "呼子町小川島",
    "town_kana": "ヨブコチョウオガワシマ",
    "street": null,
    "office_name": null,
    "office_name_kana": null
  },
  "0311": {
    "postcode": "8470311",
    "prefecture": "佐賀県",
    "prefecture_kana": "サガケン",
    "prefecture_code": 41,
    "city": "唐津市",
    "city_kana": "カラツシ",
    "town": "鎮西町丸田",
    "town_kana": "チンゼイマチマルダ",
    "street": null,
    "office_name": null,
    "office_name_kana": null
  },
  "0312": {
    "postcode": "8470312",
    "prefecture": "佐賀県",
    "prefecture_kana": "サガケン",
    "prefecture_code": 41,
    "city": "唐津市",
    "city_kana": "カラツシ",
    "town": "鎮西町赤木",
    "town_kana": "チンゼイマチアカギ",
    "street": null,
    "office_name": null,
    "office_name_kana": null
  },
  "0313": {
    "postcode": "8470313",
    "prefecture": "佐賀県",
    "prefecture_kana": "サガケン",
    "prefecture_code": 41,
    "city": "唐津市",
    "city_kana": "カラツシ",
    "town": "鎮西町塩鶴",
    "town_kana": "チンゼイマチシオヅル",
    "street": null,
    "office_name": null,
    "office_name_kana": null
  },
  "0314": {
    "postcode": "8470314",
    "prefecture": "佐賀県",
    "prefecture_kana": "サガケン",
    "prefecture_code": 41,
    "city": "唐津市",
    "city_kana": "カラツシ",
    "town": "鎮西町菖蒲",
    "town_kana": "チンゼイマチショウブ",
    "street": null,
    "office_name": null,
    "office_name_kana": null
  },
  "0315": {
    "postcode": "8470315",
    "prefecture": "佐賀県",
    "prefecture_kana": "サガケン",
    "prefecture_code": 41,
    "city": "唐津市",
    "city_kana": "カラツシ",
    "town": "鎮西町八床",
    "town_kana": "チンゼイマチヤトコ",
    "street": null,
    "office_name": null,
    "office_name_kana": null
  },
  "0316": {
    "postcode": "8470316",
    "prefecture": "佐賀県",
    "prefecture_kana": "サガケン",
    "prefecture_code": 41,
    "city": "唐津市",
    "city_kana": "カラツシ",
    "town": "鎮西町中野",
    "town_kana": "チンゼイマチナカノ",
    "street": null,
    "office_name": null,
    "office_name_kana": null
  },
  "0317": {
    "postcode": "8470317",
    "prefecture": "佐賀県",
    "prefecture_kana": "サガケン",
    "prefecture_code": 41,
    "city": "唐津市",
    "city_kana": "カラツシ",
    "town": "鎮西町加唐島",
    "town_kana": "チンゼイマチカカラシマ",
    "street": null,
    "office_name": null,
    "office_name_kana": null
  },
  "0321": {
    "postcode": "8470321",
    "prefecture": "佐賀県",
    "prefecture_kana": "サガケン",
    "prefecture_code": 41,
    "city": "唐津市",
    "city_kana": "カラツシ",
    "town": "鎮西町横竹",
    "town_kana": "チンゼイマチヨコタケ",
    "street": null,
    "office_name": null,
    "office_name_kana": null
  },
  "0322": {
    "postcode": "8470322",
    "prefecture": "佐賀県",
    "prefecture_kana": "サガケン",
    "prefecture_code": 41,
    "city": "唐津市",
    "city_kana": "カラツシ",
    "town": "鎮西町打上",
    "town_kana": "チンゼイマチウチアゲ",
    "street": null,
    "office_name": null,
    "office_name_kana": null
  },
  "0323": {
    "postcode": "8470323",
    "prefecture": "佐賀県",
    "prefecture_kana": "サガケン",
    "prefecture_code": 41,
    "city": "唐津市",
    "city_kana": "カラツシ",
    "town": "鎮西町岩野",
    "town_kana": "チンゼイマチイワノ",
    "street": null,
    "office_name": null,
    "office_name_kana": null
  },
  "0324": {
    "postcode": "8470324",
    "prefecture": "佐賀県",
    "prefecture_kana": "サガケン",
    "prefecture_code": 41,
    "city": "唐津市",
    "city_kana": "カラツシ",
    "town": "鎮西町高野",
    "town_kana": "チンゼイマチコウノ",
    "street": null,
    "office_name": null,
    "office_name_kana": null
  },
  "0325": {
    "postcode": "8470325",
    "prefecture": "佐賀県",
    "prefecture_kana": "サガケン",
    "prefecture_code": 41,
    "city": "唐津市",
    "city_kana": "カラツシ",
    "town": "鎮西町加倉",
    "town_kana": "チンゼイマチカクラ",
    "street": null,
    "office_name": null,
    "office_name_kana": null
  },
  "0326": {
    "postcode": "8470326",
    "prefecture": "佐賀県",
    "prefecture_kana": "サガケン",
    "prefecture_code": 41,
    "city": "唐津市",
    "city_kana": "カラツシ",
    "town": "鎮西町早田",
    "town_kana": "チンゼイマチハヤタ",
    "street": null,
    "office_name": null,
    "office_name_kana": null
  },
  "0327": {
    "postcode": "8470327",
    "prefecture": "佐賀県",
    "prefecture_kana": "サガケン",
    "prefecture_code": 41,
    "city": "唐津市",
    "city_kana": "カラツシ",
    "town": "鎮西町石室",
    "town_kana": "チンゼイマチイシムロ",
    "street": null,
    "office_name": null,
    "office_name_kana": null
  },
  "0392": {
    "postcode": "8470392",
    "prefecture": "佐賀県",
    "prefecture_kana": "サガケン",
    "prefecture_code": 41,
    "city": "唐津市",
    "city_kana": "カラツシ",
    "town": "呼子町呼子",
    "town_kana": "ヨブコチョウヨブコ",
    "street": "１９９５−１",
    "office_name": "唐津市　呼子支所",
    "office_name_kana": "カラツシ ヨブコシシヨ"
  },
  "0393": {
    "postcode": "8470393",
    "prefecture": "佐賀県",
    "prefecture_kana": "サガケン",
    "prefecture_code": 41,
    "city": "唐津市",
    "city_kana": "カラツシ",
    "town": "鎮西町岩野",
    "town_kana": "チンゼイマチイワノ",
    "street": "２６９−１",
    "office_name": "唐津農業協同組合　上場地区営農本部",
    "office_name_kana": "カラツノウギヨウキヨウドウクミアイ ウワバチクエイノウホンブ"
  },
  "0401": {
    "postcode": "8470401",
    "prefecture": "佐賀県",
    "prefecture_kana": "サガケン",
    "prefecture_code": 41,
    "city": "唐津市",
    "city_kana": "カラツシ",
    "town": "鎮西町名護屋",
    "town_kana": "チンゼイマチナゴヤ",
    "street": null,
    "office_name": null,
    "office_name_kana": null
  },
  "0402": {
    "postcode": "8470402",
    "prefecture": "佐賀県",
    "prefecture_kana": "サガケン",
    "prefecture_code": 41,
    "city": "唐津市",
    "city_kana": "カラツシ",
    "town": "鎮西町野元",
    "town_kana": "チンゼイマチノモト",
    "street": null,
    "office_name": null,
    "office_name_kana": null
  },
  "0403": {
    "postcode": "8470403",
    "prefecture": "佐賀県",
    "prefecture_kana": "サガケン",
    "prefecture_code": 41,
    "city": "唐津市",
    "city_kana": "カラツシ",
    "town": "鎮西町串",
    "town_kana": "チンゼイマチクシ",
    "street": null,
    "office_name": null,
    "office_name_kana": null
  },
  "0404": {
    "postcode": "8470404",
    "prefecture": "佐賀県",
    "prefecture_kana": "サガケン",
    "prefecture_code": 41,
    "city": "唐津市",
    "city_kana": "カラツシ",
    "town": "鎮西町波戸",
    "town_kana": "チンゼイマチハド",
    "street": null,
    "office_name": null,
    "office_name_kana": null
  },
  "0405": {
    "postcode": "8470405",
    "prefecture": "佐賀県",
    "prefecture_kana": "サガケン",
    "prefecture_code": 41,
    "city": "唐津市",
    "city_kana": "カラツシ",
    "town": "鎮西町馬渡島",
    "town_kana": "チンゼイマチマダラシマ",
    "street": null,
    "office_name": null,
    "office_name_kana": null
  },
  "0406": {
    "postcode": "8470406",
    "prefecture": "佐賀県",
    "prefecture_kana": "サガケン",
    "prefecture_code": 41,
    "city": "唐津市",
    "city_kana": "カラツシ",
    "town": "鎮西町松島",
    "town_kana": "チンゼイマチマツシマ",
    "street": null,
    "office_name": null,
    "office_name_kana": null
  },
  "0801": {
    "postcode": "8470801",
    "prefecture": "佐賀県",
    "prefecture_kana": "サガケン",
    "prefecture_code": 41,
    "city": "唐津市",
    "city_kana": "カラツシ",
    "town": "東山",
    "town_kana": "ヒガシヤマ",
    "street": null,
    "office_name": null,
    "office_name_kana": null
  },
  "0802": {
    "postcode": "8470802",
    "prefecture": "佐賀県",
    "prefecture_kana": "サガケン",
    "prefecture_code": 41,
    "city": "唐津市",
    "city_kana": "カラツシ",
    "town": "梨川内",
    "town_kana": "ナシガワチ",
    "street": null,
    "office_name": null,
    "office_name_kana": null
  },
  "0803": {
    "postcode": "8470803",
    "prefecture": "佐賀県",
    "prefecture_kana": "サガケン",
    "prefecture_code": 41,
    "city": "唐津市",
    "city_kana": "カラツシ",
    "town": "大良",
    "town_kana": "ダイラ",
    "street": null,
    "office_name": null,
    "office_name_kana": null
  },
  "0804": {
    "postcode": "8470804",
    "prefecture": "佐賀県",
    "prefecture_kana": "サガケン",
    "prefecture_code": 41,
    "city": "唐津市",
    "city_kana": "カラツシ",
    "town": "後川内",
    "town_kana": "ウシロガワチ",
    "street": null,
    "office_name": null,
    "office_name_kana": null
  },
  "0811": {
    "postcode": "8470811",
    "prefecture": "佐賀県",
    "prefecture_kana": "サガケン",
    "prefecture_code": 41,
    "city": "唐津市",
    "city_kana": "カラツシ",
    "town": "八百屋町",
    "town_kana": "ヤオヤマチ",
    "street": null,
    "office_name": null,
    "office_name_kana": null
  },
  "0812": {
    "postcode": "8470812",
    "prefecture": "佐賀県",
    "prefecture_kana": "サガケン",
    "prefecture_code": 41,
    "city": "唐津市",
    "city_kana": "カラツシ",
    "town": "平野町",
    "town_kana": "ヒラノマチ",
    "street": null,
    "office_name": null,
    "office_name_kana": null
  },
  "0813": {
    "postcode": "8470813",
    "prefecture": "佐賀県",
    "prefecture_kana": "サガケン",
    "prefecture_code": 41,
    "city": "唐津市",
    "city_kana": "カラツシ",
    "town": "新町",
    "town_kana": "シンマチ",
    "street": null,
    "office_name": null,
    "office_name_kana": null
  },
  "0814": {
    "postcode": "8470814",
    "prefecture": "佐賀県",
    "prefecture_kana": "サガケン",
    "prefecture_code": 41,
    "city": "唐津市",
    "city_kana": "カラツシ",
    "town": "弓鷹町",
    "town_kana": "ユミタカマチ",
    "street": null,
    "office_name": null,
    "office_name_kana": null
  },
  "0815": {
    "postcode": "8470815",
    "prefecture": "佐賀県",
    "prefecture_kana": "サガケン",
    "prefecture_code": 41,
    "city": "唐津市",
    "city_kana": "カラツシ",
    "town": "西寺町",
    "town_kana": "ニシデラマチ",
    "street": null,
    "office_name": null,
    "office_name_kana": null
  },
  "0816": [
    {
      "postcode": "8470816",
      "prefecture": "佐賀県",
      "prefecture_kana": "サガケン",
      "prefecture_code": 41,
      "city": "唐津市",
      "city_kana": "カラツシ",
      "town": "新興町",
      "town_kana": "シンコウマチ",
      "street": null,
      "office_name": null,
      "office_name_kana": null
    },
    {
      "postcode": "8470816",
      "prefecture": "佐賀県",
      "prefecture_kana": "サガケン",
      "prefecture_code": 41,
      "city": "唐津市",
      "city_kana": "カラツシ",
      "town": "新興町西新興町",
      "town_kana": "シンコウマチニシシンコウマチ",
      "street": null,
      "office_name": null,
      "office_name_kana": null
    }
  ],
  "0817": {
    "postcode": "8470817",
    "prefecture": "佐賀県",
    "prefecture_kana": "サガケン",
    "prefecture_code": 41,
    "city": "唐津市",
    "city_kana": "カラツシ",
    "town": "熊原町",
    "town_kana": "クマノハラマチ",
    "street": null,
    "office_name": null,
    "office_name_kana": null
  },
  "0821": {
    "postcode": "8470821",
    "prefecture": "佐賀県",
    "prefecture_kana": "サガケン",
    "prefecture_code": 41,
    "city": "唐津市",
    "city_kana": "カラツシ",
    "town": "町田",
    "town_kana": "チョウダ",
    "street": null,
    "office_name": null,
    "office_name_kana": null
  },
  "0822": {
    "postcode": "8470822",
    "prefecture": "佐賀県",
    "prefecture_kana": "サガケン",
    "prefecture_code": 41,
    "city": "唐津市",
    "city_kana": "カラツシ",
    "town": "長谷",
    "town_kana": "ナガタニ",
    "street": null,
    "office_name": null,
    "office_name_kana": null
  },
  "0823": {
    "postcode": "8470823",
    "prefecture": "佐賀県",
    "prefecture_kana": "サガケン",
    "prefecture_code": 41,
    "city": "唐津市",
    "city_kana": "カラツシ",
    "town": "旭が丘",
    "town_kana": "アサヒガオカ",
    "street": null,
    "office_name": null,
    "office_name_kana": null
  },
  "0824": {
    "postcode": "8470824",
    "prefecture": "佐賀県",
    "prefecture_kana": "サガケン",
    "prefecture_code": 41,
    "city": "唐津市",
    "city_kana": "カラツシ",
    "town": "神田",
    "town_kana": "コウダ",
    "street": null,
    "office_name": null,
    "office_name_kana": null
  },
  "0825": {
    "postcode": "8470825",
    "prefecture": "佐賀県",
    "prefecture_kana": "サガケン",
    "prefecture_code": 41,
    "city": "唐津市",
    "city_kana": "カラツシ",
    "town": "見借",
    "town_kana": "ミルカシ",
    "street": null,
    "office_name": null,
    "office_name_kana": null
  },
  "0831": {
    "postcode": "8470831",
    "prefecture": "佐賀県",
    "prefecture_kana": "サガケン",
    "prefecture_code": 41,
    "city": "唐津市",
    "city_kana": "カラツシ",
    "town": "千々賀",
    "town_kana": "チチカ",
    "street": null,
    "office_name": null,
    "office_name_kana": null
  },
  "0832": {
    "postcode": "8470832",
    "prefecture": "佐賀県",
    "prefecture_kana": "サガケン",
    "prefecture_code": 41,
    "city": "唐津市",
    "city_kana": "カラツシ",
    "town": "石志",
    "town_kana": "イシシ",
    "street": null,
    "office_name": null,
    "office_name_kana": null
  },
  "0833": {
    "postcode": "8470833",
    "prefecture": "佐賀県",
    "prefecture_kana": "サガケン",
    "prefecture_code": 41,
    "city": "唐津市",
    "city_kana": "カラツシ",
    "town": "畑島",
    "town_kana": "ハタシマ",
    "street": null,
    "office_name": null,
    "office_name_kana": null
  },
  "0834": {
    "postcode": "8470834",
    "prefecture": "佐賀県",
    "prefecture_kana": "サガケン",
    "prefecture_code": 41,
    "city": "唐津市",
    "city_kana": "カラツシ",
    "town": "山田",
    "town_kana": "ヤマダ",
    "street": null,
    "office_name": null,
    "office_name_kana": null
  },
  "0841": {
    "postcode": "8470841",
    "prefecture": "佐賀県",
    "prefecture_kana": "サガケン",
    "prefecture_code": 41,
    "city": "唐津市",
    "city_kana": "カラツシ",
    "town": "朝日町",
    "town_kana": "アサヒマチ",
    "street": null,
    "office_name": null,
    "office_name_kana": null
  },
  "0842": {
    "postcode": "8470842",
    "prefecture": "佐賀県",
    "prefecture_kana": "サガケン",
    "prefecture_code": 41,
    "city": "唐津市",
    "city_kana": "カラツシ",
    "town": "山下町",
    "town_kana": "ヤマシタマチ",
    "street": null,
    "office_name": null,
    "office_name_kana": null
  },
  "0843": {
    "postcode": "8470843",
    "prefecture": "佐賀県",
    "prefecture_kana": "サガケン",
    "prefecture_code": 41,
    "city": "唐津市",
    "city_kana": "カラツシ",
    "town": "桜馬場",
    "town_kana": "サクラノババ",
    "street": null,
    "office_name": null,
    "office_name_kana": null
  },
  "0844": {
    "postcode": "8470844",
    "prefecture": "佐賀県",
    "prefecture_kana": "サガケン",
    "prefecture_code": 41,
    "city": "唐津市",
    "city_kana": "カラツシ",
    "town": "菜畑",
    "town_kana": "ナバタケ",
    "street": null,
    "office_name": null,
    "office_name_kana": null
  },
  "0851": {
    "postcode": "8470851",
    "prefecture": "佐賀県",
    "prefecture_kana": "サガケン",
    "prefecture_code": 41,
    "city": "唐津市",
    "city_kana": "カラツシ",
    "town": "富士見町",
    "town_kana": "フジミマチ",
    "street": null,
    "office_name": null,
    "office_name_kana": null
  },
  "0852": {
    "postcode": "8470852",
    "prefecture": "佐賀県",
    "prefecture_kana": "サガケン",
    "prefecture_code": 41,
    "city": "唐津市",
    "city_kana": "カラツシ",
    "town": "元旗町",
    "town_kana": "モトハタマチ",
    "street": null,
    "office_name": null,
    "office_name_kana": null
  },
  "0853": {
    "postcode": "8470853",
    "prefecture": "佐賀県",
    "prefecture_kana": "サガケン",
    "prefecture_code": 41,
    "city": "唐津市",
    "city_kana": "カラツシ",
    "town": "江川町",
    "town_kana": "エガワマチ",
    "street": null,
    "office_name": null,
    "office_name_kana": null
  },
  "0854": {
    "postcode": "8470854",
    "prefecture": "佐賀県",
    "prefecture_kana": "サガケン",
    "prefecture_code": 41,
    "city": "唐津市",
    "city_kana": "カラツシ",
    "town": "西旗町",
    "town_kana": "ニシハタマチ",
    "street": null,
    "office_name": null,
    "office_name_kana": null
  },
  "0855": {
    "postcode": "8470855",
    "prefecture": "佐賀県",
    "prefecture_kana": "サガケン",
    "prefecture_code": 41,
    "city": "唐津市",
    "city_kana": "カラツシ",
    "town": "西浜町",
    "town_kana": "ニシハママチ",
    "street": null,
    "office_name": null,
    "office_name_kana": null
  },
  "0861": {
    "postcode": "8470861",
    "prefecture": "佐賀県",
    "prefecture_kana": "サガケン",
    "prefecture_code": 41,
    "city": "唐津市",
    "city_kana": "カラツシ",
    "town": "二タ子",
    "town_kana": "フタゴ",
    "street": null,
    "office_name": null,
    "office_name_kana": null
  },
  "0862": {
    "postcode": "8470862",
    "prefecture": "佐賀県",
    "prefecture_kana": "サガケン",
    "prefecture_code": 41,
    "city": "唐津市",
    "city_kana": "カラツシ",
    "town": "中山町",
    "town_kana": "ナカヤママチ",
    "street": null,
    "office_name": null,
    "office_name_kana": null
  },
  "0863": {
    "postcode": "8470863",
    "prefecture": "佐賀県",
    "prefecture_kana": "サガケン",
    "prefecture_code": 41,
    "city": "唐津市",
    "city_kana": "カラツシ",
    "town": "妙見町",
    "town_kana": "ミョウケンマチ",
    "street": null,
    "office_name": null,
    "office_name_kana": null
  },
  "0871": {
    "postcode": "8470871",
    "prefecture": "佐賀県",
    "prefecture_kana": "サガケン",
    "prefecture_code": 41,
    "city": "唐津市",
    "city_kana": "カラツシ",
    "town": "東大島町",
    "town_kana": "ヒガシオオシママチ",
    "street": null,
    "office_name": null,
    "office_name_kana": null
  },
  "0872": {
    "postcode": "8470872",
    "prefecture": "佐賀県",
    "prefecture_kana": "サガケン",
    "prefecture_code": 41,
    "city": "唐津市",
    "city_kana": "カラツシ",
    "town": "西大島町",
    "town_kana": "ニシオオシママチ",
    "street": null,
    "office_name": null,
    "office_name_kana": null
  },
  "0873": {
    "postcode": "8470873",
    "prefecture": "佐賀県",
    "prefecture_kana": "サガケン",
    "prefecture_code": 41,
    "city": "唐津市",
    "city_kana": "カラツシ",
    "town": "海岸通",
    "town_kana": "カイガンドオリ",
    "street": null,
    "office_name": null,
    "office_name_kana": null
  },
  "0874": {
    "postcode": "8470874",
    "prefecture": "佐賀県",
    "prefecture_kana": "サガケン",
    "prefecture_code": 41,
    "city": "唐津市",
    "city_kana": "カラツシ",
    "town": "藤崎通",
    "town_kana": "フジサキドオリ",
    "street": null,
    "office_name": null,
    "office_name_kana": null
  },
  "0875": {
    "postcode": "8470875",
    "prefecture": "佐賀県",
    "prefecture_kana": "サガケン",
    "prefecture_code": 41,
    "city": "唐津市",
    "city_kana": "カラツシ",
    "town": "西唐津",
    "town_kana": "ニシカラツ",
    "street": null,
    "office_name": null,
    "office_name_kana": null
  },
  "0876": {
    "postcode": "8470876",
    "prefecture": "佐賀県",
    "prefecture_kana": "サガケン",
    "prefecture_code": 41,
    "city": "唐津市",
    "city_kana": "カラツシ",
    "town": "南富士見町",
    "town_kana": "ミナミフジミチョウ",
    "street": null,
    "office_name": null,
    "office_name_kana": null
  },
  "0881": {
    "postcode": "8470881",
    "prefecture": "佐賀県",
    "prefecture_kana": "サガケン",
    "prefecture_code": 41,
    "city": "唐津市",
    "city_kana": "カラツシ",
    "town": "竹木場",
    "town_kana": "タケコバ",
    "street": null,
    "office_name": null,
    "office_name_kana": null
  },
  "0882": {
    "postcode": "8470882",
    "prefecture": "佐賀県",
    "prefecture_kana": "サガケン",
    "prefecture_code": 41,
    "city": "唐津市",
    "city_kana": "カラツシ",
    "town": "菅牟田",
    "town_kana": "スガムタ",
    "street": null,
    "office_name": null,
    "office_name_kana": null
  },
  "0883": {
    "postcode": "8470883",
    "prefecture": "佐賀県",
    "prefecture_kana": "サガケン",
    "prefecture_code": 41,
    "city": "唐津市",
    "city_kana": "カラツシ",
    "town": "重河内",
    "town_kana": "シゲカワチ",
    "street": null,
    "office_name": null,
    "office_name_kana": null
  },
  "0884": {
    "postcode": "8470884",
    "prefecture": "佐賀県",
    "prefecture_kana": "サガケン",
    "prefecture_code": 41,
    "city": "唐津市",
    "city_kana": "カラツシ",
    "town": "熊ノ峰",
    "town_kana": "クマノミネ",
    "street": null,
    "office_name": null,
    "office_name_kana": null
  },
  "0885": {
    "postcode": "8470885",
    "prefecture": "佐賀県",
    "prefecture_kana": "サガケン",
    "prefecture_code": 41,
    "city": "唐津市",
    "city_kana": "カラツシ",
    "town": "唐川",
    "town_kana": "トウノカワ",
    "street": null,
    "office_name": null,
    "office_name_kana": null
  },
  "1101": {
    "postcode": "8471101",
    "prefecture": "佐賀県",
    "prefecture_kana": "サガケン",
    "prefecture_code": 41,
    "city": "唐津市",
    "city_kana": "カラツシ",
    "town": "七山荒川",
    "town_kana": "ナナヤマアラカワ",
    "street": null,
    "office_name": null,
    "office_name_kana": null
  },
  "1102": {
    "postcode": "8471102",
    "prefecture": "佐賀県",
    "prefecture_kana": "サガケン",
    "prefecture_code": 41,
    "city": "唐津市",
    "city_kana": "カラツシ",
    "town": "七山馬川",
    "town_kana": "ナナヤママノカワ",
    "street": null,
    "office_name": null,
    "office_name_kana": null
  },
  "1103": {
    "postcode": "8471103",
    "prefecture": "佐賀県",
    "prefecture_kana": "サガケン",
    "prefecture_code": 41,
    "city": "唐津市",
    "city_kana": "カラツシ",
    "town": "七山池原",
    "town_kana": "ナナヤマイケバル",
    "street": null,
    "office_name": null,
    "office_name_kana": null
  },
  "1104": {
    "postcode": "8471104",
    "prefecture": "佐賀県",
    "prefecture_kana": "サガケン",
    "prefecture_code": 41,
    "city": "唐津市",
    "city_kana": "カラツシ",
    "town": "七山木浦",
    "town_kana": "ナナヤマキウラ",
    "street": null,
    "office_name": null,
    "office_name_kana": null
  },
  "1105": {
    "postcode": "8471105",
    "prefecture": "佐賀県",
    "prefecture_kana": "サガケン",
    "prefecture_code": 41,
    "city": "唐津市",
    "city_kana": "カラツシ",
    "town": "七山仁部",
    "town_kana": "ナナヤマニブ",
    "street": null,
    "office_name": null,
    "office_name_kana": null
  },
  "1106": {
    "postcode": "8471106",
    "prefecture": "佐賀県",
    "prefecture_kana": "サガケン",
    "prefecture_code": 41,
    "city": "唐津市",
    "city_kana": "カラツシ",
    "town": "七山滝川",
    "town_kana": "ナナヤマタキガワ",
    "street": null,
    "office_name": null,
    "office_name_kana": null
  },
  "1107": {
    "postcode": "8471107",
    "prefecture": "佐賀県",
    "prefecture_kana": "サガケン",
    "prefecture_code": 41,
    "city": "唐津市",
    "city_kana": "カラツシ",
    "town": "七山藤川",
    "town_kana": "ナナヤマフジカワ",
    "street": null,
    "office_name": null,
    "office_name_kana": null
  },
  "1108": {
    "postcode": "8471108",
    "prefecture": "佐賀県",
    "prefecture_kana": "サガケン",
    "prefecture_code": 41,
    "city": "唐津市",
    "city_kana": "カラツシ",
    "town": "七山白木",
    "town_kana": "ナナヤマシラキ",
    "street": null,
    "office_name": null,
    "office_name_kana": null
  },
  "1201": {
    "postcode": "8471201",
    "prefecture": "佐賀県",
    "prefecture_kana": "サガケン",
    "prefecture_code": 41,
    "city": "唐津市",
    "city_kana": "カラツシ",
    "town": "北波多徳須恵",
    "town_kana": "キタハタトクスエ",
    "street": null,
    "office_name": null,
    "office_name_kana": null
  },
  "1202": {
    "postcode": "8471202",
    "prefecture": "佐賀県",
    "prefecture_kana": "サガケン",
    "prefecture_code": 41,
    "city": "唐津市",
    "city_kana": "カラツシ",
    "town": "北波多田中",
    "town_kana": "キタハタタナカ",
    "street": null,
    "office_name": null,
    "office_name_kana": null
  },
  "1203": {
    "postcode": "8471203",
    "prefecture": "佐賀県",
    "prefecture_kana": "サガケン",
    "prefecture_code": 41,
    "city": "唐津市",
    "city_kana": "カラツシ",
    "town": "北波多山彦",
    "town_kana": "キタハタヤマヒコ",
    "street": null,
    "office_name": null,
    "office_name_kana": null
  },
  "1211": {
    "postcode": "8471211",
    "prefecture": "佐賀県",
    "prefecture_kana": "サガケン",
    "prefecture_code": 41,
    "city": "唐津市",
    "city_kana": "カラツシ",
    "town": "北波多岸山",
    "town_kana": "キタハタキシヤマ",
    "street": null,
    "office_name": null,
    "office_name_kana": null
  },
  "1212": {
    "postcode": "8471212",
    "prefecture": "佐賀県",
    "prefecture_kana": "サガケン",
    "prefecture_code": 41,
    "city": "唐津市",
    "city_kana": "カラツシ",
    "town": "北波多大杉",
    "town_kana": "キタハタオオスギ",
    "street": null,
    "office_name": null,
    "office_name_kana": null
  },
  "1213": {
    "postcode": "8471213",
    "prefecture": "佐賀県",
    "prefecture_kana": "サガケン",
    "prefecture_code": 41,
    "city": "唐津市",
    "city_kana": "カラツシ",
    "town": "北波多竹有",
    "town_kana": "キタハタタケアリ",
    "street": null,
    "office_name": null,
    "office_name_kana": null
  },
  "1214": {
    "postcode": "8471214",
    "prefecture": "佐賀県",
    "prefecture_kana": "サガケン",
    "prefecture_code": 41,
    "city": "唐津市",
    "city_kana": "カラツシ",
    "town": "北波多稗田",
    "town_kana": "キタハタヒエダ",
    "street": null,
    "office_name": null,
    "office_name_kana": null
  },
  "1221": {
    "postcode": "8471221",
    "prefecture": "佐賀県",
    "prefecture_kana": "サガケン",
    "prefecture_code": 41,
    "city": "唐津市",
    "city_kana": "カラツシ",
    "town": "北波多上平野",
    "town_kana": "キタハタカミヒラノ",
    "street": null,
    "office_name": null,
    "office_name_kana": null
  },
  "1222": {
    "postcode": "8471222",
    "prefecture": "佐賀県",
    "prefecture_kana": "サガケン",
    "prefecture_code": 41,
    "city": "唐津市",
    "city_kana": "カラツシ",
    "town": "北波多成渕",
    "town_kana": "キタハタナルフチ",
    "street": null,
    "office_name": null,
    "office_name_kana": null
  },
  "1223": {
    "postcode": "8471223",
    "prefecture": "佐賀県",
    "prefecture_kana": "サガケン",
    "prefecture_code": 41,
    "city": "唐津市",
    "city_kana": "カラツシ",
    "town": "北波多下平野",
    "town_kana": "キタハタシモヒラノ",
    "street": null,
    "office_name": null,
    "office_name_kana": null
  },
  "1224": {
    "postcode": "8471224",
    "prefecture": "佐賀県",
    "prefecture_kana": "サガケン",
    "prefecture_code": 41,
    "city": "唐津市",
    "city_kana": "カラツシ",
    "town": "北波多行合野",
    "town_kana": "キタハタユキアイノ",
    "street": null,
    "office_name": null,
    "office_name_kana": null
  },
  "1225": {
    "postcode": "8471225",
    "prefecture": "佐賀県",
    "prefecture_kana": "サガケン",
    "prefecture_code": 41,
    "city": "唐津市",
    "city_kana": "カラツシ",
    "town": "北波多志気",
    "town_kana": "キタハタシゲ",
    "street": null,
    "office_name": null,
    "office_name_kana": null
  },
  "1292": {
    "postcode": "8471292",
    "prefecture": "佐賀県",
    "prefecture_kana": "サガケン",
    "prefecture_code": 41,
    "city": "唐津市",
    "city_kana": "カラツシ",
    "town": "北波多徳須恵",
    "town_kana": "キタハタトクスエ",
    "street": "１０９７−４",
    "office_name": "唐津市役所　北波多支所",
    "office_name_kana": "カラツシヤクシヨ キタハタシシヨ"
  },
  "1400": {
    "postcode": "8471400",
    "prefecture": "佐賀県",
    "prefecture_kana": "サガケン",
    "prefecture_code": 41,
    "city": "東松浦郡玄海町",
    "city_kana": "ヒガシマツウラグンゲンカイチョウ",
    "town": "",
    "town_kana": "",
    "street": null,
    "office_name": null,
    "office_name_kana": null
  },
  "1401": {
    "postcode": "8471401",
    "prefecture": "佐賀県",
    "prefecture_kana": "サガケン",
    "prefecture_code": 41,
    "city": "東松浦郡玄海町",
    "city_kana": "ヒガシマツウラグンゲンカイチョウ",
    "town": "小加倉",
    "town_kana": "コガクラ",
    "street": null,
    "office_name": null,
    "office_name_kana": null
  },
  "1402": {
    "postcode": "8471402",
    "prefecture": "佐賀県",
    "prefecture_kana": "サガケン",
    "prefecture_code": 41,
    "city": "東松浦郡玄海町",
    "city_kana": "ヒガシマツウラグンゲンカイチョウ",
    "town": "有浦下",
    "town_kana": "アリウラシモ",
    "street": null,
    "office_name": null,
    "office_name_kana": null
  },
  "1403": {
    "postcode": "8471403",
    "prefecture": "佐賀県",
    "prefecture_kana": "サガケン",
    "prefecture_code": 41,
    "city": "東松浦郡玄海町",
    "city_kana": "ヒガシマツウラグンゲンカイチョウ",
    "town": "有浦上",
    "town_kana": "アリウラカミ",
    "street": null,
    "office_name": null,
    "office_name_kana": null
  },
  "1404": {
    "postcode": "8471404",
    "prefecture": "佐賀県",
    "prefecture_kana": "サガケン",
    "prefecture_code": 41,
    "city": "東松浦郡玄海町",
    "city_kana": "ヒガシマツウラグンゲンカイチョウ",
    "town": "長倉",
    "town_kana": "ナガクラ",
    "street": null,
    "office_name": null,
    "office_name_kana": null
  },
  "1405": {
    "postcode": "8471405",
    "prefecture": "佐賀県",
    "prefecture_kana": "サガケン",
    "prefecture_code": 41,
    "city": "東松浦郡玄海町",
    "city_kana": "ヒガシマツウラグンゲンカイチョウ",
    "town": "藤平",
    "town_kana": "フジヒラ",
    "street": null,
    "office_name": null,
    "office_name_kana": null
  },
  "1411": {
    "postcode": "8471411",
    "prefecture": "佐賀県",
    "prefecture_kana": "サガケン",
    "prefecture_code": 41,
    "city": "東松浦郡玄海町",
    "city_kana": "ヒガシマツウラグンゲンカイチョウ",
    "town": "轟木",
    "town_kana": "トドロキ",
    "street": null,
    "office_name": null,
    "office_name_kana": null
  },
  "1412": {
    "postcode": "8471412",
    "prefecture": "佐賀県",
    "prefecture_kana": "サガケン",
    "prefecture_code": 41,
    "city": "東松浦郡玄海町",
    "city_kana": "ヒガシマツウラグンゲンカイチョウ",
    "town": "田代",
    "town_kana": "タシロ",
    "street": null,
    "office_name": null,
    "office_name_kana": null
  },
  "1413": {
    "postcode": "8471413",
    "prefecture": "佐賀県",
    "prefecture_kana": "サガケン",
    "prefecture_code": 41,
    "city": "東松浦郡玄海町",
    "city_kana": "ヒガシマツウラグンゲンカイチョウ",
    "town": "大鳥",
    "town_kana": "オオトリ",
    "street": null,
    "office_name": null,
    "office_name_kana": null
  },
  "1414": {
    "postcode": "8471414",
    "prefecture": "佐賀県",
    "prefecture_kana": "サガケン",
    "prefecture_code": 41,
    "city": "東松浦郡玄海町",
    "city_kana": "ヒガシマツウラグンゲンカイチョウ",
    "town": "湯野尾",
    "town_kana": "ユノオ",
    "street": null,
    "office_name": null,
    "office_name_kana": null
  },
  "1415": {
    "postcode": "8471415",
    "prefecture": "佐賀県",
    "prefecture_kana": "サガケン",
    "prefecture_code": 41,
    "city": "東松浦郡玄海町",
    "city_kana": "ヒガシマツウラグンゲンカイチョウ",
    "town": "座川内",
    "town_kana": "ソソロガワチ",
    "street": null,
    "office_name": null,
    "office_name_kana": null
  },
  "1416": {
    "postcode": "8471416",
    "prefecture": "佐賀県",
    "prefecture_kana": "サガケン",
    "prefecture_code": 41,
    "city": "東松浦郡玄海町",
    "city_kana": "ヒガシマツウラグンゲンカイチョウ",
    "town": "牟形",
    "town_kana": "ムカタ",
    "street": null,
    "office_name": null,
    "office_name_kana": null
  },
  "1421": {
    "postcode": "8471421",
    "prefecture": "佐賀県",
    "prefecture_kana": "サガケン",
    "prefecture_code": 41,
    "city": "東松浦郡玄海町",
    "city_kana": "ヒガシマツウラグンゲンカイチョウ",
    "town": "諸浦",
    "town_kana": "モロウラ",
    "street": null,
    "office_name": null,
    "office_name_kana": null
  },
  "1422": {
    "postcode": "8471422",
    "prefecture": "佐賀県",
    "prefecture_kana": "サガケン",
    "prefecture_code": 41,
    "city": "東松浦郡玄海町",
    "city_kana": "ヒガシマツウラグンゲンカイチョウ",
    "town": "新田",
    "town_kana": "シンデン",
    "street": null,
    "office_name": null,
    "office_name_kana": null
  },
  "1423": {
    "postcode": "8471423",
    "prefecture": "佐賀県",
    "prefecture_kana": "サガケン",
    "prefecture_code": 41,
    "city": "東松浦郡玄海町",
    "city_kana": "ヒガシマツウラグンゲンカイチョウ",
    "town": "石田",
    "town_kana": "イシダ",
    "street": null,
    "office_name": null,
    "office_name_kana": null
  },
  "1424": {
    "postcode": "8471424",
    "prefecture": "佐賀県",
    "prefecture_kana": "サガケン",
    "prefecture_code": 41,
    "city": "東松浦郡玄海町",
    "city_kana": "ヒガシマツウラグンゲンカイチョウ",
    "town": "栄",
    "town_kana": "サカエ",
    "street": null,
    "office_name": null,
    "office_name_kana": null
  },
  "1425": {
    "postcode": "8471425",
    "prefecture": "佐賀県",
    "prefecture_kana": "サガケン",
    "prefecture_code": 41,
    "city": "東松浦郡玄海町",
    "city_kana": "ヒガシマツウラグンゲンカイチョウ",
    "town": "花の木",
    "town_kana": "ハナノキ",
    "street": null,
    "office_name": null,
    "office_name_kana": null
  },
  "1431": {
    "postcode": "8471431",
    "prefecture": "佐賀県",
    "prefecture_kana": "サガケン",
    "prefecture_code": 41,
    "city": "東松浦郡玄海町",
    "city_kana": "ヒガシマツウラグンゲンカイチョウ",
    "town": "普恩寺",
    "town_kana": "フオンジ",
    "street": null,
    "office_name": null,
    "office_name_kana": null
  },
  "1432": {
    "postcode": "8471432",
    "prefecture": "佐賀県",
    "prefecture_kana": "サガケン",
    "prefecture_code": 41,
    "city": "東松浦郡玄海町",
    "city_kana": "ヒガシマツウラグンゲンカイチョウ",
    "town": "平尾",
    "town_kana": "ヒラオ",
    "street": null,
    "office_name": null,
    "office_name_kana": null
  },
  "1433": {
    "postcode": "8471433",
    "prefecture": "佐賀県",
    "prefecture_kana": "サガケン",
    "prefecture_code": 41,
    "city": "東松浦郡玄海町",
    "city_kana": "ヒガシマツウラグンゲンカイチョウ",
    "town": "浜野浦",
    "town_kana": "ハマノウラ",
    "street": null,
    "office_name": null,
    "office_name_kana": null
  },
  "1434": {
    "postcode": "8471434",
    "prefecture": "佐賀県",
    "prefecture_kana": "サガケン",
    "prefecture_code": 41,
    "city": "東松浦郡玄海町",
    "city_kana": "ヒガシマツウラグンゲンカイチョウ",
    "town": "大薗",
    "town_kana": "オオゾノ",
    "street": null,
    "office_name": null,
    "office_name_kana": null
  },
  "1435": {
    "postcode": "8471435",
    "prefecture": "佐賀県",
    "prefecture_kana": "サガケン",
    "prefecture_code": 41,
    "city": "東松浦郡玄海町",
    "city_kana": "ヒガシマツウラグンゲンカイチョウ",
    "town": "仮屋",
    "town_kana": "カリヤ",
    "street": null,
    "office_name": null,
    "office_name_kana": null
  },
  "1441": {
    "postcode": "8471441",
    "prefecture": "佐賀県",
    "prefecture_kana": "サガケン",
    "prefecture_code": 41,
    "city": "東松浦郡玄海町",
    "city_kana": "ヒガシマツウラグンゲンカイチョウ",
    "town": "今村",
    "town_kana": "イマムラ",
    "street": null,
    "office_name": null,
    "office_name_kana": null
  },
  "1442": {
    "postcode": "8471442",
    "prefecture": "佐賀県",
    "prefecture_kana": "サガケン",
    "prefecture_code": 41,
    "city": "東松浦郡玄海町",
    "city_kana": "ヒガシマツウラグンゲンカイチョウ",
    "town": "値賀川内",
    "town_kana": "チカガワチ",
    "street": null,
    "office_name": null,
    "office_name_kana": null
  },
  "1443": {
    "postcode": "8471443",
    "prefecture": "佐賀県",
    "prefecture_kana": "サガケン",
    "prefecture_code": 41,
    "city": "東松浦郡玄海町",
    "city_kana": "ヒガシマツウラグンゲンカイチョウ",
    "town": "仮立",
    "town_kana": "カリダチ",
    "street": null,
    "office_name": null,
    "office_name_kana": null
  },
  "1444": {
    "postcode": "8471444",
    "prefecture": "佐賀県",
    "prefecture_kana": "サガケン",
    "prefecture_code": 41,
    "city": "東松浦郡玄海町",
    "city_kana": "ヒガシマツウラグンゲンカイチョウ",
    "town": "中通",
    "town_kana": "ナカドオリ",
    "street": null,
    "office_name": null,
    "office_name_kana": null
  },
  "1445": {
    "postcode": "8471445",
    "prefecture": "佐賀県",
    "prefecture_kana": "サガケン",
    "prefecture_code": 41,
    "city": "東松浦郡玄海町",
    "city_kana": "ヒガシマツウラグンゲンカイチョウ",
    "town": "下宮",
    "town_kana": "シモミヤ",
    "street": null,
    "office_name": null,
    "office_name_kana": null
  },
  "1446": {
    "postcode": "8471446",
    "prefecture": "佐賀県",
    "prefecture_kana": "サガケン",
    "prefecture_code": 41,
    "city": "東松浦郡玄海町",
    "city_kana": "ヒガシマツウラグンゲンカイチョウ",
    "town": "外津",
    "town_kana": "ホカワヅ",
    "street": null,
    "office_name": null,
    "office_name_kana": null
  },
  "1501": {
    "postcode": "8471501",
    "prefecture": "佐賀県",
    "prefecture_kana": "サガケン",
    "prefecture_code": 41,
    "city": "唐津市",
    "city_kana": "カラツシ",
    "town": "肥前町切木",
    "town_kana": "ヒゼンマチキリゴ",
    "street": null,
    "office_name": null,
    "office_name_kana": null
  },
  "1502": {
    "postcode": "8471502",
    "prefecture": "佐賀県",
    "prefecture_kana": "サガケン",
    "prefecture_code": 41,
    "city": "唐津市",
    "city_kana": "カラツシ",
    "town": "肥前町赤坂",
    "town_kana": "ヒゼンマチアカサカ",
    "street": null,
    "office_name": null,
    "office_name_kana": null
  },
  "1503": {
    "postcode": "8471503",
    "prefecture": "佐賀県",
    "prefecture_kana": "サガケン",
    "prefecture_code": 41,
    "city": "唐津市",
    "city_kana": "カラツシ",
    "town": "肥前町湯野浦",
    "town_kana": "ヒゼンマチユノウラ",
    "street": null,
    "office_name": null,
    "office_name_kana": null
  },
  "1504": {
    "postcode": "8471504",
    "prefecture": "佐賀県",
    "prefecture_kana": "サガケン",
    "prefecture_code": 41,
    "city": "唐津市",
    "city_kana": "カラツシ",
    "town": "肥前町中浦",
    "town_kana": "ヒゼンマチナカウラ",
    "street": null,
    "office_name": null,
    "office_name_kana": null
  },
  "1505": {
    "postcode": "8471505",
    "prefecture": "佐賀県",
    "prefecture_kana": "サガケン",
    "prefecture_code": 41,
    "city": "唐津市",
    "city_kana": "カラツシ",
    "town": "肥前町杉野浦",
    "town_kana": "ヒゼンマチスギノウラ",
    "street": null,
    "office_name": null,
    "office_name_kana": null
  },
  "1506": {
    "postcode": "8471506",
    "prefecture": "佐賀県",
    "prefecture_kana": "サガケン",
    "prefecture_code": 41,
    "city": "唐津市",
    "city_kana": "カラツシ",
    "town": "肥前町大浦",
    "town_kana": "ヒゼンマチオオウラ",
    "street": null,
    "office_name": null,
    "office_name_kana": null
  },
  "1507": {
    "postcode": "8471507",
    "prefecture": "佐賀県",
    "prefecture_kana": "サガケン",
    "prefecture_code": 41,
    "city": "唐津市",
    "city_kana": "カラツシ",
    "town": "肥前町満越",
    "town_kana": "ヒゼンマチミツコシ",
    "street": null,
    "office_name": null,
    "office_name_kana": null
  },
  "1511": {
    "postcode": "8471511",
    "prefecture": "佐賀県",
    "prefecture_kana": "サガケン",
    "prefecture_code": 41,
    "city": "唐津市",
    "city_kana": "カラツシ",
    "town": "肥前町新木場",
    "town_kana": "ヒゼンマチニイコバ",
    "street": null,
    "office_name": null,
    "office_name_kana": null
  },
  "1512": {
    "postcode": "8471512",
    "prefecture": "佐賀県",
    "prefecture_kana": "サガケン",
    "prefecture_code": 41,
    "city": "唐津市",
    "city_kana": "カラツシ",
    "town": "肥前町梅崎",
    "town_kana": "ヒゼンマチウメザキ",
    "street": null,
    "office_name": null,
    "office_name_kana": null
  },
  "1513": {
    "postcode": "8471513",
    "prefecture": "佐賀県",
    "prefecture_kana": "サガケン",
    "prefecture_code": 41,
    "city": "唐津市",
    "city_kana": "カラツシ",
    "town": "肥前町寺浦",
    "town_kana": "ヒゼンマチテラウラ",
    "street": null,
    "office_name": null,
    "office_name_kana": null
  },
  "1514": {
    "postcode": "8471514",
    "prefecture": "佐賀県",
    "prefecture_kana": "サガケン",
    "prefecture_code": 41,
    "city": "唐津市",
    "city_kana": "カラツシ",
    "town": "肥前町仁田野尾",
    "town_kana": "ヒゼンマチニタノオ",
    "street": null,
    "office_name": null,
    "office_name_kana": null
  },
  "1515": {
    "postcode": "8471515",
    "prefecture": "佐賀県",
    "prefecture_kana": "サガケン",
    "prefecture_code": 41,
    "city": "唐津市",
    "city_kana": "カラツシ",
    "town": "肥前町万賀里川",
    "town_kana": "ヒゼンマチマガリカワ",
    "street": null,
    "office_name": null,
    "office_name_kana": null
  },
  "1516": {
    "postcode": "8471516",
    "prefecture": "佐賀県",
    "prefecture_kana": "サガケン",
    "prefecture_code": 41,
    "city": "唐津市",
    "city_kana": "カラツシ",
    "town": "肥前町瓜ケ坂",
    "town_kana": "ヒゼンマチウリガサカ",
    "street": null,
    "office_name": null,
    "office_name_kana": null
  },
  "1517": {
    "postcode": "8471517",
    "prefecture": "佐賀県",
    "prefecture_kana": "サガケン",
    "prefecture_code": 41,
    "city": "唐津市",
    "city_kana": "カラツシ",
    "town": "肥前町上ケ倉",
    "town_kana": "ヒゼンマチアゲクラ",
    "street": null,
    "office_name": null,
    "office_name_kana": null
  },
  "1521": {
    "postcode": "8471521",
    "prefecture": "佐賀県",
    "prefecture_kana": "サガケン",
    "prefecture_code": 41,
    "city": "唐津市",
    "city_kana": "カラツシ",
    "town": "肥前町田野",
    "town_kana": "ヒゼンマチタノ",
    "street": null,
    "office_name": null,
    "office_name_kana": null
  },
  "1522": {
    "postcode": "8471522",
    "prefecture": "佐賀県",
    "prefecture_kana": "サガケン",
    "prefecture_code": 41,
    "city": "唐津市",
    "city_kana": "カラツシ",
    "town": "肥前町犬頭",
    "town_kana": "ヒゼンマチイヌガシラ",
    "street": null,
    "office_name": null,
    "office_name_kana": null
  },
  "1523": {
    "postcode": "8471523",
    "prefecture": "佐賀県",
    "prefecture_kana": "サガケン",
    "prefecture_code": 41,
    "city": "唐津市",
    "city_kana": "カラツシ",
    "town": "肥前町星賀",
    "town_kana": "ヒゼンマチホシカ",
    "street": null,
    "office_name": null,
    "office_name_kana": null
  },
  "1524": {
    "postcode": "8471524",
    "prefecture": "佐賀県",
    "prefecture_kana": "サガケン",
    "prefecture_code": 41,
    "city": "唐津市",
    "city_kana": "カラツシ",
    "town": "肥前町向島",
    "town_kana": "ヒゼンマチムクシマ",
    "street": null,
    "office_name": null,
    "office_name_kana": null
  },
  "1525": {
    "postcode": "8471525",
    "prefecture": "佐賀県",
    "prefecture_kana": "サガケン",
    "prefecture_code": 41,
    "city": "唐津市",
    "city_kana": "カラツシ",
    "town": "肥前町納所",
    "town_kana": "ヒゼンマチノウサ",
    "street": null,
    "office_name": null,
    "office_name_kana": null
  },
  "1526": {
    "postcode": "8471526",
    "prefecture": "佐賀県",
    "prefecture_kana": "サガケン",
    "prefecture_code": 41,
    "city": "唐津市",
    "city_kana": "カラツシ",
    "town": "肥前町入野",
    "town_kana": "ヒゼンマチイリノ",
    "street": null,
    "office_name": null,
    "office_name_kana": null
  },
  "1527": {
    "postcode": "8471527",
    "prefecture": "佐賀県",
    "prefecture_kana": "サガケン",
    "prefecture_code": 41,
    "city": "唐津市",
    "city_kana": "カラツシ",
    "town": "肥前町鶴牧",
    "town_kana": "ヒゼンマチツルマキ",
    "street": null,
    "office_name": null,
    "office_name_kana": null
  },
  "8511": {
    "postcode": "8478511",
    "prefecture": "佐賀県",
    "prefecture_kana": "サガケン",
    "prefecture_code": 41,
    "city": "唐津市",
    "city_kana": "カラツシ",
    "town": "西城内",
    "town_kana": "ニシジョウナイ",
    "street": "１−１",
    "office_name": "唐津市役所",
    "office_name_kana": "カラツシヤクシヨ"
  },
  "8555": {
    "postcode": "8478555",
    "prefecture": "佐賀県",
    "prefecture_kana": "サガケン",
    "prefecture_code": 41,
    "city": "唐津市",
    "city_kana": "カラツシ",
    "town": "鏡",
    "town_kana": "カガミ",
    "street": "北牟田４３３７−１",
    "office_name": "シフトプラス　株式会社　佐賀営業所",
    "office_name_kana": "シフトプラス カブシキガイシヤ サガエイギヨウシヨ"
  },
  "8588": {
    "postcode": "8478588",
    "prefecture": "佐賀県",
    "prefecture_kana": "サガケン",
    "prefecture_code": 41,
    "city": "唐津市",
    "city_kana": "カラツシ",
    "town": "和多田",
    "town_kana": null,
    "street": "２４３０",
    "office_name": "日本赤十字社　唐津赤十字病院",
    "office_name_kana": "ニホンセキジユウジシヤ カラツセキジユウジビヨウイン"
  },
  "8601": {
    "postcode": "8478601",
    "prefecture": "佐賀県",
    "prefecture_kana": "サガケン",
    "prefecture_code": 41,
    "city": "唐津市",
    "city_kana": "カラツシ",
    "town": "千代田町",
    "town_kana": "チヨダマチ",
    "street": "２１０９−４６（唐津郵便局私書箱第４号）",
    "office_name": "唐津税務署",
    "office_name_kana": "カラツゼイムシヨ"
  }
}